"source","target","type","pipeline","props_b64"
"asd_run_001","ASD_privacy_walkthrough","executes","asd","eyJlbmRfbGFiZWwiOiAiUGlwZWxpbmUiLCAic3RhcnRfbGFiZWwiOiAiUGlwZWxpbmVSdW4ifQ=="
"D6_EnrichedEpisodeData","D6_EnrichedEpisodeData::record::0","containsDR","asd","eyJlbmRfbGFiZWwiOiAiRGF0YVJlY29yZEFydGlmYWN0IiwgInN0YXJ0X2xhYmVsIjogIkRhdGFzZXRBcnRpZmFjdCJ9"
"D6_EnrichedEpisodeData::record::0","D6_EnrichedEpisodeData::record::0::cell::Id","containsRC","asd","eyJlbmRfbGFiZWwiOiAiRGF0YUNlbGxBcnRpZmFjdCIsICJzdGFydF9sYWJlbCI6ICJEYXRhUmVjb3JkQXJ0aWZhY3QifQ=="
"D6_EnrichedEpisodeData::record::0","D6_EnrichedEpisodeData::record::0::cell::window_start","containsRC","asd","eyJlbmRfbGFiZWwiOiAiRGF0YUNlbGxBcnRpZmFjdCIsICJzdGFydF9sYWJlbCI6ICJEYXRhUmVjb3JkQXJ0aWZhY3QifQ=="
"D6_EnrichedEpisodeData::record::0","D6_EnrichedEpisodeData::record::0::cell::HR_res","containsRC","asd","eyJlbmRfbGFiZWwiOiAiRGF0YUNlbGxBcnRpZmFjdCIsICJzdGFydF9sYWJlbCI6ICJEYXRhUmVjb3JkQXJ0aWZhY3QifQ=="
"D6_EnrichedEpisodeData::record::0","D6_EnrichedEpisodeData::record::0::cell::EDA_res","containsRC","asd","eyJlbmRfbGFiZWwiOiAiRGF0YUNlbGxBcnRpZmFjdCIsICJzdGFydF9sYWJlbCI6ICJEYXRhUmVjb3JkQXJ0aWZhY3QifQ=="
"D6_EnrichedEpisodeData::record::0","D6_EnrichedEpisodeData::record::0::cell::ACC_res","containsRC","asd","eyJlbmRfbGFiZWwiOiAiRGF0YUNlbGxBcnRpZmFjdCIsICJzdGFydF9sYWJlbCI6ICJEYXRhUmVjb3JkQXJ0aWZhY3QifQ=="
"D6_EnrichedEpisodeData::record::0","D6_EnrichedEpisodeData::record::0::cell::chall_behav","containsRC","asd","eyJlbmRfbGFiZWwiOiAiRGF0YUNlbGxBcnRpZmFjdCIsICJzdGFydF9sYWJlbCI6ICJEYXRhUmVjb3JkQXJ0aWZhY3QifQ=="
"D6_EnrichedEpisodeData::record::0","D6_EnrichedEpisodeData::record::0::cell::sev","containsRC","asd","eyJlbmRfbGFiZWwiOiAiRGF0YUNlbGxBcnRpZmFjdCIsICJzdGFydF9sYWJlbCI6ICJEYXRhUmVjb3JkQXJ0aWZhY3QifQ=="
"D6_EnrichedEpisodeData::record::0","D6_EnrichedEpisodeData::record::0::cell::age_grp","containsRC","asd","eyJlbmRfbGFiZWwiOiAiRGF0YUNlbGxBcnRpZmFjdCIsICJzdGFydF9sYWJlbCI6ICJEYXRhUmVjb3JkQXJ0aWZhY3QifQ=="
"D6_EnrichedEpisodeData::record::0","D6_EnrichedEpisodeData::record::0::cell::sex","containsRC","asd","eyJlbmRfbGFiZWwiOiAiRGF0YUNlbGxBcnRpZmFjdCIsICJzdGFydF9sYWJlbCI6ICJEYXRhUmVjb3JkQXJ0aWZhY3QifQ=="
"D6_EnrichedEpisodeData::record::0","D6_EnrichedEpisodeData::record::0::cell::clinic_site","containsRC","asd","eyJlbmRfbGFiZWwiOiAiRGF0YUNlbGxBcnRpZmFjdCIsICJzdGFydF9sYWJlbCI6ICJEYXRhUmVjb3JkQXJ0aWZhY3QifQ=="
"D6_EnrichedEpisodeData::record::0","D6_EnrichedEpisodeData::record::0::cell::diag","containsRC","asd","eyJlbmRfbGFiZWwiOiAiRGF0YUNlbGxBcnRpZmFjdCIsICJzdGFydF9sYWJlbCI6ICJEYXRhUmVjb3JkQXJ0aWZhY3QifQ=="
"D6_EnrichedEpisodeData","D6_EnrichedEpisodeData::record::1","containsDR","asd","eyJlbmRfbGFiZWwiOiAiRGF0YVJlY29yZEFydGlmYWN0IiwgInN0YXJ0X2xhYmVsIjogIkRhdGFzZXRBcnRpZmFjdCJ9"
"D6_EnrichedEpisodeData::record::1","D6_EnrichedEpisodeData::record::1::cell::Id","containsRC","asd","eyJlbmRfbGFiZWwiOiAiRGF0YUNlbGxBcnRpZmFjdCIsICJzdGFydF9sYWJlbCI6ICJEYXRhUmVjb3JkQXJ0aWZhY3QifQ=="
"D6_EnrichedEpisodeData::record::1","D6_EnrichedEpisodeData::record::1::cell::window_start","containsRC","asd","eyJlbmRfbGFiZWwiOiAiRGF0YUNlbGxBcnRpZmFjdCIsICJzdGFydF9sYWJlbCI6ICJEYXRhUmVjb3JkQXJ0aWZhY3QifQ=="
"D6_EnrichedEpisodeData::record::1","D6_EnrichedEpisodeData::record::1::cell::HR_res","containsRC","asd","eyJlbmRfbGFiZWwiOiAiRGF0YUNlbGxBcnRpZmFjdCIsICJzdGFydF9sYWJlbCI6ICJEYXRhUmVjb3JkQXJ0aWZhY3QifQ=="
"D6_EnrichedEpisodeData::record::1","D6_EnrichedEpisodeData::record::1::cell::EDA_res","containsRC","asd","eyJlbmRfbGFiZWwiOiAiRGF0YUNlbGxBcnRpZmFjdCIsICJzdGFydF9sYWJlbCI6ICJEYXRhUmVjb3JkQXJ0aWZhY3QifQ=="
"D6_EnrichedEpisodeData::record::1","D6_EnrichedEpisodeData::record::1::cell::ACC_res","containsRC","asd","eyJlbmRfbGFiZWwiOiAiRGF0YUNlbGxBcnRpZmFjdCIsICJzdGFydF9sYWJlbCI6ICJEYXRhUmVjb3JkQXJ0aWZhY3QifQ=="
"D6_EnrichedEpisodeData::record::1","D6_EnrichedEpisodeData::record::1::cell::chall_behav","containsRC","asd","eyJlbmRfbGFiZWwiOiAiRGF0YUNlbGxBcnRpZmFjdCIsICJzdGFydF9sYWJlbCI6ICJEYXRhUmVjb3JkQXJ0aWZhY3QifQ=="
"D6_EnrichedEpisodeData::record::1","D6_EnrichedEpisodeData::record::1::cell::sev","containsRC","asd","eyJlbmRfbGFiZWwiOiAiRGF0YUNlbGxBcnRpZmFjdCIsICJzdGFydF9sYWJlbCI6ICJEYXRhUmVjb3JkQXJ0aWZhY3QifQ=="
"D6_EnrichedEpisodeData::record::1","D6_EnrichedEpisodeData::record::1::cell::age_grp","containsRC","asd","eyJlbmRfbGFiZWwiOiAiRGF0YUNlbGxBcnRpZmFjdCIsICJzdGFydF9sYWJlbCI6ICJEYXRhUmVjb3JkQXJ0aWZhY3QifQ=="
"D6_EnrichedEpisodeData::record::1","D6_EnrichedEpisodeData::record::1::cell::sex","containsRC","asd","eyJlbmRfbGFiZWwiOiAiRGF0YUNlbGxBcnRpZmFjdCIsICJzdGFydF9sYWJlbCI6ICJEYXRhUmVjb3JkQXJ0aWZhY3QifQ=="
"D6_EnrichedEpisodeData::record::1","D6_EnrichedEpisodeData::record::1::cell::clinic_site","containsRC","asd","eyJlbmRfbGFiZWwiOiAiRGF0YUNlbGxBcnRpZmFjdCIsICJzdGFydF9sYWJlbCI6ICJEYXRhUmVjb3JkQXJ0aWZhY3QifQ=="
"D6_EnrichedEpisodeData::record::1","D6_EnrichedEpisodeData::record::1::cell::diag","containsRC","asd","eyJlbmRfbGFiZWwiOiAiRGF0YUNlbGxBcnRpZmFjdCIsICJzdGFydF9sYWJlbCI6ICJEYXRhUmVjb3JkQXJ0aWZhY3QifQ=="
"D6_EnrichedEpisodeData","D6_EnrichedEpisodeData::record::2","containsDR","asd","eyJlbmRfbGFiZWwiOiAiRGF0YVJlY29yZEFydGlmYWN0IiwgInN0YXJ0X2xhYmVsIjogIkRhdGFzZXRBcnRpZmFjdCJ9"
"D6_EnrichedEpisodeData::record::2","D6_EnrichedEpisodeData::record::2::cell::Id","containsRC","asd","eyJlbmRfbGFiZWwiOiAiRGF0YUNlbGxBcnRpZmFjdCIsICJzdGFydF9sYWJlbCI6ICJEYXRhUmVjb3JkQXJ0aWZhY3QifQ=="
"D6_EnrichedEpisodeData::record::2","D6_EnrichedEpisodeData::record::2::cell::window_start","containsRC","asd","eyJlbmRfbGFiZWwiOiAiRGF0YUNlbGxBcnRpZmFjdCIsICJzdGFydF9sYWJlbCI6ICJEYXRhUmVjb3JkQXJ0aWZhY3QifQ=="
"D6_EnrichedEpisodeData::record::2","D6_EnrichedEpisodeData::record::2::cell::HR_res","containsRC","asd","eyJlbmRfbGFiZWwiOiAiRGF0YUNlbGxBcnRpZmFjdCIsICJzdGFydF9sYWJlbCI6ICJEYXRhUmVjb3JkQXJ0aWZhY3QifQ=="
"D6_EnrichedEpisodeData::record::2","D6_EnrichedEpisodeData::record::2::cell::EDA_res","containsRC","asd","eyJlbmRfbGFiZWwiOiAiRGF0YUNlbGxBcnRpZmFjdCIsICJzdGFydF9sYWJlbCI6ICJEYXRhUmVjb3JkQXJ0aWZhY3QifQ=="
"D6_EnrichedEpisodeData::record::2","D6_EnrichedEpisodeData::record::2::cell::ACC_res","containsRC","asd","eyJlbmRfbGFiZWwiOiAiRGF0YUNlbGxBcnRpZmFjdCIsICJzdGFydF9sYWJlbCI6ICJEYXRhUmVjb3JkQXJ0aWZhY3QifQ=="
"D6_EnrichedEpisodeData::record::2","D6_EnrichedEpisodeData::record::2::cell::chall_behav","containsRC","asd","eyJlbmRfbGFiZWwiOiAiRGF0YUNlbGxBcnRpZmFjdCIsICJzdGFydF9sYWJlbCI6ICJEYXRhUmVjb3JkQXJ0aWZhY3QifQ=="
"D6_EnrichedEpisodeData::record::2","D6_EnrichedEpisodeData::record::2::cell::sev","containsRC","asd","eyJlbmRfbGFiZWwiOiAiRGF0YUNlbGxBcnRpZmFjdCIsICJzdGFydF9sYWJlbCI6ICJEYXRhUmVjb3JkQXJ0aWZhY3QifQ=="
"D6_EnrichedEpisodeData::record::2","D6_EnrichedEpisodeData::record::2::cell::age_grp","containsRC","asd","eyJlbmRfbGFiZWwiOiAiRGF0YUNlbGxBcnRpZmFjdCIsICJzdGFydF9sYWJlbCI6ICJEYXRhUmVjb3JkQXJ0aWZhY3QifQ=="
"D6_EnrichedEpisodeData::record::2","D6_EnrichedEpisodeData::record::2::cell::sex","containsRC","asd","eyJlbmRfbGFiZWwiOiAiRGF0YUNlbGxBcnRpZmFjdCIsICJzdGFydF9sYWJlbCI6ICJEYXRhUmVjb3JkQXJ0aWZhY3QifQ=="
"D6_EnrichedEpisodeData::record::2","D6_EnrichedEpisodeData::record::2::cell::clinic_site","containsRC","asd","eyJlbmRfbGFiZWwiOiAiRGF0YUNlbGxBcnRpZmFjdCIsICJzdGFydF9sYWJlbCI6ICJEYXRhUmVjb3JkQXJ0aWZhY3QifQ=="
"D6_EnrichedEpisodeData::record::2","D6_EnrichedEpisodeData::record::2::cell::diag","containsRC","asd","eyJlbmRfbGFiZWwiOiAiRGF0YUNlbGxBcnRpZmFjdCIsICJzdGFydF9sYWJlbCI6ICJEYXRhUmVjb3JkQXJ0aWZhY3QifQ=="
"D6_EnrichedEpisodeData","D6_EnrichedEpisodeData::record::3","containsDR","asd","eyJlbmRfbGFiZWwiOiAiRGF0YVJlY29yZEFydGlmYWN0IiwgInN0YXJ0X2xhYmVsIjogIkRhdGFzZXRBcnRpZmFjdCJ9"
"D6_EnrichedEpisodeData::record::3","D6_EnrichedEpisodeData::record::3::cell::Id","containsRC","asd","eyJlbmRfbGFiZWwiOiAiRGF0YUNlbGxBcnRpZmFjdCIsICJzdGFydF9sYWJlbCI6ICJEYXRhUmVjb3JkQXJ0aWZhY3QifQ=="
"D6_EnrichedEpisodeData::record::3","D6_EnrichedEpisodeData::record::3::cell::window_start","containsRC","asd","eyJlbmRfbGFiZWwiOiAiRGF0YUNlbGxBcnRpZmFjdCIsICJzdGFydF9sYWJlbCI6ICJEYXRhUmVjb3JkQXJ0aWZhY3QifQ=="
"D6_EnrichedEpisodeData::record::3","D6_EnrichedEpisodeData::record::3::cell::HR_res","containsRC","asd","eyJlbmRfbGFiZWwiOiAiRGF0YUNlbGxBcnRpZmFjdCIsICJzdGFydF9sYWJlbCI6ICJEYXRhUmVjb3JkQXJ0aWZhY3QifQ=="
"D6_EnrichedEpisodeData::record::3","D6_EnrichedEpisodeData::record::3::cell::EDA_res","containsRC","asd","eyJlbmRfbGFiZWwiOiAiRGF0YUNlbGxBcnRpZmFjdCIsICJzdGFydF9sYWJlbCI6ICJEYXRhUmVjb3JkQXJ0aWZhY3QifQ=="
"D6_EnrichedEpisodeData::record::3","D6_EnrichedEpisodeData::record::3::cell::ACC_res","containsRC","asd","eyJlbmRfbGFiZWwiOiAiRGF0YUNlbGxBcnRpZmFjdCIsICJzdGFydF9sYWJlbCI6ICJEYXRhUmVjb3JkQXJ0aWZhY3QifQ=="
"D6_EnrichedEpisodeData::record::3","D6_EnrichedEpisodeData::record::3::cell::chall_behav","containsRC","asd","eyJlbmRfbGFiZWwiOiAiRGF0YUNlbGxBcnRpZmFjdCIsICJzdGFydF9sYWJlbCI6ICJEYXRhUmVjb3JkQXJ0aWZhY3QifQ=="
"D6_EnrichedEpisodeData::record::3","D6_EnrichedEpisodeData::record::3::cell::sev","containsRC","asd","eyJlbmRfbGFiZWwiOiAiRGF0YUNlbGxBcnRpZmFjdCIsICJzdGFydF9sYWJlbCI6ICJEYXRhUmVjb3JkQXJ0aWZhY3QifQ=="
"D6_EnrichedEpisodeData::record::3","D6_EnrichedEpisodeData::record::3::cell::age_grp","containsRC","asd","eyJlbmRfbGFiZWwiOiAiRGF0YUNlbGxBcnRpZmFjdCIsICJzdGFydF9sYWJlbCI6ICJEYXRhUmVjb3JkQXJ0aWZhY3QifQ=="
"D6_EnrichedEpisodeData::record::3","D6_EnrichedEpisodeData::record::3::cell::sex","containsRC","asd","eyJlbmRfbGFiZWwiOiAiRGF0YUNlbGxBcnRpZmFjdCIsICJzdGFydF9sYWJlbCI6ICJEYXRhUmVjb3JkQXJ0aWZhY3QifQ=="
"D6_EnrichedEpisodeData::record::3","D6_EnrichedEpisodeData::record::3::cell::clinic_site","containsRC","asd","eyJlbmRfbGFiZWwiOiAiRGF0YUNlbGxBcnRpZmFjdCIsICJzdGFydF9sYWJlbCI6ICJEYXRhUmVjb3JkQXJ0aWZhY3QifQ=="
"D6_EnrichedEpisodeData::record::3","D6_EnrichedEpisodeData::record::3::cell::diag","containsRC","asd","eyJlbmRfbGFiZWwiOiAiRGF0YUNlbGxBcnRpZmFjdCIsICJzdGFydF9sYWJlbCI6ICJEYXRhUmVjb3JkQXJ0aWZhY3QifQ=="
"asd_run_001","asd_run_001::001::S5_normalise","contains","asd","eyJlbmRfbGFiZWwiOiAiU3RlcFJ1biIsICJzdGFydF9sYWJlbCI6ICJQaXBlbGluZVJ1biJ9"
"asd_run_001::001::S5_normalise","S5_normalise","executes","asd","eyJlbmRfbGFiZWwiOiAiU3RlcCIsICJzdGFydF9sYWJlbCI6ICJTdGVwUnVuIn0="
"asd_run_001::001::S5_normalise","D6_EnrichedEpisodeData","used","asd","eyJlbmRfbGFiZWwiOiAiRGF0YXNldEFydGlmYWN0IiwgInN0YXJ0X2xhYmVsIjogIlN0ZXBSdW4ifQ=="
"D7_NormalizedEpisodeData","D7_NormalizedEpisodeData::record::0","containsDR","asd","eyJlbmRfbGFiZWwiOiAiRGF0YVJlY29yZEFydGlmYWN0IiwgInN0YXJ0X2xhYmVsIjogIkRhdGFzZXRBcnRpZmFjdCJ9"
"D7_NormalizedEpisodeData::record::0","D7_NormalizedEpisodeData::record::0::cell::Id","containsRC","asd","eyJlbmRfbGFiZWwiOiAiRGF0YUNlbGxBcnRpZmFjdCIsICJzdGFydF9sYWJlbCI6ICJEYXRhUmVjb3JkQXJ0aWZhY3QifQ=="
"D7_NormalizedEpisodeData::record::0","D7_NormalizedEpisodeData::record::0::cell::window_start","containsRC","asd","eyJlbmRfbGFiZWwiOiAiRGF0YUNlbGxBcnRpZmFjdCIsICJzdGFydF9sYWJlbCI6ICJEYXRhUmVjb3JkQXJ0aWZhY3QifQ=="
"D7_NormalizedEpisodeData::record::0","D7_NormalizedEpisodeData::record::0::cell::HR_norm","containsRC","asd","eyJlbmRfbGFiZWwiOiAiRGF0YUNlbGxBcnRpZmFjdCIsICJzdGFydF9sYWJlbCI6ICJEYXRhUmVjb3JkQXJ0aWZhY3QifQ=="
"D7_NormalizedEpisodeData::record::0","D7_NormalizedEpisodeData::record::0::cell::EDA_norm","containsRC","asd","eyJlbmRfbGFiZWwiOiAiRGF0YUNlbGxBcnRpZmFjdCIsICJzdGFydF9sYWJlbCI6ICJEYXRhUmVjb3JkQXJ0aWZhY3QifQ=="
"D7_NormalizedEpisodeData::record::0","D7_NormalizedEpisodeData::record::0::cell::ACC_norm","containsRC","asd","eyJlbmRfbGFiZWwiOiAiRGF0YUNlbGxBcnRpZmFjdCIsICJzdGFydF9sYWJlbCI6ICJEYXRhUmVjb3JkQXJ0aWZhY3QifQ=="
"D7_NormalizedEpisodeData::record::0","D7_NormalizedEpisodeData::record::0::cell::chall_behav","containsRC","asd","eyJlbmRfbGFiZWwiOiAiRGF0YUNlbGxBcnRpZmFjdCIsICJzdGFydF9sYWJlbCI6ICJEYXRhUmVjb3JkQXJ0aWZhY3QifQ=="
"D7_NormalizedEpisodeData::record::0","D7_NormalizedEpisodeData::record::0::cell::sev","containsRC","asd","eyJlbmRfbGFiZWwiOiAiRGF0YUNlbGxBcnRpZmFjdCIsICJzdGFydF9sYWJlbCI6ICJEYXRhUmVjb3JkQXJ0aWZhY3QifQ=="
"D7_NormalizedEpisodeData::record::0","D7_NormalizedEpisodeData::record::0::cell::age_grp","containsRC","asd","eyJlbmRfbGFiZWwiOiAiRGF0YUNlbGxBcnRpZmFjdCIsICJzdGFydF9sYWJlbCI6ICJEYXRhUmVjb3JkQXJ0aWZhY3QifQ=="
"D7_NormalizedEpisodeData::record::0","D7_NormalizedEpisodeData::record::0::cell::sex","containsRC","asd","eyJlbmRfbGFiZWwiOiAiRGF0YUNlbGxBcnRpZmFjdCIsICJzdGFydF9sYWJlbCI6ICJEYXRhUmVjb3JkQXJ0aWZhY3QifQ=="
"D7_NormalizedEpisodeData::record::0","D7_NormalizedEpisodeData::record::0::cell::clinic_site","containsRC","asd","eyJlbmRfbGFiZWwiOiAiRGF0YUNlbGxBcnRpZmFjdCIsICJzdGFydF9sYWJlbCI6ICJEYXRhUmVjb3JkQXJ0aWZhY3QifQ=="
"D7_NormalizedEpisodeData::record::0","D7_NormalizedEpisodeData::record::0::cell::diag","containsRC","asd","eyJlbmRfbGFiZWwiOiAiRGF0YUNlbGxBcnRpZmFjdCIsICJzdGFydF9sYWJlbCI6ICJEYXRhUmVjb3JkQXJ0aWZhY3QifQ=="
"D7_NormalizedEpisodeData","D7_NormalizedEpisodeData::record::1","containsDR","asd","eyJlbmRfbGFiZWwiOiAiRGF0YVJlY29yZEFydGlmYWN0IiwgInN0YXJ0X2xhYmVsIjogIkRhdGFzZXRBcnRpZmFjdCJ9"
"D7_NormalizedEpisodeData::record::1","D7_NormalizedEpisodeData::record::1::cell::Id","containsRC","asd","eyJlbmRfbGFiZWwiOiAiRGF0YUNlbGxBcnRpZmFjdCIsICJzdGFydF9sYWJlbCI6ICJEYXRhUmVjb3JkQXJ0aWZhY3QifQ=="
"D7_NormalizedEpisodeData::record::1","D7_NormalizedEpisodeData::record::1::cell::window_start","containsRC","asd","eyJlbmRfbGFiZWwiOiAiRGF0YUNlbGxBcnRpZmFjdCIsICJzdGFydF9sYWJlbCI6ICJEYXRhUmVjb3JkQXJ0aWZhY3QifQ=="
"D7_NormalizedEpisodeData::record::1","D7_NormalizedEpisodeData::record::1::cell::HR_norm","containsRC","asd","eyJlbmRfbGFiZWwiOiAiRGF0YUNlbGxBcnRpZmFjdCIsICJzdGFydF9sYWJlbCI6ICJEYXRhUmVjb3JkQXJ0aWZhY3QifQ=="
"D7_NormalizedEpisodeData::record::1","D7_NormalizedEpisodeData::record::1::cell::EDA_norm","containsRC","asd","eyJlbmRfbGFiZWwiOiAiRGF0YUNlbGxBcnRpZmFjdCIsICJzdGFydF9sYWJlbCI6ICJEYXRhUmVjb3JkQXJ0aWZhY3QifQ=="
"D7_NormalizedEpisodeData::record::1","D7_NormalizedEpisodeData::record::1::cell::ACC_norm","containsRC","asd","eyJlbmRfbGFiZWwiOiAiRGF0YUNlbGxBcnRpZmFjdCIsICJzdGFydF9sYWJlbCI6ICJEYXRhUmVjb3JkQXJ0aWZhY3QifQ=="
"D7_NormalizedEpisodeData::record::1","D7_NormalizedEpisodeData::record::1::cell::chall_behav","containsRC","asd","eyJlbmRfbGFiZWwiOiAiRGF0YUNlbGxBcnRpZmFjdCIsICJzdGFydF9sYWJlbCI6ICJEYXRhUmVjb3JkQXJ0aWZhY3QifQ=="
"D7_NormalizedEpisodeData::record::1","D7_NormalizedEpisodeData::record::1::cell::sev","containsRC","asd","eyJlbmRfbGFiZWwiOiAiRGF0YUNlbGxBcnRpZmFjdCIsICJzdGFydF9sYWJlbCI6ICJEYXRhUmVjb3JkQXJ0aWZhY3QifQ=="
"D7_NormalizedEpisodeData::record::1","D7_NormalizedEpisodeData::record::1::cell::age_grp","containsRC","asd","eyJlbmRfbGFiZWwiOiAiRGF0YUNlbGxBcnRpZmFjdCIsICJzdGFydF9sYWJlbCI6ICJEYXRhUmVjb3JkQXJ0aWZhY3QifQ=="
"D7_NormalizedEpisodeData::record::1","D7_NormalizedEpisodeData::record::1::cell::sex","containsRC","asd","eyJlbmRfbGFiZWwiOiAiRGF0YUNlbGxBcnRpZmFjdCIsICJzdGFydF9sYWJlbCI6ICJEYXRhUmVjb3JkQXJ0aWZhY3QifQ=="
"D7_NormalizedEpisodeData::record::1","D7_NormalizedEpisodeData::record::1::cell::clinic_site","containsRC","asd","eyJlbmRfbGFiZWwiOiAiRGF0YUNlbGxBcnRpZmFjdCIsICJzdGFydF9sYWJlbCI6ICJEYXRhUmVjb3JkQXJ0aWZhY3QifQ=="
"D7_NormalizedEpisodeData::record::1","D7_NormalizedEpisodeData::record::1::cell::diag","containsRC","asd","eyJlbmRfbGFiZWwiOiAiRGF0YUNlbGxBcnRpZmFjdCIsICJzdGFydF9sYWJlbCI6ICJEYXRhUmVjb3JkQXJ0aWZhY3QifQ=="
"D7_NormalizedEpisodeData","D7_NormalizedEpisodeData::record::2","containsDR","asd","eyJlbmRfbGFiZWwiOiAiRGF0YVJlY29yZEFydGlmYWN0IiwgInN0YXJ0X2xhYmVsIjogIkRhdGFzZXRBcnRpZmFjdCJ9"
"D7_NormalizedEpisodeData::record::2","D7_NormalizedEpisodeData::record::2::cell::Id","containsRC","asd","eyJlbmRfbGFiZWwiOiAiRGF0YUNlbGxBcnRpZmFjdCIsICJzdGFydF9sYWJlbCI6ICJEYXRhUmVjb3JkQXJ0aWZhY3QifQ=="
"D7_NormalizedEpisodeData::record::2","D7_NormalizedEpisodeData::record::2::cell::window_start","containsRC","asd","eyJlbmRfbGFiZWwiOiAiRGF0YUNlbGxBcnRpZmFjdCIsICJzdGFydF9sYWJlbCI6ICJEYXRhUmVjb3JkQXJ0aWZhY3QifQ=="
"D7_NormalizedEpisodeData::record::2","D7_NormalizedEpisodeData::record::2::cell::HR_norm","containsRC","asd","eyJlbmRfbGFiZWwiOiAiRGF0YUNlbGxBcnRpZmFjdCIsICJzdGFydF9sYWJlbCI6ICJEYXRhUmVjb3JkQXJ0aWZhY3QifQ=="
"D7_NormalizedEpisodeData::record::2","D7_NormalizedEpisodeData::record::2::cell::EDA_norm","containsRC","asd","eyJlbmRfbGFiZWwiOiAiRGF0YUNlbGxBcnRpZmFjdCIsICJzdGFydF9sYWJlbCI6ICJEYXRhUmVjb3JkQXJ0aWZhY3QifQ=="
"D7_NormalizedEpisodeData::record::2","D7_NormalizedEpisodeData::record::2::cell::ACC_norm","containsRC","asd","eyJlbmRfbGFiZWwiOiAiRGF0YUNlbGxBcnRpZmFjdCIsICJzdGFydF9sYWJlbCI6ICJEYXRhUmVjb3JkQXJ0aWZhY3QifQ=="
"D7_NormalizedEpisodeData::record::2","D7_NormalizedEpisodeData::record::2::cell::chall_behav","containsRC","asd","eyJlbmRfbGFiZWwiOiAiRGF0YUNlbGxBcnRpZmFjdCIsICJzdGFydF9sYWJlbCI6ICJEYXRhUmVjb3JkQXJ0aWZhY3QifQ=="
"D7_NormalizedEpisodeData::record::2","D7_NormalizedEpisodeData::record::2::cell::sev","containsRC","asd","eyJlbmRfbGFiZWwiOiAiRGF0YUNlbGxBcnRpZmFjdCIsICJzdGFydF9sYWJlbCI6ICJEYXRhUmVjb3JkQXJ0aWZhY3QifQ=="
"D7_NormalizedEpisodeData::record::2","D7_NormalizedEpisodeData::record::2::cell::age_grp","containsRC","asd","eyJlbmRfbGFiZWwiOiAiRGF0YUNlbGxBcnRpZmFjdCIsICJzdGFydF9sYWJlbCI6ICJEYXRhUmVjb3JkQXJ0aWZhY3QifQ=="
"D7_NormalizedEpisodeData::record::2","D7_NormalizedEpisodeData::record::2::cell::sex","containsRC","asd","eyJlbmRfbGFiZWwiOiAiRGF0YUNlbGxBcnRpZmFjdCIsICJzdGFydF9sYWJlbCI6ICJEYXRhUmVjb3JkQXJ0aWZhY3QifQ=="
"D7_NormalizedEpisodeData::record::2","D7_NormalizedEpisodeData::record::2::cell::clinic_site","containsRC","asd","eyJlbmRfbGFiZWwiOiAiRGF0YUNlbGxBcnRpZmFjdCIsICJzdGFydF9sYWJlbCI6ICJEYXRhUmVjb3JkQXJ0aWZhY3QifQ=="
"D7_NormalizedEpisodeData::record::2","D7_NormalizedEpisodeData::record::2::cell::diag","containsRC","asd","eyJlbmRfbGFiZWwiOiAiRGF0YUNlbGxBcnRpZmFjdCIsICJzdGFydF9sYWJlbCI6ICJEYXRhUmVjb3JkQXJ0aWZhY3QifQ=="
"D7_NormalizedEpisodeData","D7_NormalizedEpisodeData::record::3","containsDR","asd","eyJlbmRfbGFiZWwiOiAiRGF0YVJlY29yZEFydGlmYWN0IiwgInN0YXJ0X2xhYmVsIjogIkRhdGFzZXRBcnRpZmFjdCJ9"
"D7_NormalizedEpisodeData::record::3","D7_NormalizedEpisodeData::record::3::cell::Id","containsRC","asd","eyJlbmRfbGFiZWwiOiAiRGF0YUNlbGxBcnRpZmFjdCIsICJzdGFydF9sYWJlbCI6ICJEYXRhUmVjb3JkQXJ0aWZhY3QifQ=="
"D7_NormalizedEpisodeData::record::3","D7_NormalizedEpisodeData::record::3::cell::window_start","containsRC","asd","eyJlbmRfbGFiZWwiOiAiRGF0YUNlbGxBcnRpZmFjdCIsICJzdGFydF9sYWJlbCI6ICJEYXRhUmVjb3JkQXJ0aWZhY3QifQ=="
"D7_NormalizedEpisodeData::record::3","D7_NormalizedEpisodeData::record::3::cell::HR_norm","containsRC","asd","eyJlbmRfbGFiZWwiOiAiRGF0YUNlbGxBcnRpZmFjdCIsICJzdGFydF9sYWJlbCI6ICJEYXRhUmVjb3JkQXJ0aWZhY3QifQ=="
"D7_NormalizedEpisodeData::record::3","D7_NormalizedEpisodeData::record::3::cell::EDA_norm","containsRC","asd","eyJlbmRfbGFiZWwiOiAiRGF0YUNlbGxBcnRpZmFjdCIsICJzdGFydF9sYWJlbCI6ICJEYXRhUmVjb3JkQXJ0aWZhY3QifQ=="
"D7_NormalizedEpisodeData::record::3","D7_NormalizedEpisodeData::record::3::cell::ACC_norm","containsRC","asd","eyJlbmRfbGFiZWwiOiAiRGF0YUNlbGxBcnRpZmFjdCIsICJzdGFydF9sYWJlbCI6ICJEYXRhUmVjb3JkQXJ0aWZhY3QifQ=="
"D7_NormalizedEpisodeData::record::3","D7_NormalizedEpisodeData::record::3::cell::chall_behav","containsRC","asd","eyJlbmRfbGFiZWwiOiAiRGF0YUNlbGxBcnRpZmFjdCIsICJzdGFydF9sYWJlbCI6ICJEYXRhUmVjb3JkQXJ0aWZhY3QifQ=="
"D7_NormalizedEpisodeData::record::3","D7_NormalizedEpisodeData::record::3::cell::sev","containsRC","asd","eyJlbmRfbGFiZWwiOiAiRGF0YUNlbGxBcnRpZmFjdCIsICJzdGFydF9sYWJlbCI6ICJEYXRhUmVjb3JkQXJ0aWZhY3QifQ=="
"D7_NormalizedEpisodeData::record::3","D7_NormalizedEpisodeData::record::3::cell::age_grp","containsRC","asd","eyJlbmRfbGFiZWwiOiAiRGF0YUNlbGxBcnRpZmFjdCIsICJzdGFydF9sYWJlbCI6ICJEYXRhUmVjb3JkQXJ0aWZhY3QifQ=="
"D7_NormalizedEpisodeData::record::3","D7_NormalizedEpisodeData::record::3::cell::sex","containsRC","asd","eyJlbmRfbGFiZWwiOiAiRGF0YUNlbGxBcnRpZmFjdCIsICJzdGFydF9sYWJlbCI6ICJEYXRhUmVjb3JkQXJ0aWZhY3QifQ=="
"D7_NormalizedEpisodeData::record::3","D7_NormalizedEpisodeData::record::3::cell::clinic_site","containsRC","asd","eyJlbmRfbGFiZWwiOiAiRGF0YUNlbGxBcnRpZmFjdCIsICJzdGFydF9sYWJlbCI6ICJEYXRhUmVjb3JkQXJ0aWZhY3QifQ=="
"D7_NormalizedEpisodeData::record::3","D7_NormalizedEpisodeData::record::3::cell::diag","containsRC","asd","eyJlbmRfbGFiZWwiOiAiRGF0YUNlbGxBcnRpZmFjdCIsICJzdGFydF9sYWJlbCI6ICJEYXRhUmVjb3JkQXJ0aWZhY3QifQ=="
"D7_NormalizedEpisodeData","asd_run_001::001::S5_normalise","wasGeneratedBy","asd","eyJlbmRfbGFiZWwiOiAiU3RlcFJ1biIsICJzdGFydF9sYWJlbCI6ICJEYXRhc2V0QXJ0aWZhY3QifQ=="
"D7_NormalizedEpisodeData","D6_EnrichedEpisodeData","wasDerivedFrom","asd","eyJlbmRfbGFiZWwiOiAiRGF0YXNldEFydGlmYWN0IiwgInN0YXJ0X2xhYmVsIjogIkRhdGFzZXRBcnRpZmFjdCJ9"
"asd_run_001","asd_run_001::002::S6_select_modelling_features","contains","asd","eyJlbmRfbGFiZWwiOiAiU3RlcFJ1biIsICJzdGFydF9sYWJlbCI6ICJQaXBlbGluZVJ1biJ9"
"asd_run_001::002::S6_select_modelling_features","S6_select_modelling_features","executes","asd","eyJlbmRfbGFiZWwiOiAiU3RlcCIsICJzdGFydF9sYWJlbCI6ICJTdGVwUnVuIn0="
"asd_run_001::002::S6_select_modelling_features","D7_NormalizedEpisodeData","used","asd","eyJlbmRfbGFiZWwiOiAiRGF0YXNldEFydGlmYWN0IiwgInN0YXJ0X2xhYmVsIjogIlN0ZXBSdW4ifQ=="
"D8_ModellingDataset","D8_ModellingDataset::record::0","containsDR","asd","eyJlbmRfbGFiZWwiOiAiRGF0YVJlY29yZEFydGlmYWN0IiwgInN0YXJ0X2xhYmVsIjogIkRhdGFzZXRBcnRpZmFjdCJ9"
"D8_ModellingDataset::record::0","D8_ModellingDataset::record::0::cell::HR_norm","containsRC","asd","eyJlbmRfbGFiZWwiOiAiRGF0YUNlbGxBcnRpZmFjdCIsICJzdGFydF9sYWJlbCI6ICJEYXRhUmVjb3JkQXJ0aWZhY3QifQ=="
"D8_ModellingDataset::record::0","D8_ModellingDataset::record::0::cell::EDA_norm","containsRC","asd","eyJlbmRfbGFiZWwiOiAiRGF0YUNlbGxBcnRpZmFjdCIsICJzdGFydF9sYWJlbCI6ICJEYXRhUmVjb3JkQXJ0aWZhY3QifQ=="
"D8_ModellingDataset::record::0","D8_ModellingDataset::record::0::cell::ACC_norm","containsRC","asd","eyJlbmRfbGFiZWwiOiAiRGF0YUNlbGxBcnRpZmFjdCIsICJzdGFydF9sYWJlbCI6ICJEYXRhUmVjb3JkQXJ0aWZhY3QifQ=="
"D8_ModellingDataset::record::0","D8_ModellingDataset::record::0::cell::chall_behav","containsRC","asd","eyJlbmRfbGFiZWwiOiAiRGF0YUNlbGxBcnRpZmFjdCIsICJzdGFydF9sYWJlbCI6ICJEYXRhUmVjb3JkQXJ0aWZhY3QifQ=="
"D8_ModellingDataset::record::0","D8_ModellingDataset::record::0::cell::sev","containsRC","asd","eyJlbmRfbGFiZWwiOiAiRGF0YUNlbGxBcnRpZmFjdCIsICJzdGFydF9sYWJlbCI6ICJEYXRhUmVjb3JkQXJ0aWZhY3QifQ=="
"D8_ModellingDataset::record::0","D8_ModellingDataset::record::0::cell::age_grp","containsRC","asd","eyJlbmRfbGFiZWwiOiAiRGF0YUNlbGxBcnRpZmFjdCIsICJzdGFydF9sYWJlbCI6ICJEYXRhUmVjb3JkQXJ0aWZhY3QifQ=="
"D8_ModellingDataset::record::0","D8_ModellingDataset::record::0::cell::sex","containsRC","asd","eyJlbmRfbGFiZWwiOiAiRGF0YUNlbGxBcnRpZmFjdCIsICJzdGFydF9sYWJlbCI6ICJEYXRhUmVjb3JkQXJ0aWZhY3QifQ=="
"D8_ModellingDataset","D8_ModellingDataset::record::1","containsDR","asd","eyJlbmRfbGFiZWwiOiAiRGF0YVJlY29yZEFydGlmYWN0IiwgInN0YXJ0X2xhYmVsIjogIkRhdGFzZXRBcnRpZmFjdCJ9"
"D8_ModellingDataset::record::1","D8_ModellingDataset::record::1::cell::HR_norm","containsRC","asd","eyJlbmRfbGFiZWwiOiAiRGF0YUNlbGxBcnRpZmFjdCIsICJzdGFydF9sYWJlbCI6ICJEYXRhUmVjb3JkQXJ0aWZhY3QifQ=="
"D8_ModellingDataset::record::1","D8_ModellingDataset::record::1::cell::EDA_norm","containsRC","asd","eyJlbmRfbGFiZWwiOiAiRGF0YUNlbGxBcnRpZmFjdCIsICJzdGFydF9sYWJlbCI6ICJEYXRhUmVjb3JkQXJ0aWZhY3QifQ=="
"D8_ModellingDataset::record::1","D8_ModellingDataset::record::1::cell::ACC_norm","containsRC","asd","eyJlbmRfbGFiZWwiOiAiRGF0YUNlbGxBcnRpZmFjdCIsICJzdGFydF9sYWJlbCI6ICJEYXRhUmVjb3JkQXJ0aWZhY3QifQ=="
"D8_ModellingDataset::record::1","D8_ModellingDataset::record::1::cell::chall_behav","containsRC","asd","eyJlbmRfbGFiZWwiOiAiRGF0YUNlbGxBcnRpZmFjdCIsICJzdGFydF9sYWJlbCI6ICJEYXRhUmVjb3JkQXJ0aWZhY3QifQ=="
"D8_ModellingDataset::record::1","D8_ModellingDataset::record::1::cell::sev","containsRC","asd","eyJlbmRfbGFiZWwiOiAiRGF0YUNlbGxBcnRpZmFjdCIsICJzdGFydF9sYWJlbCI6ICJEYXRhUmVjb3JkQXJ0aWZhY3QifQ=="
"D8_ModellingDataset::record::1","D8_ModellingDataset::record::1::cell::age_grp","containsRC","asd","eyJlbmRfbGFiZWwiOiAiRGF0YUNlbGxBcnRpZmFjdCIsICJzdGFydF9sYWJlbCI6ICJEYXRhUmVjb3JkQXJ0aWZhY3QifQ=="
"D8_ModellingDataset::record::1","D8_ModellingDataset::record::1::cell::sex","containsRC","asd","eyJlbmRfbGFiZWwiOiAiRGF0YUNlbGxBcnRpZmFjdCIsICJzdGFydF9sYWJlbCI6ICJEYXRhUmVjb3JkQXJ0aWZhY3QifQ=="
"D8_ModellingDataset","D8_ModellingDataset::record::2","containsDR","asd","eyJlbmRfbGFiZWwiOiAiRGF0YVJlY29yZEFydGlmYWN0IiwgInN0YXJ0X2xhYmVsIjogIkRhdGFzZXRBcnRpZmFjdCJ9"
"D8_ModellingDataset::record::2","D8_ModellingDataset::record::2::cell::HR_norm","containsRC","asd","eyJlbmRfbGFiZWwiOiAiRGF0YUNlbGxBcnRpZmFjdCIsICJzdGFydF9sYWJlbCI6ICJEYXRhUmVjb3JkQXJ0aWZhY3QifQ=="
"D8_ModellingDataset::record::2","D8_ModellingDataset::record::2::cell::EDA_norm","containsRC","asd","eyJlbmRfbGFiZWwiOiAiRGF0YUNlbGxBcnRpZmFjdCIsICJzdGFydF9sYWJlbCI6ICJEYXRhUmVjb3JkQXJ0aWZhY3QifQ=="
"D8_ModellingDataset::record::2","D8_ModellingDataset::record::2::cell::ACC_norm","containsRC","asd","eyJlbmRfbGFiZWwiOiAiRGF0YUNlbGxBcnRpZmFjdCIsICJzdGFydF9sYWJlbCI6ICJEYXRhUmVjb3JkQXJ0aWZhY3QifQ=="
"D8_ModellingDataset::record::2","D8_ModellingDataset::record::2::cell::chall_behav","containsRC","asd","eyJlbmRfbGFiZWwiOiAiRGF0YUNlbGxBcnRpZmFjdCIsICJzdGFydF9sYWJlbCI6ICJEYXRhUmVjb3JkQXJ0aWZhY3QifQ=="
"D8_ModellingDataset::record::2","D8_ModellingDataset::record::2::cell::sev","containsRC","asd","eyJlbmRfbGFiZWwiOiAiRGF0YUNlbGxBcnRpZmFjdCIsICJzdGFydF9sYWJlbCI6ICJEYXRhUmVjb3JkQXJ0aWZhY3QifQ=="
"D8_ModellingDataset::record::2","D8_ModellingDataset::record::2::cell::age_grp","containsRC","asd","eyJlbmRfbGFiZWwiOiAiRGF0YUNlbGxBcnRpZmFjdCIsICJzdGFydF9sYWJlbCI6ICJEYXRhUmVjb3JkQXJ0aWZhY3QifQ=="
"D8_ModellingDataset::record::2","D8_ModellingDataset::record::2::cell::sex","containsRC","asd","eyJlbmRfbGFiZWwiOiAiRGF0YUNlbGxBcnRpZmFjdCIsICJzdGFydF9sYWJlbCI6ICJEYXRhUmVjb3JkQXJ0aWZhY3QifQ=="
"D8_ModellingDataset","D8_ModellingDataset::record::3","containsDR","asd","eyJlbmRfbGFiZWwiOiAiRGF0YVJlY29yZEFydGlmYWN0IiwgInN0YXJ0X2xhYmVsIjogIkRhdGFzZXRBcnRpZmFjdCJ9"
"D8_ModellingDataset::record::3","D8_ModellingDataset::record::3::cell::HR_norm","containsRC","asd","eyJlbmRfbGFiZWwiOiAiRGF0YUNlbGxBcnRpZmFjdCIsICJzdGFydF9sYWJlbCI6ICJEYXRhUmVjb3JkQXJ0aWZhY3QifQ=="
"D8_ModellingDataset::record::3","D8_ModellingDataset::record::3::cell::EDA_norm","containsRC","asd","eyJlbmRfbGFiZWwiOiAiRGF0YUNlbGxBcnRpZmFjdCIsICJzdGFydF9sYWJlbCI6ICJEYXRhUmVjb3JkQXJ0aWZhY3QifQ=="
"D8_ModellingDataset::record::3","D8_ModellingDataset::record::3::cell::ACC_norm","containsRC","asd","eyJlbmRfbGFiZWwiOiAiRGF0YUNlbGxBcnRpZmFjdCIsICJzdGFydF9sYWJlbCI6ICJEYXRhUmVjb3JkQXJ0aWZhY3QifQ=="
"D8_ModellingDataset::record::3","D8_ModellingDataset::record::3::cell::chall_behav","containsRC","asd","eyJlbmRfbGFiZWwiOiAiRGF0YUNlbGxBcnRpZmFjdCIsICJzdGFydF9sYWJlbCI6ICJEYXRhUmVjb3JkQXJ0aWZhY3QifQ=="
"D8_ModellingDataset::record::3","D8_ModellingDataset::record::3::cell::sev","containsRC","asd","eyJlbmRfbGFiZWwiOiAiRGF0YUNlbGxBcnRpZmFjdCIsICJzdGFydF9sYWJlbCI6ICJEYXRhUmVjb3JkQXJ0aWZhY3QifQ=="
"D8_ModellingDataset::record::3","D8_ModellingDataset::record::3::cell::age_grp","containsRC","asd","eyJlbmRfbGFiZWwiOiAiRGF0YUNlbGxBcnRpZmFjdCIsICJzdGFydF9sYWJlbCI6ICJEYXRhUmVjb3JkQXJ0aWZhY3QifQ=="
"D8_ModellingDataset::record::3","D8_ModellingDataset::record::3::cell::sex","containsRC","asd","eyJlbmRfbGFiZWwiOiAiRGF0YUNlbGxBcnRpZmFjdCIsICJzdGFydF9sYWJlbCI6ICJEYXRhUmVjb3JkQXJ0aWZhY3QifQ=="
"D8_ModellingDataset","asd_run_001::002::S6_select_modelling_features","wasGeneratedBy","asd","eyJlbmRfbGFiZWwiOiAiU3RlcFJ1biIsICJzdGFydF9sYWJlbCI6ICJEYXRhc2V0QXJ0aWZhY3QifQ=="
"D8_ModellingDataset","D7_NormalizedEpisodeData","wasDerivedFrom","asd","eyJlbmRfbGFiZWwiOiAiRGF0YXNldEFydGlmYWN0IiwgInN0YXJ0X2xhYmVsIjogIkRhdGFzZXRBcnRpZmFjdCJ9"
"asd_run_001","asd_run_001::003::S7_split_train_test","contains","asd","eyJlbmRfbGFiZWwiOiAiU3RlcFJ1biIsICJzdGFydF9sYWJlbCI6ICJQaXBlbGluZVJ1biJ9"
"asd_run_001::003::S7_split_train_test","S7_split_train_test","executes","asd","eyJlbmRfbGFiZWwiOiAiU3RlcCIsICJzdGFydF9sYWJlbCI6ICJTdGVwUnVuIn0="
"asd_run_001::003::S7_split_train_test","D8_ModellingDataset","used","asd","eyJlbmRfbGFiZWwiOiAiRGF0YXNldEFydGlmYWN0IiwgInN0YXJ0X2xhYmVsIjogIlN0ZXBSdW4ifQ=="
"D9_TrainDataset","D9_TrainDataset::record::0","containsDR","asd","eyJlbmRfbGFiZWwiOiAiRGF0YVJlY29yZEFydGlmYWN0IiwgInN0YXJ0X2xhYmVsIjogIkRhdGFzZXRBcnRpZmFjdCJ9"
"D9_TrainDataset::record::0","D9_TrainDataset::record::0::cell::HR_norm","containsRC","asd","eyJlbmRfbGFiZWwiOiAiRGF0YUNlbGxBcnRpZmFjdCIsICJzdGFydF9sYWJlbCI6ICJEYXRhUmVjb3JkQXJ0aWZhY3QifQ=="
"D9_TrainDataset::record::0","D9_TrainDataset::record::0::cell::EDA_norm","containsRC","asd","eyJlbmRfbGFiZWwiOiAiRGF0YUNlbGxBcnRpZmFjdCIsICJzdGFydF9sYWJlbCI6ICJEYXRhUmVjb3JkQXJ0aWZhY3QifQ=="
"D9_TrainDataset::record::0","D9_TrainDataset::record::0::cell::ACC_norm","containsRC","asd","eyJlbmRfbGFiZWwiOiAiRGF0YUNlbGxBcnRpZmFjdCIsICJzdGFydF9sYWJlbCI6ICJEYXRhUmVjb3JkQXJ0aWZhY3QifQ=="
"D9_TrainDataset::record::0","D9_TrainDataset::record::0::cell::chall_behav","containsRC","asd","eyJlbmRfbGFiZWwiOiAiRGF0YUNlbGxBcnRpZmFjdCIsICJzdGFydF9sYWJlbCI6ICJEYXRhUmVjb3JkQXJ0aWZhY3QifQ=="
"D9_TrainDataset::record::0","D9_TrainDataset::record::0::cell::sev","containsRC","asd","eyJlbmRfbGFiZWwiOiAiRGF0YUNlbGxBcnRpZmFjdCIsICJzdGFydF9sYWJlbCI6ICJEYXRhUmVjb3JkQXJ0aWZhY3QifQ=="
"D9_TrainDataset::record::0","D9_TrainDataset::record::0::cell::age_grp","containsRC","asd","eyJlbmRfbGFiZWwiOiAiRGF0YUNlbGxBcnRpZmFjdCIsICJzdGFydF9sYWJlbCI6ICJEYXRhUmVjb3JkQXJ0aWZhY3QifQ=="
"D9_TrainDataset::record::0","D9_TrainDataset::record::0::cell::sex","containsRC","asd","eyJlbmRfbGFiZWwiOiAiRGF0YUNlbGxBcnRpZmFjdCIsICJzdGFydF9sYWJlbCI6ICJEYXRhUmVjb3JkQXJ0aWZhY3QifQ=="
"D9_TrainDataset","D9_TrainDataset::record::1","containsDR","asd","eyJlbmRfbGFiZWwiOiAiRGF0YVJlY29yZEFydGlmYWN0IiwgInN0YXJ0X2xhYmVsIjogIkRhdGFzZXRBcnRpZmFjdCJ9"
"D9_TrainDataset::record::1","D9_TrainDataset::record::1::cell::HR_norm","containsRC","asd","eyJlbmRfbGFiZWwiOiAiRGF0YUNlbGxBcnRpZmFjdCIsICJzdGFydF9sYWJlbCI6ICJEYXRhUmVjb3JkQXJ0aWZhY3QifQ=="
"D9_TrainDataset::record::1","D9_TrainDataset::record::1::cell::EDA_norm","containsRC","asd","eyJlbmRfbGFiZWwiOiAiRGF0YUNlbGxBcnRpZmFjdCIsICJzdGFydF9sYWJlbCI6ICJEYXRhUmVjb3JkQXJ0aWZhY3QifQ=="
"D9_TrainDataset::record::1","D9_TrainDataset::record::1::cell::ACC_norm","containsRC","asd","eyJlbmRfbGFiZWwiOiAiRGF0YUNlbGxBcnRpZmFjdCIsICJzdGFydF9sYWJlbCI6ICJEYXRhUmVjb3JkQXJ0aWZhY3QifQ=="
"D9_TrainDataset::record::1","D9_TrainDataset::record::1::cell::chall_behav","containsRC","asd","eyJlbmRfbGFiZWwiOiAiRGF0YUNlbGxBcnRpZmFjdCIsICJzdGFydF9sYWJlbCI6ICJEYXRhUmVjb3JkQXJ0aWZhY3QifQ=="
"D9_TrainDataset::record::1","D9_TrainDataset::record::1::cell::sev","containsRC","asd","eyJlbmRfbGFiZWwiOiAiRGF0YUNlbGxBcnRpZmFjdCIsICJzdGFydF9sYWJlbCI6ICJEYXRhUmVjb3JkQXJ0aWZhY3QifQ=="
"D9_TrainDataset::record::1","D9_TrainDataset::record::1::cell::age_grp","containsRC","asd","eyJlbmRfbGFiZWwiOiAiRGF0YUNlbGxBcnRpZmFjdCIsICJzdGFydF9sYWJlbCI6ICJEYXRhUmVjb3JkQXJ0aWZhY3QifQ=="
"D9_TrainDataset::record::1","D9_TrainDataset::record::1::cell::sex","containsRC","asd","eyJlbmRfbGFiZWwiOiAiRGF0YUNlbGxBcnRpZmFjdCIsICJzdGFydF9sYWJlbCI6ICJEYXRhUmVjb3JkQXJ0aWZhY3QifQ=="
"D9_TrainDataset","asd_run_001::003::S7_split_train_test","wasGeneratedBy","asd","eyJlbmRfbGFiZWwiOiAiU3RlcFJ1biIsICJzdGFydF9sYWJlbCI6ICJEYXRhc2V0QXJ0aWZhY3QifQ=="
"D9_TrainDataset","D8_ModellingDataset","wasDerivedFrom","asd","eyJlbmRfbGFiZWwiOiAiRGF0YXNldEFydGlmYWN0IiwgInN0YXJ0X2xhYmVsIjogIkRhdGFzZXRBcnRpZmFjdCJ9"
"D10_TestDataset","D10_TestDataset::record::2","containsDR","asd","eyJlbmRfbGFiZWwiOiAiRGF0YVJlY29yZEFydGlmYWN0IiwgInN0YXJ0X2xhYmVsIjogIkRhdGFzZXRBcnRpZmFjdCJ9"
"D10_TestDataset::record::2","D10_TestDataset::record::2::cell::HR_norm","containsRC","asd","eyJlbmRfbGFiZWwiOiAiRGF0YUNlbGxBcnRpZmFjdCIsICJzdGFydF9sYWJlbCI6ICJEYXRhUmVjb3JkQXJ0aWZhY3QifQ=="
"D10_TestDataset::record::2","D10_TestDataset::record::2::cell::EDA_norm","containsRC","asd","eyJlbmRfbGFiZWwiOiAiRGF0YUNlbGxBcnRpZmFjdCIsICJzdGFydF9sYWJlbCI6ICJEYXRhUmVjb3JkQXJ0aWZhY3QifQ=="
"D10_TestDataset::record::2","D10_TestDataset::record::2::cell::ACC_norm","containsRC","asd","eyJlbmRfbGFiZWwiOiAiRGF0YUNlbGxBcnRpZmFjdCIsICJzdGFydF9sYWJlbCI6ICJEYXRhUmVjb3JkQXJ0aWZhY3QifQ=="
"D10_TestDataset::record::2","D10_TestDataset::record::2::cell::chall_behav","containsRC","asd","eyJlbmRfbGFiZWwiOiAiRGF0YUNlbGxBcnRpZmFjdCIsICJzdGFydF9sYWJlbCI6ICJEYXRhUmVjb3JkQXJ0aWZhY3QifQ=="
"D10_TestDataset::record::2","D10_TestDataset::record::2::cell::sev","containsRC","asd","eyJlbmRfbGFiZWwiOiAiRGF0YUNlbGxBcnRpZmFjdCIsICJzdGFydF9sYWJlbCI6ICJEYXRhUmVjb3JkQXJ0aWZhY3QifQ=="
"D10_TestDataset::record::2","D10_TestDataset::record::2::cell::age_grp","containsRC","asd","eyJlbmRfbGFiZWwiOiAiRGF0YUNlbGxBcnRpZmFjdCIsICJzdGFydF9sYWJlbCI6ICJEYXRhUmVjb3JkQXJ0aWZhY3QifQ=="
"D10_TestDataset::record::2","D10_TestDataset::record::2::cell::sex","containsRC","asd","eyJlbmRfbGFiZWwiOiAiRGF0YUNlbGxBcnRpZmFjdCIsICJzdGFydF9sYWJlbCI6ICJEYXRhUmVjb3JkQXJ0aWZhY3QifQ=="
"D10_TestDataset","D10_TestDataset::record::3","containsDR","asd","eyJlbmRfbGFiZWwiOiAiRGF0YVJlY29yZEFydGlmYWN0IiwgInN0YXJ0X2xhYmVsIjogIkRhdGFzZXRBcnRpZmFjdCJ9"
"D10_TestDataset::record::3","D10_TestDataset::record::3::cell::HR_norm","containsRC","asd","eyJlbmRfbGFiZWwiOiAiRGF0YUNlbGxBcnRpZmFjdCIsICJzdGFydF9sYWJlbCI6ICJEYXRhUmVjb3JkQXJ0aWZhY3QifQ=="
"D10_TestDataset::record::3","D10_TestDataset::record::3::cell::EDA_norm","containsRC","asd","eyJlbmRfbGFiZWwiOiAiRGF0YUNlbGxBcnRpZmFjdCIsICJzdGFydF9sYWJlbCI6ICJEYXRhUmVjb3JkQXJ0aWZhY3QifQ=="
"D10_TestDataset::record::3","D10_TestDataset::record::3::cell::ACC_norm","containsRC","asd","eyJlbmRfbGFiZWwiOiAiRGF0YUNlbGxBcnRpZmFjdCIsICJzdGFydF9sYWJlbCI6ICJEYXRhUmVjb3JkQXJ0aWZhY3QifQ=="
"D10_TestDataset::record::3","D10_TestDataset::record::3::cell::chall_behav","containsRC","asd","eyJlbmRfbGFiZWwiOiAiRGF0YUNlbGxBcnRpZmFjdCIsICJzdGFydF9sYWJlbCI6ICJEYXRhUmVjb3JkQXJ0aWZhY3QifQ=="
"D10_TestDataset::record::3","D10_TestDataset::record::3::cell::sev","containsRC","asd","eyJlbmRfbGFiZWwiOiAiRGF0YUNlbGxBcnRpZmFjdCIsICJzdGFydF9sYWJlbCI6ICJEYXRhUmVjb3JkQXJ0aWZhY3QifQ=="
"D10_TestDataset::record::3","D10_TestDataset::record::3::cell::age_grp","containsRC","asd","eyJlbmRfbGFiZWwiOiAiRGF0YUNlbGxBcnRpZmFjdCIsICJzdGFydF9sYWJlbCI6ICJEYXRhUmVjb3JkQXJ0aWZhY3QifQ=="
"D10_TestDataset::record::3","D10_TestDataset::record::3::cell::sex","containsRC","asd","eyJlbmRfbGFiZWwiOiAiRGF0YUNlbGxBcnRpZmFjdCIsICJzdGFydF9sYWJlbCI6ICJEYXRhUmVjb3JkQXJ0aWZhY3QifQ=="
"D10_TestDataset","asd_run_001::003::S7_split_train_test","wasGeneratedBy","asd","eyJlbmRfbGFiZWwiOiAiU3RlcFJ1biIsICJzdGFydF9sYWJlbCI6ICJEYXRhc2V0QXJ0aWZhY3QifQ=="
"D10_TestDataset","D8_ModellingDataset","wasDerivedFrom","asd","eyJlbmRfbGFiZWwiOiAiRGF0YXNldEFydGlmYWN0IiwgInN0YXJ0X2xhYmVsIjogIkRhdGFzZXRBcnRpZmFjdCJ9"
"asd_run_001","asd_run_001::004::S8_train_classifier","contains","asd","eyJlbmRfbGFiZWwiOiAiU3RlcFJ1biIsICJzdGFydF9sYWJlbCI6ICJQaXBlbGluZVJ1biJ9"
"asd_run_001::004::S8_train_classifier","S8_train_classifier","executes","asd","eyJlbmRfbGFiZWwiOiAiU3RlcCIsICJzdGFydF9sYWJlbCI6ICJTdGVwUnVuIn0="
"asd_run_001::004::S8_train_classifier","D9_TrainDataset","used","asd","eyJlbmRfbGFiZWwiOiAiRGF0YXNldEFydGlmYWN0IiwgInN0YXJ0X2xhYmVsIjogIlN0ZXBSdW4ifQ=="
"M1_ChallengingBehaviourClassifier","asd_run_001::004::S8_train_classifier","wasGeneratedBy","asd","eyJlbmRfbGFiZWwiOiAiU3RlcFJ1biIsICJzdGFydF9sYWJlbCI6ICJNb2RlbEFydGlmYWN0In0="
"M1_ChallengingBehaviourClassifier","D9_TrainDataset","wasDerivedFrom","asd","eyJlbmRfbGFiZWwiOiAiRGF0YXNldEFydGlmYWN0IiwgInN0YXJ0X2xhYmVsIjogIk1vZGVsQXJ0aWZhY3QifQ=="
"biometric","sensitive_personal_data","implies","asd","eyJlbmRfbGFiZWwiOiAiU2Vuc2l0aXZpdHlDYXRlZ29yeSIsICJzdGFydF9sYWJlbCI6ICJTZW5zaXRpdml0eUNhdGVnb3J5In0="
"health","sensitive_personal_data","implies","asd","eyJlbmRfbGFiZWwiOiAiU2Vuc2l0aXZpdHlDYXRlZ29yeSIsICJzdGFydF9sYWJlbCI6ICJTZW5zaXRpdml0eUNhdGVnb3J5In0="
"behavioural_sensitive","sensitive_personal_data","implies","asd","eyJlbmRfbGFiZWwiOiAiU2Vuc2l0aXZpdHlDYXRlZ29yeSIsICJzdGFydF9sYWJlbCI6ICJTZW5zaXRpdml0eUNhdGVnb3J5In0="
"direct_identifier","identifier","implies","asd","eyJlbmRfbGFiZWwiOiAiU2Vuc2l0aXZpdHlDYXRlZ29yeSIsICJzdGFydF9sYWJlbCI6ICJTZW5zaXRpdml0eUNhdGVnb3J5In0="
"pseudonymous_identifier","identifier","implies","asd","eyJlbmRfbGFiZWwiOiAiU2Vuc2l0aXZpdHlDYXRlZ29yeSIsICJzdGFydF9sYWJlbCI6ICJTZW5zaXRpdml0eUNhdGVnb3J5In0="
"temporal_quasi_identifier","quasi_identifier","implies","asd","eyJlbmRfbGFiZWwiOiAiU2Vuc2l0aXZpdHlDYXRlZ29yeSIsICJzdGFydF9sYWJlbCI6ICJTZW5zaXRpdml0eUNhdGVnb3J5In0="
"organisational_context","quasi_identifier","implies","asd","eyJlbmRfbGFiZWwiOiAiU2Vuc2l0aXZpdHlDYXRlZ29yeSIsICJzdGFydF9sYWJlbCI6ICJTZW5zaXRpdml0eUNhdGVnb3J5In0="
"PA::DatasetArtifact::D6_EnrichedEpisodeData::0001","D6_EnrichedEpisodeData","annotates","asd","eyJlbmRfbGFiZWwiOiAiRGF0YXNldEFydGlmYWN0IiwgInN0YXJ0X2xhYmVsIjogIlByaXZhY3lBbm5vdGF0aW9uIn0="
"PA::DatasetArtifact::D6_EnrichedEpisodeData::0001","direct_identifier","hasCategory","asd","eyJlbmRfbGFiZWwiOiAiU2Vuc2l0aXZpdHlDYXRlZ29yeSIsICJleHBsaWNpdCI6IHRydWUsICJzdGFydF9sYWJlbCI6ICJQcml2YWN5QW5ub3RhdGlvbiJ9"
"PA::DatasetArtifact::D6_EnrichedEpisodeData::0001","temporal_quasi_identifier","hasCategory","asd","eyJlbmRfbGFiZWwiOiAiU2Vuc2l0aXZpdHlDYXRlZ29yeSIsICJleHBsaWNpdCI6IHRydWUsICJzdGFydF9sYWJlbCI6ICJQcml2YWN5QW5ub3RhdGlvbiJ9"
"PA::DatasetArtifact::D6_EnrichedEpisodeData::0001","quasi_identifier","hasCategory","asd","eyJlbmRfbGFiZWwiOiAiU2Vuc2l0aXZpdHlDYXRlZ29yeSIsICJleHBsaWNpdCI6IHRydWUsICJzdGFydF9sYWJlbCI6ICJQcml2YWN5QW5ub3RhdGlvbiJ9"
"PA::DatasetArtifact::D6_EnrichedEpisodeData::0001","biometric","hasCategory","asd","eyJlbmRfbGFiZWwiOiAiU2Vuc2l0aXZpdHlDYXRlZ29yeSIsICJleHBsaWNpdCI6IHRydWUsICJzdGFydF9sYWJlbCI6ICJQcml2YWN5QW5ub3RhdGlvbiJ9"
"PA::DatasetArtifact::D6_EnrichedEpisodeData::0001","health","hasCategory","asd","eyJlbmRfbGFiZWwiOiAiU2Vuc2l0aXZpdHlDYXRlZ29yeSIsICJleHBsaWNpdCI6IHRydWUsICJzdGFydF9sYWJlbCI6ICJQcml2YWN5QW5ub3RhdGlvbiJ9"
"PA::DatasetArtifact::D6_EnrichedEpisodeData::0001","behavioural_sensor_data","hasCategory","asd","eyJlbmRfbGFiZWwiOiAiU2Vuc2l0aXZpdHlDYXRlZ29yeSIsICJleHBsaWNpdCI6IHRydWUsICJzdGFydF9sYWJlbCI6ICJQcml2YWN5QW5ub3RhdGlvbiJ9"
"PA::DatasetArtifact::D6_EnrichedEpisodeData::0001","behavioural_sensitive","hasCategory","asd","eyJlbmRfbGFiZWwiOiAiU2Vuc2l0aXZpdHlDYXRlZ29yeSIsICJleHBsaWNpdCI6IHRydWUsICJzdGFydF9sYWJlbCI6ICJQcml2YWN5QW5ub3RhdGlvbiJ9"
"PA::DatasetArtifact::D6_EnrichedEpisodeData::0001","organisational_context","hasCategory","asd","eyJlbmRfbGFiZWwiOiAiU2Vuc2l0aXZpdHlDYXRlZ29yeSIsICJleHBsaWNpdCI6IHRydWUsICJzdGFydF9sYWJlbCI6ICJQcml2YWN5QW5ub3RhdGlvbiJ9"
"PA::DatasetArtifact::D6_EnrichedEpisodeData::0001","reidentification_risk","hasCategory","asd","eyJlbmRfbGFiZWwiOiAiU2Vuc2l0aXZpdHlDYXRlZ29yeSIsICJleHBsaWNpdCI6IHRydWUsICJzdGFydF9sYWJlbCI6ICJQcml2YWN5QW5ub3RhdGlvbiJ9"
"PA::DatasetArtifact::D6_EnrichedEpisodeData::0001","identifier","hasCategory","asd","eyJlbmRfbGFiZWwiOiAiU2Vuc2l0aXZpdHlDYXRlZ29yeSIsICJleHBsaWNpdCI6IGZhbHNlLCAic3RhcnRfbGFiZWwiOiAiUHJpdmFjeUFubm90YXRpb24ifQ=="
"PA::DatasetArtifact::D6_EnrichedEpisodeData::0001","sensitive_personal_data","hasCategory","asd","eyJlbmRfbGFiZWwiOiAiU2Vuc2l0aXZpdHlDYXRlZ29yeSIsICJleHBsaWNpdCI6IGZhbHNlLCAic3RhcnRfbGFiZWwiOiAiUHJpdmFjeUFubm90YXRpb24ifQ=="
"PA::DatasetArtifact::D6_EnrichedEpisodeData::0001","clinical_research","hasUsage","asd","eyJlbmRfbGFiZWwiOiAiVXNhZ2VDb25zdHJhaW50IiwgInN0YXJ0X2xhYmVsIjogIlByaXZhY3lBbm5vdGF0aW9uIn0="
"PA::DatasetArtifact::D6_EnrichedEpisodeData::0001","delete_on_request","hasErasure","asd","eyJlbmRfbGFiZWwiOiAiRXJhc3VyZUNvbnN0cmFpbnQiLCAic3RhcnRfbGFiZWwiOiAiUHJpdmFjeUFubm90YXRpb24ifQ=="
"PA::DatasetArtifact::D6_EnrichedEpisodeData::0001","retention_5y","hasErasure","asd","eyJlbmRfbGFiZWwiOiAiRXJhc3VyZUNvbnN0cmFpbnQiLCAic3RhcnRfbGFiZWwiOiAiUHJpdmFjeUFubm90YXRpb24ifQ=="
"PA::DatasetArtifact::D6_EnrichedEpisodeData::0001","CL","allowsRole","asd","eyJlbmRfbGFiZWwiOiAiQWNjZXNzUm9sZSIsICJzdGFydF9sYWJlbCI6ICJQcml2YWN5QW5ub3RhdGlvbiJ9"
"PA::DatasetArtifact::D6_EnrichedEpisodeData::0001","DPO","allowsRole","asd","eyJlbmRfbGFiZWwiOiAiQWNjZXNzUm9sZSIsICJzdGFydF9sYWJlbCI6ICJQcml2YWN5QW5ub3RhdGlvbiJ9"
"PA::DataRecordArtifact::D6_EnrichedEpisodeData::record::0::0002","D6_EnrichedEpisodeData::record::0","annotates","asd","eyJlbmRfbGFiZWwiOiAiRGF0YVJlY29yZEFydGlmYWN0IiwgInN0YXJ0X2xhYmVsIjogIlByaXZhY3lBbm5vdGF0aW9uIn0="
"PA::DataRecordArtifact::D6_EnrichedEpisodeData::record::0::0002","clinical_research","hasUsage","asd","eyJlbmRfbGFiZWwiOiAiVXNhZ2VDb25zdHJhaW50IiwgInN0YXJ0X2xhYmVsIjogIlByaXZhY3lBbm5vdGF0aW9uIn0="
"PA::DataRecordArtifact::D6_EnrichedEpisodeData::record::0::0002","delete_on_request","hasErasure","asd","eyJlbmRfbGFiZWwiOiAiRXJhc3VyZUNvbnN0cmFpbnQiLCAic3RhcnRfbGFiZWwiOiAiUHJpdmFjeUFubm90YXRpb24ifQ=="
"PA::DataRecordArtifact::D6_EnrichedEpisodeData::record::0::0002","retention_5y","hasErasure","asd","eyJlbmRfbGFiZWwiOiAiRXJhc3VyZUNvbnN0cmFpbnQiLCAic3RhcnRfbGFiZWwiOiAiUHJpdmFjeUFubm90YXRpb24ifQ=="
"PA::DataRecordArtifact::D6_EnrichedEpisodeData::record::0::0002","CL","allowsRole","asd","eyJlbmRfbGFiZWwiOiAiQWNjZXNzUm9sZSIsICJzdGFydF9sYWJlbCI6ICJQcml2YWN5QW5ub3RhdGlvbiJ9"
"PA::DataRecordArtifact::D6_EnrichedEpisodeData::record::0::0002","DPO","allowsRole","asd","eyJlbmRfbGFiZWwiOiAiQWNjZXNzUm9sZSIsICJzdGFydF9sYWJlbCI6ICJQcml2YWN5QW5ub3RhdGlvbiJ9"
"PA::DataRecordArtifact::D6_EnrichedEpisodeData::record::1::0003","D6_EnrichedEpisodeData::record::1","annotates","asd","eyJlbmRfbGFiZWwiOiAiRGF0YVJlY29yZEFydGlmYWN0IiwgInN0YXJ0X2xhYmVsIjogIlByaXZhY3lBbm5vdGF0aW9uIn0="
"PA::DataRecordArtifact::D6_EnrichedEpisodeData::record::1::0003","clinical_research","hasUsage","asd","eyJlbmRfbGFiZWwiOiAiVXNhZ2VDb25zdHJhaW50IiwgInN0YXJ0X2xhYmVsIjogIlByaXZhY3lBbm5vdGF0aW9uIn0="
"PA::DataRecordArtifact::D6_EnrichedEpisodeData::record::1::0003","delete_on_request","hasErasure","asd","eyJlbmRfbGFiZWwiOiAiRXJhc3VyZUNvbnN0cmFpbnQiLCAic3RhcnRfbGFiZWwiOiAiUHJpdmFjeUFubm90YXRpb24ifQ=="
"PA::DataRecordArtifact::D6_EnrichedEpisodeData::record::1::0003","retention_5y","hasErasure","asd","eyJlbmRfbGFiZWwiOiAiRXJhc3VyZUNvbnN0cmFpbnQiLCAic3RhcnRfbGFiZWwiOiAiUHJpdmFjeUFubm90YXRpb24ifQ=="
"PA::DataRecordArtifact::D6_EnrichedEpisodeData::record::1::0003","CL","allowsRole","asd","eyJlbmRfbGFiZWwiOiAiQWNjZXNzUm9sZSIsICJzdGFydF9sYWJlbCI6ICJQcml2YWN5QW5ub3RhdGlvbiJ9"
"PA::DataRecordArtifact::D6_EnrichedEpisodeData::record::1::0003","DPO","allowsRole","asd","eyJlbmRfbGFiZWwiOiAiQWNjZXNzUm9sZSIsICJzdGFydF9sYWJlbCI6ICJQcml2YWN5QW5ub3RhdGlvbiJ9"
"PA::DataRecordArtifact::D6_EnrichedEpisodeData::record::2::0004","D6_EnrichedEpisodeData::record::2","annotates","asd","eyJlbmRfbGFiZWwiOiAiRGF0YVJlY29yZEFydGlmYWN0IiwgInN0YXJ0X2xhYmVsIjogIlByaXZhY3lBbm5vdGF0aW9uIn0="
"PA::DataRecordArtifact::D6_EnrichedEpisodeData::record::2::0004","clinical_research","hasUsage","asd","eyJlbmRfbGFiZWwiOiAiVXNhZ2VDb25zdHJhaW50IiwgInN0YXJ0X2xhYmVsIjogIlByaXZhY3lBbm5vdGF0aW9uIn0="
"PA::DataRecordArtifact::D6_EnrichedEpisodeData::record::2::0004","delete_on_request","hasErasure","asd","eyJlbmRfbGFiZWwiOiAiRXJhc3VyZUNvbnN0cmFpbnQiLCAic3RhcnRfbGFiZWwiOiAiUHJpdmFjeUFubm90YXRpb24ifQ=="
"PA::DataRecordArtifact::D6_EnrichedEpisodeData::record::2::0004","retention_5y","hasErasure","asd","eyJlbmRfbGFiZWwiOiAiRXJhc3VyZUNvbnN0cmFpbnQiLCAic3RhcnRfbGFiZWwiOiAiUHJpdmFjeUFubm90YXRpb24ifQ=="
"PA::DataRecordArtifact::D6_EnrichedEpisodeData::record::2::0004","CL","allowsRole","asd","eyJlbmRfbGFiZWwiOiAiQWNjZXNzUm9sZSIsICJzdGFydF9sYWJlbCI6ICJQcml2YWN5QW5ub3RhdGlvbiJ9"
"PA::DataRecordArtifact::D6_EnrichedEpisodeData::record::2::0004","DPO","allowsRole","asd","eyJlbmRfbGFiZWwiOiAiQWNjZXNzUm9sZSIsICJzdGFydF9sYWJlbCI6ICJQcml2YWN5QW5ub3RhdGlvbiJ9"
"PA::DataRecordArtifact::D6_EnrichedEpisodeData::record::3::0005","D6_EnrichedEpisodeData::record::3","annotates","asd","eyJlbmRfbGFiZWwiOiAiRGF0YVJlY29yZEFydGlmYWN0IiwgInN0YXJ0X2xhYmVsIjogIlByaXZhY3lBbm5vdGF0aW9uIn0="
"PA::DataRecordArtifact::D6_EnrichedEpisodeData::record::3::0005","clinical_research","hasUsage","asd","eyJlbmRfbGFiZWwiOiAiVXNhZ2VDb25zdHJhaW50IiwgInN0YXJ0X2xhYmVsIjogIlByaXZhY3lBbm5vdGF0aW9uIn0="
"PA::DataRecordArtifact::D6_EnrichedEpisodeData::record::3::0005","delete_on_request","hasErasure","asd","eyJlbmRfbGFiZWwiOiAiRXJhc3VyZUNvbnN0cmFpbnQiLCAic3RhcnRfbGFiZWwiOiAiUHJpdmFjeUFubm90YXRpb24ifQ=="
"PA::DataRecordArtifact::D6_EnrichedEpisodeData::record::3::0005","retention_5y","hasErasure","asd","eyJlbmRfbGFiZWwiOiAiRXJhc3VyZUNvbnN0cmFpbnQiLCAic3RhcnRfbGFiZWwiOiAiUHJpdmFjeUFubm90YXRpb24ifQ=="
"PA::DataRecordArtifact::D6_EnrichedEpisodeData::record::3::0005","CL","allowsRole","asd","eyJlbmRfbGFiZWwiOiAiQWNjZXNzUm9sZSIsICJzdGFydF9sYWJlbCI6ICJQcml2YWN5QW5ub3RhdGlvbiJ9"
"PA::DataRecordArtifact::D6_EnrichedEpisodeData::record::3::0005","DPO","allowsRole","asd","eyJlbmRfbGFiZWwiOiAiQWNjZXNzUm9sZSIsICJzdGFydF9sYWJlbCI6ICJQcml2YWN5QW5ub3RhdGlvbiJ9"
"PA::DataCellArtifact::D6_EnrichedEpisodeData::record::0::cell::Id::0006","D6_EnrichedEpisodeData::record::0::cell::Id","annotates","asd","eyJlbmRfbGFiZWwiOiAiRGF0YUNlbGxBcnRpZmFjdCIsICJzdGFydF9sYWJlbCI6ICJQcml2YWN5QW5ub3RhdGlvbiJ9"
"PA::DataCellArtifact::D6_EnrichedEpisodeData::record::0::cell::Id::0006","direct_identifier","hasCategory","asd","eyJlbmRfbGFiZWwiOiAiU2Vuc2l0aXZpdHlDYXRlZ29yeSIsICJleHBsaWNpdCI6IHRydWUsICJzdGFydF9sYWJlbCI6ICJQcml2YWN5QW5ub3RhdGlvbiJ9"
"PA::DataCellArtifact::D6_EnrichedEpisodeData::record::0::cell::Id::0006","identifier","hasCategory","asd","eyJlbmRfbGFiZWwiOiAiU2Vuc2l0aXZpdHlDYXRlZ29yeSIsICJleHBsaWNpdCI6IGZhbHNlLCAic3RhcnRfbGFiZWwiOiAiUHJpdmFjeUFubm90YXRpb24ifQ=="
"PA::DataCellArtifact::D6_EnrichedEpisodeData::record::0::cell::Id::0006","clinical_research","hasUsage","asd","eyJlbmRfbGFiZWwiOiAiVXNhZ2VDb25zdHJhaW50IiwgInN0YXJ0X2xhYmVsIjogIlByaXZhY3lBbm5vdGF0aW9uIn0="
"PA::DataCellArtifact::D6_EnrichedEpisodeData::record::0::cell::Id::0006","delete_on_request","hasErasure","asd","eyJlbmRfbGFiZWwiOiAiRXJhc3VyZUNvbnN0cmFpbnQiLCAic3RhcnRfbGFiZWwiOiAiUHJpdmFjeUFubm90YXRpb24ifQ=="
"PA::DataCellArtifact::D6_EnrichedEpisodeData::record::0::cell::Id::0006","retention_5y","hasErasure","asd","eyJlbmRfbGFiZWwiOiAiRXJhc3VyZUNvbnN0cmFpbnQiLCAic3RhcnRfbGFiZWwiOiAiUHJpdmFjeUFubm90YXRpb24ifQ=="
"PA::DataCellArtifact::D6_EnrichedEpisodeData::record::0::cell::Id::0006","CL","allowsRole","asd","eyJlbmRfbGFiZWwiOiAiQWNjZXNzUm9sZSIsICJzdGFydF9sYWJlbCI6ICJQcml2YWN5QW5ub3RhdGlvbiJ9"
"PA::DataCellArtifact::D6_EnrichedEpisodeData::record::0::cell::Id::0006","DPO","allowsRole","asd","eyJlbmRfbGFiZWwiOiAiQWNjZXNzUm9sZSIsICJzdGFydF9sYWJlbCI6ICJQcml2YWN5QW5ub3RhdGlvbiJ9"
"PA::DataCellArtifact::D6_EnrichedEpisodeData::record::1::cell::Id::0007","D6_EnrichedEpisodeData::record::1::cell::Id","annotates","asd","eyJlbmRfbGFiZWwiOiAiRGF0YUNlbGxBcnRpZmFjdCIsICJzdGFydF9sYWJlbCI6ICJQcml2YWN5QW5ub3RhdGlvbiJ9"
"PA::DataCellArtifact::D6_EnrichedEpisodeData::record::1::cell::Id::0007","direct_identifier","hasCategory","asd","eyJlbmRfbGFiZWwiOiAiU2Vuc2l0aXZpdHlDYXRlZ29yeSIsICJleHBsaWNpdCI6IHRydWUsICJzdGFydF9sYWJlbCI6ICJQcml2YWN5QW5ub3RhdGlvbiJ9"
"PA::DataCellArtifact::D6_EnrichedEpisodeData::record::1::cell::Id::0007","identifier","hasCategory","asd","eyJlbmRfbGFiZWwiOiAiU2Vuc2l0aXZpdHlDYXRlZ29yeSIsICJleHBsaWNpdCI6IGZhbHNlLCAic3RhcnRfbGFiZWwiOiAiUHJpdmFjeUFubm90YXRpb24ifQ=="
"PA::DataCellArtifact::D6_EnrichedEpisodeData::record::1::cell::Id::0007","clinical_research","hasUsage","asd","eyJlbmRfbGFiZWwiOiAiVXNhZ2VDb25zdHJhaW50IiwgInN0YXJ0X2xhYmVsIjogIlByaXZhY3lBbm5vdGF0aW9uIn0="
"PA::DataCellArtifact::D6_EnrichedEpisodeData::record::1::cell::Id::0007","delete_on_request","hasErasure","asd","eyJlbmRfbGFiZWwiOiAiRXJhc3VyZUNvbnN0cmFpbnQiLCAic3RhcnRfbGFiZWwiOiAiUHJpdmFjeUFubm90YXRpb24ifQ=="
"PA::DataCellArtifact::D6_EnrichedEpisodeData::record::1::cell::Id::0007","retention_5y","hasErasure","asd","eyJlbmRfbGFiZWwiOiAiRXJhc3VyZUNvbnN0cmFpbnQiLCAic3RhcnRfbGFiZWwiOiAiUHJpdmFjeUFubm90YXRpb24ifQ=="
"PA::DataCellArtifact::D6_EnrichedEpisodeData::record::1::cell::Id::0007","CL","allowsRole","asd","eyJlbmRfbGFiZWwiOiAiQWNjZXNzUm9sZSIsICJzdGFydF9sYWJlbCI6ICJQcml2YWN5QW5ub3RhdGlvbiJ9"
"PA::DataCellArtifact::D6_EnrichedEpisodeData::record::1::cell::Id::0007","DPO","allowsRole","asd","eyJlbmRfbGFiZWwiOiAiQWNjZXNzUm9sZSIsICJzdGFydF9sYWJlbCI6ICJQcml2YWN5QW5ub3RhdGlvbiJ9"
"PA::DataCellArtifact::D6_EnrichedEpisodeData::record::2::cell::Id::0008","D6_EnrichedEpisodeData::record::2::cell::Id","annotates","asd","eyJlbmRfbGFiZWwiOiAiRGF0YUNlbGxBcnRpZmFjdCIsICJzdGFydF9sYWJlbCI6ICJQcml2YWN5QW5ub3RhdGlvbiJ9"
"PA::DataCellArtifact::D6_EnrichedEpisodeData::record::2::cell::Id::0008","direct_identifier","hasCategory","asd","eyJlbmRfbGFiZWwiOiAiU2Vuc2l0aXZpdHlDYXRlZ29yeSIsICJleHBsaWNpdCI6IHRydWUsICJzdGFydF9sYWJlbCI6ICJQcml2YWN5QW5ub3RhdGlvbiJ9"
"PA::DataCellArtifact::D6_EnrichedEpisodeData::record::2::cell::Id::0008","identifier","hasCategory","asd","eyJlbmRfbGFiZWwiOiAiU2Vuc2l0aXZpdHlDYXRlZ29yeSIsICJleHBsaWNpdCI6IGZhbHNlLCAic3RhcnRfbGFiZWwiOiAiUHJpdmFjeUFubm90YXRpb24ifQ=="
"PA::DataCellArtifact::D6_EnrichedEpisodeData::record::2::cell::Id::0008","clinical_research","hasUsage","asd","eyJlbmRfbGFiZWwiOiAiVXNhZ2VDb25zdHJhaW50IiwgInN0YXJ0X2xhYmVsIjogIlByaXZhY3lBbm5vdGF0aW9uIn0="
"PA::DataCellArtifact::D6_EnrichedEpisodeData::record::2::cell::Id::0008","delete_on_request","hasErasure","asd","eyJlbmRfbGFiZWwiOiAiRXJhc3VyZUNvbnN0cmFpbnQiLCAic3RhcnRfbGFiZWwiOiAiUHJpdmFjeUFubm90YXRpb24ifQ=="
"PA::DataCellArtifact::D6_EnrichedEpisodeData::record::2::cell::Id::0008","retention_5y","hasErasure","asd","eyJlbmRfbGFiZWwiOiAiRXJhc3VyZUNvbnN0cmFpbnQiLCAic3RhcnRfbGFiZWwiOiAiUHJpdmFjeUFubm90YXRpb24ifQ=="
"PA::DataCellArtifact::D6_EnrichedEpisodeData::record::2::cell::Id::0008","CL","allowsRole","asd","eyJlbmRfbGFiZWwiOiAiQWNjZXNzUm9sZSIsICJzdGFydF9sYWJlbCI6ICJQcml2YWN5QW5ub3RhdGlvbiJ9"
"PA::DataCellArtifact::D6_EnrichedEpisodeData::record::2::cell::Id::0008","DPO","allowsRole","asd","eyJlbmRfbGFiZWwiOiAiQWNjZXNzUm9sZSIsICJzdGFydF9sYWJlbCI6ICJQcml2YWN5QW5ub3RhdGlvbiJ9"
"PA::DataCellArtifact::D6_EnrichedEpisodeData::record::3::cell::Id::0009","D6_EnrichedEpisodeData::record::3::cell::Id","annotates","asd","eyJlbmRfbGFiZWwiOiAiRGF0YUNlbGxBcnRpZmFjdCIsICJzdGFydF9sYWJlbCI6ICJQcml2YWN5QW5ub3RhdGlvbiJ9"
"PA::DataCellArtifact::D6_EnrichedEpisodeData::record::3::cell::Id::0009","direct_identifier","hasCategory","asd","eyJlbmRfbGFiZWwiOiAiU2Vuc2l0aXZpdHlDYXRlZ29yeSIsICJleHBsaWNpdCI6IHRydWUsICJzdGFydF9sYWJlbCI6ICJQcml2YWN5QW5ub3RhdGlvbiJ9"
"PA::DataCellArtifact::D6_EnrichedEpisodeData::record::3::cell::Id::0009","identifier","hasCategory","asd","eyJlbmRfbGFiZWwiOiAiU2Vuc2l0aXZpdHlDYXRlZ29yeSIsICJleHBsaWNpdCI6IGZhbHNlLCAic3RhcnRfbGFiZWwiOiAiUHJpdmFjeUFubm90YXRpb24ifQ=="
"PA::DataCellArtifact::D6_EnrichedEpisodeData::record::3::cell::Id::0009","clinical_research","hasUsage","asd","eyJlbmRfbGFiZWwiOiAiVXNhZ2VDb25zdHJhaW50IiwgInN0YXJ0X2xhYmVsIjogIlByaXZhY3lBbm5vdGF0aW9uIn0="
"PA::DataCellArtifact::D6_EnrichedEpisodeData::record::3::cell::Id::0009","delete_on_request","hasErasure","asd","eyJlbmRfbGFiZWwiOiAiRXJhc3VyZUNvbnN0cmFpbnQiLCAic3RhcnRfbGFiZWwiOiAiUHJpdmFjeUFubm90YXRpb24ifQ=="
"PA::DataCellArtifact::D6_EnrichedEpisodeData::record::3::cell::Id::0009","retention_5y","hasErasure","asd","eyJlbmRfbGFiZWwiOiAiRXJhc3VyZUNvbnN0cmFpbnQiLCAic3RhcnRfbGFiZWwiOiAiUHJpdmFjeUFubm90YXRpb24ifQ=="
"PA::DataCellArtifact::D6_EnrichedEpisodeData::record::3::cell::Id::0009","CL","allowsRole","asd","eyJlbmRfbGFiZWwiOiAiQWNjZXNzUm9sZSIsICJzdGFydF9sYWJlbCI6ICJQcml2YWN5QW5ub3RhdGlvbiJ9"
"PA::DataCellArtifact::D6_EnrichedEpisodeData::record::3::cell::Id::0009","DPO","allowsRole","asd","eyJlbmRfbGFiZWwiOiAiQWNjZXNzUm9sZSIsICJzdGFydF9sYWJlbCI6ICJQcml2YWN5QW5ub3RhdGlvbiJ9"
"PA::DataCellArtifact::D6_EnrichedEpisodeData::record::0::cell::window_start::0010","D6_EnrichedEpisodeData::record::0::cell::window_start","annotates","asd","eyJlbmRfbGFiZWwiOiAiRGF0YUNlbGxBcnRpZmFjdCIsICJzdGFydF9sYWJlbCI6ICJQcml2YWN5QW5ub3RhdGlvbiJ9"
"PA::DataCellArtifact::D6_EnrichedEpisodeData::record::0::cell::window_start::0010","temporal_quasi_identifier","hasCategory","asd","eyJlbmRfbGFiZWwiOiAiU2Vuc2l0aXZpdHlDYXRlZ29yeSIsICJleHBsaWNpdCI6IHRydWUsICJzdGFydF9sYWJlbCI6ICJQcml2YWN5QW5ub3RhdGlvbiJ9"
"PA::DataCellArtifact::D6_EnrichedEpisodeData::record::0::cell::window_start::0010","quasi_identifier","hasCategory","asd","eyJlbmRfbGFiZWwiOiAiU2Vuc2l0aXZpdHlDYXRlZ29yeSIsICJleHBsaWNpdCI6IGZhbHNlLCAic3RhcnRfbGFiZWwiOiAiUHJpdmFjeUFubm90YXRpb24ifQ=="
"PA::DataCellArtifact::D6_EnrichedEpisodeData::record::0::cell::window_start::0010","clinical_research","hasUsage","asd","eyJlbmRfbGFiZWwiOiAiVXNhZ2VDb25zdHJhaW50IiwgInN0YXJ0X2xhYmVsIjogIlByaXZhY3lBbm5vdGF0aW9uIn0="
"PA::DataCellArtifact::D6_EnrichedEpisodeData::record::0::cell::window_start::0010","delete_on_request","hasErasure","asd","eyJlbmRfbGFiZWwiOiAiRXJhc3VyZUNvbnN0cmFpbnQiLCAic3RhcnRfbGFiZWwiOiAiUHJpdmFjeUFubm90YXRpb24ifQ=="
"PA::DataCellArtifact::D6_EnrichedEpisodeData::record::0::cell::window_start::0010","retention_5y","hasErasure","asd","eyJlbmRfbGFiZWwiOiAiRXJhc3VyZUNvbnN0cmFpbnQiLCAic3RhcnRfbGFiZWwiOiAiUHJpdmFjeUFubm90YXRpb24ifQ=="
"PA::DataCellArtifact::D6_EnrichedEpisodeData::record::0::cell::window_start::0010","DS","allowsRole","asd","eyJlbmRfbGFiZWwiOiAiQWNjZXNzUm9sZSIsICJzdGFydF9sYWJlbCI6ICJQcml2YWN5QW5ub3RhdGlvbiJ9"
"PA::DataCellArtifact::D6_EnrichedEpisodeData::record::0::cell::window_start::0010","CL","allowsRole","asd","eyJlbmRfbGFiZWwiOiAiQWNjZXNzUm9sZSIsICJzdGFydF9sYWJlbCI6ICJQcml2YWN5QW5ub3RhdGlvbiJ9"
"PA::DataCellArtifact::D6_EnrichedEpisodeData::record::0::cell::window_start::0010","AU","allowsRole","asd","eyJlbmRfbGFiZWwiOiAiQWNjZXNzUm9sZSIsICJzdGFydF9sYWJlbCI6ICJQcml2YWN5QW5ub3RhdGlvbiJ9"
"PA::DataCellArtifact::D6_EnrichedEpisodeData::record::0::cell::window_start::0010","DPO","allowsRole","asd","eyJlbmRfbGFiZWwiOiAiQWNjZXNzUm9sZSIsICJzdGFydF9sYWJlbCI6ICJQcml2YWN5QW5ub3RhdGlvbiJ9"
"PA::DataCellArtifact::D6_EnrichedEpisodeData::record::1::cell::window_start::0011","D6_EnrichedEpisodeData::record::1::cell::window_start","annotates","asd","eyJlbmRfbGFiZWwiOiAiRGF0YUNlbGxBcnRpZmFjdCIsICJzdGFydF9sYWJlbCI6ICJQcml2YWN5QW5ub3RhdGlvbiJ9"
"PA::DataCellArtifact::D6_EnrichedEpisodeData::record::1::cell::window_start::0011","temporal_quasi_identifier","hasCategory","asd","eyJlbmRfbGFiZWwiOiAiU2Vuc2l0aXZpdHlDYXRlZ29yeSIsICJleHBsaWNpdCI6IHRydWUsICJzdGFydF9sYWJlbCI6ICJQcml2YWN5QW5ub3RhdGlvbiJ9"
"PA::DataCellArtifact::D6_EnrichedEpisodeData::record::1::cell::window_start::0011","quasi_identifier","hasCategory","asd","eyJlbmRfbGFiZWwiOiAiU2Vuc2l0aXZpdHlDYXRlZ29yeSIsICJleHBsaWNpdCI6IGZhbHNlLCAic3RhcnRfbGFiZWwiOiAiUHJpdmFjeUFubm90YXRpb24ifQ=="
"PA::DataCellArtifact::D6_EnrichedEpisodeData::record::1::cell::window_start::0011","clinical_research","hasUsage","asd","eyJlbmRfbGFiZWwiOiAiVXNhZ2VDb25zdHJhaW50IiwgInN0YXJ0X2xhYmVsIjogIlByaXZhY3lBbm5vdGF0aW9uIn0="
"PA::DataCellArtifact::D6_EnrichedEpisodeData::record::1::cell::window_start::0011","delete_on_request","hasErasure","asd","eyJlbmRfbGFiZWwiOiAiRXJhc3VyZUNvbnN0cmFpbnQiLCAic3RhcnRfbGFiZWwiOiAiUHJpdmFjeUFubm90YXRpb24ifQ=="
"PA::DataCellArtifact::D6_EnrichedEpisodeData::record::1::cell::window_start::0011","retention_5y","hasErasure","asd","eyJlbmRfbGFiZWwiOiAiRXJhc3VyZUNvbnN0cmFpbnQiLCAic3RhcnRfbGFiZWwiOiAiUHJpdmFjeUFubm90YXRpb24ifQ=="
"PA::DataCellArtifact::D6_EnrichedEpisodeData::record::1::cell::window_start::0011","DS","allowsRole","asd","eyJlbmRfbGFiZWwiOiAiQWNjZXNzUm9sZSIsICJzdGFydF9sYWJlbCI6ICJQcml2YWN5QW5ub3RhdGlvbiJ9"
"PA::DataCellArtifact::D6_EnrichedEpisodeData::record::1::cell::window_start::0011","CL","allowsRole","asd","eyJlbmRfbGFiZWwiOiAiQWNjZXNzUm9sZSIsICJzdGFydF9sYWJlbCI6ICJQcml2YWN5QW5ub3RhdGlvbiJ9"
"PA::DataCellArtifact::D6_EnrichedEpisodeData::record::1::cell::window_start::0011","AU","allowsRole","asd","eyJlbmRfbGFiZWwiOiAiQWNjZXNzUm9sZSIsICJzdGFydF9sYWJlbCI6ICJQcml2YWN5QW5ub3RhdGlvbiJ9"
"PA::DataCellArtifact::D6_EnrichedEpisodeData::record::1::cell::window_start::0011","DPO","allowsRole","asd","eyJlbmRfbGFiZWwiOiAiQWNjZXNzUm9sZSIsICJzdGFydF9sYWJlbCI6ICJQcml2YWN5QW5ub3RhdGlvbiJ9"
"PA::DataCellArtifact::D6_EnrichedEpisodeData::record::2::cell::window_start::0012","D6_EnrichedEpisodeData::record::2::cell::window_start","annotates","asd","eyJlbmRfbGFiZWwiOiAiRGF0YUNlbGxBcnRpZmFjdCIsICJzdGFydF9sYWJlbCI6ICJQcml2YWN5QW5ub3RhdGlvbiJ9"
"PA::DataCellArtifact::D6_EnrichedEpisodeData::record::2::cell::window_start::0012","temporal_quasi_identifier","hasCategory","asd","eyJlbmRfbGFiZWwiOiAiU2Vuc2l0aXZpdHlDYXRlZ29yeSIsICJleHBsaWNpdCI6IHRydWUsICJzdGFydF9sYWJlbCI6ICJQcml2YWN5QW5ub3RhdGlvbiJ9"
"PA::DataCellArtifact::D6_EnrichedEpisodeData::record::2::cell::window_start::0012","quasi_identifier","hasCategory","asd","eyJlbmRfbGFiZWwiOiAiU2Vuc2l0aXZpdHlDYXRlZ29yeSIsICJleHBsaWNpdCI6IGZhbHNlLCAic3RhcnRfbGFiZWwiOiAiUHJpdmFjeUFubm90YXRpb24ifQ=="
"PA::DataCellArtifact::D6_EnrichedEpisodeData::record::2::cell::window_start::0012","clinical_research","hasUsage","asd","eyJlbmRfbGFiZWwiOiAiVXNhZ2VDb25zdHJhaW50IiwgInN0YXJ0X2xhYmVsIjogIlByaXZhY3lBbm5vdGF0aW9uIn0="
"PA::DataCellArtifact::D6_EnrichedEpisodeData::record::2::cell::window_start::0012","delete_on_request","hasErasure","asd","eyJlbmRfbGFiZWwiOiAiRXJhc3VyZUNvbnN0cmFpbnQiLCAic3RhcnRfbGFiZWwiOiAiUHJpdmFjeUFubm90YXRpb24ifQ=="
"PA::DataCellArtifact::D6_EnrichedEpisodeData::record::2::cell::window_start::0012","retention_5y","hasErasure","asd","eyJlbmRfbGFiZWwiOiAiRXJhc3VyZUNvbnN0cmFpbnQiLCAic3RhcnRfbGFiZWwiOiAiUHJpdmFjeUFubm90YXRpb24ifQ=="
"PA::DataCellArtifact::D6_EnrichedEpisodeData::record::2::cell::window_start::0012","DS","allowsRole","asd","eyJlbmRfbGFiZWwiOiAiQWNjZXNzUm9sZSIsICJzdGFydF9sYWJlbCI6ICJQcml2YWN5QW5ub3RhdGlvbiJ9"
"PA::DataCellArtifact::D6_EnrichedEpisodeData::record::2::cell::window_start::0012","CL","allowsRole","asd","eyJlbmRfbGFiZWwiOiAiQWNjZXNzUm9sZSIsICJzdGFydF9sYWJlbCI6ICJQcml2YWN5QW5ub3RhdGlvbiJ9"
"PA::DataCellArtifact::D6_EnrichedEpisodeData::record::2::cell::window_start::0012","AU","allowsRole","asd","eyJlbmRfbGFiZWwiOiAiQWNjZXNzUm9sZSIsICJzdGFydF9sYWJlbCI6ICJQcml2YWN5QW5ub3RhdGlvbiJ9"
"PA::DataCellArtifact::D6_EnrichedEpisodeData::record::2::cell::window_start::0012","DPO","allowsRole","asd","eyJlbmRfbGFiZWwiOiAiQWNjZXNzUm9sZSIsICJzdGFydF9sYWJlbCI6ICJQcml2YWN5QW5ub3RhdGlvbiJ9"
"PA::DataCellArtifact::D6_EnrichedEpisodeData::record::3::cell::window_start::0013","D6_EnrichedEpisodeData::record::3::cell::window_start","annotates","asd","eyJlbmRfbGFiZWwiOiAiRGF0YUNlbGxBcnRpZmFjdCIsICJzdGFydF9sYWJlbCI6ICJQcml2YWN5QW5ub3RhdGlvbiJ9"
"PA::DataCellArtifact::D6_EnrichedEpisodeData::record::3::cell::window_start::0013","temporal_quasi_identifier","hasCategory","asd","eyJlbmRfbGFiZWwiOiAiU2Vuc2l0aXZpdHlDYXRlZ29yeSIsICJleHBsaWNpdCI6IHRydWUsICJzdGFydF9sYWJlbCI6ICJQcml2YWN5QW5ub3RhdGlvbiJ9"
"PA::DataCellArtifact::D6_EnrichedEpisodeData::record::3::cell::window_start::0013","quasi_identifier","hasCategory","asd","eyJlbmRfbGFiZWwiOiAiU2Vuc2l0aXZpdHlDYXRlZ29yeSIsICJleHBsaWNpdCI6IGZhbHNlLCAic3RhcnRfbGFiZWwiOiAiUHJpdmFjeUFubm90YXRpb24ifQ=="
"PA::DataCellArtifact::D6_EnrichedEpisodeData::record::3::cell::window_start::0013","clinical_research","hasUsage","asd","eyJlbmRfbGFiZWwiOiAiVXNhZ2VDb25zdHJhaW50IiwgInN0YXJ0X2xhYmVsIjogIlByaXZhY3lBbm5vdGF0aW9uIn0="
"PA::DataCellArtifact::D6_EnrichedEpisodeData::record::3::cell::window_start::0013","delete_on_request","hasErasure","asd","eyJlbmRfbGFiZWwiOiAiRXJhc3VyZUNvbnN0cmFpbnQiLCAic3RhcnRfbGFiZWwiOiAiUHJpdmFjeUFubm90YXRpb24ifQ=="
"PA::DataCellArtifact::D6_EnrichedEpisodeData::record::3::cell::window_start::0013","retention_5y","hasErasure","asd","eyJlbmRfbGFiZWwiOiAiRXJhc3VyZUNvbnN0cmFpbnQiLCAic3RhcnRfbGFiZWwiOiAiUHJpdmFjeUFubm90YXRpb24ifQ=="
"PA::DataCellArtifact::D6_EnrichedEpisodeData::record::3::cell::window_start::0013","DS","allowsRole","asd","eyJlbmRfbGFiZWwiOiAiQWNjZXNzUm9sZSIsICJzdGFydF9sYWJlbCI6ICJQcml2YWN5QW5ub3RhdGlvbiJ9"
"PA::DataCellArtifact::D6_EnrichedEpisodeData::record::3::cell::window_start::0013","CL","allowsRole","asd","eyJlbmRfbGFiZWwiOiAiQWNjZXNzUm9sZSIsICJzdGFydF9sYWJlbCI6ICJQcml2YWN5QW5ub3RhdGlvbiJ9"
"PA::DataCellArtifact::D6_EnrichedEpisodeData::record::3::cell::window_start::0013","AU","allowsRole","asd","eyJlbmRfbGFiZWwiOiAiQWNjZXNzUm9sZSIsICJzdGFydF9sYWJlbCI6ICJQcml2YWN5QW5ub3RhdGlvbiJ9"
"PA::DataCellArtifact::D6_EnrichedEpisodeData::record::3::cell::window_start::0013","DPO","allowsRole","asd","eyJlbmRfbGFiZWwiOiAiQWNjZXNzUm9sZSIsICJzdGFydF9sYWJlbCI6ICJQcml2YWN5QW5ub3RhdGlvbiJ9"
"PA::DataCellArtifact::D6_EnrichedEpisodeData::record::0::cell::HR_res::0014","D6_EnrichedEpisodeData::record::0::cell::HR_res","annotates","asd","eyJlbmRfbGFiZWwiOiAiRGF0YUNlbGxBcnRpZmFjdCIsICJzdGFydF9sYWJlbCI6ICJQcml2YWN5QW5ub3RhdGlvbiJ9"
"PA::DataCellArtifact::D6_EnrichedEpisodeData::record::0::cell::HR_res::0014","biometric","hasCategory","asd","eyJlbmRfbGFiZWwiOiAiU2Vuc2l0aXZpdHlDYXRlZ29yeSIsICJleHBsaWNpdCI6IHRydWUsICJzdGFydF9sYWJlbCI6ICJQcml2YWN5QW5ub3RhdGlvbiJ9"
"PA::DataCellArtifact::D6_EnrichedEpisodeData::record::0::cell::HR_res::0014","health","hasCategory","asd","eyJlbmRfbGFiZWwiOiAiU2Vuc2l0aXZpdHlDYXRlZ29yeSIsICJleHBsaWNpdCI6IHRydWUsICJzdGFydF9sYWJlbCI6ICJQcml2YWN5QW5ub3RhdGlvbiJ9"
"PA::DataCellArtifact::D6_EnrichedEpisodeData::record::0::cell::HR_res::0014","sensitive_personal_data","hasCategory","asd","eyJlbmRfbGFiZWwiOiAiU2Vuc2l0aXZpdHlDYXRlZ29yeSIsICJleHBsaWNpdCI6IGZhbHNlLCAic3RhcnRfbGFiZWwiOiAiUHJpdmFjeUFubm90YXRpb24ifQ=="
"PA::DataCellArtifact::D6_EnrichedEpisodeData::record::0::cell::HR_res::0014","clinical_research","hasUsage","asd","eyJlbmRfbGFiZWwiOiAiVXNhZ2VDb25zdHJhaW50IiwgInN0YXJ0X2xhYmVsIjogIlByaXZhY3lBbm5vdGF0aW9uIn0="
"PA::DataCellArtifact::D6_EnrichedEpisodeData::record::0::cell::HR_res::0014","delete_on_request","hasErasure","asd","eyJlbmRfbGFiZWwiOiAiRXJhc3VyZUNvbnN0cmFpbnQiLCAic3RhcnRfbGFiZWwiOiAiUHJpdmFjeUFubm90YXRpb24ifQ=="
"PA::DataCellArtifact::D6_EnrichedEpisodeData::record::0::cell::HR_res::0014","retention_5y","hasErasure","asd","eyJlbmRfbGFiZWwiOiAiRXJhc3VyZUNvbnN0cmFpbnQiLCAic3RhcnRfbGFiZWwiOiAiUHJpdmFjeUFubm90YXRpb24ifQ=="
"PA::DataCellArtifact::D6_EnrichedEpisodeData::record::0::cell::HR_res::0014","DS","allowsRole","asd","eyJlbmRfbGFiZWwiOiAiQWNjZXNzUm9sZSIsICJzdGFydF9sYWJlbCI6ICJQcml2YWN5QW5ub3RhdGlvbiJ9"
"PA::DataCellArtifact::D6_EnrichedEpisodeData::record::0::cell::HR_res::0014","CL","allowsRole","asd","eyJlbmRfbGFiZWwiOiAiQWNjZXNzUm9sZSIsICJzdGFydF9sYWJlbCI6ICJQcml2YWN5QW5ub3RhdGlvbiJ9"
"PA::DataCellArtifact::D6_EnrichedEpisodeData::record::0::cell::HR_res::0014","AU","allowsRole","asd","eyJlbmRfbGFiZWwiOiAiQWNjZXNzUm9sZSIsICJzdGFydF9sYWJlbCI6ICJQcml2YWN5QW5ub3RhdGlvbiJ9"
"PA::DataCellArtifact::D6_EnrichedEpisodeData::record::0::cell::HR_res::0014","DPO","allowsRole","asd","eyJlbmRfbGFiZWwiOiAiQWNjZXNzUm9sZSIsICJzdGFydF9sYWJlbCI6ICJQcml2YWN5QW5ub3RhdGlvbiJ9"
"PA::DataCellArtifact::D6_EnrichedEpisodeData::record::1::cell::HR_res::0015","D6_EnrichedEpisodeData::record::1::cell::HR_res","annotates","asd","eyJlbmRfbGFiZWwiOiAiRGF0YUNlbGxBcnRpZmFjdCIsICJzdGFydF9sYWJlbCI6ICJQcml2YWN5QW5ub3RhdGlvbiJ9"
"PA::DataCellArtifact::D6_EnrichedEpisodeData::record::1::cell::HR_res::0015","biometric","hasCategory","asd","eyJlbmRfbGFiZWwiOiAiU2Vuc2l0aXZpdHlDYXRlZ29yeSIsICJleHBsaWNpdCI6IHRydWUsICJzdGFydF9sYWJlbCI6ICJQcml2YWN5QW5ub3RhdGlvbiJ9"
"PA::DataCellArtifact::D6_EnrichedEpisodeData::record::1::cell::HR_res::0015","health","hasCategory","asd","eyJlbmRfbGFiZWwiOiAiU2Vuc2l0aXZpdHlDYXRlZ29yeSIsICJleHBsaWNpdCI6IHRydWUsICJzdGFydF9sYWJlbCI6ICJQcml2YWN5QW5ub3RhdGlvbiJ9"
"PA::DataCellArtifact::D6_EnrichedEpisodeData::record::1::cell::HR_res::0015","sensitive_personal_data","hasCategory","asd","eyJlbmRfbGFiZWwiOiAiU2Vuc2l0aXZpdHlDYXRlZ29yeSIsICJleHBsaWNpdCI6IGZhbHNlLCAic3RhcnRfbGFiZWwiOiAiUHJpdmFjeUFubm90YXRpb24ifQ=="
"PA::DataCellArtifact::D6_EnrichedEpisodeData::record::1::cell::HR_res::0015","clinical_research","hasUsage","asd","eyJlbmRfbGFiZWwiOiAiVXNhZ2VDb25zdHJhaW50IiwgInN0YXJ0X2xhYmVsIjogIlByaXZhY3lBbm5vdGF0aW9uIn0="
"PA::DataCellArtifact::D6_EnrichedEpisodeData::record::1::cell::HR_res::0015","delete_on_request","hasErasure","asd","eyJlbmRfbGFiZWwiOiAiRXJhc3VyZUNvbnN0cmFpbnQiLCAic3RhcnRfbGFiZWwiOiAiUHJpdmFjeUFubm90YXRpb24ifQ=="
"PA::DataCellArtifact::D6_EnrichedEpisodeData::record::1::cell::HR_res::0015","retention_5y","hasErasure","asd","eyJlbmRfbGFiZWwiOiAiRXJhc3VyZUNvbnN0cmFpbnQiLCAic3RhcnRfbGFiZWwiOiAiUHJpdmFjeUFubm90YXRpb24ifQ=="
"PA::DataCellArtifact::D6_EnrichedEpisodeData::record::1::cell::HR_res::0015","DS","allowsRole","asd","eyJlbmRfbGFiZWwiOiAiQWNjZXNzUm9sZSIsICJzdGFydF9sYWJlbCI6ICJQcml2YWN5QW5ub3RhdGlvbiJ9"
"PA::DataCellArtifact::D6_EnrichedEpisodeData::record::1::cell::HR_res::0015","CL","allowsRole","asd","eyJlbmRfbGFiZWwiOiAiQWNjZXNzUm9sZSIsICJzdGFydF9sYWJlbCI6ICJQcml2YWN5QW5ub3RhdGlvbiJ9"
"PA::DataCellArtifact::D6_EnrichedEpisodeData::record::1::cell::HR_res::0015","AU","allowsRole","asd","eyJlbmRfbGFiZWwiOiAiQWNjZXNzUm9sZSIsICJzdGFydF9sYWJlbCI6ICJQcml2YWN5QW5ub3RhdGlvbiJ9"
"PA::DataCellArtifact::D6_EnrichedEpisodeData::record::1::cell::HR_res::0015","DPO","allowsRole","asd","eyJlbmRfbGFiZWwiOiAiQWNjZXNzUm9sZSIsICJzdGFydF9sYWJlbCI6ICJQcml2YWN5QW5ub3RhdGlvbiJ9"
"PA::DataCellArtifact::D6_EnrichedEpisodeData::record::2::cell::HR_res::0016","D6_EnrichedEpisodeData::record::2::cell::HR_res","annotates","asd","eyJlbmRfbGFiZWwiOiAiRGF0YUNlbGxBcnRpZmFjdCIsICJzdGFydF9sYWJlbCI6ICJQcml2YWN5QW5ub3RhdGlvbiJ9"
"PA::DataCellArtifact::D6_EnrichedEpisodeData::record::2::cell::HR_res::0016","biometric","hasCategory","asd","eyJlbmRfbGFiZWwiOiAiU2Vuc2l0aXZpdHlDYXRlZ29yeSIsICJleHBsaWNpdCI6IHRydWUsICJzdGFydF9sYWJlbCI6ICJQcml2YWN5QW5ub3RhdGlvbiJ9"
"PA::DataCellArtifact::D6_EnrichedEpisodeData::record::2::cell::HR_res::0016","health","hasCategory","asd","eyJlbmRfbGFiZWwiOiAiU2Vuc2l0aXZpdHlDYXRlZ29yeSIsICJleHBsaWNpdCI6IHRydWUsICJzdGFydF9sYWJlbCI6ICJQcml2YWN5QW5ub3RhdGlvbiJ9"
"PA::DataCellArtifact::D6_EnrichedEpisodeData::record::2::cell::HR_res::0016","sensitive_personal_data","hasCategory","asd","eyJlbmRfbGFiZWwiOiAiU2Vuc2l0aXZpdHlDYXRlZ29yeSIsICJleHBsaWNpdCI6IGZhbHNlLCAic3RhcnRfbGFiZWwiOiAiUHJpdmFjeUFubm90YXRpb24ifQ=="
"PA::DataCellArtifact::D6_EnrichedEpisodeData::record::2::cell::HR_res::0016","clinical_research","hasUsage","asd","eyJlbmRfbGFiZWwiOiAiVXNhZ2VDb25zdHJhaW50IiwgInN0YXJ0X2xhYmVsIjogIlByaXZhY3lBbm5vdGF0aW9uIn0="
"PA::DataCellArtifact::D6_EnrichedEpisodeData::record::2::cell::HR_res::0016","delete_on_request","hasErasure","asd","eyJlbmRfbGFiZWwiOiAiRXJhc3VyZUNvbnN0cmFpbnQiLCAic3RhcnRfbGFiZWwiOiAiUHJpdmFjeUFubm90YXRpb24ifQ=="
"PA::DataCellArtifact::D6_EnrichedEpisodeData::record::2::cell::HR_res::0016","retention_5y","hasErasure","asd","eyJlbmRfbGFiZWwiOiAiRXJhc3VyZUNvbnN0cmFpbnQiLCAic3RhcnRfbGFiZWwiOiAiUHJpdmFjeUFubm90YXRpb24ifQ=="
"PA::DataCellArtifact::D6_EnrichedEpisodeData::record::2::cell::HR_res::0016","DS","allowsRole","asd","eyJlbmRfbGFiZWwiOiAiQWNjZXNzUm9sZSIsICJzdGFydF9sYWJlbCI6ICJQcml2YWN5QW5ub3RhdGlvbiJ9"
"PA::DataCellArtifact::D6_EnrichedEpisodeData::record::2::cell::HR_res::0016","CL","allowsRole","asd","eyJlbmRfbGFiZWwiOiAiQWNjZXNzUm9sZSIsICJzdGFydF9sYWJlbCI6ICJQcml2YWN5QW5ub3RhdGlvbiJ9"
"PA::DataCellArtifact::D6_EnrichedEpisodeData::record::2::cell::HR_res::0016","AU","allowsRole","asd","eyJlbmRfbGFiZWwiOiAiQWNjZXNzUm9sZSIsICJzdGFydF9sYWJlbCI6ICJQcml2YWN5QW5ub3RhdGlvbiJ9"
"PA::DataCellArtifact::D6_EnrichedEpisodeData::record::2::cell::HR_res::0016","DPO","allowsRole","asd","eyJlbmRfbGFiZWwiOiAiQWNjZXNzUm9sZSIsICJzdGFydF9sYWJlbCI6ICJQcml2YWN5QW5ub3RhdGlvbiJ9"
"PA::DataCellArtifact::D6_EnrichedEpisodeData::record::3::cell::HR_res::0017","D6_EnrichedEpisodeData::record::3::cell::HR_res","annotates","asd","eyJlbmRfbGFiZWwiOiAiRGF0YUNlbGxBcnRpZmFjdCIsICJzdGFydF9sYWJlbCI6ICJQcml2YWN5QW5ub3RhdGlvbiJ9"
"PA::DataCellArtifact::D6_EnrichedEpisodeData::record::3::cell::HR_res::0017","biometric","hasCategory","asd","eyJlbmRfbGFiZWwiOiAiU2Vuc2l0aXZpdHlDYXRlZ29yeSIsICJleHBsaWNpdCI6IHRydWUsICJzdGFydF9sYWJlbCI6ICJQcml2YWN5QW5ub3RhdGlvbiJ9"
"PA::DataCellArtifact::D6_EnrichedEpisodeData::record::3::cell::HR_res::0017","health","hasCategory","asd","eyJlbmRfbGFiZWwiOiAiU2Vuc2l0aXZpdHlDYXRlZ29yeSIsICJleHBsaWNpdCI6IHRydWUsICJzdGFydF9sYWJlbCI6ICJQcml2YWN5QW5ub3RhdGlvbiJ9"
"PA::DataCellArtifact::D6_EnrichedEpisodeData::record::3::cell::HR_res::0017","sensitive_personal_data","hasCategory","asd","eyJlbmRfbGFiZWwiOiAiU2Vuc2l0aXZpdHlDYXRlZ29yeSIsICJleHBsaWNpdCI6IGZhbHNlLCAic3RhcnRfbGFiZWwiOiAiUHJpdmFjeUFubm90YXRpb24ifQ=="
"PA::DataCellArtifact::D6_EnrichedEpisodeData::record::3::cell::HR_res::0017","clinical_research","hasUsage","asd","eyJlbmRfbGFiZWwiOiAiVXNhZ2VDb25zdHJhaW50IiwgInN0YXJ0X2xhYmVsIjogIlByaXZhY3lBbm5vdGF0aW9uIn0="
"PA::DataCellArtifact::D6_EnrichedEpisodeData::record::3::cell::HR_res::0017","delete_on_request","hasErasure","asd","eyJlbmRfbGFiZWwiOiAiRXJhc3VyZUNvbnN0cmFpbnQiLCAic3RhcnRfbGFiZWwiOiAiUHJpdmFjeUFubm90YXRpb24ifQ=="
"PA::DataCellArtifact::D6_EnrichedEpisodeData::record::3::cell::HR_res::0017","retention_5y","hasErasure","asd","eyJlbmRfbGFiZWwiOiAiRXJhc3VyZUNvbnN0cmFpbnQiLCAic3RhcnRfbGFiZWwiOiAiUHJpdmFjeUFubm90YXRpb24ifQ=="
"PA::DataCellArtifact::D6_EnrichedEpisodeData::record::3::cell::HR_res::0017","DS","allowsRole","asd","eyJlbmRfbGFiZWwiOiAiQWNjZXNzUm9sZSIsICJzdGFydF9sYWJlbCI6ICJQcml2YWN5QW5ub3RhdGlvbiJ9"
"PA::DataCellArtifact::D6_EnrichedEpisodeData::record::3::cell::HR_res::0017","CL","allowsRole","asd","eyJlbmRfbGFiZWwiOiAiQWNjZXNzUm9sZSIsICJzdGFydF9sYWJlbCI6ICJQcml2YWN5QW5ub3RhdGlvbiJ9"
"PA::DataCellArtifact::D6_EnrichedEpisodeData::record::3::cell::HR_res::0017","AU","allowsRole","asd","eyJlbmRfbGFiZWwiOiAiQWNjZXNzUm9sZSIsICJzdGFydF9sYWJlbCI6ICJQcml2YWN5QW5ub3RhdGlvbiJ9"
"PA::DataCellArtifact::D6_EnrichedEpisodeData::record::3::cell::HR_res::0017","DPO","allowsRole","asd","eyJlbmRfbGFiZWwiOiAiQWNjZXNzUm9sZSIsICJzdGFydF9sYWJlbCI6ICJQcml2YWN5QW5ub3RhdGlvbiJ9"
"PA::DataCellArtifact::D6_EnrichedEpisodeData::record::0::cell::EDA_res::0018","D6_EnrichedEpisodeData::record::0::cell::EDA_res","annotates","asd","eyJlbmRfbGFiZWwiOiAiRGF0YUNlbGxBcnRpZmFjdCIsICJzdGFydF9sYWJlbCI6ICJQcml2YWN5QW5ub3RhdGlvbiJ9"
"PA::DataCellArtifact::D6_EnrichedEpisodeData::record::0::cell::EDA_res::0018","biometric","hasCategory","asd","eyJlbmRfbGFiZWwiOiAiU2Vuc2l0aXZpdHlDYXRlZ29yeSIsICJleHBsaWNpdCI6IHRydWUsICJzdGFydF9sYWJlbCI6ICJQcml2YWN5QW5ub3RhdGlvbiJ9"
"PA::DataCellArtifact::D6_EnrichedEpisodeData::record::0::cell::EDA_res::0018","health","hasCategory","asd","eyJlbmRfbGFiZWwiOiAiU2Vuc2l0aXZpdHlDYXRlZ29yeSIsICJleHBsaWNpdCI6IHRydWUsICJzdGFydF9sYWJlbCI6ICJQcml2YWN5QW5ub3RhdGlvbiJ9"
"PA::DataCellArtifact::D6_EnrichedEpisodeData::record::0::cell::EDA_res::0018","sensitive_personal_data","hasCategory","asd","eyJlbmRfbGFiZWwiOiAiU2Vuc2l0aXZpdHlDYXRlZ29yeSIsICJleHBsaWNpdCI6IGZhbHNlLCAic3RhcnRfbGFiZWwiOiAiUHJpdmFjeUFubm90YXRpb24ifQ=="
"PA::DataCellArtifact::D6_EnrichedEpisodeData::record::0::cell::EDA_res::0018","clinical_research","hasUsage","asd","eyJlbmRfbGFiZWwiOiAiVXNhZ2VDb25zdHJhaW50IiwgInN0YXJ0X2xhYmVsIjogIlByaXZhY3lBbm5vdGF0aW9uIn0="
"PA::DataCellArtifact::D6_EnrichedEpisodeData::record::0::cell::EDA_res::0018","delete_on_request","hasErasure","asd","eyJlbmRfbGFiZWwiOiAiRXJhc3VyZUNvbnN0cmFpbnQiLCAic3RhcnRfbGFiZWwiOiAiUHJpdmFjeUFubm90YXRpb24ifQ=="
"PA::DataCellArtifact::D6_EnrichedEpisodeData::record::0::cell::EDA_res::0018","retention_5y","hasErasure","asd","eyJlbmRfbGFiZWwiOiAiRXJhc3VyZUNvbnN0cmFpbnQiLCAic3RhcnRfbGFiZWwiOiAiUHJpdmFjeUFubm90YXRpb24ifQ=="
"PA::DataCellArtifact::D6_EnrichedEpisodeData::record::0::cell::EDA_res::0018","DS","allowsRole","asd","eyJlbmRfbGFiZWwiOiAiQWNjZXNzUm9sZSIsICJzdGFydF9sYWJlbCI6ICJQcml2YWN5QW5ub3RhdGlvbiJ9"
"PA::DataCellArtifact::D6_EnrichedEpisodeData::record::0::cell::EDA_res::0018","CL","allowsRole","asd","eyJlbmRfbGFiZWwiOiAiQWNjZXNzUm9sZSIsICJzdGFydF9sYWJlbCI6ICJQcml2YWN5QW5ub3RhdGlvbiJ9"
"PA::DataCellArtifact::D6_EnrichedEpisodeData::record::0::cell::EDA_res::0018","AU","allowsRole","asd","eyJlbmRfbGFiZWwiOiAiQWNjZXNzUm9sZSIsICJzdGFydF9sYWJlbCI6ICJQcml2YWN5QW5ub3RhdGlvbiJ9"
"PA::DataCellArtifact::D6_EnrichedEpisodeData::record::0::cell::EDA_res::0018","DPO","allowsRole","asd","eyJlbmRfbGFiZWwiOiAiQWNjZXNzUm9sZSIsICJzdGFydF9sYWJlbCI6ICJQcml2YWN5QW5ub3RhdGlvbiJ9"
"PA::DataCellArtifact::D6_EnrichedEpisodeData::record::1::cell::EDA_res::0019","D6_EnrichedEpisodeData::record::1::cell::EDA_res","annotates","asd","eyJlbmRfbGFiZWwiOiAiRGF0YUNlbGxBcnRpZmFjdCIsICJzdGFydF9sYWJlbCI6ICJQcml2YWN5QW5ub3RhdGlvbiJ9"
"PA::DataCellArtifact::D6_EnrichedEpisodeData::record::1::cell::EDA_res::0019","biometric","hasCategory","asd","eyJlbmRfbGFiZWwiOiAiU2Vuc2l0aXZpdHlDYXRlZ29yeSIsICJleHBsaWNpdCI6IHRydWUsICJzdGFydF9sYWJlbCI6ICJQcml2YWN5QW5ub3RhdGlvbiJ9"
"PA::DataCellArtifact::D6_EnrichedEpisodeData::record::1::cell::EDA_res::0019","health","hasCategory","asd","eyJlbmRfbGFiZWwiOiAiU2Vuc2l0aXZpdHlDYXRlZ29yeSIsICJleHBsaWNpdCI6IHRydWUsICJzdGFydF9sYWJlbCI6ICJQcml2YWN5QW5ub3RhdGlvbiJ9"
"PA::DataCellArtifact::D6_EnrichedEpisodeData::record::1::cell::EDA_res::0019","sensitive_personal_data","hasCategory","asd","eyJlbmRfbGFiZWwiOiAiU2Vuc2l0aXZpdHlDYXRlZ29yeSIsICJleHBsaWNpdCI6IGZhbHNlLCAic3RhcnRfbGFiZWwiOiAiUHJpdmFjeUFubm90YXRpb24ifQ=="
"PA::DataCellArtifact::D6_EnrichedEpisodeData::record::1::cell::EDA_res::0019","clinical_research","hasUsage","asd","eyJlbmRfbGFiZWwiOiAiVXNhZ2VDb25zdHJhaW50IiwgInN0YXJ0X2xhYmVsIjogIlByaXZhY3lBbm5vdGF0aW9uIn0="
"PA::DataCellArtifact::D6_EnrichedEpisodeData::record::1::cell::EDA_res::0019","delete_on_request","hasErasure","asd","eyJlbmRfbGFiZWwiOiAiRXJhc3VyZUNvbnN0cmFpbnQiLCAic3RhcnRfbGFiZWwiOiAiUHJpdmFjeUFubm90YXRpb24ifQ=="
"PA::DataCellArtifact::D6_EnrichedEpisodeData::record::1::cell::EDA_res::0019","retention_5y","hasErasure","asd","eyJlbmRfbGFiZWwiOiAiRXJhc3VyZUNvbnN0cmFpbnQiLCAic3RhcnRfbGFiZWwiOiAiUHJpdmFjeUFubm90YXRpb24ifQ=="
"PA::DataCellArtifact::D6_EnrichedEpisodeData::record::1::cell::EDA_res::0019","DS","allowsRole","asd","eyJlbmRfbGFiZWwiOiAiQWNjZXNzUm9sZSIsICJzdGFydF9sYWJlbCI6ICJQcml2YWN5QW5ub3RhdGlvbiJ9"
"PA::DataCellArtifact::D6_EnrichedEpisodeData::record::1::cell::EDA_res::0019","CL","allowsRole","asd","eyJlbmRfbGFiZWwiOiAiQWNjZXNzUm9sZSIsICJzdGFydF9sYWJlbCI6ICJQcml2YWN5QW5ub3RhdGlvbiJ9"
"PA::DataCellArtifact::D6_EnrichedEpisodeData::record::1::cell::EDA_res::0019","AU","allowsRole","asd","eyJlbmRfbGFiZWwiOiAiQWNjZXNzUm9sZSIsICJzdGFydF9sYWJlbCI6ICJQcml2YWN5QW5ub3RhdGlvbiJ9"
"PA::DataCellArtifact::D6_EnrichedEpisodeData::record::1::cell::EDA_res::0019","DPO","allowsRole","asd","eyJlbmRfbGFiZWwiOiAiQWNjZXNzUm9sZSIsICJzdGFydF9sYWJlbCI6ICJQcml2YWN5QW5ub3RhdGlvbiJ9"
"PA::DataCellArtifact::D6_EnrichedEpisodeData::record::2::cell::EDA_res::0020","D6_EnrichedEpisodeData::record::2::cell::EDA_res","annotates","asd","eyJlbmRfbGFiZWwiOiAiRGF0YUNlbGxBcnRpZmFjdCIsICJzdGFydF9sYWJlbCI6ICJQcml2YWN5QW5ub3RhdGlvbiJ9"
"PA::DataCellArtifact::D6_EnrichedEpisodeData::record::2::cell::EDA_res::0020","biometric","hasCategory","asd","eyJlbmRfbGFiZWwiOiAiU2Vuc2l0aXZpdHlDYXRlZ29yeSIsICJleHBsaWNpdCI6IHRydWUsICJzdGFydF9sYWJlbCI6ICJQcml2YWN5QW5ub3RhdGlvbiJ9"
"PA::DataCellArtifact::D6_EnrichedEpisodeData::record::2::cell::EDA_res::0020","health","hasCategory","asd","eyJlbmRfbGFiZWwiOiAiU2Vuc2l0aXZpdHlDYXRlZ29yeSIsICJleHBsaWNpdCI6IHRydWUsICJzdGFydF9sYWJlbCI6ICJQcml2YWN5QW5ub3RhdGlvbiJ9"
"PA::DataCellArtifact::D6_EnrichedEpisodeData::record::2::cell::EDA_res::0020","sensitive_personal_data","hasCategory","asd","eyJlbmRfbGFiZWwiOiAiU2Vuc2l0aXZpdHlDYXRlZ29yeSIsICJleHBsaWNpdCI6IGZhbHNlLCAic3RhcnRfbGFiZWwiOiAiUHJpdmFjeUFubm90YXRpb24ifQ=="
"PA::DataCellArtifact::D6_EnrichedEpisodeData::record::2::cell::EDA_res::0020","clinical_research","hasUsage","asd","eyJlbmRfbGFiZWwiOiAiVXNhZ2VDb25zdHJhaW50IiwgInN0YXJ0X2xhYmVsIjogIlByaXZhY3lBbm5vdGF0aW9uIn0="
"PA::DataCellArtifact::D6_EnrichedEpisodeData::record::2::cell::EDA_res::0020","delete_on_request","hasErasure","asd","eyJlbmRfbGFiZWwiOiAiRXJhc3VyZUNvbnN0cmFpbnQiLCAic3RhcnRfbGFiZWwiOiAiUHJpdmFjeUFubm90YXRpb24ifQ=="
"PA::DataCellArtifact::D6_EnrichedEpisodeData::record::2::cell::EDA_res::0020","retention_5y","hasErasure","asd","eyJlbmRfbGFiZWwiOiAiRXJhc3VyZUNvbnN0cmFpbnQiLCAic3RhcnRfbGFiZWwiOiAiUHJpdmFjeUFubm90YXRpb24ifQ=="
"PA::DataCellArtifact::D6_EnrichedEpisodeData::record::2::cell::EDA_res::0020","DS","allowsRole","asd","eyJlbmRfbGFiZWwiOiAiQWNjZXNzUm9sZSIsICJzdGFydF9sYWJlbCI6ICJQcml2YWN5QW5ub3RhdGlvbiJ9"
"PA::DataCellArtifact::D6_EnrichedEpisodeData::record::2::cell::EDA_res::0020","CL","allowsRole","asd","eyJlbmRfbGFiZWwiOiAiQWNjZXNzUm9sZSIsICJzdGFydF9sYWJlbCI6ICJQcml2YWN5QW5ub3RhdGlvbiJ9"
"PA::DataCellArtifact::D6_EnrichedEpisodeData::record::2::cell::EDA_res::0020","AU","allowsRole","asd","eyJlbmRfbGFiZWwiOiAiQWNjZXNzUm9sZSIsICJzdGFydF9sYWJlbCI6ICJQcml2YWN5QW5ub3RhdGlvbiJ9"
"PA::DataCellArtifact::D6_EnrichedEpisodeData::record::2::cell::EDA_res::0020","DPO","allowsRole","asd","eyJlbmRfbGFiZWwiOiAiQWNjZXNzUm9sZSIsICJzdGFydF9sYWJlbCI6ICJQcml2YWN5QW5ub3RhdGlvbiJ9"
"PA::DataCellArtifact::D6_EnrichedEpisodeData::record::3::cell::EDA_res::0021","D6_EnrichedEpisodeData::record::3::cell::EDA_res","annotates","asd","eyJlbmRfbGFiZWwiOiAiRGF0YUNlbGxBcnRpZmFjdCIsICJzdGFydF9sYWJlbCI6ICJQcml2YWN5QW5ub3RhdGlvbiJ9"
"PA::DataCellArtifact::D6_EnrichedEpisodeData::record::3::cell::EDA_res::0021","biometric","hasCategory","asd","eyJlbmRfbGFiZWwiOiAiU2Vuc2l0aXZpdHlDYXRlZ29yeSIsICJleHBsaWNpdCI6IHRydWUsICJzdGFydF9sYWJlbCI6ICJQcml2YWN5QW5ub3RhdGlvbiJ9"
"PA::DataCellArtifact::D6_EnrichedEpisodeData::record::3::cell::EDA_res::0021","health","hasCategory","asd","eyJlbmRfbGFiZWwiOiAiU2Vuc2l0aXZpdHlDYXRlZ29yeSIsICJleHBsaWNpdCI6IHRydWUsICJzdGFydF9sYWJlbCI6ICJQcml2YWN5QW5ub3RhdGlvbiJ9"
"PA::DataCellArtifact::D6_EnrichedEpisodeData::record::3::cell::EDA_res::0021","sensitive_personal_data","hasCategory","asd","eyJlbmRfbGFiZWwiOiAiU2Vuc2l0aXZpdHlDYXRlZ29yeSIsICJleHBsaWNpdCI6IGZhbHNlLCAic3RhcnRfbGFiZWwiOiAiUHJpdmFjeUFubm90YXRpb24ifQ=="
"PA::DataCellArtifact::D6_EnrichedEpisodeData::record::3::cell::EDA_res::0021","clinical_research","hasUsage","asd","eyJlbmRfbGFiZWwiOiAiVXNhZ2VDb25zdHJhaW50IiwgInN0YXJ0X2xhYmVsIjogIlByaXZhY3lBbm5vdGF0aW9uIn0="
"PA::DataCellArtifact::D6_EnrichedEpisodeData::record::3::cell::EDA_res::0021","delete_on_request","hasErasure","asd","eyJlbmRfbGFiZWwiOiAiRXJhc3VyZUNvbnN0cmFpbnQiLCAic3RhcnRfbGFiZWwiOiAiUHJpdmFjeUFubm90YXRpb24ifQ=="
"PA::DataCellArtifact::D6_EnrichedEpisodeData::record::3::cell::EDA_res::0021","retention_5y","hasErasure","asd","eyJlbmRfbGFiZWwiOiAiRXJhc3VyZUNvbnN0cmFpbnQiLCAic3RhcnRfbGFiZWwiOiAiUHJpdmFjeUFubm90YXRpb24ifQ=="
"PA::DataCellArtifact::D6_EnrichedEpisodeData::record::3::cell::EDA_res::0021","DS","allowsRole","asd","eyJlbmRfbGFiZWwiOiAiQWNjZXNzUm9sZSIsICJzdGFydF9sYWJlbCI6ICJQcml2YWN5QW5ub3RhdGlvbiJ9"
"PA::DataCellArtifact::D6_EnrichedEpisodeData::record::3::cell::EDA_res::0021","CL","allowsRole","asd","eyJlbmRfbGFiZWwiOiAiQWNjZXNzUm9sZSIsICJzdGFydF9sYWJlbCI6ICJQcml2YWN5QW5ub3RhdGlvbiJ9"
"PA::DataCellArtifact::D6_EnrichedEpisodeData::record::3::cell::EDA_res::0021","AU","allowsRole","asd","eyJlbmRfbGFiZWwiOiAiQWNjZXNzUm9sZSIsICJzdGFydF9sYWJlbCI6ICJQcml2YWN5QW5ub3RhdGlvbiJ9"
"PA::DataCellArtifact::D6_EnrichedEpisodeData::record::3::cell::EDA_res::0021","DPO","allowsRole","asd","eyJlbmRfbGFiZWwiOiAiQWNjZXNzUm9sZSIsICJzdGFydF9sYWJlbCI6ICJQcml2YWN5QW5ub3RhdGlvbiJ9"
"PA::DataCellArtifact::D6_EnrichedEpisodeData::record::0::cell::ACC_res::0022","D6_EnrichedEpisodeData::record::0::cell::ACC_res","annotates","asd","eyJlbmRfbGFiZWwiOiAiRGF0YUNlbGxBcnRpZmFjdCIsICJzdGFydF9sYWJlbCI6ICJQcml2YWN5QW5ub3RhdGlvbiJ9"
"PA::DataCellArtifact::D6_EnrichedEpisodeData::record::0::cell::ACC_res::0022","behavioural_sensor_data","hasCategory","asd","eyJlbmRfbGFiZWwiOiAiU2Vuc2l0aXZpdHlDYXRlZ29yeSIsICJleHBsaWNpdCI6IHRydWUsICJzdGFydF9sYWJlbCI6ICJQcml2YWN5QW5ub3RhdGlvbiJ9"
"PA::DataCellArtifact::D6_EnrichedEpisodeData::record::0::cell::ACC_res::0022","clinical_research","hasUsage","asd","eyJlbmRfbGFiZWwiOiAiVXNhZ2VDb25zdHJhaW50IiwgInN0YXJ0X2xhYmVsIjogIlByaXZhY3lBbm5vdGF0aW9uIn0="
"PA::DataCellArtifact::D6_EnrichedEpisodeData::record::0::cell::ACC_res::0022","delete_on_request","hasErasure","asd","eyJlbmRfbGFiZWwiOiAiRXJhc3VyZUNvbnN0cmFpbnQiLCAic3RhcnRfbGFiZWwiOiAiUHJpdmFjeUFubm90YXRpb24ifQ=="
"PA::DataCellArtifact::D6_EnrichedEpisodeData::record::0::cell::ACC_res::0022","retention_5y","hasErasure","asd","eyJlbmRfbGFiZWwiOiAiRXJhc3VyZUNvbnN0cmFpbnQiLCAic3RhcnRfbGFiZWwiOiAiUHJpdmFjeUFubm90YXRpb24ifQ=="
"PA::DataCellArtifact::D6_EnrichedEpisodeData::record::0::cell::ACC_res::0022","DS","allowsRole","asd","eyJlbmRfbGFiZWwiOiAiQWNjZXNzUm9sZSIsICJzdGFydF9sYWJlbCI6ICJQcml2YWN5QW5ub3RhdGlvbiJ9"
"PA::DataCellArtifact::D6_EnrichedEpisodeData::record::0::cell::ACC_res::0022","CL","allowsRole","asd","eyJlbmRfbGFiZWwiOiAiQWNjZXNzUm9sZSIsICJzdGFydF9sYWJlbCI6ICJQcml2YWN5QW5ub3RhdGlvbiJ9"
"PA::DataCellArtifact::D6_EnrichedEpisodeData::record::0::cell::ACC_res::0022","AU","allowsRole","asd","eyJlbmRfbGFiZWwiOiAiQWNjZXNzUm9sZSIsICJzdGFydF9sYWJlbCI6ICJQcml2YWN5QW5ub3RhdGlvbiJ9"
"PA::DataCellArtifact::D6_EnrichedEpisodeData::record::0::cell::ACC_res::0022","DPO","allowsRole","asd","eyJlbmRfbGFiZWwiOiAiQWNjZXNzUm9sZSIsICJzdGFydF9sYWJlbCI6ICJQcml2YWN5QW5ub3RhdGlvbiJ9"
"PA::DataCellArtifact::D6_EnrichedEpisodeData::record::1::cell::ACC_res::0023","D6_EnrichedEpisodeData::record::1::cell::ACC_res","annotates","asd","eyJlbmRfbGFiZWwiOiAiRGF0YUNlbGxBcnRpZmFjdCIsICJzdGFydF9sYWJlbCI6ICJQcml2YWN5QW5ub3RhdGlvbiJ9"
"PA::DataCellArtifact::D6_EnrichedEpisodeData::record::1::cell::ACC_res::0023","behavioural_sensor_data","hasCategory","asd","eyJlbmRfbGFiZWwiOiAiU2Vuc2l0aXZpdHlDYXRlZ29yeSIsICJleHBsaWNpdCI6IHRydWUsICJzdGFydF9sYWJlbCI6ICJQcml2YWN5QW5ub3RhdGlvbiJ9"
"PA::DataCellArtifact::D6_EnrichedEpisodeData::record::1::cell::ACC_res::0023","clinical_research","hasUsage","asd","eyJlbmRfbGFiZWwiOiAiVXNhZ2VDb25zdHJhaW50IiwgInN0YXJ0X2xhYmVsIjogIlByaXZhY3lBbm5vdGF0aW9uIn0="
"PA::DataCellArtifact::D6_EnrichedEpisodeData::record::1::cell::ACC_res::0023","delete_on_request","hasErasure","asd","eyJlbmRfbGFiZWwiOiAiRXJhc3VyZUNvbnN0cmFpbnQiLCAic3RhcnRfbGFiZWwiOiAiUHJpdmFjeUFubm90YXRpb24ifQ=="
"PA::DataCellArtifact::D6_EnrichedEpisodeData::record::1::cell::ACC_res::0023","retention_5y","hasErasure","asd","eyJlbmRfbGFiZWwiOiAiRXJhc3VyZUNvbnN0cmFpbnQiLCAic3RhcnRfbGFiZWwiOiAiUHJpdmFjeUFubm90YXRpb24ifQ=="
"PA::DataCellArtifact::D6_EnrichedEpisodeData::record::1::cell::ACC_res::0023","DS","allowsRole","asd","eyJlbmRfbGFiZWwiOiAiQWNjZXNzUm9sZSIsICJzdGFydF9sYWJlbCI6ICJQcml2YWN5QW5ub3RhdGlvbiJ9"
"PA::DataCellArtifact::D6_EnrichedEpisodeData::record::1::cell::ACC_res::0023","CL","allowsRole","asd","eyJlbmRfbGFiZWwiOiAiQWNjZXNzUm9sZSIsICJzdGFydF9sYWJlbCI6ICJQcml2YWN5QW5ub3RhdGlvbiJ9"
"PA::DataCellArtifact::D6_EnrichedEpisodeData::record::1::cell::ACC_res::0023","AU","allowsRole","asd","eyJlbmRfbGFiZWwiOiAiQWNjZXNzUm9sZSIsICJzdGFydF9sYWJlbCI6ICJQcml2YWN5QW5ub3RhdGlvbiJ9"
"PA::DataCellArtifact::D6_EnrichedEpisodeData::record::1::cell::ACC_res::0023","DPO","allowsRole","asd","eyJlbmRfbGFiZWwiOiAiQWNjZXNzUm9sZSIsICJzdGFydF9sYWJlbCI6ICJQcml2YWN5QW5ub3RhdGlvbiJ9"
"PA::DataCellArtifact::D6_EnrichedEpisodeData::record::2::cell::ACC_res::0024","D6_EnrichedEpisodeData::record::2::cell::ACC_res","annotates","asd","eyJlbmRfbGFiZWwiOiAiRGF0YUNlbGxBcnRpZmFjdCIsICJzdGFydF9sYWJlbCI6ICJQcml2YWN5QW5ub3RhdGlvbiJ9"
"PA::DataCellArtifact::D6_EnrichedEpisodeData::record::2::cell::ACC_res::0024","behavioural_sensor_data","hasCategory","asd","eyJlbmRfbGFiZWwiOiAiU2Vuc2l0aXZpdHlDYXRlZ29yeSIsICJleHBsaWNpdCI6IHRydWUsICJzdGFydF9sYWJlbCI6ICJQcml2YWN5QW5ub3RhdGlvbiJ9"
"PA::DataCellArtifact::D6_EnrichedEpisodeData::record::2::cell::ACC_res::0024","clinical_research","hasUsage","asd","eyJlbmRfbGFiZWwiOiAiVXNhZ2VDb25zdHJhaW50IiwgInN0YXJ0X2xhYmVsIjogIlByaXZhY3lBbm5vdGF0aW9uIn0="
"PA::DataCellArtifact::D6_EnrichedEpisodeData::record::2::cell::ACC_res::0024","delete_on_request","hasErasure","asd","eyJlbmRfbGFiZWwiOiAiRXJhc3VyZUNvbnN0cmFpbnQiLCAic3RhcnRfbGFiZWwiOiAiUHJpdmFjeUFubm90YXRpb24ifQ=="
"PA::DataCellArtifact::D6_EnrichedEpisodeData::record::2::cell::ACC_res::0024","retention_5y","hasErasure","asd","eyJlbmRfbGFiZWwiOiAiRXJhc3VyZUNvbnN0cmFpbnQiLCAic3RhcnRfbGFiZWwiOiAiUHJpdmFjeUFubm90YXRpb24ifQ=="
"PA::DataCellArtifact::D6_EnrichedEpisodeData::record::2::cell::ACC_res::0024","DS","allowsRole","asd","eyJlbmRfbGFiZWwiOiAiQWNjZXNzUm9sZSIsICJzdGFydF9sYWJlbCI6ICJQcml2YWN5QW5ub3RhdGlvbiJ9"
"PA::DataCellArtifact::D6_EnrichedEpisodeData::record::2::cell::ACC_res::0024","CL","allowsRole","asd","eyJlbmRfbGFiZWwiOiAiQWNjZXNzUm9sZSIsICJzdGFydF9sYWJlbCI6ICJQcml2YWN5QW5ub3RhdGlvbiJ9"
"PA::DataCellArtifact::D6_EnrichedEpisodeData::record::2::cell::ACC_res::0024","AU","allowsRole","asd","eyJlbmRfbGFiZWwiOiAiQWNjZXNzUm9sZSIsICJzdGFydF9sYWJlbCI6ICJQcml2YWN5QW5ub3RhdGlvbiJ9"
"PA::DataCellArtifact::D6_EnrichedEpisodeData::record::2::cell::ACC_res::0024","DPO","allowsRole","asd","eyJlbmRfbGFiZWwiOiAiQWNjZXNzUm9sZSIsICJzdGFydF9sYWJlbCI6ICJQcml2YWN5QW5ub3RhdGlvbiJ9"
"PA::DataCellArtifact::D6_EnrichedEpisodeData::record::3::cell::ACC_res::0025","D6_EnrichedEpisodeData::record::3::cell::ACC_res","annotates","asd","eyJlbmRfbGFiZWwiOiAiRGF0YUNlbGxBcnRpZmFjdCIsICJzdGFydF9sYWJlbCI6ICJQcml2YWN5QW5ub3RhdGlvbiJ9"
"PA::DataCellArtifact::D6_EnrichedEpisodeData::record::3::cell::ACC_res::0025","behavioural_sensor_data","hasCategory","asd","eyJlbmRfbGFiZWwiOiAiU2Vuc2l0aXZpdHlDYXRlZ29yeSIsICJleHBsaWNpdCI6IHRydWUsICJzdGFydF9sYWJlbCI6ICJQcml2YWN5QW5ub3RhdGlvbiJ9"
"PA::DataCellArtifact::D6_EnrichedEpisodeData::record::3::cell::ACC_res::0025","clinical_research","hasUsage","asd","eyJlbmRfbGFiZWwiOiAiVXNhZ2VDb25zdHJhaW50IiwgInN0YXJ0X2xhYmVsIjogIlByaXZhY3lBbm5vdGF0aW9uIn0="
"PA::DataCellArtifact::D6_EnrichedEpisodeData::record::3::cell::ACC_res::0025","delete_on_request","hasErasure","asd","eyJlbmRfbGFiZWwiOiAiRXJhc3VyZUNvbnN0cmFpbnQiLCAic3RhcnRfbGFiZWwiOiAiUHJpdmFjeUFubm90YXRpb24ifQ=="
"PA::DataCellArtifact::D6_EnrichedEpisodeData::record::3::cell::ACC_res::0025","retention_5y","hasErasure","asd","eyJlbmRfbGFiZWwiOiAiRXJhc3VyZUNvbnN0cmFpbnQiLCAic3RhcnRfbGFiZWwiOiAiUHJpdmFjeUFubm90YXRpb24ifQ=="
"PA::DataCellArtifact::D6_EnrichedEpisodeData::record::3::cell::ACC_res::0025","DS","allowsRole","asd","eyJlbmRfbGFiZWwiOiAiQWNjZXNzUm9sZSIsICJzdGFydF9sYWJlbCI6ICJQcml2YWN5QW5ub3RhdGlvbiJ9"
"PA::DataCellArtifact::D6_EnrichedEpisodeData::record::3::cell::ACC_res::0025","CL","allowsRole","asd","eyJlbmRfbGFiZWwiOiAiQWNjZXNzUm9sZSIsICJzdGFydF9sYWJlbCI6ICJQcml2YWN5QW5ub3RhdGlvbiJ9"
"PA::DataCellArtifact::D6_EnrichedEpisodeData::record::3::cell::ACC_res::0025","AU","allowsRole","asd","eyJlbmRfbGFiZWwiOiAiQWNjZXNzUm9sZSIsICJzdGFydF9sYWJlbCI6ICJQcml2YWN5QW5ub3RhdGlvbiJ9"
"PA::DataCellArtifact::D6_EnrichedEpisodeData::record::3::cell::ACC_res::0025","DPO","allowsRole","asd","eyJlbmRfbGFiZWwiOiAiQWNjZXNzUm9sZSIsICJzdGFydF9sYWJlbCI6ICJQcml2YWN5QW5ub3RhdGlvbiJ9"
"PA::DataCellArtifact::D6_EnrichedEpisodeData::record::0::cell::chall_behav::0026","D6_EnrichedEpisodeData::record::0::cell::chall_behav","annotates","asd","eyJlbmRfbGFiZWwiOiAiRGF0YUNlbGxBcnRpZmFjdCIsICJzdGFydF9sYWJlbCI6ICJQcml2YWN5QW5ub3RhdGlvbiJ9"
"PA::DataCellArtifact::D6_EnrichedEpisodeData::record::0::cell::chall_behav::0026","health","hasCategory","asd","eyJlbmRfbGFiZWwiOiAiU2Vuc2l0aXZpdHlDYXRlZ29yeSIsICJleHBsaWNpdCI6IHRydWUsICJzdGFydF9sYWJlbCI6ICJQcml2YWN5QW5ub3RhdGlvbiJ9"
"PA::DataCellArtifact::D6_EnrichedEpisodeData::record::0::cell::chall_behav::0026","behavioural_sensitive","hasCategory","asd","eyJlbmRfbGFiZWwiOiAiU2Vuc2l0aXZpdHlDYXRlZ29yeSIsICJleHBsaWNpdCI6IHRydWUsICJzdGFydF9sYWJlbCI6ICJQcml2YWN5QW5ub3RhdGlvbiJ9"
"PA::DataCellArtifact::D6_EnrichedEpisodeData::record::0::cell::chall_behav::0026","sensitive_personal_data","hasCategory","asd","eyJlbmRfbGFiZWwiOiAiU2Vuc2l0aXZpdHlDYXRlZ29yeSIsICJleHBsaWNpdCI6IGZhbHNlLCAic3RhcnRfbGFiZWwiOiAiUHJpdmFjeUFubm90YXRpb24ifQ=="
"PA::DataCellArtifact::D6_EnrichedEpisodeData::record::0::cell::chall_behav::0026","clinical_research","hasUsage","asd","eyJlbmRfbGFiZWwiOiAiVXNhZ2VDb25zdHJhaW50IiwgInN0YXJ0X2xhYmVsIjogIlByaXZhY3lBbm5vdGF0aW9uIn0="
"PA::DataCellArtifact::D6_EnrichedEpisodeData::record::0::cell::chall_behav::0026","delete_on_request","hasErasure","asd","eyJlbmRfbGFiZWwiOiAiRXJhc3VyZUNvbnN0cmFpbnQiLCAic3RhcnRfbGFiZWwiOiAiUHJpdmFjeUFubm90YXRpb24ifQ=="
"PA::DataCellArtifact::D6_EnrichedEpisodeData::record::0::cell::chall_behav::0026","retention_5y","hasErasure","asd","eyJlbmRfbGFiZWwiOiAiRXJhc3VyZUNvbnN0cmFpbnQiLCAic3RhcnRfbGFiZWwiOiAiUHJpdmFjeUFubm90YXRpb24ifQ=="
"PA::DataCellArtifact::D6_EnrichedEpisodeData::record::0::cell::chall_behav::0026","DS","allowsRole","asd","eyJlbmRfbGFiZWwiOiAiQWNjZXNzUm9sZSIsICJzdGFydF9sYWJlbCI6ICJQcml2YWN5QW5ub3RhdGlvbiJ9"
"PA::DataCellArtifact::D6_EnrichedEpisodeData::record::0::cell::chall_behav::0026","CL","allowsRole","asd","eyJlbmRfbGFiZWwiOiAiQWNjZXNzUm9sZSIsICJzdGFydF9sYWJlbCI6ICJQcml2YWN5QW5ub3RhdGlvbiJ9"
"PA::DataCellArtifact::D6_EnrichedEpisodeData::record::0::cell::chall_behav::0026","AU","allowsRole","asd","eyJlbmRfbGFiZWwiOiAiQWNjZXNzUm9sZSIsICJzdGFydF9sYWJlbCI6ICJQcml2YWN5QW5ub3RhdGlvbiJ9"
"PA::DataCellArtifact::D6_EnrichedEpisodeData::record::0::cell::chall_behav::0026","DPO","allowsRole","asd","eyJlbmRfbGFiZWwiOiAiQWNjZXNzUm9sZSIsICJzdGFydF9sYWJlbCI6ICJQcml2YWN5QW5ub3RhdGlvbiJ9"
"PA::DataCellArtifact::D6_EnrichedEpisodeData::record::1::cell::chall_behav::0027","D6_EnrichedEpisodeData::record::1::cell::chall_behav","annotates","asd","eyJlbmRfbGFiZWwiOiAiRGF0YUNlbGxBcnRpZmFjdCIsICJzdGFydF9sYWJlbCI6ICJQcml2YWN5QW5ub3RhdGlvbiJ9"
"PA::DataCellArtifact::D6_EnrichedEpisodeData::record::1::cell::chall_behav::0027","health","hasCategory","asd","eyJlbmRfbGFiZWwiOiAiU2Vuc2l0aXZpdHlDYXRlZ29yeSIsICJleHBsaWNpdCI6IHRydWUsICJzdGFydF9sYWJlbCI6ICJQcml2YWN5QW5ub3RhdGlvbiJ9"
"PA::DataCellArtifact::D6_EnrichedEpisodeData::record::1::cell::chall_behav::0027","behavioural_sensitive","hasCategory","asd","eyJlbmRfbGFiZWwiOiAiU2Vuc2l0aXZpdHlDYXRlZ29yeSIsICJleHBsaWNpdCI6IHRydWUsICJzdGFydF9sYWJlbCI6ICJQcml2YWN5QW5ub3RhdGlvbiJ9"
"PA::DataCellArtifact::D6_EnrichedEpisodeData::record::1::cell::chall_behav::0027","sensitive_personal_data","hasCategory","asd","eyJlbmRfbGFiZWwiOiAiU2Vuc2l0aXZpdHlDYXRlZ29yeSIsICJleHBsaWNpdCI6IGZhbHNlLCAic3RhcnRfbGFiZWwiOiAiUHJpdmFjeUFubm90YXRpb24ifQ=="
"PA::DataCellArtifact::D6_EnrichedEpisodeData::record::1::cell::chall_behav::0027","clinical_research","hasUsage","asd","eyJlbmRfbGFiZWwiOiAiVXNhZ2VDb25zdHJhaW50IiwgInN0YXJ0X2xhYmVsIjogIlByaXZhY3lBbm5vdGF0aW9uIn0="
"PA::DataCellArtifact::D6_EnrichedEpisodeData::record::1::cell::chall_behav::0027","delete_on_request","hasErasure","asd","eyJlbmRfbGFiZWwiOiAiRXJhc3VyZUNvbnN0cmFpbnQiLCAic3RhcnRfbGFiZWwiOiAiUHJpdmFjeUFubm90YXRpb24ifQ=="
"PA::DataCellArtifact::D6_EnrichedEpisodeData::record::1::cell::chall_behav::0027","retention_5y","hasErasure","asd","eyJlbmRfbGFiZWwiOiAiRXJhc3VyZUNvbnN0cmFpbnQiLCAic3RhcnRfbGFiZWwiOiAiUHJpdmFjeUFubm90YXRpb24ifQ=="
"PA::DataCellArtifact::D6_EnrichedEpisodeData::record::1::cell::chall_behav::0027","DS","allowsRole","asd","eyJlbmRfbGFiZWwiOiAiQWNjZXNzUm9sZSIsICJzdGFydF9sYWJlbCI6ICJQcml2YWN5QW5ub3RhdGlvbiJ9"
"PA::DataCellArtifact::D6_EnrichedEpisodeData::record::1::cell::chall_behav::0027","CL","allowsRole","asd","eyJlbmRfbGFiZWwiOiAiQWNjZXNzUm9sZSIsICJzdGFydF9sYWJlbCI6ICJQcml2YWN5QW5ub3RhdGlvbiJ9"
"PA::DataCellArtifact::D6_EnrichedEpisodeData::record::1::cell::chall_behav::0027","AU","allowsRole","asd","eyJlbmRfbGFiZWwiOiAiQWNjZXNzUm9sZSIsICJzdGFydF9sYWJlbCI6ICJQcml2YWN5QW5ub3RhdGlvbiJ9"
"PA::DataCellArtifact::D6_EnrichedEpisodeData::record::1::cell::chall_behav::0027","DPO","allowsRole","asd","eyJlbmRfbGFiZWwiOiAiQWNjZXNzUm9sZSIsICJzdGFydF9sYWJlbCI6ICJQcml2YWN5QW5ub3RhdGlvbiJ9"
"PA::DataCellArtifact::D6_EnrichedEpisodeData::record::2::cell::chall_behav::0028","D6_EnrichedEpisodeData::record::2::cell::chall_behav","annotates","asd","eyJlbmRfbGFiZWwiOiAiRGF0YUNlbGxBcnRpZmFjdCIsICJzdGFydF9sYWJlbCI6ICJQcml2YWN5QW5ub3RhdGlvbiJ9"
"PA::DataCellArtifact::D6_EnrichedEpisodeData::record::2::cell::chall_behav::0028","health","hasCategory","asd","eyJlbmRfbGFiZWwiOiAiU2Vuc2l0aXZpdHlDYXRlZ29yeSIsICJleHBsaWNpdCI6IHRydWUsICJzdGFydF9sYWJlbCI6ICJQcml2YWN5QW5ub3RhdGlvbiJ9"
"PA::DataCellArtifact::D6_EnrichedEpisodeData::record::2::cell::chall_behav::0028","behavioural_sensitive","hasCategory","asd","eyJlbmRfbGFiZWwiOiAiU2Vuc2l0aXZpdHlDYXRlZ29yeSIsICJleHBsaWNpdCI6IHRydWUsICJzdGFydF9sYWJlbCI6ICJQcml2YWN5QW5ub3RhdGlvbiJ9"
"PA::DataCellArtifact::D6_EnrichedEpisodeData::record::2::cell::chall_behav::0028","sensitive_personal_data","hasCategory","asd","eyJlbmRfbGFiZWwiOiAiU2Vuc2l0aXZpdHlDYXRlZ29yeSIsICJleHBsaWNpdCI6IGZhbHNlLCAic3RhcnRfbGFiZWwiOiAiUHJpdmFjeUFubm90YXRpb24ifQ=="
"PA::DataCellArtifact::D6_EnrichedEpisodeData::record::2::cell::chall_behav::0028","clinical_research","hasUsage","asd","eyJlbmRfbGFiZWwiOiAiVXNhZ2VDb25zdHJhaW50IiwgInN0YXJ0X2xhYmVsIjogIlByaXZhY3lBbm5vdGF0aW9uIn0="
"PA::DataCellArtifact::D6_EnrichedEpisodeData::record::2::cell::chall_behav::0028","delete_on_request","hasErasure","asd","eyJlbmRfbGFiZWwiOiAiRXJhc3VyZUNvbnN0cmFpbnQiLCAic3RhcnRfbGFiZWwiOiAiUHJpdmFjeUFubm90YXRpb24ifQ=="
"PA::DataCellArtifact::D6_EnrichedEpisodeData::record::2::cell::chall_behav::0028","retention_5y","hasErasure","asd","eyJlbmRfbGFiZWwiOiAiRXJhc3VyZUNvbnN0cmFpbnQiLCAic3RhcnRfbGFiZWwiOiAiUHJpdmFjeUFubm90YXRpb24ifQ=="
"PA::DataCellArtifact::D6_EnrichedEpisodeData::record::2::cell::chall_behav::0028","DS","allowsRole","asd","eyJlbmRfbGFiZWwiOiAiQWNjZXNzUm9sZSIsICJzdGFydF9sYWJlbCI6ICJQcml2YWN5QW5ub3RhdGlvbiJ9"
"PA::DataCellArtifact::D6_EnrichedEpisodeData::record::2::cell::chall_behav::0028","CL","allowsRole","asd","eyJlbmRfbGFiZWwiOiAiQWNjZXNzUm9sZSIsICJzdGFydF9sYWJlbCI6ICJQcml2YWN5QW5ub3RhdGlvbiJ9"
"PA::DataCellArtifact::D6_EnrichedEpisodeData::record::2::cell::chall_behav::0028","AU","allowsRole","asd","eyJlbmRfbGFiZWwiOiAiQWNjZXNzUm9sZSIsICJzdGFydF9sYWJlbCI6ICJQcml2YWN5QW5ub3RhdGlvbiJ9"
"PA::DataCellArtifact::D6_EnrichedEpisodeData::record::2::cell::chall_behav::0028","DPO","allowsRole","asd","eyJlbmRfbGFiZWwiOiAiQWNjZXNzUm9sZSIsICJzdGFydF9sYWJlbCI6ICJQcml2YWN5QW5ub3RhdGlvbiJ9"
"PA::DataCellArtifact::D6_EnrichedEpisodeData::record::3::cell::chall_behav::0029","D6_EnrichedEpisodeData::record::3::cell::chall_behav","annotates","asd","eyJlbmRfbGFiZWwiOiAiRGF0YUNlbGxBcnRpZmFjdCIsICJzdGFydF9sYWJlbCI6ICJQcml2YWN5QW5ub3RhdGlvbiJ9"
"PA::DataCellArtifact::D6_EnrichedEpisodeData::record::3::cell::chall_behav::0029","health","hasCategory","asd","eyJlbmRfbGFiZWwiOiAiU2Vuc2l0aXZpdHlDYXRlZ29yeSIsICJleHBsaWNpdCI6IHRydWUsICJzdGFydF9sYWJlbCI6ICJQcml2YWN5QW5ub3RhdGlvbiJ9"
"PA::DataCellArtifact::D6_EnrichedEpisodeData::record::3::cell::chall_behav::0029","behavioural_sensitive","hasCategory","asd","eyJlbmRfbGFiZWwiOiAiU2Vuc2l0aXZpdHlDYXRlZ29yeSIsICJleHBsaWNpdCI6IHRydWUsICJzdGFydF9sYWJlbCI6ICJQcml2YWN5QW5ub3RhdGlvbiJ9"
"PA::DataCellArtifact::D6_EnrichedEpisodeData::record::3::cell::chall_behav::0029","sensitive_personal_data","hasCategory","asd","eyJlbmRfbGFiZWwiOiAiU2Vuc2l0aXZpdHlDYXRlZ29yeSIsICJleHBsaWNpdCI6IGZhbHNlLCAic3RhcnRfbGFiZWwiOiAiUHJpdmFjeUFubm90YXRpb24ifQ=="
"PA::DataCellArtifact::D6_EnrichedEpisodeData::record::3::cell::chall_behav::0029","clinical_research","hasUsage","asd","eyJlbmRfbGFiZWwiOiAiVXNhZ2VDb25zdHJhaW50IiwgInN0YXJ0X2xhYmVsIjogIlByaXZhY3lBbm5vdGF0aW9uIn0="
"PA::DataCellArtifact::D6_EnrichedEpisodeData::record::3::cell::chall_behav::0029","delete_on_request","hasErasure","asd","eyJlbmRfbGFiZWwiOiAiRXJhc3VyZUNvbnN0cmFpbnQiLCAic3RhcnRfbGFiZWwiOiAiUHJpdmFjeUFubm90YXRpb24ifQ=="
"PA::DataCellArtifact::D6_EnrichedEpisodeData::record::3::cell::chall_behav::0029","retention_5y","hasErasure","asd","eyJlbmRfbGFiZWwiOiAiRXJhc3VyZUNvbnN0cmFpbnQiLCAic3RhcnRfbGFiZWwiOiAiUHJpdmFjeUFubm90YXRpb24ifQ=="
"PA::DataCellArtifact::D6_EnrichedEpisodeData::record::3::cell::chall_behav::0029","DS","allowsRole","asd","eyJlbmRfbGFiZWwiOiAiQWNjZXNzUm9sZSIsICJzdGFydF9sYWJlbCI6ICJQcml2YWN5QW5ub3RhdGlvbiJ9"
"PA::DataCellArtifact::D6_EnrichedEpisodeData::record::3::cell::chall_behav::0029","CL","allowsRole","asd","eyJlbmRfbGFiZWwiOiAiQWNjZXNzUm9sZSIsICJzdGFydF9sYWJlbCI6ICJQcml2YWN5QW5ub3RhdGlvbiJ9"
"PA::DataCellArtifact::D6_EnrichedEpisodeData::record::3::cell::chall_behav::0029","AU","allowsRole","asd","eyJlbmRfbGFiZWwiOiAiQWNjZXNzUm9sZSIsICJzdGFydF9sYWJlbCI6ICJQcml2YWN5QW5ub3RhdGlvbiJ9"
"PA::DataCellArtifact::D6_EnrichedEpisodeData::record::3::cell::chall_behav::0029","DPO","allowsRole","asd","eyJlbmRfbGFiZWwiOiAiQWNjZXNzUm9sZSIsICJzdGFydF9sYWJlbCI6ICJQcml2YWN5QW5ub3RhdGlvbiJ9"
"PA::DataCellArtifact::D6_EnrichedEpisodeData::record::0::cell::sev::0030","D6_EnrichedEpisodeData::record::0::cell::sev","annotates","asd","eyJlbmRfbGFiZWwiOiAiRGF0YUNlbGxBcnRpZmFjdCIsICJzdGFydF9sYWJlbCI6ICJQcml2YWN5QW5ub3RhdGlvbiJ9"
"PA::DataCellArtifact::D6_EnrichedEpisodeData::record::0::cell::sev::0030","health","hasCategory","asd","eyJlbmRfbGFiZWwiOiAiU2Vuc2l0aXZpdHlDYXRlZ29yeSIsICJleHBsaWNpdCI6IHRydWUsICJzdGFydF9sYWJlbCI6ICJQcml2YWN5QW5ub3RhdGlvbiJ9"
"PA::DataCellArtifact::D6_EnrichedEpisodeData::record::0::cell::sev::0030","behavioural_sensitive","hasCategory","asd","eyJlbmRfbGFiZWwiOiAiU2Vuc2l0aXZpdHlDYXRlZ29yeSIsICJleHBsaWNpdCI6IHRydWUsICJzdGFydF9sYWJlbCI6ICJQcml2YWN5QW5ub3RhdGlvbiJ9"
"PA::DataCellArtifact::D6_EnrichedEpisodeData::record::0::cell::sev::0030","sensitive_personal_data","hasCategory","asd","eyJlbmRfbGFiZWwiOiAiU2Vuc2l0aXZpdHlDYXRlZ29yeSIsICJleHBsaWNpdCI6IGZhbHNlLCAic3RhcnRfbGFiZWwiOiAiUHJpdmFjeUFubm90YXRpb24ifQ=="
"PA::DataCellArtifact::D6_EnrichedEpisodeData::record::0::cell::sev::0030","clinical_research","hasUsage","asd","eyJlbmRfbGFiZWwiOiAiVXNhZ2VDb25zdHJhaW50IiwgInN0YXJ0X2xhYmVsIjogIlByaXZhY3lBbm5vdGF0aW9uIn0="
"PA::DataCellArtifact::D6_EnrichedEpisodeData::record::0::cell::sev::0030","delete_on_request","hasErasure","asd","eyJlbmRfbGFiZWwiOiAiRXJhc3VyZUNvbnN0cmFpbnQiLCAic3RhcnRfbGFiZWwiOiAiUHJpdmFjeUFubm90YXRpb24ifQ=="
"PA::DataCellArtifact::D6_EnrichedEpisodeData::record::0::cell::sev::0030","retention_5y","hasErasure","asd","eyJlbmRfbGFiZWwiOiAiRXJhc3VyZUNvbnN0cmFpbnQiLCAic3RhcnRfbGFiZWwiOiAiUHJpdmFjeUFubm90YXRpb24ifQ=="
"PA::DataCellArtifact::D6_EnrichedEpisodeData::record::0::cell::sev::0030","DS","allowsRole","asd","eyJlbmRfbGFiZWwiOiAiQWNjZXNzUm9sZSIsICJzdGFydF9sYWJlbCI6ICJQcml2YWN5QW5ub3RhdGlvbiJ9"
"PA::DataCellArtifact::D6_EnrichedEpisodeData::record::0::cell::sev::0030","CL","allowsRole","asd","eyJlbmRfbGFiZWwiOiAiQWNjZXNzUm9sZSIsICJzdGFydF9sYWJlbCI6ICJQcml2YWN5QW5ub3RhdGlvbiJ9"
"PA::DataCellArtifact::D6_EnrichedEpisodeData::record::0::cell::sev::0030","AU","allowsRole","asd","eyJlbmRfbGFiZWwiOiAiQWNjZXNzUm9sZSIsICJzdGFydF9sYWJlbCI6ICJQcml2YWN5QW5ub3RhdGlvbiJ9"
"PA::DataCellArtifact::D6_EnrichedEpisodeData::record::0::cell::sev::0030","DPO","allowsRole","asd","eyJlbmRfbGFiZWwiOiAiQWNjZXNzUm9sZSIsICJzdGFydF9sYWJlbCI6ICJQcml2YWN5QW5ub3RhdGlvbiJ9"
"PA::DataCellArtifact::D6_EnrichedEpisodeData::record::1::cell::sev::0031","D6_EnrichedEpisodeData::record::1::cell::sev","annotates","asd","eyJlbmRfbGFiZWwiOiAiRGF0YUNlbGxBcnRpZmFjdCIsICJzdGFydF9sYWJlbCI6ICJQcml2YWN5QW5ub3RhdGlvbiJ9"
"PA::DataCellArtifact::D6_EnrichedEpisodeData::record::1::cell::sev::0031","health","hasCategory","asd","eyJlbmRfbGFiZWwiOiAiU2Vuc2l0aXZpdHlDYXRlZ29yeSIsICJleHBsaWNpdCI6IHRydWUsICJzdGFydF9sYWJlbCI6ICJQcml2YWN5QW5ub3RhdGlvbiJ9"
"PA::DataCellArtifact::D6_EnrichedEpisodeData::record::1::cell::sev::0031","behavioural_sensitive","hasCategory","asd","eyJlbmRfbGFiZWwiOiAiU2Vuc2l0aXZpdHlDYXRlZ29yeSIsICJleHBsaWNpdCI6IHRydWUsICJzdGFydF9sYWJlbCI6ICJQcml2YWN5QW5ub3RhdGlvbiJ9"
"PA::DataCellArtifact::D6_EnrichedEpisodeData::record::1::cell::sev::0031","sensitive_personal_data","hasCategory","asd","eyJlbmRfbGFiZWwiOiAiU2Vuc2l0aXZpdHlDYXRlZ29yeSIsICJleHBsaWNpdCI6IGZhbHNlLCAic3RhcnRfbGFiZWwiOiAiUHJpdmFjeUFubm90YXRpb24ifQ=="
"PA::DataCellArtifact::D6_EnrichedEpisodeData::record::1::cell::sev::0031","clinical_research","hasUsage","asd","eyJlbmRfbGFiZWwiOiAiVXNhZ2VDb25zdHJhaW50IiwgInN0YXJ0X2xhYmVsIjogIlByaXZhY3lBbm5vdGF0aW9uIn0="
"PA::DataCellArtifact::D6_EnrichedEpisodeData::record::1::cell::sev::0031","delete_on_request","hasErasure","asd","eyJlbmRfbGFiZWwiOiAiRXJhc3VyZUNvbnN0cmFpbnQiLCAic3RhcnRfbGFiZWwiOiAiUHJpdmFjeUFubm90YXRpb24ifQ=="
"PA::DataCellArtifact::D6_EnrichedEpisodeData::record::1::cell::sev::0031","retention_5y","hasErasure","asd","eyJlbmRfbGFiZWwiOiAiRXJhc3VyZUNvbnN0cmFpbnQiLCAic3RhcnRfbGFiZWwiOiAiUHJpdmFjeUFubm90YXRpb24ifQ=="
"PA::DataCellArtifact::D6_EnrichedEpisodeData::record::1::cell::sev::0031","DS","allowsRole","asd","eyJlbmRfbGFiZWwiOiAiQWNjZXNzUm9sZSIsICJzdGFydF9sYWJlbCI6ICJQcml2YWN5QW5ub3RhdGlvbiJ9"
"PA::DataCellArtifact::D6_EnrichedEpisodeData::record::1::cell::sev::0031","CL","allowsRole","asd","eyJlbmRfbGFiZWwiOiAiQWNjZXNzUm9sZSIsICJzdGFydF9sYWJlbCI6ICJQcml2YWN5QW5ub3RhdGlvbiJ9"
"PA::DataCellArtifact::D6_EnrichedEpisodeData::record::1::cell::sev::0031","AU","allowsRole","asd","eyJlbmRfbGFiZWwiOiAiQWNjZXNzUm9sZSIsICJzdGFydF9sYWJlbCI6ICJQcml2YWN5QW5ub3RhdGlvbiJ9"
"PA::DataCellArtifact::D6_EnrichedEpisodeData::record::1::cell::sev::0031","DPO","allowsRole","asd","eyJlbmRfbGFiZWwiOiAiQWNjZXNzUm9sZSIsICJzdGFydF9sYWJlbCI6ICJQcml2YWN5QW5ub3RhdGlvbiJ9"
"PA::DataCellArtifact::D6_EnrichedEpisodeData::record::2::cell::sev::0032","D6_EnrichedEpisodeData::record::2::cell::sev","annotates","asd","eyJlbmRfbGFiZWwiOiAiRGF0YUNlbGxBcnRpZmFjdCIsICJzdGFydF9sYWJlbCI6ICJQcml2YWN5QW5ub3RhdGlvbiJ9"
"PA::DataCellArtifact::D6_EnrichedEpisodeData::record::2::cell::sev::0032","health","hasCategory","asd","eyJlbmRfbGFiZWwiOiAiU2Vuc2l0aXZpdHlDYXRlZ29yeSIsICJleHBsaWNpdCI6IHRydWUsICJzdGFydF9sYWJlbCI6ICJQcml2YWN5QW5ub3RhdGlvbiJ9"
"PA::DataCellArtifact::D6_EnrichedEpisodeData::record::2::cell::sev::0032","behavioural_sensitive","hasCategory","asd","eyJlbmRfbGFiZWwiOiAiU2Vuc2l0aXZpdHlDYXRlZ29yeSIsICJleHBsaWNpdCI6IHRydWUsICJzdGFydF9sYWJlbCI6ICJQcml2YWN5QW5ub3RhdGlvbiJ9"
"PA::DataCellArtifact::D6_EnrichedEpisodeData::record::2::cell::sev::0032","sensitive_personal_data","hasCategory","asd","eyJlbmRfbGFiZWwiOiAiU2Vuc2l0aXZpdHlDYXRlZ29yeSIsICJleHBsaWNpdCI6IGZhbHNlLCAic3RhcnRfbGFiZWwiOiAiUHJpdmFjeUFubm90YXRpb24ifQ=="
"PA::DataCellArtifact::D6_EnrichedEpisodeData::record::2::cell::sev::0032","clinical_research","hasUsage","asd","eyJlbmRfbGFiZWwiOiAiVXNhZ2VDb25zdHJhaW50IiwgInN0YXJ0X2xhYmVsIjogIlByaXZhY3lBbm5vdGF0aW9uIn0="
"PA::DataCellArtifact::D6_EnrichedEpisodeData::record::2::cell::sev::0032","delete_on_request","hasErasure","asd","eyJlbmRfbGFiZWwiOiAiRXJhc3VyZUNvbnN0cmFpbnQiLCAic3RhcnRfbGFiZWwiOiAiUHJpdmFjeUFubm90YXRpb24ifQ=="
"PA::DataCellArtifact::D6_EnrichedEpisodeData::record::2::cell::sev::0032","retention_5y","hasErasure","asd","eyJlbmRfbGFiZWwiOiAiRXJhc3VyZUNvbnN0cmFpbnQiLCAic3RhcnRfbGFiZWwiOiAiUHJpdmFjeUFubm90YXRpb24ifQ=="
"PA::DataCellArtifact::D6_EnrichedEpisodeData::record::2::cell::sev::0032","DS","allowsRole","asd","eyJlbmRfbGFiZWwiOiAiQWNjZXNzUm9sZSIsICJzdGFydF9sYWJlbCI6ICJQcml2YWN5QW5ub3RhdGlvbiJ9"
"PA::DataCellArtifact::D6_EnrichedEpisodeData::record::2::cell::sev::0032","CL","allowsRole","asd","eyJlbmRfbGFiZWwiOiAiQWNjZXNzUm9sZSIsICJzdGFydF9sYWJlbCI6ICJQcml2YWN5QW5ub3RhdGlvbiJ9"
"PA::DataCellArtifact::D6_EnrichedEpisodeData::record::2::cell::sev::0032","AU","allowsRole","asd","eyJlbmRfbGFiZWwiOiAiQWNjZXNzUm9sZSIsICJzdGFydF9sYWJlbCI6ICJQcml2YWN5QW5ub3RhdGlvbiJ9"
"PA::DataCellArtifact::D6_EnrichedEpisodeData::record::2::cell::sev::0032","DPO","allowsRole","asd","eyJlbmRfbGFiZWwiOiAiQWNjZXNzUm9sZSIsICJzdGFydF9sYWJlbCI6ICJQcml2YWN5QW5ub3RhdGlvbiJ9"
"PA::DataCellArtifact::D6_EnrichedEpisodeData::record::3::cell::sev::0033","D6_EnrichedEpisodeData::record::3::cell::sev","annotates","asd","eyJlbmRfbGFiZWwiOiAiRGF0YUNlbGxBcnRpZmFjdCIsICJzdGFydF9sYWJlbCI6ICJQcml2YWN5QW5ub3RhdGlvbiJ9"
"PA::DataCellArtifact::D6_EnrichedEpisodeData::record::3::cell::sev::0033","health","hasCategory","asd","eyJlbmRfbGFiZWwiOiAiU2Vuc2l0aXZpdHlDYXRlZ29yeSIsICJleHBsaWNpdCI6IHRydWUsICJzdGFydF9sYWJlbCI6ICJQcml2YWN5QW5ub3RhdGlvbiJ9"
"PA::DataCellArtifact::D6_EnrichedEpisodeData::record::3::cell::sev::0033","behavioural_sensitive","hasCategory","asd","eyJlbmRfbGFiZWwiOiAiU2Vuc2l0aXZpdHlDYXRlZ29yeSIsICJleHBsaWNpdCI6IHRydWUsICJzdGFydF9sYWJlbCI6ICJQcml2YWN5QW5ub3RhdGlvbiJ9"
"PA::DataCellArtifact::D6_EnrichedEpisodeData::record::3::cell::sev::0033","sensitive_personal_data","hasCategory","asd","eyJlbmRfbGFiZWwiOiAiU2Vuc2l0aXZpdHlDYXRlZ29yeSIsICJleHBsaWNpdCI6IGZhbHNlLCAic3RhcnRfbGFiZWwiOiAiUHJpdmFjeUFubm90YXRpb24ifQ=="
"PA::DataCellArtifact::D6_EnrichedEpisodeData::record::3::cell::sev::0033","clinical_research","hasUsage","asd","eyJlbmRfbGFiZWwiOiAiVXNhZ2VDb25zdHJhaW50IiwgInN0YXJ0X2xhYmVsIjogIlByaXZhY3lBbm5vdGF0aW9uIn0="
"PA::DataCellArtifact::D6_EnrichedEpisodeData::record::3::cell::sev::0033","delete_on_request","hasErasure","asd","eyJlbmRfbGFiZWwiOiAiRXJhc3VyZUNvbnN0cmFpbnQiLCAic3RhcnRfbGFiZWwiOiAiUHJpdmFjeUFubm90YXRpb24ifQ=="
"PA::DataCellArtifact::D6_EnrichedEpisodeData::record::3::cell::sev::0033","retention_5y","hasErasure","asd","eyJlbmRfbGFiZWwiOiAiRXJhc3VyZUNvbnN0cmFpbnQiLCAic3RhcnRfbGFiZWwiOiAiUHJpdmFjeUFubm90YXRpb24ifQ=="
"PA::DataCellArtifact::D6_EnrichedEpisodeData::record::3::cell::sev::0033","DS","allowsRole","asd","eyJlbmRfbGFiZWwiOiAiQWNjZXNzUm9sZSIsICJzdGFydF9sYWJlbCI6ICJQcml2YWN5QW5ub3RhdGlvbiJ9"
"PA::DataCellArtifact::D6_EnrichedEpisodeData::record::3::cell::sev::0033","CL","allowsRole","asd","eyJlbmRfbGFiZWwiOiAiQWNjZXNzUm9sZSIsICJzdGFydF9sYWJlbCI6ICJQcml2YWN5QW5ub3RhdGlvbiJ9"
"PA::DataCellArtifact::D6_EnrichedEpisodeData::record::3::cell::sev::0033","AU","allowsRole","asd","eyJlbmRfbGFiZWwiOiAiQWNjZXNzUm9sZSIsICJzdGFydF9sYWJlbCI6ICJQcml2YWN5QW5ub3RhdGlvbiJ9"
"PA::DataCellArtifact::D6_EnrichedEpisodeData::record::3::cell::sev::0033","DPO","allowsRole","asd","eyJlbmRfbGFiZWwiOiAiQWNjZXNzUm9sZSIsICJzdGFydF9sYWJlbCI6ICJQcml2YWN5QW5ub3RhdGlvbiJ9"
"PA::DataCellArtifact::D6_EnrichedEpisodeData::record::0::cell::age_grp::0034","D6_EnrichedEpisodeData::record::0::cell::age_grp","annotates","asd","eyJlbmRfbGFiZWwiOiAiRGF0YUNlbGxBcnRpZmFjdCIsICJzdGFydF9sYWJlbCI6ICJQcml2YWN5QW5ub3RhdGlvbiJ9"
"PA::DataCellArtifact::D6_EnrichedEpisodeData::record::0::cell::age_grp::0034","quasi_identifier","hasCategory","asd","eyJlbmRfbGFiZWwiOiAiU2Vuc2l0aXZpdHlDYXRlZ29yeSIsICJleHBsaWNpdCI6IHRydWUsICJzdGFydF9sYWJlbCI6ICJQcml2YWN5QW5ub3RhdGlvbiJ9"
"PA::DataCellArtifact::D6_EnrichedEpisodeData::record::0::cell::age_grp::0034","clinical_research","hasUsage","asd","eyJlbmRfbGFiZWwiOiAiVXNhZ2VDb25zdHJhaW50IiwgInN0YXJ0X2xhYmVsIjogIlByaXZhY3lBbm5vdGF0aW9uIn0="
"PA::DataCellArtifact::D6_EnrichedEpisodeData::record::0::cell::age_grp::0034","delete_on_request","hasErasure","asd","eyJlbmRfbGFiZWwiOiAiRXJhc3VyZUNvbnN0cmFpbnQiLCAic3RhcnRfbGFiZWwiOiAiUHJpdmFjeUFubm90YXRpb24ifQ=="
"PA::DataCellArtifact::D6_EnrichedEpisodeData::record::0::cell::age_grp::0034","retention_5y","hasErasure","asd","eyJlbmRfbGFiZWwiOiAiRXJhc3VyZUNvbnN0cmFpbnQiLCAic3RhcnRfbGFiZWwiOiAiUHJpdmFjeUFubm90YXRpb24ifQ=="
"PA::DataCellArtifact::D6_EnrichedEpisodeData::record::0::cell::age_grp::0034","DS","allowsRole","asd","eyJlbmRfbGFiZWwiOiAiQWNjZXNzUm9sZSIsICJzdGFydF9sYWJlbCI6ICJQcml2YWN5QW5ub3RhdGlvbiJ9"
"PA::DataCellArtifact::D6_EnrichedEpisodeData::record::0::cell::age_grp::0034","CL","allowsRole","asd","eyJlbmRfbGFiZWwiOiAiQWNjZXNzUm9sZSIsICJzdGFydF9sYWJlbCI6ICJQcml2YWN5QW5ub3RhdGlvbiJ9"
"PA::DataCellArtifact::D6_EnrichedEpisodeData::record::0::cell::age_grp::0034","AU","allowsRole","asd","eyJlbmRfbGFiZWwiOiAiQWNjZXNzUm9sZSIsICJzdGFydF9sYWJlbCI6ICJQcml2YWN5QW5ub3RhdGlvbiJ9"
"PA::DataCellArtifact::D6_EnrichedEpisodeData::record::0::cell::age_grp::0034","DPO","allowsRole","asd","eyJlbmRfbGFiZWwiOiAiQWNjZXNzUm9sZSIsICJzdGFydF9sYWJlbCI6ICJQcml2YWN5QW5ub3RhdGlvbiJ9"
"PA::DataCellArtifact::D6_EnrichedEpisodeData::record::1::cell::age_grp::0035","D6_EnrichedEpisodeData::record::1::cell::age_grp","annotates","asd","eyJlbmRfbGFiZWwiOiAiRGF0YUNlbGxBcnRpZmFjdCIsICJzdGFydF9sYWJlbCI6ICJQcml2YWN5QW5ub3RhdGlvbiJ9"
"PA::DataCellArtifact::D6_EnrichedEpisodeData::record::1::cell::age_grp::0035","quasi_identifier","hasCategory","asd","eyJlbmRfbGFiZWwiOiAiU2Vuc2l0aXZpdHlDYXRlZ29yeSIsICJleHBsaWNpdCI6IHRydWUsICJzdGFydF9sYWJlbCI6ICJQcml2YWN5QW5ub3RhdGlvbiJ9"
"PA::DataCellArtifact::D6_EnrichedEpisodeData::record::1::cell::age_grp::0035","clinical_research","hasUsage","asd","eyJlbmRfbGFiZWwiOiAiVXNhZ2VDb25zdHJhaW50IiwgInN0YXJ0X2xhYmVsIjogIlByaXZhY3lBbm5vdGF0aW9uIn0="
"PA::DataCellArtifact::D6_EnrichedEpisodeData::record::1::cell::age_grp::0035","delete_on_request","hasErasure","asd","eyJlbmRfbGFiZWwiOiAiRXJhc3VyZUNvbnN0cmFpbnQiLCAic3RhcnRfbGFiZWwiOiAiUHJpdmFjeUFubm90YXRpb24ifQ=="
"PA::DataCellArtifact::D6_EnrichedEpisodeData::record::1::cell::age_grp::0035","retention_5y","hasErasure","asd","eyJlbmRfbGFiZWwiOiAiRXJhc3VyZUNvbnN0cmFpbnQiLCAic3RhcnRfbGFiZWwiOiAiUHJpdmFjeUFubm90YXRpb24ifQ=="
"PA::DataCellArtifact::D6_EnrichedEpisodeData::record::1::cell::age_grp::0035","DS","allowsRole","asd","eyJlbmRfbGFiZWwiOiAiQWNjZXNzUm9sZSIsICJzdGFydF9sYWJlbCI6ICJQcml2YWN5QW5ub3RhdGlvbiJ9"
"PA::DataCellArtifact::D6_EnrichedEpisodeData::record::1::cell::age_grp::0035","CL","allowsRole","asd","eyJlbmRfbGFiZWwiOiAiQWNjZXNzUm9sZSIsICJzdGFydF9sYWJlbCI6ICJQcml2YWN5QW5ub3RhdGlvbiJ9"
"PA::DataCellArtifact::D6_EnrichedEpisodeData::record::1::cell::age_grp::0035","AU","allowsRole","asd","eyJlbmRfbGFiZWwiOiAiQWNjZXNzUm9sZSIsICJzdGFydF9sYWJlbCI6ICJQcml2YWN5QW5ub3RhdGlvbiJ9"
"PA::DataCellArtifact::D6_EnrichedEpisodeData::record::1::cell::age_grp::0035","DPO","allowsRole","asd","eyJlbmRfbGFiZWwiOiAiQWNjZXNzUm9sZSIsICJzdGFydF9sYWJlbCI6ICJQcml2YWN5QW5ub3RhdGlvbiJ9"
"PA::DataCellArtifact::D6_EnrichedEpisodeData::record::2::cell::age_grp::0036","D6_EnrichedEpisodeData::record::2::cell::age_grp","annotates","asd","eyJlbmRfbGFiZWwiOiAiRGF0YUNlbGxBcnRpZmFjdCIsICJzdGFydF9sYWJlbCI6ICJQcml2YWN5QW5ub3RhdGlvbiJ9"
"PA::DataCellArtifact::D6_EnrichedEpisodeData::record::2::cell::age_grp::0036","quasi_identifier","hasCategory","asd","eyJlbmRfbGFiZWwiOiAiU2Vuc2l0aXZpdHlDYXRlZ29yeSIsICJleHBsaWNpdCI6IHRydWUsICJzdGFydF9sYWJlbCI6ICJQcml2YWN5QW5ub3RhdGlvbiJ9"
"PA::DataCellArtifact::D6_EnrichedEpisodeData::record::2::cell::age_grp::0036","clinical_research","hasUsage","asd","eyJlbmRfbGFiZWwiOiAiVXNhZ2VDb25zdHJhaW50IiwgInN0YXJ0X2xhYmVsIjogIlByaXZhY3lBbm5vdGF0aW9uIn0="
"PA::DataCellArtifact::D6_EnrichedEpisodeData::record::2::cell::age_grp::0036","delete_on_request","hasErasure","asd","eyJlbmRfbGFiZWwiOiAiRXJhc3VyZUNvbnN0cmFpbnQiLCAic3RhcnRfbGFiZWwiOiAiUHJpdmFjeUFubm90YXRpb24ifQ=="
"PA::DataCellArtifact::D6_EnrichedEpisodeData::record::2::cell::age_grp::0036","retention_5y","hasErasure","asd","eyJlbmRfbGFiZWwiOiAiRXJhc3VyZUNvbnN0cmFpbnQiLCAic3RhcnRfbGFiZWwiOiAiUHJpdmFjeUFubm90YXRpb24ifQ=="
"PA::DataCellArtifact::D6_EnrichedEpisodeData::record::2::cell::age_grp::0036","DS","allowsRole","asd","eyJlbmRfbGFiZWwiOiAiQWNjZXNzUm9sZSIsICJzdGFydF9sYWJlbCI6ICJQcml2YWN5QW5ub3RhdGlvbiJ9"
"PA::DataCellArtifact::D6_EnrichedEpisodeData::record::2::cell::age_grp::0036","CL","allowsRole","asd","eyJlbmRfbGFiZWwiOiAiQWNjZXNzUm9sZSIsICJzdGFydF9sYWJlbCI6ICJQcml2YWN5QW5ub3RhdGlvbiJ9"
"PA::DataCellArtifact::D6_EnrichedEpisodeData::record::2::cell::age_grp::0036","AU","allowsRole","asd","eyJlbmRfbGFiZWwiOiAiQWNjZXNzUm9sZSIsICJzdGFydF9sYWJlbCI6ICJQcml2YWN5QW5ub3RhdGlvbiJ9"
"PA::DataCellArtifact::D6_EnrichedEpisodeData::record::2::cell::age_grp::0036","DPO","allowsRole","asd","eyJlbmRfbGFiZWwiOiAiQWNjZXNzUm9sZSIsICJzdGFydF9sYWJlbCI6ICJQcml2YWN5QW5ub3RhdGlvbiJ9"
"PA::DataCellArtifact::D6_EnrichedEpisodeData::record::3::cell::age_grp::0037","D6_EnrichedEpisodeData::record::3::cell::age_grp","annotates","asd","eyJlbmRfbGFiZWwiOiAiRGF0YUNlbGxBcnRpZmFjdCIsICJzdGFydF9sYWJlbCI6ICJQcml2YWN5QW5ub3RhdGlvbiJ9"
"PA::DataCellArtifact::D6_EnrichedEpisodeData::record::3::cell::age_grp::0037","quasi_identifier","hasCategory","asd","eyJlbmRfbGFiZWwiOiAiU2Vuc2l0aXZpdHlDYXRlZ29yeSIsICJleHBsaWNpdCI6IHRydWUsICJzdGFydF9sYWJlbCI6ICJQcml2YWN5QW5ub3RhdGlvbiJ9"
"PA::DataCellArtifact::D6_EnrichedEpisodeData::record::3::cell::age_grp::0037","clinical_research","hasUsage","asd","eyJlbmRfbGFiZWwiOiAiVXNhZ2VDb25zdHJhaW50IiwgInN0YXJ0X2xhYmVsIjogIlByaXZhY3lBbm5vdGF0aW9uIn0="
"PA::DataCellArtifact::D6_EnrichedEpisodeData::record::3::cell::age_grp::0037","delete_on_request","hasErasure","asd","eyJlbmRfbGFiZWwiOiAiRXJhc3VyZUNvbnN0cmFpbnQiLCAic3RhcnRfbGFiZWwiOiAiUHJpdmFjeUFubm90YXRpb24ifQ=="
"PA::DataCellArtifact::D6_EnrichedEpisodeData::record::3::cell::age_grp::0037","retention_5y","hasErasure","asd","eyJlbmRfbGFiZWwiOiAiRXJhc3VyZUNvbnN0cmFpbnQiLCAic3RhcnRfbGFiZWwiOiAiUHJpdmFjeUFubm90YXRpb24ifQ=="
"PA::DataCellArtifact::D6_EnrichedEpisodeData::record::3::cell::age_grp::0037","DS","allowsRole","asd","eyJlbmRfbGFiZWwiOiAiQWNjZXNzUm9sZSIsICJzdGFydF9sYWJlbCI6ICJQcml2YWN5QW5ub3RhdGlvbiJ9"
"PA::DataCellArtifact::D6_EnrichedEpisodeData::record::3::cell::age_grp::0037","CL","allowsRole","asd","eyJlbmRfbGFiZWwiOiAiQWNjZXNzUm9sZSIsICJzdGFydF9sYWJlbCI6ICJQcml2YWN5QW5ub3RhdGlvbiJ9"
"PA::DataCellArtifact::D6_EnrichedEpisodeData::record::3::cell::age_grp::0037","AU","allowsRole","asd","eyJlbmRfbGFiZWwiOiAiQWNjZXNzUm9sZSIsICJzdGFydF9sYWJlbCI6ICJQcml2YWN5QW5ub3RhdGlvbiJ9"
"PA::DataCellArtifact::D6_EnrichedEpisodeData::record::3::cell::age_grp::0037","DPO","allowsRole","asd","eyJlbmRfbGFiZWwiOiAiQWNjZXNzUm9sZSIsICJzdGFydF9sYWJlbCI6ICJQcml2YWN5QW5ub3RhdGlvbiJ9"
"PA::DataCellArtifact::D6_EnrichedEpisodeData::record::0::cell::sex::0038","D6_EnrichedEpisodeData::record::0::cell::sex","annotates","asd","eyJlbmRfbGFiZWwiOiAiRGF0YUNlbGxBcnRpZmFjdCIsICJzdGFydF9sYWJlbCI6ICJQcml2YWN5QW5ub3RhdGlvbiJ9"
"PA::DataCellArtifact::D6_EnrichedEpisodeData::record::0::cell::sex::0038","quasi_identifier","hasCategory","asd","eyJlbmRfbGFiZWwiOiAiU2Vuc2l0aXZpdHlDYXRlZ29yeSIsICJleHBsaWNpdCI6IHRydWUsICJzdGFydF9sYWJlbCI6ICJQcml2YWN5QW5ub3RhdGlvbiJ9"
"PA::DataCellArtifact::D6_EnrichedEpisodeData::record::0::cell::sex::0038","clinical_research","hasUsage","asd","eyJlbmRfbGFiZWwiOiAiVXNhZ2VDb25zdHJhaW50IiwgInN0YXJ0X2xhYmVsIjogIlByaXZhY3lBbm5vdGF0aW9uIn0="
"PA::DataCellArtifact::D6_EnrichedEpisodeData::record::0::cell::sex::0038","delete_on_request","hasErasure","asd","eyJlbmRfbGFiZWwiOiAiRXJhc3VyZUNvbnN0cmFpbnQiLCAic3RhcnRfbGFiZWwiOiAiUHJpdmFjeUFubm90YXRpb24ifQ=="
"PA::DataCellArtifact::D6_EnrichedEpisodeData::record::0::cell::sex::0038","retention_5y","hasErasure","asd","eyJlbmRfbGFiZWwiOiAiRXJhc3VyZUNvbnN0cmFpbnQiLCAic3RhcnRfbGFiZWwiOiAiUHJpdmFjeUFubm90YXRpb24ifQ=="
"PA::DataCellArtifact::D6_EnrichedEpisodeData::record::0::cell::sex::0038","DS","allowsRole","asd","eyJlbmRfbGFiZWwiOiAiQWNjZXNzUm9sZSIsICJzdGFydF9sYWJlbCI6ICJQcml2YWN5QW5ub3RhdGlvbiJ9"
"PA::DataCellArtifact::D6_EnrichedEpisodeData::record::0::cell::sex::0038","CL","allowsRole","asd","eyJlbmRfbGFiZWwiOiAiQWNjZXNzUm9sZSIsICJzdGFydF9sYWJlbCI6ICJQcml2YWN5QW5ub3RhdGlvbiJ9"
"PA::DataCellArtifact::D6_EnrichedEpisodeData::record::0::cell::sex::0038","AU","allowsRole","asd","eyJlbmRfbGFiZWwiOiAiQWNjZXNzUm9sZSIsICJzdGFydF9sYWJlbCI6ICJQcml2YWN5QW5ub3RhdGlvbiJ9"
"PA::DataCellArtifact::D6_EnrichedEpisodeData::record::0::cell::sex::0038","DPO","allowsRole","asd","eyJlbmRfbGFiZWwiOiAiQWNjZXNzUm9sZSIsICJzdGFydF9sYWJlbCI6ICJQcml2YWN5QW5ub3RhdGlvbiJ9"
"PA::DataCellArtifact::D6_EnrichedEpisodeData::record::1::cell::sex::0039","D6_EnrichedEpisodeData::record::1::cell::sex","annotates","asd","eyJlbmRfbGFiZWwiOiAiRGF0YUNlbGxBcnRpZmFjdCIsICJzdGFydF9sYWJlbCI6ICJQcml2YWN5QW5ub3RhdGlvbiJ9"
"PA::DataCellArtifact::D6_EnrichedEpisodeData::record::1::cell::sex::0039","quasi_identifier","hasCategory","asd","eyJlbmRfbGFiZWwiOiAiU2Vuc2l0aXZpdHlDYXRlZ29yeSIsICJleHBsaWNpdCI6IHRydWUsICJzdGFydF9sYWJlbCI6ICJQcml2YWN5QW5ub3RhdGlvbiJ9"
"PA::DataCellArtifact::D6_EnrichedEpisodeData::record::1::cell::sex::0039","clinical_research","hasUsage","asd","eyJlbmRfbGFiZWwiOiAiVXNhZ2VDb25zdHJhaW50IiwgInN0YXJ0X2xhYmVsIjogIlByaXZhY3lBbm5vdGF0aW9uIn0="
"PA::DataCellArtifact::D6_EnrichedEpisodeData::record::1::cell::sex::0039","delete_on_request","hasErasure","asd","eyJlbmRfbGFiZWwiOiAiRXJhc3VyZUNvbnN0cmFpbnQiLCAic3RhcnRfbGFiZWwiOiAiUHJpdmFjeUFubm90YXRpb24ifQ=="
"PA::DataCellArtifact::D6_EnrichedEpisodeData::record::1::cell::sex::0039","retention_5y","hasErasure","asd","eyJlbmRfbGFiZWwiOiAiRXJhc3VyZUNvbnN0cmFpbnQiLCAic3RhcnRfbGFiZWwiOiAiUHJpdmFjeUFubm90YXRpb24ifQ=="
"PA::DataCellArtifact::D6_EnrichedEpisodeData::record::1::cell::sex::0039","DS","allowsRole","asd","eyJlbmRfbGFiZWwiOiAiQWNjZXNzUm9sZSIsICJzdGFydF9sYWJlbCI6ICJQcml2YWN5QW5ub3RhdGlvbiJ9"
"PA::DataCellArtifact::D6_EnrichedEpisodeData::record::1::cell::sex::0039","CL","allowsRole","asd","eyJlbmRfbGFiZWwiOiAiQWNjZXNzUm9sZSIsICJzdGFydF9sYWJlbCI6ICJQcml2YWN5QW5ub3RhdGlvbiJ9"
"PA::DataCellArtifact::D6_EnrichedEpisodeData::record::1::cell::sex::0039","AU","allowsRole","asd","eyJlbmRfbGFiZWwiOiAiQWNjZXNzUm9sZSIsICJzdGFydF9sYWJlbCI6ICJQcml2YWN5QW5ub3RhdGlvbiJ9"
"PA::DataCellArtifact::D6_EnrichedEpisodeData::record::1::cell::sex::0039","DPO","allowsRole","asd","eyJlbmRfbGFiZWwiOiAiQWNjZXNzUm9sZSIsICJzdGFydF9sYWJlbCI6ICJQcml2YWN5QW5ub3RhdGlvbiJ9"
"PA::DataCellArtifact::D6_EnrichedEpisodeData::record::2::cell::sex::0040","D6_EnrichedEpisodeData::record::2::cell::sex","annotates","asd","eyJlbmRfbGFiZWwiOiAiRGF0YUNlbGxBcnRpZmFjdCIsICJzdGFydF9sYWJlbCI6ICJQcml2YWN5QW5ub3RhdGlvbiJ9"
"PA::DataCellArtifact::D6_EnrichedEpisodeData::record::2::cell::sex::0040","quasi_identifier","hasCategory","asd","eyJlbmRfbGFiZWwiOiAiU2Vuc2l0aXZpdHlDYXRlZ29yeSIsICJleHBsaWNpdCI6IHRydWUsICJzdGFydF9sYWJlbCI6ICJQcml2YWN5QW5ub3RhdGlvbiJ9"
"PA::DataCellArtifact::D6_EnrichedEpisodeData::record::2::cell::sex::0040","clinical_research","hasUsage","asd","eyJlbmRfbGFiZWwiOiAiVXNhZ2VDb25zdHJhaW50IiwgInN0YXJ0X2xhYmVsIjogIlByaXZhY3lBbm5vdGF0aW9uIn0="
"PA::DataCellArtifact::D6_EnrichedEpisodeData::record::2::cell::sex::0040","delete_on_request","hasErasure","asd","eyJlbmRfbGFiZWwiOiAiRXJhc3VyZUNvbnN0cmFpbnQiLCAic3RhcnRfbGFiZWwiOiAiUHJpdmFjeUFubm90YXRpb24ifQ=="
"PA::DataCellArtifact::D6_EnrichedEpisodeData::record::2::cell::sex::0040","retention_5y","hasErasure","asd","eyJlbmRfbGFiZWwiOiAiRXJhc3VyZUNvbnN0cmFpbnQiLCAic3RhcnRfbGFiZWwiOiAiUHJpdmFjeUFubm90YXRpb24ifQ=="
"PA::DataCellArtifact::D6_EnrichedEpisodeData::record::2::cell::sex::0040","DS","allowsRole","asd","eyJlbmRfbGFiZWwiOiAiQWNjZXNzUm9sZSIsICJzdGFydF9sYWJlbCI6ICJQcml2YWN5QW5ub3RhdGlvbiJ9"
"PA::DataCellArtifact::D6_EnrichedEpisodeData::record::2::cell::sex::0040","CL","allowsRole","asd","eyJlbmRfbGFiZWwiOiAiQWNjZXNzUm9sZSIsICJzdGFydF9sYWJlbCI6ICJQcml2YWN5QW5ub3RhdGlvbiJ9"
"PA::DataCellArtifact::D6_EnrichedEpisodeData::record::2::cell::sex::0040","AU","allowsRole","asd","eyJlbmRfbGFiZWwiOiAiQWNjZXNzUm9sZSIsICJzdGFydF9sYWJlbCI6ICJQcml2YWN5QW5ub3RhdGlvbiJ9"
"PA::DataCellArtifact::D6_EnrichedEpisodeData::record::2::cell::sex::0040","DPO","allowsRole","asd","eyJlbmRfbGFiZWwiOiAiQWNjZXNzUm9sZSIsICJzdGFydF9sYWJlbCI6ICJQcml2YWN5QW5ub3RhdGlvbiJ9"
"PA::DataCellArtifact::D6_EnrichedEpisodeData::record::3::cell::sex::0041","D6_EnrichedEpisodeData::record::3::cell::sex","annotates","asd","eyJlbmRfbGFiZWwiOiAiRGF0YUNlbGxBcnRpZmFjdCIsICJzdGFydF9sYWJlbCI6ICJQcml2YWN5QW5ub3RhdGlvbiJ9"
"PA::DataCellArtifact::D6_EnrichedEpisodeData::record::3::cell::sex::0041","quasi_identifier","hasCategory","asd","eyJlbmRfbGFiZWwiOiAiU2Vuc2l0aXZpdHlDYXRlZ29yeSIsICJleHBsaWNpdCI6IHRydWUsICJzdGFydF9sYWJlbCI6ICJQcml2YWN5QW5ub3RhdGlvbiJ9"
"PA::DataCellArtifact::D6_EnrichedEpisodeData::record::3::cell::sex::0041","clinical_research","hasUsage","asd","eyJlbmRfbGFiZWwiOiAiVXNhZ2VDb25zdHJhaW50IiwgInN0YXJ0X2xhYmVsIjogIlByaXZhY3lBbm5vdGF0aW9uIn0="
"PA::DataCellArtifact::D6_EnrichedEpisodeData::record::3::cell::sex::0041","delete_on_request","hasErasure","asd","eyJlbmRfbGFiZWwiOiAiRXJhc3VyZUNvbnN0cmFpbnQiLCAic3RhcnRfbGFiZWwiOiAiUHJpdmFjeUFubm90YXRpb24ifQ=="
"PA::DataCellArtifact::D6_EnrichedEpisodeData::record::3::cell::sex::0041","retention_5y","hasErasure","asd","eyJlbmRfbGFiZWwiOiAiRXJhc3VyZUNvbnN0cmFpbnQiLCAic3RhcnRfbGFiZWwiOiAiUHJpdmFjeUFubm90YXRpb24ifQ=="
"PA::DataCellArtifact::D6_EnrichedEpisodeData::record::3::cell::sex::0041","DS","allowsRole","asd","eyJlbmRfbGFiZWwiOiAiQWNjZXNzUm9sZSIsICJzdGFydF9sYWJlbCI6ICJQcml2YWN5QW5ub3RhdGlvbiJ9"
"PA::DataCellArtifact::D6_EnrichedEpisodeData::record::3::cell::sex::0041","CL","allowsRole","asd","eyJlbmRfbGFiZWwiOiAiQWNjZXNzUm9sZSIsICJzdGFydF9sYWJlbCI6ICJQcml2YWN5QW5ub3RhdGlvbiJ9"
"PA::DataCellArtifact::D6_EnrichedEpisodeData::record::3::cell::sex::0041","AU","allowsRole","asd","eyJlbmRfbGFiZWwiOiAiQWNjZXNzUm9sZSIsICJzdGFydF9sYWJlbCI6ICJQcml2YWN5QW5ub3RhdGlvbiJ9"
"PA::DataCellArtifact::D6_EnrichedEpisodeData::record::3::cell::sex::0041","DPO","allowsRole","asd","eyJlbmRfbGFiZWwiOiAiQWNjZXNzUm9sZSIsICJzdGFydF9sYWJlbCI6ICJQcml2YWN5QW5ub3RhdGlvbiJ9"
"PA::DataCellArtifact::D6_EnrichedEpisodeData::record::0::cell::clinic_site::0042","D6_EnrichedEpisodeData::record::0::cell::clinic_site","annotates","asd","eyJlbmRfbGFiZWwiOiAiRGF0YUNlbGxBcnRpZmFjdCIsICJzdGFydF9sYWJlbCI6ICJQcml2YWN5QW5ub3RhdGlvbiJ9"
"PA::DataCellArtifact::D6_EnrichedEpisodeData::record::0::cell::clinic_site::0042","quasi_identifier","hasCategory","asd","eyJlbmRfbGFiZWwiOiAiU2Vuc2l0aXZpdHlDYXRlZ29yeSIsICJleHBsaWNpdCI6IHRydWUsICJzdGFydF9sYWJlbCI6ICJQcml2YWN5QW5ub3RhdGlvbiJ9"
"PA::DataCellArtifact::D6_EnrichedEpisodeData::record::0::cell::clinic_site::0042","organisational_context","hasCategory","asd","eyJlbmRfbGFiZWwiOiAiU2Vuc2l0aXZpdHlDYXRlZ29yeSIsICJleHBsaWNpdCI6IHRydWUsICJzdGFydF9sYWJlbCI6ICJQcml2YWN5QW5ub3RhdGlvbiJ9"
"PA::DataCellArtifact::D6_EnrichedEpisodeData::record::0::cell::clinic_site::0042","clinical_research","hasUsage","asd","eyJlbmRfbGFiZWwiOiAiVXNhZ2VDb25zdHJhaW50IiwgInN0YXJ0X2xhYmVsIjogIlByaXZhY3lBbm5vdGF0aW9uIn0="
"PA::DataCellArtifact::D6_EnrichedEpisodeData::record::0::cell::clinic_site::0042","delete_on_request","hasErasure","asd","eyJlbmRfbGFiZWwiOiAiRXJhc3VyZUNvbnN0cmFpbnQiLCAic3RhcnRfbGFiZWwiOiAiUHJpdmFjeUFubm90YXRpb24ifQ=="
"PA::DataCellArtifact::D6_EnrichedEpisodeData::record::0::cell::clinic_site::0042","retention_5y","hasErasure","asd","eyJlbmRfbGFiZWwiOiAiRXJhc3VyZUNvbnN0cmFpbnQiLCAic3RhcnRfbGFiZWwiOiAiUHJpdmFjeUFubm90YXRpb24ifQ=="
"PA::DataCellArtifact::D6_EnrichedEpisodeData::record::0::cell::clinic_site::0042","CL","allowsRole","asd","eyJlbmRfbGFiZWwiOiAiQWNjZXNzUm9sZSIsICJzdGFydF9sYWJlbCI6ICJQcml2YWN5QW5ub3RhdGlvbiJ9"
"PA::DataCellArtifact::D6_EnrichedEpisodeData::record::0::cell::clinic_site::0042","AU","allowsRole","asd","eyJlbmRfbGFiZWwiOiAiQWNjZXNzUm9sZSIsICJzdGFydF9sYWJlbCI6ICJQcml2YWN5QW5ub3RhdGlvbiJ9"
"PA::DataCellArtifact::D6_EnrichedEpisodeData::record::0::cell::clinic_site::0042","DPO","allowsRole","asd","eyJlbmRfbGFiZWwiOiAiQWNjZXNzUm9sZSIsICJzdGFydF9sYWJlbCI6ICJQcml2YWN5QW5ub3RhdGlvbiJ9"
"PA::DataCellArtifact::D6_EnrichedEpisodeData::record::1::cell::clinic_site::0043","D6_EnrichedEpisodeData::record::1::cell::clinic_site","annotates","asd","eyJlbmRfbGFiZWwiOiAiRGF0YUNlbGxBcnRpZmFjdCIsICJzdGFydF9sYWJlbCI6ICJQcml2YWN5QW5ub3RhdGlvbiJ9"
"PA::DataCellArtifact::D6_EnrichedEpisodeData::record::1::cell::clinic_site::0043","quasi_identifier","hasCategory","asd","eyJlbmRfbGFiZWwiOiAiU2Vuc2l0aXZpdHlDYXRlZ29yeSIsICJleHBsaWNpdCI6IHRydWUsICJzdGFydF9sYWJlbCI6ICJQcml2YWN5QW5ub3RhdGlvbiJ9"
"PA::DataCellArtifact::D6_EnrichedEpisodeData::record::1::cell::clinic_site::0043","organisational_context","hasCategory","asd","eyJlbmRfbGFiZWwiOiAiU2Vuc2l0aXZpdHlDYXRlZ29yeSIsICJleHBsaWNpdCI6IHRydWUsICJzdGFydF9sYWJlbCI6ICJQcml2YWN5QW5ub3RhdGlvbiJ9"
"PA::DataCellArtifact::D6_EnrichedEpisodeData::record::1::cell::clinic_site::0043","clinical_research","hasUsage","asd","eyJlbmRfbGFiZWwiOiAiVXNhZ2VDb25zdHJhaW50IiwgInN0YXJ0X2xhYmVsIjogIlByaXZhY3lBbm5vdGF0aW9uIn0="
"PA::DataCellArtifact::D6_EnrichedEpisodeData::record::1::cell::clinic_site::0043","delete_on_request","hasErasure","asd","eyJlbmRfbGFiZWwiOiAiRXJhc3VyZUNvbnN0cmFpbnQiLCAic3RhcnRfbGFiZWwiOiAiUHJpdmFjeUFubm90YXRpb24ifQ=="
"PA::DataCellArtifact::D6_EnrichedEpisodeData::record::1::cell::clinic_site::0043","retention_5y","hasErasure","asd","eyJlbmRfbGFiZWwiOiAiRXJhc3VyZUNvbnN0cmFpbnQiLCAic3RhcnRfbGFiZWwiOiAiUHJpdmFjeUFubm90YXRpb24ifQ=="
"PA::DataCellArtifact::D6_EnrichedEpisodeData::record::1::cell::clinic_site::0043","CL","allowsRole","asd","eyJlbmRfbGFiZWwiOiAiQWNjZXNzUm9sZSIsICJzdGFydF9sYWJlbCI6ICJQcml2YWN5QW5ub3RhdGlvbiJ9"
"PA::DataCellArtifact::D6_EnrichedEpisodeData::record::1::cell::clinic_site::0043","AU","allowsRole","asd","eyJlbmRfbGFiZWwiOiAiQWNjZXNzUm9sZSIsICJzdGFydF9sYWJlbCI6ICJQcml2YWN5QW5ub3RhdGlvbiJ9"
"PA::DataCellArtifact::D6_EnrichedEpisodeData::record::1::cell::clinic_site::0043","DPO","allowsRole","asd","eyJlbmRfbGFiZWwiOiAiQWNjZXNzUm9sZSIsICJzdGFydF9sYWJlbCI6ICJQcml2YWN5QW5ub3RhdGlvbiJ9"
"PA::DataCellArtifact::D6_EnrichedEpisodeData::record::2::cell::clinic_site::0044","D6_EnrichedEpisodeData::record::2::cell::clinic_site","annotates","asd","eyJlbmRfbGFiZWwiOiAiRGF0YUNlbGxBcnRpZmFjdCIsICJzdGFydF9sYWJlbCI6ICJQcml2YWN5QW5ub3RhdGlvbiJ9"
"PA::DataCellArtifact::D6_EnrichedEpisodeData::record::2::cell::clinic_site::0044","quasi_identifier","hasCategory","asd","eyJlbmRfbGFiZWwiOiAiU2Vuc2l0aXZpdHlDYXRlZ29yeSIsICJleHBsaWNpdCI6IHRydWUsICJzdGFydF9sYWJlbCI6ICJQcml2YWN5QW5ub3RhdGlvbiJ9"
"PA::DataCellArtifact::D6_EnrichedEpisodeData::record::2::cell::clinic_site::0044","organisational_context","hasCategory","asd","eyJlbmRfbGFiZWwiOiAiU2Vuc2l0aXZpdHlDYXRlZ29yeSIsICJleHBsaWNpdCI6IHRydWUsICJzdGFydF9sYWJlbCI6ICJQcml2YWN5QW5ub3RhdGlvbiJ9"
"PA::DataCellArtifact::D6_EnrichedEpisodeData::record::2::cell::clinic_site::0044","clinical_research","hasUsage","asd","eyJlbmRfbGFiZWwiOiAiVXNhZ2VDb25zdHJhaW50IiwgInN0YXJ0X2xhYmVsIjogIlByaXZhY3lBbm5vdGF0aW9uIn0="
"PA::DataCellArtifact::D6_EnrichedEpisodeData::record::2::cell::clinic_site::0044","delete_on_request","hasErasure","asd","eyJlbmRfbGFiZWwiOiAiRXJhc3VyZUNvbnN0cmFpbnQiLCAic3RhcnRfbGFiZWwiOiAiUHJpdmFjeUFubm90YXRpb24ifQ=="
"PA::DataCellArtifact::D6_EnrichedEpisodeData::record::2::cell::clinic_site::0044","retention_5y","hasErasure","asd","eyJlbmRfbGFiZWwiOiAiRXJhc3VyZUNvbnN0cmFpbnQiLCAic3RhcnRfbGFiZWwiOiAiUHJpdmFjeUFubm90YXRpb24ifQ=="
"PA::DataCellArtifact::D6_EnrichedEpisodeData::record::2::cell::clinic_site::0044","CL","allowsRole","asd","eyJlbmRfbGFiZWwiOiAiQWNjZXNzUm9sZSIsICJzdGFydF9sYWJlbCI6ICJQcml2YWN5QW5ub3RhdGlvbiJ9"
"PA::DataCellArtifact::D6_EnrichedEpisodeData::record::2::cell::clinic_site::0044","AU","allowsRole","asd","eyJlbmRfbGFiZWwiOiAiQWNjZXNzUm9sZSIsICJzdGFydF9sYWJlbCI6ICJQcml2YWN5QW5ub3RhdGlvbiJ9"
"PA::DataCellArtifact::D6_EnrichedEpisodeData::record::2::cell::clinic_site::0044","DPO","allowsRole","asd","eyJlbmRfbGFiZWwiOiAiQWNjZXNzUm9sZSIsICJzdGFydF9sYWJlbCI6ICJQcml2YWN5QW5ub3RhdGlvbiJ9"
"PA::DataCellArtifact::D6_EnrichedEpisodeData::record::3::cell::clinic_site::0045","D6_EnrichedEpisodeData::record::3::cell::clinic_site","annotates","asd","eyJlbmRfbGFiZWwiOiAiRGF0YUNlbGxBcnRpZmFjdCIsICJzdGFydF9sYWJlbCI6ICJQcml2YWN5QW5ub3RhdGlvbiJ9"
"PA::DataCellArtifact::D6_EnrichedEpisodeData::record::3::cell::clinic_site::0045","quasi_identifier","hasCategory","asd","eyJlbmRfbGFiZWwiOiAiU2Vuc2l0aXZpdHlDYXRlZ29yeSIsICJleHBsaWNpdCI6IHRydWUsICJzdGFydF9sYWJlbCI6ICJQcml2YWN5QW5ub3RhdGlvbiJ9"
"PA::DataCellArtifact::D6_EnrichedEpisodeData::record::3::cell::clinic_site::0045","organisational_context","hasCategory","asd","eyJlbmRfbGFiZWwiOiAiU2Vuc2l0aXZpdHlDYXRlZ29yeSIsICJleHBsaWNpdCI6IHRydWUsICJzdGFydF9sYWJlbCI6ICJQcml2YWN5QW5ub3RhdGlvbiJ9"
"PA::DataCellArtifact::D6_EnrichedEpisodeData::record::3::cell::clinic_site::0045","clinical_research","hasUsage","asd","eyJlbmRfbGFiZWwiOiAiVXNhZ2VDb25zdHJhaW50IiwgInN0YXJ0X2xhYmVsIjogIlByaXZhY3lBbm5vdGF0aW9uIn0="
"PA::DataCellArtifact::D6_EnrichedEpisodeData::record::3::cell::clinic_site::0045","delete_on_request","hasErasure","asd","eyJlbmRfbGFiZWwiOiAiRXJhc3VyZUNvbnN0cmFpbnQiLCAic3RhcnRfbGFiZWwiOiAiUHJpdmFjeUFubm90YXRpb24ifQ=="
"PA::DataCellArtifact::D6_EnrichedEpisodeData::record::3::cell::clinic_site::0045","retention_5y","hasErasure","asd","eyJlbmRfbGFiZWwiOiAiRXJhc3VyZUNvbnN0cmFpbnQiLCAic3RhcnRfbGFiZWwiOiAiUHJpdmFjeUFubm90YXRpb24ifQ=="
"PA::DataCellArtifact::D6_EnrichedEpisodeData::record::3::cell::clinic_site::0045","CL","allowsRole","asd","eyJlbmRfbGFiZWwiOiAiQWNjZXNzUm9sZSIsICJzdGFydF9sYWJlbCI6ICJQcml2YWN5QW5ub3RhdGlvbiJ9"
"PA::DataCellArtifact::D6_EnrichedEpisodeData::record::3::cell::clinic_site::0045","AU","allowsRole","asd","eyJlbmRfbGFiZWwiOiAiQWNjZXNzUm9sZSIsICJzdGFydF9sYWJlbCI6ICJQcml2YWN5QW5ub3RhdGlvbiJ9"
"PA::DataCellArtifact::D6_EnrichedEpisodeData::record::3::cell::clinic_site::0045","DPO","allowsRole","asd","eyJlbmRfbGFiZWwiOiAiQWNjZXNzUm9sZSIsICJzdGFydF9sYWJlbCI6ICJQcml2YWN5QW5ub3RhdGlvbiJ9"
"PA::DataCellArtifact::D6_EnrichedEpisodeData::record::0::cell::diag::0046","D6_EnrichedEpisodeData::record::0::cell::diag","annotates","asd","eyJlbmRfbGFiZWwiOiAiRGF0YUNlbGxBcnRpZmFjdCIsICJzdGFydF9sYWJlbCI6ICJQcml2YWN5QW5ub3RhdGlvbiJ9"
"PA::DataCellArtifact::D6_EnrichedEpisodeData::record::0::cell::diag::0046","health","hasCategory","asd","eyJlbmRfbGFiZWwiOiAiU2Vuc2l0aXZpdHlDYXRlZ29yeSIsICJleHBsaWNpdCI6IHRydWUsICJzdGFydF9sYWJlbCI6ICJQcml2YWN5QW5ub3RhdGlvbiJ9"
"PA::DataCellArtifact::D6_EnrichedEpisodeData::record::0::cell::diag::0046","sensitive_personal_data","hasCategory","asd","eyJlbmRfbGFiZWwiOiAiU2Vuc2l0aXZpdHlDYXRlZ29yeSIsICJleHBsaWNpdCI6IHRydWUsICJzdGFydF9sYWJlbCI6ICJQcml2YWN5QW5ub3RhdGlvbiJ9"
"PA::DataCellArtifact::D6_EnrichedEpisodeData::record::0::cell::diag::0046","clinical_research","hasUsage","asd","eyJlbmRfbGFiZWwiOiAiVXNhZ2VDb25zdHJhaW50IiwgInN0YXJ0X2xhYmVsIjogIlByaXZhY3lBbm5vdGF0aW9uIn0="
"PA::DataCellArtifact::D6_EnrichedEpisodeData::record::0::cell::diag::0046","delete_on_request","hasErasure","asd","eyJlbmRfbGFiZWwiOiAiRXJhc3VyZUNvbnN0cmFpbnQiLCAic3RhcnRfbGFiZWwiOiAiUHJpdmFjeUFubm90YXRpb24ifQ=="
"PA::DataCellArtifact::D6_EnrichedEpisodeData::record::0::cell::diag::0046","retention_5y","hasErasure","asd","eyJlbmRfbGFiZWwiOiAiRXJhc3VyZUNvbnN0cmFpbnQiLCAic3RhcnRfbGFiZWwiOiAiUHJpdmFjeUFubm90YXRpb24ifQ=="
"PA::DataCellArtifact::D6_EnrichedEpisodeData::record::0::cell::diag::0046","CL","allowsRole","asd","eyJlbmRfbGFiZWwiOiAiQWNjZXNzUm9sZSIsICJzdGFydF9sYWJlbCI6ICJQcml2YWN5QW5ub3RhdGlvbiJ9"
"PA::DataCellArtifact::D6_EnrichedEpisodeData::record::0::cell::diag::0046","AU","allowsRole","asd","eyJlbmRfbGFiZWwiOiAiQWNjZXNzUm9sZSIsICJzdGFydF9sYWJlbCI6ICJQcml2YWN5QW5ub3RhdGlvbiJ9"
"PA::DataCellArtifact::D6_EnrichedEpisodeData::record::0::cell::diag::0046","DPO","allowsRole","asd","eyJlbmRfbGFiZWwiOiAiQWNjZXNzUm9sZSIsICJzdGFydF9sYWJlbCI6ICJQcml2YWN5QW5ub3RhdGlvbiJ9"
"PA::DataCellArtifact::D6_EnrichedEpisodeData::record::1::cell::diag::0047","D6_EnrichedEpisodeData::record::1::cell::diag","annotates","asd","eyJlbmRfbGFiZWwiOiAiRGF0YUNlbGxBcnRpZmFjdCIsICJzdGFydF9sYWJlbCI6ICJQcml2YWN5QW5ub3RhdGlvbiJ9"
"PA::DataCellArtifact::D6_EnrichedEpisodeData::record::1::cell::diag::0047","health","hasCategory","asd","eyJlbmRfbGFiZWwiOiAiU2Vuc2l0aXZpdHlDYXRlZ29yeSIsICJleHBsaWNpdCI6IHRydWUsICJzdGFydF9sYWJlbCI6ICJQcml2YWN5QW5ub3RhdGlvbiJ9"
"PA::DataCellArtifact::D6_EnrichedEpisodeData::record::1::cell::diag::0047","sensitive_personal_data","hasCategory","asd","eyJlbmRfbGFiZWwiOiAiU2Vuc2l0aXZpdHlDYXRlZ29yeSIsICJleHBsaWNpdCI6IHRydWUsICJzdGFydF9sYWJlbCI6ICJQcml2YWN5QW5ub3RhdGlvbiJ9"
"PA::DataCellArtifact::D6_EnrichedEpisodeData::record::1::cell::diag::0047","clinical_research","hasUsage","asd","eyJlbmRfbGFiZWwiOiAiVXNhZ2VDb25zdHJhaW50IiwgInN0YXJ0X2xhYmVsIjogIlByaXZhY3lBbm5vdGF0aW9uIn0="
"PA::DataCellArtifact::D6_EnrichedEpisodeData::record::1::cell::diag::0047","delete_on_request","hasErasure","asd","eyJlbmRfbGFiZWwiOiAiRXJhc3VyZUNvbnN0cmFpbnQiLCAic3RhcnRfbGFiZWwiOiAiUHJpdmFjeUFubm90YXRpb24ifQ=="
"PA::DataCellArtifact::D6_EnrichedEpisodeData::record::1::cell::diag::0047","retention_5y","hasErasure","asd","eyJlbmRfbGFiZWwiOiAiRXJhc3VyZUNvbnN0cmFpbnQiLCAic3RhcnRfbGFiZWwiOiAiUHJpdmFjeUFubm90YXRpb24ifQ=="
"PA::DataCellArtifact::D6_EnrichedEpisodeData::record::1::cell::diag::0047","CL","allowsRole","asd","eyJlbmRfbGFiZWwiOiAiQWNjZXNzUm9sZSIsICJzdGFydF9sYWJlbCI6ICJQcml2YWN5QW5ub3RhdGlvbiJ9"
"PA::DataCellArtifact::D6_EnrichedEpisodeData::record::1::cell::diag::0047","AU","allowsRole","asd","eyJlbmRfbGFiZWwiOiAiQWNjZXNzUm9sZSIsICJzdGFydF9sYWJlbCI6ICJQcml2YWN5QW5ub3RhdGlvbiJ9"
"PA::DataCellArtifact::D6_EnrichedEpisodeData::record::1::cell::diag::0047","DPO","allowsRole","asd","eyJlbmRfbGFiZWwiOiAiQWNjZXNzUm9sZSIsICJzdGFydF9sYWJlbCI6ICJQcml2YWN5QW5ub3RhdGlvbiJ9"
"PA::DataCellArtifact::D6_EnrichedEpisodeData::record::2::cell::diag::0048","D6_EnrichedEpisodeData::record::2::cell::diag","annotates","asd","eyJlbmRfbGFiZWwiOiAiRGF0YUNlbGxBcnRpZmFjdCIsICJzdGFydF9sYWJlbCI6ICJQcml2YWN5QW5ub3RhdGlvbiJ9"
"PA::DataCellArtifact::D6_EnrichedEpisodeData::record::2::cell::diag::0048","health","hasCategory","asd","eyJlbmRfbGFiZWwiOiAiU2Vuc2l0aXZpdHlDYXRlZ29yeSIsICJleHBsaWNpdCI6IHRydWUsICJzdGFydF9sYWJlbCI6ICJQcml2YWN5QW5ub3RhdGlvbiJ9"
"PA::DataCellArtifact::D6_EnrichedEpisodeData::record::2::cell::diag::0048","sensitive_personal_data","hasCategory","asd","eyJlbmRfbGFiZWwiOiAiU2Vuc2l0aXZpdHlDYXRlZ29yeSIsICJleHBsaWNpdCI6IHRydWUsICJzdGFydF9sYWJlbCI6ICJQcml2YWN5QW5ub3RhdGlvbiJ9"
"PA::DataCellArtifact::D6_EnrichedEpisodeData::record::2::cell::diag::0048","clinical_research","hasUsage","asd","eyJlbmRfbGFiZWwiOiAiVXNhZ2VDb25zdHJhaW50IiwgInN0YXJ0X2xhYmVsIjogIlByaXZhY3lBbm5vdGF0aW9uIn0="
"PA::DataCellArtifact::D6_EnrichedEpisodeData::record::2::cell::diag::0048","delete_on_request","hasErasure","asd","eyJlbmRfbGFiZWwiOiAiRXJhc3VyZUNvbnN0cmFpbnQiLCAic3RhcnRfbGFiZWwiOiAiUHJpdmFjeUFubm90YXRpb24ifQ=="
"PA::DataCellArtifact::D6_EnrichedEpisodeData::record::2::cell::diag::0048","retention_5y","hasErasure","asd","eyJlbmRfbGFiZWwiOiAiRXJhc3VyZUNvbnN0cmFpbnQiLCAic3RhcnRfbGFiZWwiOiAiUHJpdmFjeUFubm90YXRpb24ifQ=="
"PA::DataCellArtifact::D6_EnrichedEpisodeData::record::2::cell::diag::0048","CL","allowsRole","asd","eyJlbmRfbGFiZWwiOiAiQWNjZXNzUm9sZSIsICJzdGFydF9sYWJlbCI6ICJQcml2YWN5QW5ub3RhdGlvbiJ9"
"PA::DataCellArtifact::D6_EnrichedEpisodeData::record::2::cell::diag::0048","AU","allowsRole","asd","eyJlbmRfbGFiZWwiOiAiQWNjZXNzUm9sZSIsICJzdGFydF9sYWJlbCI6ICJQcml2YWN5QW5ub3RhdGlvbiJ9"
"PA::DataCellArtifact::D6_EnrichedEpisodeData::record::2::cell::diag::0048","DPO","allowsRole","asd","eyJlbmRfbGFiZWwiOiAiQWNjZXNzUm9sZSIsICJzdGFydF9sYWJlbCI6ICJQcml2YWN5QW5ub3RhdGlvbiJ9"
"PA::DataCellArtifact::D6_EnrichedEpisodeData::record::3::cell::diag::0049","D6_EnrichedEpisodeData::record::3::cell::diag","annotates","asd","eyJlbmRfbGFiZWwiOiAiRGF0YUNlbGxBcnRpZmFjdCIsICJzdGFydF9sYWJlbCI6ICJQcml2YWN5QW5ub3RhdGlvbiJ9"
"PA::DataCellArtifact::D6_EnrichedEpisodeData::record::3::cell::diag::0049","health","hasCategory","asd","eyJlbmRfbGFiZWwiOiAiU2Vuc2l0aXZpdHlDYXRlZ29yeSIsICJleHBsaWNpdCI6IHRydWUsICJzdGFydF9sYWJlbCI6ICJQcml2YWN5QW5ub3RhdGlvbiJ9"
"PA::DataCellArtifact::D6_EnrichedEpisodeData::record::3::cell::diag::0049","sensitive_personal_data","hasCategory","asd","eyJlbmRfbGFiZWwiOiAiU2Vuc2l0aXZpdHlDYXRlZ29yeSIsICJleHBsaWNpdCI6IHRydWUsICJzdGFydF9sYWJlbCI6ICJQcml2YWN5QW5ub3RhdGlvbiJ9"
"PA::DataCellArtifact::D6_EnrichedEpisodeData::record::3::cell::diag::0049","clinical_research","hasUsage","asd","eyJlbmRfbGFiZWwiOiAiVXNhZ2VDb25zdHJhaW50IiwgInN0YXJ0X2xhYmVsIjogIlByaXZhY3lBbm5vdGF0aW9uIn0="
"PA::DataCellArtifact::D6_EnrichedEpisodeData::record::3::cell::diag::0049","delete_on_request","hasErasure","asd","eyJlbmRfbGFiZWwiOiAiRXJhc3VyZUNvbnN0cmFpbnQiLCAic3RhcnRfbGFiZWwiOiAiUHJpdmFjeUFubm90YXRpb24ifQ=="
"PA::DataCellArtifact::D6_EnrichedEpisodeData::record::3::cell::diag::0049","retention_5y","hasErasure","asd","eyJlbmRfbGFiZWwiOiAiRXJhc3VyZUNvbnN0cmFpbnQiLCAic3RhcnRfbGFiZWwiOiAiUHJpdmFjeUFubm90YXRpb24ifQ=="
"PA::DataCellArtifact::D6_EnrichedEpisodeData::record::3::cell::diag::0049","CL","allowsRole","asd","eyJlbmRfbGFiZWwiOiAiQWNjZXNzUm9sZSIsICJzdGFydF9sYWJlbCI6ICJQcml2YWN5QW5ub3RhdGlvbiJ9"
"PA::DataCellArtifact::D6_EnrichedEpisodeData::record::3::cell::diag::0049","AU","allowsRole","asd","eyJlbmRfbGFiZWwiOiAiQWNjZXNzUm9sZSIsICJzdGFydF9sYWJlbCI6ICJQcml2YWN5QW5ub3RhdGlvbiJ9"
"PA::DataCellArtifact::D6_EnrichedEpisodeData::record::3::cell::diag::0049","DPO","allowsRole","asd","eyJlbmRfbGFiZWwiOiAiQWNjZXNzUm9sZSIsICJzdGFydF9sYWJlbCI6ICJQcml2YWN5QW5ub3RhdGlvbiJ9"
"S5_normalise_policy","TR","hasOperatorType","asd","eyJlbmRfbGFiZWwiOiAiT3BlcmF0b3JUeXBlIiwgInN0YXJ0X2xhYmVsIjogIk9wZXJhdGlvblBvbGljeSJ9"
"S5_normalise","S5_normalise_policy","hasPolicy","asd","eyJlbmRfbGFiZWwiOiAiT3BlcmF0aW9uUG9saWN5IiwgInN0YXJ0X2xhYmVsIjogIlN0ZXAifQ=="
"asd_run_001::001::S5_normalise","S5_normalise_policy","usesPolicy","asd","eyJlbmRfbGFiZWwiOiAiT3BlcmF0aW9uUG9saWN5IiwgInN0YXJ0X2xhYmVsIjogIlN0ZXBSdW4ifQ=="
"S5_normalise_policy","S5_normalise_policy::transformation::HR_norm","hasTransformationRule","asd","eyJlbmRfbGFiZWwiOiAiVHJhbnNmb3JtYXRpb25SdWxlIiwgInN0YXJ0X2xhYmVsIjogIk9wZXJhdGlvblBvbGljeSJ9"
"S5_normalise_policy","S5_normalise_policy::transformation::EDA_norm","hasTransformationRule","asd","eyJlbmRfbGFiZWwiOiAiVHJhbnNmb3JtYXRpb25SdWxlIiwgInN0YXJ0X2xhYmVsIjogIk9wZXJhdGlvblBvbGljeSJ9"
"S5_normalise_policy","S5_normalise_policy::transformation::ACC_norm","hasTransformationRule","asd","eyJlbmRfbGFiZWwiOiAiVHJhbnNmb3JtYXRpb25SdWxlIiwgInN0YXJ0X2xhYmVsIjogIk9wZXJhdGlvblBvbGljeSJ9"
"S5_normalise_policy","S5_normalise_policy::transformation::Id","hasTransformationRule","asd","eyJlbmRfbGFiZWwiOiAiVHJhbnNmb3JtYXRpb25SdWxlIiwgInN0YXJ0X2xhYmVsIjogIk9wZXJhdGlvblBvbGljeSJ9"
"S5_normalise_policy","S5_normalise_policy::transformation::window_start","hasTransformationRule","asd","eyJlbmRfbGFiZWwiOiAiVHJhbnNmb3JtYXRpb25SdWxlIiwgInN0YXJ0X2xhYmVsIjogIk9wZXJhdGlvblBvbGljeSJ9"
"S5_normalise_policy","S5_normalise_policy::transformation::chall_behav","hasTransformationRule","asd","eyJlbmRfbGFiZWwiOiAiVHJhbnNmb3JtYXRpb25SdWxlIiwgInN0YXJ0X2xhYmVsIjogIk9wZXJhdGlvblBvbGljeSJ9"
"S5_normalise_policy","S5_normalise_policy::transformation::sev","hasTransformationRule","asd","eyJlbmRfbGFiZWwiOiAiVHJhbnNmb3JtYXRpb25SdWxlIiwgInN0YXJ0X2xhYmVsIjogIk9wZXJhdGlvblBvbGljeSJ9"
"S5_normalise_policy","S5_normalise_policy::transformation::age_grp","hasTransformationRule","asd","eyJlbmRfbGFiZWwiOiAiVHJhbnNmb3JtYXRpb25SdWxlIiwgInN0YXJ0X2xhYmVsIjogIk9wZXJhdGlvblBvbGljeSJ9"
"S5_normalise_policy","S5_normalise_policy::transformation::sex","hasTransformationRule","asd","eyJlbmRfbGFiZWwiOiAiVHJhbnNmb3JtYXRpb25SdWxlIiwgInN0YXJ0X2xhYmVsIjogIk9wZXJhdGlvblBvbGljeSJ9"
"S5_normalise_policy","S5_normalise_policy::transformation::clinic_site","hasTransformationRule","asd","eyJlbmRfbGFiZWwiOiAiVHJhbnNmb3JtYXRpb25SdWxlIiwgInN0YXJ0X2xhYmVsIjogIk9wZXJhdGlvblBvbGljeSJ9"
"S5_normalise_policy","S5_normalise_policy::transformation::diag","hasTransformationRule","asd","eyJlbmRfbGFiZWwiOiAiVHJhbnNmb3JtYXRpb25SdWxlIiwgInN0YXJ0X2xhYmVsIjogIk9wZXJhdGlvblBvbGljeSJ9"
"S6_select_modelling_features_policy","RED","hasOperatorType","asd","eyJlbmRfbGFiZWwiOiAiT3BlcmF0b3JUeXBlIiwgInN0YXJ0X2xhYmVsIjogIk9wZXJhdGlvblBvbGljeSJ9"
"S6_select_modelling_features","S6_select_modelling_features_policy","hasPolicy","asd","eyJlbmRfbGFiZWwiOiAiT3BlcmF0aW9uUG9saWN5IiwgInN0YXJ0X2xhYmVsIjogIlN0ZXAifQ=="
"asd_run_001::002::S6_select_modelling_features","S6_select_modelling_features_policy","usesPolicy","asd","eyJlbmRfbGFiZWwiOiAiT3BlcmF0aW9uUG9saWN5IiwgInN0YXJ0X2xhYmVsIjogIlN0ZXBSdW4ifQ=="
"S6_select_modelling_features_policy","S6_select_modelling_features_policy::RiskRemovalRule::001","hasRiskRemovalRule","asd","eyJlbmRfbGFiZWwiOiAiUmlza1JlbW92YWxSdWxlIiwgInN0YXJ0X2xhYmVsIjogIk9wZXJhdGlvblBvbGljeSJ9"
"S6_select_modelling_features_policy::RiskRemovalRule::001","direct_identifier","removesCategory","asd","eyJlbmRfbGFiZWwiOiAiU2Vuc2l0aXZpdHlDYXRlZ29yeSIsICJzdGFydF9sYWJlbCI6ICJSaXNrUmVtb3ZhbFJ1bGUifQ=="
"S6_select_modelling_features_policy::RiskRemovalRule::001","temporal_quasi_identifier","removesCategory","asd","eyJlbmRfbGFiZWwiOiAiU2Vuc2l0aXZpdHlDYXRlZ29yeSIsICJzdGFydF9sYWJlbCI6ICJSaXNrUmVtb3ZhbFJ1bGUifQ=="
"S6_select_modelling_features_policy::RiskRemovalRule::001","organisational_context","removesCategory","asd","eyJlbmRfbGFiZWwiOiAiU2Vuc2l0aXZpdHlDYXRlZ29yeSIsICJzdGFydF9sYWJlbCI6ICJSaXNrUmVtb3ZhbFJ1bGUifQ=="
"S6_select_modelling_features_policy::RiskRemovalRule::001","reidentification_risk","removesCategory","asd","eyJlbmRfbGFiZWwiOiAiU2Vuc2l0aXZpdHlDYXRlZ29yeSIsICJzdGFydF9sYWJlbCI6ICJSaXNrUmVtb3ZhbFJ1bGUifQ=="
"S7_split_train_test_policy","RED","hasOperatorType","asd","eyJlbmRfbGFiZWwiOiAiT3BlcmF0b3JUeXBlIiwgInN0YXJ0X2xhYmVsIjogIk9wZXJhdGlvblBvbGljeSJ9"
"S7_split_train_test","S7_split_train_test_policy","hasPolicy","asd","eyJlbmRfbGFiZWwiOiAiT3BlcmF0aW9uUG9saWN5IiwgInN0YXJ0X2xhYmVsIjogIlN0ZXAifQ=="
"asd_run_001::003::S7_split_train_test","S7_split_train_test_policy","usesPolicy","asd","eyJlbmRfbGFiZWwiOiAiT3BlcmF0aW9uUG9saWN5IiwgInN0YXJ0X2xhYmVsIjogIlN0ZXBSdW4ifQ=="
"S8_train_classifier_policy","LEARN","hasOperatorType","asd","eyJlbmRfbGFiZWwiOiAiT3BlcmF0b3JUeXBlIiwgInN0YXJ0X2xhYmVsIjogIk9wZXJhdGlvblBvbGljeSJ9"
"S8_train_classifier","S8_train_classifier_policy","hasPolicy","asd","eyJlbmRfbGFiZWwiOiAiT3BlcmF0aW9uUG9saWN5IiwgInN0YXJ0X2xhYmVsIjogIlN0ZXAifQ=="
"asd_run_001::004::S8_train_classifier","S8_train_classifier_policy","usesPolicy","asd","eyJlbmRfbGFiZWwiOiAiT3BlcmF0aW9uUG9saWN5IiwgInN0YXJ0X2xhYmVsIjogIlN0ZXBSdW4ifQ=="
"S8_train_classifier_policy","S8_train_classifier_policy::MintingRule::001","hasMintingRule","asd","eyJlbmRfbGFiZWwiOiAiTWludGluZ1J1bGUiLCAic3RhcnRfbGFiZWwiOiAiT3BlcmF0aW9uUG9saWN5In0="
"S8_train_classifier_policy::MintingRule::001","small_training_set_model_disclosure_risk","addsCategory","asd","eyJlbmRfbGFiZWwiOiAiU2Vuc2l0aXZpdHlDYXRlZ29yeSIsICJzdGFydF9sYWJlbCI6ICJNaW50aW5nUnVsZSJ9"
"S8_train_classifier_policy","S8_train_classifier_policy::modelExposure::biometric::model_exposed_to_biometric_data","hasModelExposureMapping","asd","eyJlbmRfbGFiZWwiOiAiTW9kZWxFeHBvc3VyZU1hcHBpbmciLCAic3RhcnRfbGFiZWwiOiAiT3BlcmF0aW9uUG9saWN5In0="
"S8_train_classifier_policy::modelExposure::biometric::model_exposed_to_biometric_data","biometric","mapsFromCategory","asd","eyJlbmRfbGFiZWwiOiAiU2Vuc2l0aXZpdHlDYXRlZ29yeSIsICJzdGFydF9sYWJlbCI6ICJNb2RlbEV4cG9zdXJlTWFwcGluZyJ9"
"S8_train_classifier_policy::modelExposure::biometric::model_exposed_to_biometric_data","model_exposed_to_biometric_data","mapsToCategory","asd","eyJlbmRfbGFiZWwiOiAiU2Vuc2l0aXZpdHlDYXRlZ29yeSIsICJzdGFydF9sYWJlbCI6ICJNb2RlbEV4cG9zdXJlTWFwcGluZyJ9"
"S8_train_classifier_policy","S8_train_classifier_policy::modelExposure::health::model_exposed_to_health_data","hasModelExposureMapping","asd","eyJlbmRfbGFiZWwiOiAiTW9kZWxFeHBvc3VyZU1hcHBpbmciLCAic3RhcnRfbGFiZWwiOiAiT3BlcmF0aW9uUG9saWN5In0="
"S8_train_classifier_policy::modelExposure::health::model_exposed_to_health_data","health","mapsFromCategory","asd","eyJlbmRfbGFiZWwiOiAiU2Vuc2l0aXZpdHlDYXRlZ29yeSIsICJzdGFydF9sYWJlbCI6ICJNb2RlbEV4cG9zdXJlTWFwcGluZyJ9"
"S8_train_classifier_policy::modelExposure::health::model_exposed_to_health_data","model_exposed_to_health_data","mapsToCategory","asd","eyJlbmRfbGFiZWwiOiAiU2Vuc2l0aXZpdHlDYXRlZ29yeSIsICJzdGFydF9sYWJlbCI6ICJNb2RlbEV4cG9zdXJlTWFwcGluZyJ9"
"S8_train_classifier_policy","S8_train_classifier_policy::modelExposure::behavioural_sensor_data::model_exposed_to_behavioural_sensor_data","hasModelExposureMapping","asd","eyJlbmRfbGFiZWwiOiAiTW9kZWxFeHBvc3VyZU1hcHBpbmciLCAic3RhcnRfbGFiZWwiOiAiT3BlcmF0aW9uUG9saWN5In0="
"S8_train_classifier_policy::modelExposure::behavioural_sensor_data::model_exposed_to_behavioural_sensor_data","behavioural_sensor_data","mapsFromCategory","asd","eyJlbmRfbGFiZWwiOiAiU2Vuc2l0aXZpdHlDYXRlZ29yeSIsICJzdGFydF9sYWJlbCI6ICJNb2RlbEV4cG9zdXJlTWFwcGluZyJ9"
"S8_train_classifier_policy::modelExposure::behavioural_sensor_data::model_exposed_to_behavioural_sensor_data","model_exposed_to_behavioural_sensor_data","mapsToCategory","asd","eyJlbmRfbGFiZWwiOiAiU2Vuc2l0aXZpdHlDYXRlZ29yeSIsICJzdGFydF9sYWJlbCI6ICJNb2RlbEV4cG9zdXJlTWFwcGluZyJ9"
"S8_train_classifier_policy","S8_train_classifier_policy::modelExposure::behavioural_sensitive::model_exposed_to_behavioural_sensitive_label","hasModelExposureMapping","asd","eyJlbmRfbGFiZWwiOiAiTW9kZWxFeHBvc3VyZU1hcHBpbmciLCAic3RhcnRfbGFiZWwiOiAiT3BlcmF0aW9uUG9saWN5In0="
"S8_train_classifier_policy::modelExposure::behavioural_sensitive::model_exposed_to_behavioural_sensitive_label","behavioural_sensitive","mapsFromCategory","asd","eyJlbmRfbGFiZWwiOiAiU2Vuc2l0aXZpdHlDYXRlZ29yeSIsICJzdGFydF9sYWJlbCI6ICJNb2RlbEV4cG9zdXJlTWFwcGluZyJ9"
"S8_train_classifier_policy::modelExposure::behavioural_sensitive::model_exposed_to_behavioural_sensitive_label","model_exposed_to_behavioural_sensitive_label","mapsToCategory","asd","eyJlbmRfbGFiZWwiOiAiU2Vuc2l0aXZpdHlDYXRlZ29yeSIsICJzdGFydF9sYWJlbCI6ICJNb2RlbEV4cG9zdXJlTWFwcGluZyJ9"
"S8_train_classifier_policy","S8_train_classifier_policy::modelExposure::quasi_identifier::model_exposed_to_quasi_identifier_features","hasModelExposureMapping","asd","eyJlbmRfbGFiZWwiOiAiTW9kZWxFeHBvc3VyZU1hcHBpbmciLCAic3RhcnRfbGFiZWwiOiAiT3BlcmF0aW9uUG9saWN5In0="
"S8_train_classifier_policy::modelExposure::quasi_identifier::model_exposed_to_quasi_identifier_features","quasi_identifier","mapsFromCategory","asd","eyJlbmRfbGFiZWwiOiAiU2Vuc2l0aXZpdHlDYXRlZ29yeSIsICJzdGFydF9sYWJlbCI6ICJNb2RlbEV4cG9zdXJlTWFwcGluZyJ9"
"S8_train_classifier_policy::modelExposure::quasi_identifier::model_exposed_to_quasi_identifier_features","model_exposed_to_quasi_identifier_features","mapsToCategory","asd","eyJlbmRfbGFiZWwiOiAiU2Vuc2l0aXZpdHlDYXRlZ29yeSIsICJzdGFydF9sYWJlbCI6ICJNb2RlbEV4cG9zdXJlTWFwcGluZyJ9"
"S8_train_classifier_policy","S8_train_classifier_policy::erasureRewrite::delete_on_request::retrain_or_review_on_erasure","hasErasureRewriteRule","asd","eyJlbmRfbGFiZWwiOiAiRXJhc3VyZVJld3JpdGVSdWxlIiwgInN0YXJ0X2xhYmVsIjogIk9wZXJhdGlvblBvbGljeSJ9"
"S8_train_classifier_policy::erasureRewrite::delete_on_request::retrain_or_review_on_erasure","delete_on_request","rewritesFromErasure","asd","eyJlbmRfbGFiZWwiOiAiRXJhc3VyZUNvbnN0cmFpbnQiLCAic3RhcnRfbGFiZWwiOiAiRXJhc3VyZVJld3JpdGVSdWxlIn0="
"S8_train_classifier_policy::erasureRewrite::delete_on_request::retrain_or_review_on_erasure","retrain_or_review_on_erasure","rewritesToErasure","asd","eyJlbmRfbGFiZWwiOiAiRXJhc3VyZUNvbnN0cmFpbnQiLCAic3RhcnRfbGFiZWwiOiAiRXJhc3VyZVJld3JpdGVSdWxlIn0="
"PA::prop::DataCellArtifact::D7_NormalizedEpisodeData::record::0::cell::Id::00050","D7_NormalizedEpisodeData::record::0::cell::Id","annotates","asd","eyJlbmRfbGFiZWwiOiAiRGF0YUNlbGxBcnRpZmFjdCIsICJzdGFydF9sYWJlbCI6ICJQcml2YWN5QW5ub3RhdGlvbiJ9"
"asd_run_001::001::S5_normalise","PA::prop::DataCellArtifact::D7_NormalizedEpisodeData::record::0::cell::Id::00050","generatedPrivacyAnnotation","asd","eyJlbmRfbGFiZWwiOiAiUHJpdmFjeUFubm90YXRpb24iLCAic3RhcnRfbGFiZWwiOiAiU3RlcFJ1biJ9"
"PA::prop::DataCellArtifact::D7_NormalizedEpisodeData::record::0::cell::Id::00050","asd_run_001::001::S5_normalise","wasGeneratedBy","asd","eyJlbmRfbGFiZWwiOiAiU3RlcFJ1biIsICJzdGFydF9sYWJlbCI6ICJQcml2YWN5QW5ub3RhdGlvbiJ9"
"PA::prop::DataCellArtifact::D7_NormalizedEpisodeData::record::0::cell::Id::00050","S5_normalise_policy","usedPolicy","asd","eyJlbmRfbGFiZWwiOiAiT3BlcmF0aW9uUG9saWN5IiwgInN0YXJ0X2xhYmVsIjogIlByaXZhY3lBbm5vdGF0aW9uIn0="
"PA::prop::DataCellArtifact::D7_NormalizedEpisodeData::record::0::cell::Id::00050","direct_identifier","hasCategory","asd","eyJlbmRfbGFiZWwiOiAiU2Vuc2l0aXZpdHlDYXRlZ29yeSIsICJleHBsaWNpdCI6IHRydWUsICJzdGFydF9sYWJlbCI6ICJQcml2YWN5QW5ub3RhdGlvbiJ9"
"PA::prop::DataCellArtifact::D7_NormalizedEpisodeData::record::0::cell::Id::00050","identifier","hasCategory","asd","eyJlbmRfbGFiZWwiOiAiU2Vuc2l0aXZpdHlDYXRlZ29yeSIsICJleHBsaWNpdCI6IGZhbHNlLCAic3RhcnRfbGFiZWwiOiAiUHJpdmFjeUFubm90YXRpb24ifQ=="
"PA::prop::DataCellArtifact::D7_NormalizedEpisodeData::record::0::cell::Id::00050","clinical_research","hasUsage","asd","eyJlbmRfbGFiZWwiOiAiVXNhZ2VDb25zdHJhaW50IiwgInN0YXJ0X2xhYmVsIjogIlByaXZhY3lBbm5vdGF0aW9uIn0="
"PA::prop::DataCellArtifact::D7_NormalizedEpisodeData::record::0::cell::Id::00050","delete_on_request","hasErasure","asd","eyJlbmRfbGFiZWwiOiAiRXJhc3VyZUNvbnN0cmFpbnQiLCAic3RhcnRfbGFiZWwiOiAiUHJpdmFjeUFubm90YXRpb24ifQ=="
"PA::prop::DataCellArtifact::D7_NormalizedEpisodeData::record::0::cell::Id::00050","retention_5y","hasErasure","asd","eyJlbmRfbGFiZWwiOiAiRXJhc3VyZUNvbnN0cmFpbnQiLCAic3RhcnRfbGFiZWwiOiAiUHJpdmFjeUFubm90YXRpb24ifQ=="
"PA::prop::DataCellArtifact::D7_NormalizedEpisodeData::record::0::cell::Id::00050","CL","allowsRole","asd","eyJlbmRfbGFiZWwiOiAiQWNjZXNzUm9sZSIsICJzdGFydF9sYWJlbCI6ICJQcml2YWN5QW5ub3RhdGlvbiJ9"
"PA::prop::DataCellArtifact::D7_NormalizedEpisodeData::record::0::cell::Id::00050","DPO","allowsRole","asd","eyJlbmRfbGFiZWwiOiAiQWNjZXNzUm9sZSIsICJzdGFydF9sYWJlbCI6ICJQcml2YWN5QW5ub3RhdGlvbiJ9"
"PA::prop::DataCellArtifact::D7_NormalizedEpisodeData::record::0::cell::window_start::00051","D7_NormalizedEpisodeData::record::0::cell::window_start","annotates","asd","eyJlbmRfbGFiZWwiOiAiRGF0YUNlbGxBcnRpZmFjdCIsICJzdGFydF9sYWJlbCI6ICJQcml2YWN5QW5ub3RhdGlvbiJ9"
"asd_run_001::001::S5_normalise","PA::prop::DataCellArtifact::D7_NormalizedEpisodeData::record::0::cell::window_start::00051","generatedPrivacyAnnotation","asd","eyJlbmRfbGFiZWwiOiAiUHJpdmFjeUFubm90YXRpb24iLCAic3RhcnRfbGFiZWwiOiAiU3RlcFJ1biJ9"
"PA::prop::DataCellArtifact::D7_NormalizedEpisodeData::record::0::cell::window_start::00051","asd_run_001::001::S5_normalise","wasGeneratedBy","asd","eyJlbmRfbGFiZWwiOiAiU3RlcFJ1biIsICJzdGFydF9sYWJlbCI6ICJQcml2YWN5QW5ub3RhdGlvbiJ9"
"PA::prop::DataCellArtifact::D7_NormalizedEpisodeData::record::0::cell::window_start::00051","S5_normalise_policy","usedPolicy","asd","eyJlbmRfbGFiZWwiOiAiT3BlcmF0aW9uUG9saWN5IiwgInN0YXJ0X2xhYmVsIjogIlByaXZhY3lBbm5vdGF0aW9uIn0="
"PA::prop::DataCellArtifact::D7_NormalizedEpisodeData::record::0::cell::window_start::00051","temporal_quasi_identifier","hasCategory","asd","eyJlbmRfbGFiZWwiOiAiU2Vuc2l0aXZpdHlDYXRlZ29yeSIsICJleHBsaWNpdCI6IHRydWUsICJzdGFydF9sYWJlbCI6ICJQcml2YWN5QW5ub3RhdGlvbiJ9"
"PA::prop::DataCellArtifact::D7_NormalizedEpisodeData::record::0::cell::window_start::00051","quasi_identifier","hasCategory","asd","eyJlbmRfbGFiZWwiOiAiU2Vuc2l0aXZpdHlDYXRlZ29yeSIsICJleHBsaWNpdCI6IGZhbHNlLCAic3RhcnRfbGFiZWwiOiAiUHJpdmFjeUFubm90YXRpb24ifQ=="
"PA::prop::DataCellArtifact::D7_NormalizedEpisodeData::record::0::cell::window_start::00051","clinical_research","hasUsage","asd","eyJlbmRfbGFiZWwiOiAiVXNhZ2VDb25zdHJhaW50IiwgInN0YXJ0X2xhYmVsIjogIlByaXZhY3lBbm5vdGF0aW9uIn0="
"PA::prop::DataCellArtifact::D7_NormalizedEpisodeData::record::0::cell::window_start::00051","delete_on_request","hasErasure","asd","eyJlbmRfbGFiZWwiOiAiRXJhc3VyZUNvbnN0cmFpbnQiLCAic3RhcnRfbGFiZWwiOiAiUHJpdmFjeUFubm90YXRpb24ifQ=="
"PA::prop::DataCellArtifact::D7_NormalizedEpisodeData::record::0::cell::window_start::00051","retention_5y","hasErasure","asd","eyJlbmRfbGFiZWwiOiAiRXJhc3VyZUNvbnN0cmFpbnQiLCAic3RhcnRfbGFiZWwiOiAiUHJpdmFjeUFubm90YXRpb24ifQ=="
"PA::prop::DataCellArtifact::D7_NormalizedEpisodeData::record::0::cell::window_start::00051","AU","allowsRole","asd","eyJlbmRfbGFiZWwiOiAiQWNjZXNzUm9sZSIsICJzdGFydF9sYWJlbCI6ICJQcml2YWN5QW5ub3RhdGlvbiJ9"
"PA::prop::DataCellArtifact::D7_NormalizedEpisodeData::record::0::cell::window_start::00051","CL","allowsRole","asd","eyJlbmRfbGFiZWwiOiAiQWNjZXNzUm9sZSIsICJzdGFydF9sYWJlbCI6ICJQcml2YWN5QW5ub3RhdGlvbiJ9"
"PA::prop::DataCellArtifact::D7_NormalizedEpisodeData::record::0::cell::window_start::00051","DPO","allowsRole","asd","eyJlbmRfbGFiZWwiOiAiQWNjZXNzUm9sZSIsICJzdGFydF9sYWJlbCI6ICJQcml2YWN5QW5ub3RhdGlvbiJ9"
"PA::prop::DataCellArtifact::D7_NormalizedEpisodeData::record::0::cell::window_start::00051","DS","allowsRole","asd","eyJlbmRfbGFiZWwiOiAiQWNjZXNzUm9sZSIsICJzdGFydF9sYWJlbCI6ICJQcml2YWN5QW5ub3RhdGlvbiJ9"
"PA::prop::DataCellArtifact::D7_NormalizedEpisodeData::record::0::cell::HR_norm::00052","D7_NormalizedEpisodeData::record::0::cell::HR_norm","annotates","asd","eyJlbmRfbGFiZWwiOiAiRGF0YUNlbGxBcnRpZmFjdCIsICJzdGFydF9sYWJlbCI6ICJQcml2YWN5QW5ub3RhdGlvbiJ9"
"asd_run_001::001::S5_normalise","PA::prop::DataCellArtifact::D7_NormalizedEpisodeData::record::0::cell::HR_norm::00052","generatedPrivacyAnnotation","asd","eyJlbmRfbGFiZWwiOiAiUHJpdmFjeUFubm90YXRpb24iLCAic3RhcnRfbGFiZWwiOiAiU3RlcFJ1biJ9"
"PA::prop::DataCellArtifact::D7_NormalizedEpisodeData::record::0::cell::HR_norm::00052","asd_run_001::001::S5_normalise","wasGeneratedBy","asd","eyJlbmRfbGFiZWwiOiAiU3RlcFJ1biIsICJzdGFydF9sYWJlbCI6ICJQcml2YWN5QW5ub3RhdGlvbiJ9"
"PA::prop::DataCellArtifact::D7_NormalizedEpisodeData::record::0::cell::HR_norm::00052","S5_normalise_policy","usedPolicy","asd","eyJlbmRfbGFiZWwiOiAiT3BlcmF0aW9uUG9saWN5IiwgInN0YXJ0X2xhYmVsIjogIlByaXZhY3lBbm5vdGF0aW9uIn0="
"PA::prop::DataCellArtifact::D7_NormalizedEpisodeData::record::0::cell::HR_norm::00052","biometric","hasCategory","asd","eyJlbmRfbGFiZWwiOiAiU2Vuc2l0aXZpdHlDYXRlZ29yeSIsICJleHBsaWNpdCI6IHRydWUsICJzdGFydF9sYWJlbCI6ICJQcml2YWN5QW5ub3RhdGlvbiJ9"
"PA::prop::DataCellArtifact::D7_NormalizedEpisodeData::record::0::cell::HR_norm::00052","health","hasCategory","asd","eyJlbmRfbGFiZWwiOiAiU2Vuc2l0aXZpdHlDYXRlZ29yeSIsICJleHBsaWNpdCI6IHRydWUsICJzdGFydF9sYWJlbCI6ICJQcml2YWN5QW5ub3RhdGlvbiJ9"
"PA::prop::DataCellArtifact::D7_NormalizedEpisodeData::record::0::cell::HR_norm::00052","sensitive_personal_data","hasCategory","asd","eyJlbmRfbGFiZWwiOiAiU2Vuc2l0aXZpdHlDYXRlZ29yeSIsICJleHBsaWNpdCI6IGZhbHNlLCAic3RhcnRfbGFiZWwiOiAiUHJpdmFjeUFubm90YXRpb24ifQ=="
"PA::prop::DataCellArtifact::D7_NormalizedEpisodeData::record::0::cell::HR_norm::00052","clinical_research","hasUsage","asd","eyJlbmRfbGFiZWwiOiAiVXNhZ2VDb25zdHJhaW50IiwgInN0YXJ0X2xhYmVsIjogIlByaXZhY3lBbm5vdGF0aW9uIn0="
"PA::prop::DataCellArtifact::D7_NormalizedEpisodeData::record::0::cell::HR_norm::00052","delete_on_request","hasErasure","asd","eyJlbmRfbGFiZWwiOiAiRXJhc3VyZUNvbnN0cmFpbnQiLCAic3RhcnRfbGFiZWwiOiAiUHJpdmFjeUFubm90YXRpb24ifQ=="
"PA::prop::DataCellArtifact::D7_NormalizedEpisodeData::record::0::cell::HR_norm::00052","retention_5y","hasErasure","asd","eyJlbmRfbGFiZWwiOiAiRXJhc3VyZUNvbnN0cmFpbnQiLCAic3RhcnRfbGFiZWwiOiAiUHJpdmFjeUFubm90YXRpb24ifQ=="
"PA::prop::DataCellArtifact::D7_NormalizedEpisodeData::record::0::cell::HR_norm::00052","AU","allowsRole","asd","eyJlbmRfbGFiZWwiOiAiQWNjZXNzUm9sZSIsICJzdGFydF9sYWJlbCI6ICJQcml2YWN5QW5ub3RhdGlvbiJ9"
"PA::prop::DataCellArtifact::D7_NormalizedEpisodeData::record::0::cell::HR_norm::00052","CL","allowsRole","asd","eyJlbmRfbGFiZWwiOiAiQWNjZXNzUm9sZSIsICJzdGFydF9sYWJlbCI6ICJQcml2YWN5QW5ub3RhdGlvbiJ9"
"PA::prop::DataCellArtifact::D7_NormalizedEpisodeData::record::0::cell::HR_norm::00052","DPO","allowsRole","asd","eyJlbmRfbGFiZWwiOiAiQWNjZXNzUm9sZSIsICJzdGFydF9sYWJlbCI6ICJQcml2YWN5QW5ub3RhdGlvbiJ9"
"PA::prop::DataCellArtifact::D7_NormalizedEpisodeData::record::0::cell::HR_norm::00052","DS","allowsRole","asd","eyJlbmRfbGFiZWwiOiAiQWNjZXNzUm9sZSIsICJzdGFydF9sYWJlbCI6ICJQcml2YWN5QW5ub3RhdGlvbiJ9"
"PA::prop::DataCellArtifact::D7_NormalizedEpisodeData::record::0::cell::EDA_norm::00053","D7_NormalizedEpisodeData::record::0::cell::EDA_norm","annotates","asd","eyJlbmRfbGFiZWwiOiAiRGF0YUNlbGxBcnRpZmFjdCIsICJzdGFydF9sYWJlbCI6ICJQcml2YWN5QW5ub3RhdGlvbiJ9"
"asd_run_001::001::S5_normalise","PA::prop::DataCellArtifact::D7_NormalizedEpisodeData::record::0::cell::EDA_norm::00053","generatedPrivacyAnnotation","asd","eyJlbmRfbGFiZWwiOiAiUHJpdmFjeUFubm90YXRpb24iLCAic3RhcnRfbGFiZWwiOiAiU3RlcFJ1biJ9"
"PA::prop::DataCellArtifact::D7_NormalizedEpisodeData::record::0::cell::EDA_norm::00053","asd_run_001::001::S5_normalise","wasGeneratedBy","asd","eyJlbmRfbGFiZWwiOiAiU3RlcFJ1biIsICJzdGFydF9sYWJlbCI6ICJQcml2YWN5QW5ub3RhdGlvbiJ9"
"PA::prop::DataCellArtifact::D7_NormalizedEpisodeData::record::0::cell::EDA_norm::00053","S5_normalise_policy","usedPolicy","asd","eyJlbmRfbGFiZWwiOiAiT3BlcmF0aW9uUG9saWN5IiwgInN0YXJ0X2xhYmVsIjogIlByaXZhY3lBbm5vdGF0aW9uIn0="
"PA::prop::DataCellArtifact::D7_NormalizedEpisodeData::record::0::cell::EDA_norm::00053","biometric","hasCategory","asd","eyJlbmRfbGFiZWwiOiAiU2Vuc2l0aXZpdHlDYXRlZ29yeSIsICJleHBsaWNpdCI6IHRydWUsICJzdGFydF9sYWJlbCI6ICJQcml2YWN5QW5ub3RhdGlvbiJ9"
"PA::prop::DataCellArtifact::D7_NormalizedEpisodeData::record::0::cell::EDA_norm::00053","health","hasCategory","asd","eyJlbmRfbGFiZWwiOiAiU2Vuc2l0aXZpdHlDYXRlZ29yeSIsICJleHBsaWNpdCI6IHRydWUsICJzdGFydF9sYWJlbCI6ICJQcml2YWN5QW5ub3RhdGlvbiJ9"
"PA::prop::DataCellArtifact::D7_NormalizedEpisodeData::record::0::cell::EDA_norm::00053","sensitive_personal_data","hasCategory","asd","eyJlbmRfbGFiZWwiOiAiU2Vuc2l0aXZpdHlDYXRlZ29yeSIsICJleHBsaWNpdCI6IGZhbHNlLCAic3RhcnRfbGFiZWwiOiAiUHJpdmFjeUFubm90YXRpb24ifQ=="
"PA::prop::DataCellArtifact::D7_NormalizedEpisodeData::record::0::cell::EDA_norm::00053","clinical_research","hasUsage","asd","eyJlbmRfbGFiZWwiOiAiVXNhZ2VDb25zdHJhaW50IiwgInN0YXJ0X2xhYmVsIjogIlByaXZhY3lBbm5vdGF0aW9uIn0="
"PA::prop::DataCellArtifact::D7_NormalizedEpisodeData::record::0::cell::EDA_norm::00053","delete_on_request","hasErasure","asd","eyJlbmRfbGFiZWwiOiAiRXJhc3VyZUNvbnN0cmFpbnQiLCAic3RhcnRfbGFiZWwiOiAiUHJpdmFjeUFubm90YXRpb24ifQ=="
"PA::prop::DataCellArtifact::D7_NormalizedEpisodeData::record::0::cell::EDA_norm::00053","retention_5y","hasErasure","asd","eyJlbmRfbGFiZWwiOiAiRXJhc3VyZUNvbnN0cmFpbnQiLCAic3RhcnRfbGFiZWwiOiAiUHJpdmFjeUFubm90YXRpb24ifQ=="
"PA::prop::DataCellArtifact::D7_NormalizedEpisodeData::record::0::cell::EDA_norm::00053","AU","allowsRole","asd","eyJlbmRfbGFiZWwiOiAiQWNjZXNzUm9sZSIsICJzdGFydF9sYWJlbCI6ICJQcml2YWN5QW5ub3RhdGlvbiJ9"
"PA::prop::DataCellArtifact::D7_NormalizedEpisodeData::record::0::cell::EDA_norm::00053","CL","allowsRole","asd","eyJlbmRfbGFiZWwiOiAiQWNjZXNzUm9sZSIsICJzdGFydF9sYWJlbCI6ICJQcml2YWN5QW5ub3RhdGlvbiJ9"
"PA::prop::DataCellArtifact::D7_NormalizedEpisodeData::record::0::cell::EDA_norm::00053","DPO","allowsRole","asd","eyJlbmRfbGFiZWwiOiAiQWNjZXNzUm9sZSIsICJzdGFydF9sYWJlbCI6ICJQcml2YWN5QW5ub3RhdGlvbiJ9"
"PA::prop::DataCellArtifact::D7_NormalizedEpisodeData::record::0::cell::EDA_norm::00053","DS","allowsRole","asd","eyJlbmRfbGFiZWwiOiAiQWNjZXNzUm9sZSIsICJzdGFydF9sYWJlbCI6ICJQcml2YWN5QW5ub3RhdGlvbiJ9"
"PA::prop::DataCellArtifact::D7_NormalizedEpisodeData::record::0::cell::ACC_norm::00054","D7_NormalizedEpisodeData::record::0::cell::ACC_norm","annotates","asd","eyJlbmRfbGFiZWwiOiAiRGF0YUNlbGxBcnRpZmFjdCIsICJzdGFydF9sYWJlbCI6ICJQcml2YWN5QW5ub3RhdGlvbiJ9"
"asd_run_001::001::S5_normalise","PA::prop::DataCellArtifact::D7_NormalizedEpisodeData::record::0::cell::ACC_norm::00054","generatedPrivacyAnnotation","asd","eyJlbmRfbGFiZWwiOiAiUHJpdmFjeUFubm90YXRpb24iLCAic3RhcnRfbGFiZWwiOiAiU3RlcFJ1biJ9"
"PA::prop::DataCellArtifact::D7_NormalizedEpisodeData::record::0::cell::ACC_norm::00054","asd_run_001::001::S5_normalise","wasGeneratedBy","asd","eyJlbmRfbGFiZWwiOiAiU3RlcFJ1biIsICJzdGFydF9sYWJlbCI6ICJQcml2YWN5QW5ub3RhdGlvbiJ9"
"PA::prop::DataCellArtifact::D7_NormalizedEpisodeData::record::0::cell::ACC_norm::00054","S5_normalise_policy","usedPolicy","asd","eyJlbmRfbGFiZWwiOiAiT3BlcmF0aW9uUG9saWN5IiwgInN0YXJ0X2xhYmVsIjogIlByaXZhY3lBbm5vdGF0aW9uIn0="
"PA::prop::DataCellArtifact::D7_NormalizedEpisodeData::record::0::cell::ACC_norm::00054","behavioural_sensor_data","hasCategory","asd","eyJlbmRfbGFiZWwiOiAiU2Vuc2l0aXZpdHlDYXRlZ29yeSIsICJleHBsaWNpdCI6IHRydWUsICJzdGFydF9sYWJlbCI6ICJQcml2YWN5QW5ub3RhdGlvbiJ9"
"PA::prop::DataCellArtifact::D7_NormalizedEpisodeData::record::0::cell::ACC_norm::00054","clinical_research","hasUsage","asd","eyJlbmRfbGFiZWwiOiAiVXNhZ2VDb25zdHJhaW50IiwgInN0YXJ0X2xhYmVsIjogIlByaXZhY3lBbm5vdGF0aW9uIn0="
"PA::prop::DataCellArtifact::D7_NormalizedEpisodeData::record::0::cell::ACC_norm::00054","delete_on_request","hasErasure","asd","eyJlbmRfbGFiZWwiOiAiRXJhc3VyZUNvbnN0cmFpbnQiLCAic3RhcnRfbGFiZWwiOiAiUHJpdmFjeUFubm90YXRpb24ifQ=="
"PA::prop::DataCellArtifact::D7_NormalizedEpisodeData::record::0::cell::ACC_norm::00054","retention_5y","hasErasure","asd","eyJlbmRfbGFiZWwiOiAiRXJhc3VyZUNvbnN0cmFpbnQiLCAic3RhcnRfbGFiZWwiOiAiUHJpdmFjeUFubm90YXRpb24ifQ=="
"PA::prop::DataCellArtifact::D7_NormalizedEpisodeData::record::0::cell::ACC_norm::00054","AU","allowsRole","asd","eyJlbmRfbGFiZWwiOiAiQWNjZXNzUm9sZSIsICJzdGFydF9sYWJlbCI6ICJQcml2YWN5QW5ub3RhdGlvbiJ9"
"PA::prop::DataCellArtifact::D7_NormalizedEpisodeData::record::0::cell::ACC_norm::00054","CL","allowsRole","asd","eyJlbmRfbGFiZWwiOiAiQWNjZXNzUm9sZSIsICJzdGFydF9sYWJlbCI6ICJQcml2YWN5QW5ub3RhdGlvbiJ9"
"PA::prop::DataCellArtifact::D7_NormalizedEpisodeData::record::0::cell::ACC_norm::00054","DPO","allowsRole","asd","eyJlbmRfbGFiZWwiOiAiQWNjZXNzUm9sZSIsICJzdGFydF9sYWJlbCI6ICJQcml2YWN5QW5ub3RhdGlvbiJ9"
"PA::prop::DataCellArtifact::D7_NormalizedEpisodeData::record::0::cell::ACC_norm::00054","DS","allowsRole","asd","eyJlbmRfbGFiZWwiOiAiQWNjZXNzUm9sZSIsICJzdGFydF9sYWJlbCI6ICJQcml2YWN5QW5ub3RhdGlvbiJ9"
"PA::prop::DataCellArtifact::D7_NormalizedEpisodeData::record::0::cell::chall_behav::00055","D7_NormalizedEpisodeData::record::0::cell::chall_behav","annotates","asd","eyJlbmRfbGFiZWwiOiAiRGF0YUNlbGxBcnRpZmFjdCIsICJzdGFydF9sYWJlbCI6ICJQcml2YWN5QW5ub3RhdGlvbiJ9"
"asd_run_001::001::S5_normalise","PA::prop::DataCellArtifact::D7_NormalizedEpisodeData::record::0::cell::chall_behav::00055","generatedPrivacyAnnotation","asd","eyJlbmRfbGFiZWwiOiAiUHJpdmFjeUFubm90YXRpb24iLCAic3RhcnRfbGFiZWwiOiAiU3RlcFJ1biJ9"
"PA::prop::DataCellArtifact::D7_NormalizedEpisodeData::record::0::cell::chall_behav::00055","asd_run_001::001::S5_normalise","wasGeneratedBy","asd","eyJlbmRfbGFiZWwiOiAiU3RlcFJ1biIsICJzdGFydF9sYWJlbCI6ICJQcml2YWN5QW5ub3RhdGlvbiJ9"
"PA::prop::DataCellArtifact::D7_NormalizedEpisodeData::record::0::cell::chall_behav::00055","S5_normalise_policy","usedPolicy","asd","eyJlbmRfbGFiZWwiOiAiT3BlcmF0aW9uUG9saWN5IiwgInN0YXJ0X2xhYmVsIjogIlByaXZhY3lBbm5vdGF0aW9uIn0="
"PA::prop::DataCellArtifact::D7_NormalizedEpisodeData::record::0::cell::chall_behav::00055","health","hasCategory","asd","eyJlbmRfbGFiZWwiOiAiU2Vuc2l0aXZpdHlDYXRlZ29yeSIsICJleHBsaWNpdCI6IHRydWUsICJzdGFydF9sYWJlbCI6ICJQcml2YWN5QW5ub3RhdGlvbiJ9"
"PA::prop::DataCellArtifact::D7_NormalizedEpisodeData::record::0::cell::chall_behav::00055","behavioural_sensitive","hasCategory","asd","eyJlbmRfbGFiZWwiOiAiU2Vuc2l0aXZpdHlDYXRlZ29yeSIsICJleHBsaWNpdCI6IHRydWUsICJzdGFydF9sYWJlbCI6ICJQcml2YWN5QW5ub3RhdGlvbiJ9"
"PA::prop::DataCellArtifact::D7_NormalizedEpisodeData::record::0::cell::chall_behav::00055","sensitive_personal_data","hasCategory","asd","eyJlbmRfbGFiZWwiOiAiU2Vuc2l0aXZpdHlDYXRlZ29yeSIsICJleHBsaWNpdCI6IGZhbHNlLCAic3RhcnRfbGFiZWwiOiAiUHJpdmFjeUFubm90YXRpb24ifQ=="
"PA::prop::DataCellArtifact::D7_NormalizedEpisodeData::record::0::cell::chall_behav::00055","clinical_research","hasUsage","asd","eyJlbmRfbGFiZWwiOiAiVXNhZ2VDb25zdHJhaW50IiwgInN0YXJ0X2xhYmVsIjogIlByaXZhY3lBbm5vdGF0aW9uIn0="
"PA::prop::DataCellArtifact::D7_NormalizedEpisodeData::record::0::cell::chall_behav::00055","delete_on_request","hasErasure","asd","eyJlbmRfbGFiZWwiOiAiRXJhc3VyZUNvbnN0cmFpbnQiLCAic3RhcnRfbGFiZWwiOiAiUHJpdmFjeUFubm90YXRpb24ifQ=="
"PA::prop::DataCellArtifact::D7_NormalizedEpisodeData::record::0::cell::chall_behav::00055","retention_5y","hasErasure","asd","eyJlbmRfbGFiZWwiOiAiRXJhc3VyZUNvbnN0cmFpbnQiLCAic3RhcnRfbGFiZWwiOiAiUHJpdmFjeUFubm90YXRpb24ifQ=="
"PA::prop::DataCellArtifact::D7_NormalizedEpisodeData::record::0::cell::chall_behav::00055","AU","allowsRole","asd","eyJlbmRfbGFiZWwiOiAiQWNjZXNzUm9sZSIsICJzdGFydF9sYWJlbCI6ICJQcml2YWN5QW5ub3RhdGlvbiJ9"
"PA::prop::DataCellArtifact::D7_NormalizedEpisodeData::record::0::cell::chall_behav::00055","CL","allowsRole","asd","eyJlbmRfbGFiZWwiOiAiQWNjZXNzUm9sZSIsICJzdGFydF9sYWJlbCI6ICJQcml2YWN5QW5ub3RhdGlvbiJ9"
"PA::prop::DataCellArtifact::D7_NormalizedEpisodeData::record::0::cell::chall_behav::00055","DPO","allowsRole","asd","eyJlbmRfbGFiZWwiOiAiQWNjZXNzUm9sZSIsICJzdGFydF9sYWJlbCI6ICJQcml2YWN5QW5ub3RhdGlvbiJ9"
"PA::prop::DataCellArtifact::D7_NormalizedEpisodeData::record::0::cell::chall_behav::00055","DS","allowsRole","asd","eyJlbmRfbGFiZWwiOiAiQWNjZXNzUm9sZSIsICJzdGFydF9sYWJlbCI6ICJQcml2YWN5QW5ub3RhdGlvbiJ9"
"PA::prop::DataCellArtifact::D7_NormalizedEpisodeData::record::0::cell::sev::00056","D7_NormalizedEpisodeData::record::0::cell::sev","annotates","asd","eyJlbmRfbGFiZWwiOiAiRGF0YUNlbGxBcnRpZmFjdCIsICJzdGFydF9sYWJlbCI6ICJQcml2YWN5QW5ub3RhdGlvbiJ9"
"asd_run_001::001::S5_normalise","PA::prop::DataCellArtifact::D7_NormalizedEpisodeData::record::0::cell::sev::00056","generatedPrivacyAnnotation","asd","eyJlbmRfbGFiZWwiOiAiUHJpdmFjeUFubm90YXRpb24iLCAic3RhcnRfbGFiZWwiOiAiU3RlcFJ1biJ9"
"PA::prop::DataCellArtifact::D7_NormalizedEpisodeData::record::0::cell::sev::00056","asd_run_001::001::S5_normalise","wasGeneratedBy","asd","eyJlbmRfbGFiZWwiOiAiU3RlcFJ1biIsICJzdGFydF9sYWJlbCI6ICJQcml2YWN5QW5ub3RhdGlvbiJ9"
"PA::prop::DataCellArtifact::D7_NormalizedEpisodeData::record::0::cell::sev::00056","S5_normalise_policy","usedPolicy","asd","eyJlbmRfbGFiZWwiOiAiT3BlcmF0aW9uUG9saWN5IiwgInN0YXJ0X2xhYmVsIjogIlByaXZhY3lBbm5vdGF0aW9uIn0="
"PA::prop::DataCellArtifact::D7_NormalizedEpisodeData::record::0::cell::sev::00056","health","hasCategory","asd","eyJlbmRfbGFiZWwiOiAiU2Vuc2l0aXZpdHlDYXRlZ29yeSIsICJleHBsaWNpdCI6IHRydWUsICJzdGFydF9sYWJlbCI6ICJQcml2YWN5QW5ub3RhdGlvbiJ9"
"PA::prop::DataCellArtifact::D7_NormalizedEpisodeData::record::0::cell::sev::00056","behavioural_sensitive","hasCategory","asd","eyJlbmRfbGFiZWwiOiAiU2Vuc2l0aXZpdHlDYXRlZ29yeSIsICJleHBsaWNpdCI6IHRydWUsICJzdGFydF9sYWJlbCI6ICJQcml2YWN5QW5ub3RhdGlvbiJ9"
"PA::prop::DataCellArtifact::D7_NormalizedEpisodeData::record::0::cell::sev::00056","sensitive_personal_data","hasCategory","asd","eyJlbmRfbGFiZWwiOiAiU2Vuc2l0aXZpdHlDYXRlZ29yeSIsICJleHBsaWNpdCI6IGZhbHNlLCAic3RhcnRfbGFiZWwiOiAiUHJpdmFjeUFubm90YXRpb24ifQ=="
"PA::prop::DataCellArtifact::D7_NormalizedEpisodeData::record::0::cell::sev::00056","clinical_research","hasUsage","asd","eyJlbmRfbGFiZWwiOiAiVXNhZ2VDb25zdHJhaW50IiwgInN0YXJ0X2xhYmVsIjogIlByaXZhY3lBbm5vdGF0aW9uIn0="
"PA::prop::DataCellArtifact::D7_NormalizedEpisodeData::record::0::cell::sev::00056","delete_on_request","hasErasure","asd","eyJlbmRfbGFiZWwiOiAiRXJhc3VyZUNvbnN0cmFpbnQiLCAic3RhcnRfbGFiZWwiOiAiUHJpdmFjeUFubm90YXRpb24ifQ=="
"PA::prop::DataCellArtifact::D7_NormalizedEpisodeData::record::0::cell::sev::00056","retention_5y","hasErasure","asd","eyJlbmRfbGFiZWwiOiAiRXJhc3VyZUNvbnN0cmFpbnQiLCAic3RhcnRfbGFiZWwiOiAiUHJpdmFjeUFubm90YXRpb24ifQ=="
"PA::prop::DataCellArtifact::D7_NormalizedEpisodeData::record::0::cell::sev::00056","AU","allowsRole","asd","eyJlbmRfbGFiZWwiOiAiQWNjZXNzUm9sZSIsICJzdGFydF9sYWJlbCI6ICJQcml2YWN5QW5ub3RhdGlvbiJ9"
"PA::prop::DataCellArtifact::D7_NormalizedEpisodeData::record::0::cell::sev::00056","CL","allowsRole","asd","eyJlbmRfbGFiZWwiOiAiQWNjZXNzUm9sZSIsICJzdGFydF9sYWJlbCI6ICJQcml2YWN5QW5ub3RhdGlvbiJ9"
"PA::prop::DataCellArtifact::D7_NormalizedEpisodeData::record::0::cell::sev::00056","DPO","allowsRole","asd","eyJlbmRfbGFiZWwiOiAiQWNjZXNzUm9sZSIsICJzdGFydF9sYWJlbCI6ICJQcml2YWN5QW5ub3RhdGlvbiJ9"
"PA::prop::DataCellArtifact::D7_NormalizedEpisodeData::record::0::cell::sev::00056","DS","allowsRole","asd","eyJlbmRfbGFiZWwiOiAiQWNjZXNzUm9sZSIsICJzdGFydF9sYWJlbCI6ICJQcml2YWN5QW5ub3RhdGlvbiJ9"
"PA::prop::DataCellArtifact::D7_NormalizedEpisodeData::record::0::cell::age_grp::00057","D7_NormalizedEpisodeData::record::0::cell::age_grp","annotates","asd","eyJlbmRfbGFiZWwiOiAiRGF0YUNlbGxBcnRpZmFjdCIsICJzdGFydF9sYWJlbCI6ICJQcml2YWN5QW5ub3RhdGlvbiJ9"
"asd_run_001::001::S5_normalise","PA::prop::DataCellArtifact::D7_NormalizedEpisodeData::record::0::cell::age_grp::00057","generatedPrivacyAnnotation","asd","eyJlbmRfbGFiZWwiOiAiUHJpdmFjeUFubm90YXRpb24iLCAic3RhcnRfbGFiZWwiOiAiU3RlcFJ1biJ9"
"PA::prop::DataCellArtifact::D7_NormalizedEpisodeData::record::0::cell::age_grp::00057","asd_run_001::001::S5_normalise","wasGeneratedBy","asd","eyJlbmRfbGFiZWwiOiAiU3RlcFJ1biIsICJzdGFydF9sYWJlbCI6ICJQcml2YWN5QW5ub3RhdGlvbiJ9"
"PA::prop::DataCellArtifact::D7_NormalizedEpisodeData::record::0::cell::age_grp::00057","S5_normalise_policy","usedPolicy","asd","eyJlbmRfbGFiZWwiOiAiT3BlcmF0aW9uUG9saWN5IiwgInN0YXJ0X2xhYmVsIjogIlByaXZhY3lBbm5vdGF0aW9uIn0="
"PA::prop::DataCellArtifact::D7_NormalizedEpisodeData::record::0::cell::age_grp::00057","quasi_identifier","hasCategory","asd","eyJlbmRfbGFiZWwiOiAiU2Vuc2l0aXZpdHlDYXRlZ29yeSIsICJleHBsaWNpdCI6IHRydWUsICJzdGFydF9sYWJlbCI6ICJQcml2YWN5QW5ub3RhdGlvbiJ9"
"PA::prop::DataCellArtifact::D7_NormalizedEpisodeData::record::0::cell::age_grp::00057","clinical_research","hasUsage","asd","eyJlbmRfbGFiZWwiOiAiVXNhZ2VDb25zdHJhaW50IiwgInN0YXJ0X2xhYmVsIjogIlByaXZhY3lBbm5vdGF0aW9uIn0="
"PA::prop::DataCellArtifact::D7_NormalizedEpisodeData::record::0::cell::age_grp::00057","delete_on_request","hasErasure","asd","eyJlbmRfbGFiZWwiOiAiRXJhc3VyZUNvbnN0cmFpbnQiLCAic3RhcnRfbGFiZWwiOiAiUHJpdmFjeUFubm90YXRpb24ifQ=="
"PA::prop::DataCellArtifact::D7_NormalizedEpisodeData::record::0::cell::age_grp::00057","retention_5y","hasErasure","asd","eyJlbmRfbGFiZWwiOiAiRXJhc3VyZUNvbnN0cmFpbnQiLCAic3RhcnRfbGFiZWwiOiAiUHJpdmFjeUFubm90YXRpb24ifQ=="
"PA::prop::DataCellArtifact::D7_NormalizedEpisodeData::record::0::cell::age_grp::00057","AU","allowsRole","asd","eyJlbmRfbGFiZWwiOiAiQWNjZXNzUm9sZSIsICJzdGFydF9sYWJlbCI6ICJQcml2YWN5QW5ub3RhdGlvbiJ9"
"PA::prop::DataCellArtifact::D7_NormalizedEpisodeData::record::0::cell::age_grp::00057","CL","allowsRole","asd","eyJlbmRfbGFiZWwiOiAiQWNjZXNzUm9sZSIsICJzdGFydF9sYWJlbCI6ICJQcml2YWN5QW5ub3RhdGlvbiJ9"
"PA::prop::DataCellArtifact::D7_NormalizedEpisodeData::record::0::cell::age_grp::00057","DPO","allowsRole","asd","eyJlbmRfbGFiZWwiOiAiQWNjZXNzUm9sZSIsICJzdGFydF9sYWJlbCI6ICJQcml2YWN5QW5ub3RhdGlvbiJ9"
"PA::prop::DataCellArtifact::D7_NormalizedEpisodeData::record::0::cell::age_grp::00057","DS","allowsRole","asd","eyJlbmRfbGFiZWwiOiAiQWNjZXNzUm9sZSIsICJzdGFydF9sYWJlbCI6ICJQcml2YWN5QW5ub3RhdGlvbiJ9"
"PA::prop::DataCellArtifact::D7_NormalizedEpisodeData::record::0::cell::sex::00058","D7_NormalizedEpisodeData::record::0::cell::sex","annotates","asd","eyJlbmRfbGFiZWwiOiAiRGF0YUNlbGxBcnRpZmFjdCIsICJzdGFydF9sYWJlbCI6ICJQcml2YWN5QW5ub3RhdGlvbiJ9"
"asd_run_001::001::S5_normalise","PA::prop::DataCellArtifact::D7_NormalizedEpisodeData::record::0::cell::sex::00058","generatedPrivacyAnnotation","asd","eyJlbmRfbGFiZWwiOiAiUHJpdmFjeUFubm90YXRpb24iLCAic3RhcnRfbGFiZWwiOiAiU3RlcFJ1biJ9"
"PA::prop::DataCellArtifact::D7_NormalizedEpisodeData::record::0::cell::sex::00058","asd_run_001::001::S5_normalise","wasGeneratedBy","asd","eyJlbmRfbGFiZWwiOiAiU3RlcFJ1biIsICJzdGFydF9sYWJlbCI6ICJQcml2YWN5QW5ub3RhdGlvbiJ9"
"PA::prop::DataCellArtifact::D7_NormalizedEpisodeData::record::0::cell::sex::00058","S5_normalise_policy","usedPolicy","asd","eyJlbmRfbGFiZWwiOiAiT3BlcmF0aW9uUG9saWN5IiwgInN0YXJ0X2xhYmVsIjogIlByaXZhY3lBbm5vdGF0aW9uIn0="
"PA::prop::DataCellArtifact::D7_NormalizedEpisodeData::record::0::cell::sex::00058","quasi_identifier","hasCategory","asd","eyJlbmRfbGFiZWwiOiAiU2Vuc2l0aXZpdHlDYXRlZ29yeSIsICJleHBsaWNpdCI6IHRydWUsICJzdGFydF9sYWJlbCI6ICJQcml2YWN5QW5ub3RhdGlvbiJ9"
"PA::prop::DataCellArtifact::D7_NormalizedEpisodeData::record::0::cell::sex::00058","clinical_research","hasUsage","asd","eyJlbmRfbGFiZWwiOiAiVXNhZ2VDb25zdHJhaW50IiwgInN0YXJ0X2xhYmVsIjogIlByaXZhY3lBbm5vdGF0aW9uIn0="
"PA::prop::DataCellArtifact::D7_NormalizedEpisodeData::record::0::cell::sex::00058","delete_on_request","hasErasure","asd","eyJlbmRfbGFiZWwiOiAiRXJhc3VyZUNvbnN0cmFpbnQiLCAic3RhcnRfbGFiZWwiOiAiUHJpdmFjeUFubm90YXRpb24ifQ=="
"PA::prop::DataCellArtifact::D7_NormalizedEpisodeData::record::0::cell::sex::00058","retention_5y","hasErasure","asd","eyJlbmRfbGFiZWwiOiAiRXJhc3VyZUNvbnN0cmFpbnQiLCAic3RhcnRfbGFiZWwiOiAiUHJpdmFjeUFubm90YXRpb24ifQ=="
"PA::prop::DataCellArtifact::D7_NormalizedEpisodeData::record::0::cell::sex::00058","AU","allowsRole","asd","eyJlbmRfbGFiZWwiOiAiQWNjZXNzUm9sZSIsICJzdGFydF9sYWJlbCI6ICJQcml2YWN5QW5ub3RhdGlvbiJ9"
"PA::prop::DataCellArtifact::D7_NormalizedEpisodeData::record::0::cell::sex::00058","CL","allowsRole","asd","eyJlbmRfbGFiZWwiOiAiQWNjZXNzUm9sZSIsICJzdGFydF9sYWJlbCI6ICJQcml2YWN5QW5ub3RhdGlvbiJ9"
"PA::prop::DataCellArtifact::D7_NormalizedEpisodeData::record::0::cell::sex::00058","DPO","allowsRole","asd","eyJlbmRfbGFiZWwiOiAiQWNjZXNzUm9sZSIsICJzdGFydF9sYWJlbCI6ICJQcml2YWN5QW5ub3RhdGlvbiJ9"
"PA::prop::DataCellArtifact::D7_NormalizedEpisodeData::record::0::cell::sex::00058","DS","allowsRole","asd","eyJlbmRfbGFiZWwiOiAiQWNjZXNzUm9sZSIsICJzdGFydF9sYWJlbCI6ICJQcml2YWN5QW5ub3RhdGlvbiJ9"
"PA::prop::DataCellArtifact::D7_NormalizedEpisodeData::record::0::cell::clinic_site::00059","D7_NormalizedEpisodeData::record::0::cell::clinic_site","annotates","asd","eyJlbmRfbGFiZWwiOiAiRGF0YUNlbGxBcnRpZmFjdCIsICJzdGFydF9sYWJlbCI6ICJQcml2YWN5QW5ub3RhdGlvbiJ9"
"asd_run_001::001::S5_normalise","PA::prop::DataCellArtifact::D7_NormalizedEpisodeData::record::0::cell::clinic_site::00059","generatedPrivacyAnnotation","asd","eyJlbmRfbGFiZWwiOiAiUHJpdmFjeUFubm90YXRpb24iLCAic3RhcnRfbGFiZWwiOiAiU3RlcFJ1biJ9"
"PA::prop::DataCellArtifact::D7_NormalizedEpisodeData::record::0::cell::clinic_site::00059","asd_run_001::001::S5_normalise","wasGeneratedBy","asd","eyJlbmRfbGFiZWwiOiAiU3RlcFJ1biIsICJzdGFydF9sYWJlbCI6ICJQcml2YWN5QW5ub3RhdGlvbiJ9"
"PA::prop::DataCellArtifact::D7_NormalizedEpisodeData::record::0::cell::clinic_site::00059","S5_normalise_policy","usedPolicy","asd","eyJlbmRfbGFiZWwiOiAiT3BlcmF0aW9uUG9saWN5IiwgInN0YXJ0X2xhYmVsIjogIlByaXZhY3lBbm5vdGF0aW9uIn0="
"PA::prop::DataCellArtifact::D7_NormalizedEpisodeData::record::0::cell::clinic_site::00059","quasi_identifier","hasCategory","asd","eyJlbmRfbGFiZWwiOiAiU2Vuc2l0aXZpdHlDYXRlZ29yeSIsICJleHBsaWNpdCI6IHRydWUsICJzdGFydF9sYWJlbCI6ICJQcml2YWN5QW5ub3RhdGlvbiJ9"
"PA::prop::DataCellArtifact::D7_NormalizedEpisodeData::record::0::cell::clinic_site::00059","organisational_context","hasCategory","asd","eyJlbmRfbGFiZWwiOiAiU2Vuc2l0aXZpdHlDYXRlZ29yeSIsICJleHBsaWNpdCI6IHRydWUsICJzdGFydF9sYWJlbCI6ICJQcml2YWN5QW5ub3RhdGlvbiJ9"
"PA::prop::DataCellArtifact::D7_NormalizedEpisodeData::record::0::cell::clinic_site::00059","clinical_research","hasUsage","asd","eyJlbmRfbGFiZWwiOiAiVXNhZ2VDb25zdHJhaW50IiwgInN0YXJ0X2xhYmVsIjogIlByaXZhY3lBbm5vdGF0aW9uIn0="
"PA::prop::DataCellArtifact::D7_NormalizedEpisodeData::record::0::cell::clinic_site::00059","delete_on_request","hasErasure","asd","eyJlbmRfbGFiZWwiOiAiRXJhc3VyZUNvbnN0cmFpbnQiLCAic3RhcnRfbGFiZWwiOiAiUHJpdmFjeUFubm90YXRpb24ifQ=="
"PA::prop::DataCellArtifact::D7_NormalizedEpisodeData::record::0::cell::clinic_site::00059","retention_5y","hasErasure","asd","eyJlbmRfbGFiZWwiOiAiRXJhc3VyZUNvbnN0cmFpbnQiLCAic3RhcnRfbGFiZWwiOiAiUHJpdmFjeUFubm90YXRpb24ifQ=="
"PA::prop::DataCellArtifact::D7_NormalizedEpisodeData::record::0::cell::clinic_site::00059","AU","allowsRole","asd","eyJlbmRfbGFiZWwiOiAiQWNjZXNzUm9sZSIsICJzdGFydF9sYWJlbCI6ICJQcml2YWN5QW5ub3RhdGlvbiJ9"
"PA::prop::DataCellArtifact::D7_NormalizedEpisodeData::record::0::cell::clinic_site::00059","CL","allowsRole","asd","eyJlbmRfbGFiZWwiOiAiQWNjZXNzUm9sZSIsICJzdGFydF9sYWJlbCI6ICJQcml2YWN5QW5ub3RhdGlvbiJ9"
"PA::prop::DataCellArtifact::D7_NormalizedEpisodeData::record::0::cell::clinic_site::00059","DPO","allowsRole","asd","eyJlbmRfbGFiZWwiOiAiQWNjZXNzUm9sZSIsICJzdGFydF9sYWJlbCI6ICJQcml2YWN5QW5ub3RhdGlvbiJ9"
"PA::prop::DataCellArtifact::D7_NormalizedEpisodeData::record::0::cell::diag::00060","D7_NormalizedEpisodeData::record::0::cell::diag","annotates","asd","eyJlbmRfbGFiZWwiOiAiRGF0YUNlbGxBcnRpZmFjdCIsICJzdGFydF9sYWJlbCI6ICJQcml2YWN5QW5ub3RhdGlvbiJ9"
"asd_run_001::001::S5_normalise","PA::prop::DataCellArtifact::D7_NormalizedEpisodeData::record::0::cell::diag::00060","generatedPrivacyAnnotation","asd","eyJlbmRfbGFiZWwiOiAiUHJpdmFjeUFubm90YXRpb24iLCAic3RhcnRfbGFiZWwiOiAiU3RlcFJ1biJ9"
"PA::prop::DataCellArtifact::D7_NormalizedEpisodeData::record::0::cell::diag::00060","asd_run_001::001::S5_normalise","wasGeneratedBy","asd","eyJlbmRfbGFiZWwiOiAiU3RlcFJ1biIsICJzdGFydF9sYWJlbCI6ICJQcml2YWN5QW5ub3RhdGlvbiJ9"
"PA::prop::DataCellArtifact::D7_NormalizedEpisodeData::record::0::cell::diag::00060","S5_normalise_policy","usedPolicy","asd","eyJlbmRfbGFiZWwiOiAiT3BlcmF0aW9uUG9saWN5IiwgInN0YXJ0X2xhYmVsIjogIlByaXZhY3lBbm5vdGF0aW9uIn0="
"PA::prop::DataCellArtifact::D7_NormalizedEpisodeData::record::0::cell::diag::00060","health","hasCategory","asd","eyJlbmRfbGFiZWwiOiAiU2Vuc2l0aXZpdHlDYXRlZ29yeSIsICJleHBsaWNpdCI6IHRydWUsICJzdGFydF9sYWJlbCI6ICJQcml2YWN5QW5ub3RhdGlvbiJ9"
"PA::prop::DataCellArtifact::D7_NormalizedEpisodeData::record::0::cell::diag::00060","sensitive_personal_data","hasCategory","asd","eyJlbmRfbGFiZWwiOiAiU2Vuc2l0aXZpdHlDYXRlZ29yeSIsICJleHBsaWNpdCI6IHRydWUsICJzdGFydF9sYWJlbCI6ICJQcml2YWN5QW5ub3RhdGlvbiJ9"
"PA::prop::DataCellArtifact::D7_NormalizedEpisodeData::record::0::cell::diag::00060","clinical_research","hasUsage","asd","eyJlbmRfbGFiZWwiOiAiVXNhZ2VDb25zdHJhaW50IiwgInN0YXJ0X2xhYmVsIjogIlByaXZhY3lBbm5vdGF0aW9uIn0="
"PA::prop::DataCellArtifact::D7_NormalizedEpisodeData::record::0::cell::diag::00060","delete_on_request","hasErasure","asd","eyJlbmRfbGFiZWwiOiAiRXJhc3VyZUNvbnN0cmFpbnQiLCAic3RhcnRfbGFiZWwiOiAiUHJpdmFjeUFubm90YXRpb24ifQ=="
"PA::prop::DataCellArtifact::D7_NormalizedEpisodeData::record::0::cell::diag::00060","retention_5y","hasErasure","asd","eyJlbmRfbGFiZWwiOiAiRXJhc3VyZUNvbnN0cmFpbnQiLCAic3RhcnRfbGFiZWwiOiAiUHJpdmFjeUFubm90YXRpb24ifQ=="
"PA::prop::DataCellArtifact::D7_NormalizedEpisodeData::record::0::cell::diag::00060","AU","allowsRole","asd","eyJlbmRfbGFiZWwiOiAiQWNjZXNzUm9sZSIsICJzdGFydF9sYWJlbCI6ICJQcml2YWN5QW5ub3RhdGlvbiJ9"
"PA::prop::DataCellArtifact::D7_NormalizedEpisodeData::record::0::cell::diag::00060","CL","allowsRole","asd","eyJlbmRfbGFiZWwiOiAiQWNjZXNzUm9sZSIsICJzdGFydF9sYWJlbCI6ICJQcml2YWN5QW5ub3RhdGlvbiJ9"
"PA::prop::DataCellArtifact::D7_NormalizedEpisodeData::record::0::cell::diag::00060","DPO","allowsRole","asd","eyJlbmRfbGFiZWwiOiAiQWNjZXNzUm9sZSIsICJzdGFydF9sYWJlbCI6ICJQcml2YWN5QW5ub3RhdGlvbiJ9"
"PA::prop::DataCellArtifact::D7_NormalizedEpisodeData::record::1::cell::Id::00061","D7_NormalizedEpisodeData::record::1::cell::Id","annotates","asd","eyJlbmRfbGFiZWwiOiAiRGF0YUNlbGxBcnRpZmFjdCIsICJzdGFydF9sYWJlbCI6ICJQcml2YWN5QW5ub3RhdGlvbiJ9"
"asd_run_001::001::S5_normalise","PA::prop::DataCellArtifact::D7_NormalizedEpisodeData::record::1::cell::Id::00061","generatedPrivacyAnnotation","asd","eyJlbmRfbGFiZWwiOiAiUHJpdmFjeUFubm90YXRpb24iLCAic3RhcnRfbGFiZWwiOiAiU3RlcFJ1biJ9"
"PA::prop::DataCellArtifact::D7_NormalizedEpisodeData::record::1::cell::Id::00061","asd_run_001::001::S5_normalise","wasGeneratedBy","asd","eyJlbmRfbGFiZWwiOiAiU3RlcFJ1biIsICJzdGFydF9sYWJlbCI6ICJQcml2YWN5QW5ub3RhdGlvbiJ9"
"PA::prop::DataCellArtifact::D7_NormalizedEpisodeData::record::1::cell::Id::00061","S5_normalise_policy","usedPolicy","asd","eyJlbmRfbGFiZWwiOiAiT3BlcmF0aW9uUG9saWN5IiwgInN0YXJ0X2xhYmVsIjogIlByaXZhY3lBbm5vdGF0aW9uIn0="
"PA::prop::DataCellArtifact::D7_NormalizedEpisodeData::record::1::cell::Id::00061","direct_identifier","hasCategory","asd","eyJlbmRfbGFiZWwiOiAiU2Vuc2l0aXZpdHlDYXRlZ29yeSIsICJleHBsaWNpdCI6IHRydWUsICJzdGFydF9sYWJlbCI6ICJQcml2YWN5QW5ub3RhdGlvbiJ9"
"PA::prop::DataCellArtifact::D7_NormalizedEpisodeData::record::1::cell::Id::00061","identifier","hasCategory","asd","eyJlbmRfbGFiZWwiOiAiU2Vuc2l0aXZpdHlDYXRlZ29yeSIsICJleHBsaWNpdCI6IGZhbHNlLCAic3RhcnRfbGFiZWwiOiAiUHJpdmFjeUFubm90YXRpb24ifQ=="
"PA::prop::DataCellArtifact::D7_NormalizedEpisodeData::record::1::cell::Id::00061","clinical_research","hasUsage","asd","eyJlbmRfbGFiZWwiOiAiVXNhZ2VDb25zdHJhaW50IiwgInN0YXJ0X2xhYmVsIjogIlByaXZhY3lBbm5vdGF0aW9uIn0="
"PA::prop::DataCellArtifact::D7_NormalizedEpisodeData::record::1::cell::Id::00061","delete_on_request","hasErasure","asd","eyJlbmRfbGFiZWwiOiAiRXJhc3VyZUNvbnN0cmFpbnQiLCAic3RhcnRfbGFiZWwiOiAiUHJpdmFjeUFubm90YXRpb24ifQ=="
"PA::prop::DataCellArtifact::D7_NormalizedEpisodeData::record::1::cell::Id::00061","retention_5y","hasErasure","asd","eyJlbmRfbGFiZWwiOiAiRXJhc3VyZUNvbnN0cmFpbnQiLCAic3RhcnRfbGFiZWwiOiAiUHJpdmFjeUFubm90YXRpb24ifQ=="
"PA::prop::DataCellArtifact::D7_NormalizedEpisodeData::record::1::cell::Id::00061","CL","allowsRole","asd","eyJlbmRfbGFiZWwiOiAiQWNjZXNzUm9sZSIsICJzdGFydF9sYWJlbCI6ICJQcml2YWN5QW5ub3RhdGlvbiJ9"
"PA::prop::DataCellArtifact::D7_NormalizedEpisodeData::record::1::cell::Id::00061","DPO","allowsRole","asd","eyJlbmRfbGFiZWwiOiAiQWNjZXNzUm9sZSIsICJzdGFydF9sYWJlbCI6ICJQcml2YWN5QW5ub3RhdGlvbiJ9"
"PA::prop::DataCellArtifact::D7_NormalizedEpisodeData::record::1::cell::window_start::00062","D7_NormalizedEpisodeData::record::1::cell::window_start","annotates","asd","eyJlbmRfbGFiZWwiOiAiRGF0YUNlbGxBcnRpZmFjdCIsICJzdGFydF9sYWJlbCI6ICJQcml2YWN5QW5ub3RhdGlvbiJ9"
"asd_run_001::001::S5_normalise","PA::prop::DataCellArtifact::D7_NormalizedEpisodeData::record::1::cell::window_start::00062","generatedPrivacyAnnotation","asd","eyJlbmRfbGFiZWwiOiAiUHJpdmFjeUFubm90YXRpb24iLCAic3RhcnRfbGFiZWwiOiAiU3RlcFJ1biJ9"
"PA::prop::DataCellArtifact::D7_NormalizedEpisodeData::record::1::cell::window_start::00062","asd_run_001::001::S5_normalise","wasGeneratedBy","asd","eyJlbmRfbGFiZWwiOiAiU3RlcFJ1biIsICJzdGFydF9sYWJlbCI6ICJQcml2YWN5QW5ub3RhdGlvbiJ9"
"PA::prop::DataCellArtifact::D7_NormalizedEpisodeData::record::1::cell::window_start::00062","S5_normalise_policy","usedPolicy","asd","eyJlbmRfbGFiZWwiOiAiT3BlcmF0aW9uUG9saWN5IiwgInN0YXJ0X2xhYmVsIjogIlByaXZhY3lBbm5vdGF0aW9uIn0="
"PA::prop::DataCellArtifact::D7_NormalizedEpisodeData::record::1::cell::window_start::00062","temporal_quasi_identifier","hasCategory","asd","eyJlbmRfbGFiZWwiOiAiU2Vuc2l0aXZpdHlDYXRlZ29yeSIsICJleHBsaWNpdCI6IHRydWUsICJzdGFydF9sYWJlbCI6ICJQcml2YWN5QW5ub3RhdGlvbiJ9"
"PA::prop::DataCellArtifact::D7_NormalizedEpisodeData::record::1::cell::window_start::00062","quasi_identifier","hasCategory","asd","eyJlbmRfbGFiZWwiOiAiU2Vuc2l0aXZpdHlDYXRlZ29yeSIsICJleHBsaWNpdCI6IGZhbHNlLCAic3RhcnRfbGFiZWwiOiAiUHJpdmFjeUFubm90YXRpb24ifQ=="
"PA::prop::DataCellArtifact::D7_NormalizedEpisodeData::record::1::cell::window_start::00062","clinical_research","hasUsage","asd","eyJlbmRfbGFiZWwiOiAiVXNhZ2VDb25zdHJhaW50IiwgInN0YXJ0X2xhYmVsIjogIlByaXZhY3lBbm5vdGF0aW9uIn0="
"PA::prop::DataCellArtifact::D7_NormalizedEpisodeData::record::1::cell::window_start::00062","delete_on_request","hasErasure","asd","eyJlbmRfbGFiZWwiOiAiRXJhc3VyZUNvbnN0cmFpbnQiLCAic3RhcnRfbGFiZWwiOiAiUHJpdmFjeUFubm90YXRpb24ifQ=="
"PA::prop::DataCellArtifact::D7_NormalizedEpisodeData::record::1::cell::window_start::00062","retention_5y","hasErasure","asd","eyJlbmRfbGFiZWwiOiAiRXJhc3VyZUNvbnN0cmFpbnQiLCAic3RhcnRfbGFiZWwiOiAiUHJpdmFjeUFubm90YXRpb24ifQ=="
"PA::prop::DataCellArtifact::D7_NormalizedEpisodeData::record::1::cell::window_start::00062","AU","allowsRole","asd","eyJlbmRfbGFiZWwiOiAiQWNjZXNzUm9sZSIsICJzdGFydF9sYWJlbCI6ICJQcml2YWN5QW5ub3RhdGlvbiJ9"
"PA::prop::DataCellArtifact::D7_NormalizedEpisodeData::record::1::cell::window_start::00062","CL","allowsRole","asd","eyJlbmRfbGFiZWwiOiAiQWNjZXNzUm9sZSIsICJzdGFydF9sYWJlbCI6ICJQcml2YWN5QW5ub3RhdGlvbiJ9"
"PA::prop::DataCellArtifact::D7_NormalizedEpisodeData::record::1::cell::window_start::00062","DPO","allowsRole","asd","eyJlbmRfbGFiZWwiOiAiQWNjZXNzUm9sZSIsICJzdGFydF9sYWJlbCI6ICJQcml2YWN5QW5ub3RhdGlvbiJ9"
"PA::prop::DataCellArtifact::D7_NormalizedEpisodeData::record::1::cell::window_start::00062","DS","allowsRole","asd","eyJlbmRfbGFiZWwiOiAiQWNjZXNzUm9sZSIsICJzdGFydF9sYWJlbCI6ICJQcml2YWN5QW5ub3RhdGlvbiJ9"
"PA::prop::DataCellArtifact::D7_NormalizedEpisodeData::record::1::cell::HR_norm::00063","D7_NormalizedEpisodeData::record::1::cell::HR_norm","annotates","asd","eyJlbmRfbGFiZWwiOiAiRGF0YUNlbGxBcnRpZmFjdCIsICJzdGFydF9sYWJlbCI6ICJQcml2YWN5QW5ub3RhdGlvbiJ9"
"asd_run_001::001::S5_normalise","PA::prop::DataCellArtifact::D7_NormalizedEpisodeData::record::1::cell::HR_norm::00063","generatedPrivacyAnnotation","asd","eyJlbmRfbGFiZWwiOiAiUHJpdmFjeUFubm90YXRpb24iLCAic3RhcnRfbGFiZWwiOiAiU3RlcFJ1biJ9"
"PA::prop::DataCellArtifact::D7_NormalizedEpisodeData::record::1::cell::HR_norm::00063","asd_run_001::001::S5_normalise","wasGeneratedBy","asd","eyJlbmRfbGFiZWwiOiAiU3RlcFJ1biIsICJzdGFydF9sYWJlbCI6ICJQcml2YWN5QW5ub3RhdGlvbiJ9"
"PA::prop::DataCellArtifact::D7_NormalizedEpisodeData::record::1::cell::HR_norm::00063","S5_normalise_policy","usedPolicy","asd","eyJlbmRfbGFiZWwiOiAiT3BlcmF0aW9uUG9saWN5IiwgInN0YXJ0X2xhYmVsIjogIlByaXZhY3lBbm5vdGF0aW9uIn0="
"PA::prop::DataCellArtifact::D7_NormalizedEpisodeData::record::1::cell::HR_norm::00063","biometric","hasCategory","asd","eyJlbmRfbGFiZWwiOiAiU2Vuc2l0aXZpdHlDYXRlZ29yeSIsICJleHBsaWNpdCI6IHRydWUsICJzdGFydF9sYWJlbCI6ICJQcml2YWN5QW5ub3RhdGlvbiJ9"
"PA::prop::DataCellArtifact::D7_NormalizedEpisodeData::record::1::cell::HR_norm::00063","health","hasCategory","asd","eyJlbmRfbGFiZWwiOiAiU2Vuc2l0aXZpdHlDYXRlZ29yeSIsICJleHBsaWNpdCI6IHRydWUsICJzdGFydF9sYWJlbCI6ICJQcml2YWN5QW5ub3RhdGlvbiJ9"
"PA::prop::DataCellArtifact::D7_NormalizedEpisodeData::record::1::cell::HR_norm::00063","sensitive_personal_data","hasCategory","asd","eyJlbmRfbGFiZWwiOiAiU2Vuc2l0aXZpdHlDYXRlZ29yeSIsICJleHBsaWNpdCI6IGZhbHNlLCAic3RhcnRfbGFiZWwiOiAiUHJpdmFjeUFubm90YXRpb24ifQ=="
"PA::prop::DataCellArtifact::D7_NormalizedEpisodeData::record::1::cell::HR_norm::00063","clinical_research","hasUsage","asd","eyJlbmRfbGFiZWwiOiAiVXNhZ2VDb25zdHJhaW50IiwgInN0YXJ0X2xhYmVsIjogIlByaXZhY3lBbm5vdGF0aW9uIn0="
"PA::prop::DataCellArtifact::D7_NormalizedEpisodeData::record::1::cell::HR_norm::00063","delete_on_request","hasErasure","asd","eyJlbmRfbGFiZWwiOiAiRXJhc3VyZUNvbnN0cmFpbnQiLCAic3RhcnRfbGFiZWwiOiAiUHJpdmFjeUFubm90YXRpb24ifQ=="
"PA::prop::DataCellArtifact::D7_NormalizedEpisodeData::record::1::cell::HR_norm::00063","retention_5y","hasErasure","asd","eyJlbmRfbGFiZWwiOiAiRXJhc3VyZUNvbnN0cmFpbnQiLCAic3RhcnRfbGFiZWwiOiAiUHJpdmFjeUFubm90YXRpb24ifQ=="
"PA::prop::DataCellArtifact::D7_NormalizedEpisodeData::record::1::cell::HR_norm::00063","AU","allowsRole","asd","eyJlbmRfbGFiZWwiOiAiQWNjZXNzUm9sZSIsICJzdGFydF9sYWJlbCI6ICJQcml2YWN5QW5ub3RhdGlvbiJ9"
"PA::prop::DataCellArtifact::D7_NormalizedEpisodeData::record::1::cell::HR_norm::00063","CL","allowsRole","asd","eyJlbmRfbGFiZWwiOiAiQWNjZXNzUm9sZSIsICJzdGFydF9sYWJlbCI6ICJQcml2YWN5QW5ub3RhdGlvbiJ9"
"PA::prop::DataCellArtifact::D7_NormalizedEpisodeData::record::1::cell::HR_norm::00063","DPO","allowsRole","asd","eyJlbmRfbGFiZWwiOiAiQWNjZXNzUm9sZSIsICJzdGFydF9sYWJlbCI6ICJQcml2YWN5QW5ub3RhdGlvbiJ9"
"PA::prop::DataCellArtifact::D7_NormalizedEpisodeData::record::1::cell::HR_norm::00063","DS","allowsRole","asd","eyJlbmRfbGFiZWwiOiAiQWNjZXNzUm9sZSIsICJzdGFydF9sYWJlbCI6ICJQcml2YWN5QW5ub3RhdGlvbiJ9"
"PA::prop::DataCellArtifact::D7_NormalizedEpisodeData::record::1::cell::EDA_norm::00064","D7_NormalizedEpisodeData::record::1::cell::EDA_norm","annotates","asd","eyJlbmRfbGFiZWwiOiAiRGF0YUNlbGxBcnRpZmFjdCIsICJzdGFydF9sYWJlbCI6ICJQcml2YWN5QW5ub3RhdGlvbiJ9"
"asd_run_001::001::S5_normalise","PA::prop::DataCellArtifact::D7_NormalizedEpisodeData::record::1::cell::EDA_norm::00064","generatedPrivacyAnnotation","asd","eyJlbmRfbGFiZWwiOiAiUHJpdmFjeUFubm90YXRpb24iLCAic3RhcnRfbGFiZWwiOiAiU3RlcFJ1biJ9"
"PA::prop::DataCellArtifact::D7_NormalizedEpisodeData::record::1::cell::EDA_norm::00064","asd_run_001::001::S5_normalise","wasGeneratedBy","asd","eyJlbmRfbGFiZWwiOiAiU3RlcFJ1biIsICJzdGFydF9sYWJlbCI6ICJQcml2YWN5QW5ub3RhdGlvbiJ9"
"PA::prop::DataCellArtifact::D7_NormalizedEpisodeData::record::1::cell::EDA_norm::00064","S5_normalise_policy","usedPolicy","asd","eyJlbmRfbGFiZWwiOiAiT3BlcmF0aW9uUG9saWN5IiwgInN0YXJ0X2xhYmVsIjogIlByaXZhY3lBbm5vdGF0aW9uIn0="
"PA::prop::DataCellArtifact::D7_NormalizedEpisodeData::record::1::cell::EDA_norm::00064","biometric","hasCategory","asd","eyJlbmRfbGFiZWwiOiAiU2Vuc2l0aXZpdHlDYXRlZ29yeSIsICJleHBsaWNpdCI6IHRydWUsICJzdGFydF9sYWJlbCI6ICJQcml2YWN5QW5ub3RhdGlvbiJ9"
"PA::prop::DataCellArtifact::D7_NormalizedEpisodeData::record::1::cell::EDA_norm::00064","health","hasCategory","asd","eyJlbmRfbGFiZWwiOiAiU2Vuc2l0aXZpdHlDYXRlZ29yeSIsICJleHBsaWNpdCI6IHRydWUsICJzdGFydF9sYWJlbCI6ICJQcml2YWN5QW5ub3RhdGlvbiJ9"
"PA::prop::DataCellArtifact::D7_NormalizedEpisodeData::record::1::cell::EDA_norm::00064","sensitive_personal_data","hasCategory","asd","eyJlbmRfbGFiZWwiOiAiU2Vuc2l0aXZpdHlDYXRlZ29yeSIsICJleHBsaWNpdCI6IGZhbHNlLCAic3RhcnRfbGFiZWwiOiAiUHJpdmFjeUFubm90YXRpb24ifQ=="
"PA::prop::DataCellArtifact::D7_NormalizedEpisodeData::record::1::cell::EDA_norm::00064","clinical_research","hasUsage","asd","eyJlbmRfbGFiZWwiOiAiVXNhZ2VDb25zdHJhaW50IiwgInN0YXJ0X2xhYmVsIjogIlByaXZhY3lBbm5vdGF0aW9uIn0="
"PA::prop::DataCellArtifact::D7_NormalizedEpisodeData::record::1::cell::EDA_norm::00064","delete_on_request","hasErasure","asd","eyJlbmRfbGFiZWwiOiAiRXJhc3VyZUNvbnN0cmFpbnQiLCAic3RhcnRfbGFiZWwiOiAiUHJpdmFjeUFubm90YXRpb24ifQ=="
"PA::prop::DataCellArtifact::D7_NormalizedEpisodeData::record::1::cell::EDA_norm::00064","retention_5y","hasErasure","asd","eyJlbmRfbGFiZWwiOiAiRXJhc3VyZUNvbnN0cmFpbnQiLCAic3RhcnRfbGFiZWwiOiAiUHJpdmFjeUFubm90YXRpb24ifQ=="
"PA::prop::DataCellArtifact::D7_NormalizedEpisodeData::record::1::cell::EDA_norm::00064","AU","allowsRole","asd","eyJlbmRfbGFiZWwiOiAiQWNjZXNzUm9sZSIsICJzdGFydF9sYWJlbCI6ICJQcml2YWN5QW5ub3RhdGlvbiJ9"
"PA::prop::DataCellArtifact::D7_NormalizedEpisodeData::record::1::cell::EDA_norm::00064","CL","allowsRole","asd","eyJlbmRfbGFiZWwiOiAiQWNjZXNzUm9sZSIsICJzdGFydF9sYWJlbCI6ICJQcml2YWN5QW5ub3RhdGlvbiJ9"
"PA::prop::DataCellArtifact::D7_NormalizedEpisodeData::record::1::cell::EDA_norm::00064","DPO","allowsRole","asd","eyJlbmRfbGFiZWwiOiAiQWNjZXNzUm9sZSIsICJzdGFydF9sYWJlbCI6ICJQcml2YWN5QW5ub3RhdGlvbiJ9"
"PA::prop::DataCellArtifact::D7_NormalizedEpisodeData::record::1::cell::EDA_norm::00064","DS","allowsRole","asd","eyJlbmRfbGFiZWwiOiAiQWNjZXNzUm9sZSIsICJzdGFydF9sYWJlbCI6ICJQcml2YWN5QW5ub3RhdGlvbiJ9"
"PA::prop::DataCellArtifact::D7_NormalizedEpisodeData::record::1::cell::ACC_norm::00065","D7_NormalizedEpisodeData::record::1::cell::ACC_norm","annotates","asd","eyJlbmRfbGFiZWwiOiAiRGF0YUNlbGxBcnRpZmFjdCIsICJzdGFydF9sYWJlbCI6ICJQcml2YWN5QW5ub3RhdGlvbiJ9"
"asd_run_001::001::S5_normalise","PA::prop::DataCellArtifact::D7_NormalizedEpisodeData::record::1::cell::ACC_norm::00065","generatedPrivacyAnnotation","asd","eyJlbmRfbGFiZWwiOiAiUHJpdmFjeUFubm90YXRpb24iLCAic3RhcnRfbGFiZWwiOiAiU3RlcFJ1biJ9"
"PA::prop::DataCellArtifact::D7_NormalizedEpisodeData::record::1::cell::ACC_norm::00065","asd_run_001::001::S5_normalise","wasGeneratedBy","asd","eyJlbmRfbGFiZWwiOiAiU3RlcFJ1biIsICJzdGFydF9sYWJlbCI6ICJQcml2YWN5QW5ub3RhdGlvbiJ9"
"PA::prop::DataCellArtifact::D7_NormalizedEpisodeData::record::1::cell::ACC_norm::00065","S5_normalise_policy","usedPolicy","asd","eyJlbmRfbGFiZWwiOiAiT3BlcmF0aW9uUG9saWN5IiwgInN0YXJ0X2xhYmVsIjogIlByaXZhY3lBbm5vdGF0aW9uIn0="
"PA::prop::DataCellArtifact::D7_NormalizedEpisodeData::record::1::cell::ACC_norm::00065","behavioural_sensor_data","hasCategory","asd","eyJlbmRfbGFiZWwiOiAiU2Vuc2l0aXZpdHlDYXRlZ29yeSIsICJleHBsaWNpdCI6IHRydWUsICJzdGFydF9sYWJlbCI6ICJQcml2YWN5QW5ub3RhdGlvbiJ9"
"PA::prop::DataCellArtifact::D7_NormalizedEpisodeData::record::1::cell::ACC_norm::00065","clinical_research","hasUsage","asd","eyJlbmRfbGFiZWwiOiAiVXNhZ2VDb25zdHJhaW50IiwgInN0YXJ0X2xhYmVsIjogIlByaXZhY3lBbm5vdGF0aW9uIn0="
"PA::prop::DataCellArtifact::D7_NormalizedEpisodeData::record::1::cell::ACC_norm::00065","delete_on_request","hasErasure","asd","eyJlbmRfbGFiZWwiOiAiRXJhc3VyZUNvbnN0cmFpbnQiLCAic3RhcnRfbGFiZWwiOiAiUHJpdmFjeUFubm90YXRpb24ifQ=="
"PA::prop::DataCellArtifact::D7_NormalizedEpisodeData::record::1::cell::ACC_norm::00065","retention_5y","hasErasure","asd","eyJlbmRfbGFiZWwiOiAiRXJhc3VyZUNvbnN0cmFpbnQiLCAic3RhcnRfbGFiZWwiOiAiUHJpdmFjeUFubm90YXRpb24ifQ=="
"PA::prop::DataCellArtifact::D7_NormalizedEpisodeData::record::1::cell::ACC_norm::00065","AU","allowsRole","asd","eyJlbmRfbGFiZWwiOiAiQWNjZXNzUm9sZSIsICJzdGFydF9sYWJlbCI6ICJQcml2YWN5QW5ub3RhdGlvbiJ9"
"PA::prop::DataCellArtifact::D7_NormalizedEpisodeData::record::1::cell::ACC_norm::00065","CL","allowsRole","asd","eyJlbmRfbGFiZWwiOiAiQWNjZXNzUm9sZSIsICJzdGFydF9sYWJlbCI6ICJQcml2YWN5QW5ub3RhdGlvbiJ9"
"PA::prop::DataCellArtifact::D7_NormalizedEpisodeData::record::1::cell::ACC_norm::00065","DPO","allowsRole","asd","eyJlbmRfbGFiZWwiOiAiQWNjZXNzUm9sZSIsICJzdGFydF9sYWJlbCI6ICJQcml2YWN5QW5ub3RhdGlvbiJ9"
"PA::prop::DataCellArtifact::D7_NormalizedEpisodeData::record::1::cell::ACC_norm::00065","DS","allowsRole","asd","eyJlbmRfbGFiZWwiOiAiQWNjZXNzUm9sZSIsICJzdGFydF9sYWJlbCI6ICJQcml2YWN5QW5ub3RhdGlvbiJ9"
"PA::prop::DataCellArtifact::D7_NormalizedEpisodeData::record::1::cell::chall_behav::00066","D7_NormalizedEpisodeData::record::1::cell::chall_behav","annotates","asd","eyJlbmRfbGFiZWwiOiAiRGF0YUNlbGxBcnRpZmFjdCIsICJzdGFydF9sYWJlbCI6ICJQcml2YWN5QW5ub3RhdGlvbiJ9"
"asd_run_001::001::S5_normalise","PA::prop::DataCellArtifact::D7_NormalizedEpisodeData::record::1::cell::chall_behav::00066","generatedPrivacyAnnotation","asd","eyJlbmRfbGFiZWwiOiAiUHJpdmFjeUFubm90YXRpb24iLCAic3RhcnRfbGFiZWwiOiAiU3RlcFJ1biJ9"
"PA::prop::DataCellArtifact::D7_NormalizedEpisodeData::record::1::cell::chall_behav::00066","asd_run_001::001::S5_normalise","wasGeneratedBy","asd","eyJlbmRfbGFiZWwiOiAiU3RlcFJ1biIsICJzdGFydF9sYWJlbCI6ICJQcml2YWN5QW5ub3RhdGlvbiJ9"
"PA::prop::DataCellArtifact::D7_NormalizedEpisodeData::record::1::cell::chall_behav::00066","S5_normalise_policy","usedPolicy","asd","eyJlbmRfbGFiZWwiOiAiT3BlcmF0aW9uUG9saWN5IiwgInN0YXJ0X2xhYmVsIjogIlByaXZhY3lBbm5vdGF0aW9uIn0="
"PA::prop::DataCellArtifact::D7_NormalizedEpisodeData::record::1::cell::chall_behav::00066","health","hasCategory","asd","eyJlbmRfbGFiZWwiOiAiU2Vuc2l0aXZpdHlDYXRlZ29yeSIsICJleHBsaWNpdCI6IHRydWUsICJzdGFydF9sYWJlbCI6ICJQcml2YWN5QW5ub3RhdGlvbiJ9"
"PA::prop::DataCellArtifact::D7_NormalizedEpisodeData::record::1::cell::chall_behav::00066","behavioural_sensitive","hasCategory","asd","eyJlbmRfbGFiZWwiOiAiU2Vuc2l0aXZpdHlDYXRlZ29yeSIsICJleHBsaWNpdCI6IHRydWUsICJzdGFydF9sYWJlbCI6ICJQcml2YWN5QW5ub3RhdGlvbiJ9"
"PA::prop::DataCellArtifact::D7_NormalizedEpisodeData::record::1::cell::chall_behav::00066","sensitive_personal_data","hasCategory","asd","eyJlbmRfbGFiZWwiOiAiU2Vuc2l0aXZpdHlDYXRlZ29yeSIsICJleHBsaWNpdCI6IGZhbHNlLCAic3RhcnRfbGFiZWwiOiAiUHJpdmFjeUFubm90YXRpb24ifQ=="
"PA::prop::DataCellArtifact::D7_NormalizedEpisodeData::record::1::cell::chall_behav::00066","clinical_research","hasUsage","asd","eyJlbmRfbGFiZWwiOiAiVXNhZ2VDb25zdHJhaW50IiwgInN0YXJ0X2xhYmVsIjogIlByaXZhY3lBbm5vdGF0aW9uIn0="
"PA::prop::DataCellArtifact::D7_NormalizedEpisodeData::record::1::cell::chall_behav::00066","delete_on_request","hasErasure","asd","eyJlbmRfbGFiZWwiOiAiRXJhc3VyZUNvbnN0cmFpbnQiLCAic3RhcnRfbGFiZWwiOiAiUHJpdmFjeUFubm90YXRpb24ifQ=="
"PA::prop::DataCellArtifact::D7_NormalizedEpisodeData::record::1::cell::chall_behav::00066","retention_5y","hasErasure","asd","eyJlbmRfbGFiZWwiOiAiRXJhc3VyZUNvbnN0cmFpbnQiLCAic3RhcnRfbGFiZWwiOiAiUHJpdmFjeUFubm90YXRpb24ifQ=="
"PA::prop::DataCellArtifact::D7_NormalizedEpisodeData::record::1::cell::chall_behav::00066","AU","allowsRole","asd","eyJlbmRfbGFiZWwiOiAiQWNjZXNzUm9sZSIsICJzdGFydF9sYWJlbCI6ICJQcml2YWN5QW5ub3RhdGlvbiJ9"
"PA::prop::DataCellArtifact::D7_NormalizedEpisodeData::record::1::cell::chall_behav::00066","CL","allowsRole","asd","eyJlbmRfbGFiZWwiOiAiQWNjZXNzUm9sZSIsICJzdGFydF9sYWJlbCI6ICJQcml2YWN5QW5ub3RhdGlvbiJ9"
"PA::prop::DataCellArtifact::D7_NormalizedEpisodeData::record::1::cell::chall_behav::00066","DPO","allowsRole","asd","eyJlbmRfbGFiZWwiOiAiQWNjZXNzUm9sZSIsICJzdGFydF9sYWJlbCI6ICJQcml2YWN5QW5ub3RhdGlvbiJ9"
"PA::prop::DataCellArtifact::D7_NormalizedEpisodeData::record::1::cell::chall_behav::00066","DS","allowsRole","asd","eyJlbmRfbGFiZWwiOiAiQWNjZXNzUm9sZSIsICJzdGFydF9sYWJlbCI6ICJQcml2YWN5QW5ub3RhdGlvbiJ9"
"PA::prop::DataCellArtifact::D7_NormalizedEpisodeData::record::1::cell::sev::00067","D7_NormalizedEpisodeData::record::1::cell::sev","annotates","asd","eyJlbmRfbGFiZWwiOiAiRGF0YUNlbGxBcnRpZmFjdCIsICJzdGFydF9sYWJlbCI6ICJQcml2YWN5QW5ub3RhdGlvbiJ9"
"asd_run_001::001::S5_normalise","PA::prop::DataCellArtifact::D7_NormalizedEpisodeData::record::1::cell::sev::00067","generatedPrivacyAnnotation","asd","eyJlbmRfbGFiZWwiOiAiUHJpdmFjeUFubm90YXRpb24iLCAic3RhcnRfbGFiZWwiOiAiU3RlcFJ1biJ9"
"PA::prop::DataCellArtifact::D7_NormalizedEpisodeData::record::1::cell::sev::00067","asd_run_001::001::S5_normalise","wasGeneratedBy","asd","eyJlbmRfbGFiZWwiOiAiU3RlcFJ1biIsICJzdGFydF9sYWJlbCI6ICJQcml2YWN5QW5ub3RhdGlvbiJ9"
"PA::prop::DataCellArtifact::D7_NormalizedEpisodeData::record::1::cell::sev::00067","S5_normalise_policy","usedPolicy","asd","eyJlbmRfbGFiZWwiOiAiT3BlcmF0aW9uUG9saWN5IiwgInN0YXJ0X2xhYmVsIjogIlByaXZhY3lBbm5vdGF0aW9uIn0="
"PA::prop::DataCellArtifact::D7_NormalizedEpisodeData::record::1::cell::sev::00067","health","hasCategory","asd","eyJlbmRfbGFiZWwiOiAiU2Vuc2l0aXZpdHlDYXRlZ29yeSIsICJleHBsaWNpdCI6IHRydWUsICJzdGFydF9sYWJlbCI6ICJQcml2YWN5QW5ub3RhdGlvbiJ9"
"PA::prop::DataCellArtifact::D7_NormalizedEpisodeData::record::1::cell::sev::00067","behavioural_sensitive","hasCategory","asd","eyJlbmRfbGFiZWwiOiAiU2Vuc2l0aXZpdHlDYXRlZ29yeSIsICJleHBsaWNpdCI6IHRydWUsICJzdGFydF9sYWJlbCI6ICJQcml2YWN5QW5ub3RhdGlvbiJ9"
"PA::prop::DataCellArtifact::D7_NormalizedEpisodeData::record::1::cell::sev::00067","sensitive_personal_data","hasCategory","asd","eyJlbmRfbGFiZWwiOiAiU2Vuc2l0aXZpdHlDYXRlZ29yeSIsICJleHBsaWNpdCI6IGZhbHNlLCAic3RhcnRfbGFiZWwiOiAiUHJpdmFjeUFubm90YXRpb24ifQ=="
"PA::prop::DataCellArtifact::D7_NormalizedEpisodeData::record::1::cell::sev::00067","clinical_research","hasUsage","asd","eyJlbmRfbGFiZWwiOiAiVXNhZ2VDb25zdHJhaW50IiwgInN0YXJ0X2xhYmVsIjogIlByaXZhY3lBbm5vdGF0aW9uIn0="
"PA::prop::DataCellArtifact::D7_NormalizedEpisodeData::record::1::cell::sev::00067","delete_on_request","hasErasure","asd","eyJlbmRfbGFiZWwiOiAiRXJhc3VyZUNvbnN0cmFpbnQiLCAic3RhcnRfbGFiZWwiOiAiUHJpdmFjeUFubm90YXRpb24ifQ=="
"PA::prop::DataCellArtifact::D7_NormalizedEpisodeData::record::1::cell::sev::00067","retention_5y","hasErasure","asd","eyJlbmRfbGFiZWwiOiAiRXJhc3VyZUNvbnN0cmFpbnQiLCAic3RhcnRfbGFiZWwiOiAiUHJpdmFjeUFubm90YXRpb24ifQ=="
"PA::prop::DataCellArtifact::D7_NormalizedEpisodeData::record::1::cell::sev::00067","AU","allowsRole","asd","eyJlbmRfbGFiZWwiOiAiQWNjZXNzUm9sZSIsICJzdGFydF9sYWJlbCI6ICJQcml2YWN5QW5ub3RhdGlvbiJ9"
"PA::prop::DataCellArtifact::D7_NormalizedEpisodeData::record::1::cell::sev::00067","CL","allowsRole","asd","eyJlbmRfbGFiZWwiOiAiQWNjZXNzUm9sZSIsICJzdGFydF9sYWJlbCI6ICJQcml2YWN5QW5ub3RhdGlvbiJ9"
"PA::prop::DataCellArtifact::D7_NormalizedEpisodeData::record::1::cell::sev::00067","DPO","allowsRole","asd","eyJlbmRfbGFiZWwiOiAiQWNjZXNzUm9sZSIsICJzdGFydF9sYWJlbCI6ICJQcml2YWN5QW5ub3RhdGlvbiJ9"
"PA::prop::DataCellArtifact::D7_NormalizedEpisodeData::record::1::cell::sev::00067","DS","allowsRole","asd","eyJlbmRfbGFiZWwiOiAiQWNjZXNzUm9sZSIsICJzdGFydF9sYWJlbCI6ICJQcml2YWN5QW5ub3RhdGlvbiJ9"
"PA::prop::DataCellArtifact::D7_NormalizedEpisodeData::record::1::cell::age_grp::00068","D7_NormalizedEpisodeData::record::1::cell::age_grp","annotates","asd","eyJlbmRfbGFiZWwiOiAiRGF0YUNlbGxBcnRpZmFjdCIsICJzdGFydF9sYWJlbCI6ICJQcml2YWN5QW5ub3RhdGlvbiJ9"
"asd_run_001::001::S5_normalise","PA::prop::DataCellArtifact::D7_NormalizedEpisodeData::record::1::cell::age_grp::00068","generatedPrivacyAnnotation","asd","eyJlbmRfbGFiZWwiOiAiUHJpdmFjeUFubm90YXRpb24iLCAic3RhcnRfbGFiZWwiOiAiU3RlcFJ1biJ9"
"PA::prop::DataCellArtifact::D7_NormalizedEpisodeData::record::1::cell::age_grp::00068","asd_run_001::001::S5_normalise","wasGeneratedBy","asd","eyJlbmRfbGFiZWwiOiAiU3RlcFJ1biIsICJzdGFydF9sYWJlbCI6ICJQcml2YWN5QW5ub3RhdGlvbiJ9"
"PA::prop::DataCellArtifact::D7_NormalizedEpisodeData::record::1::cell::age_grp::00068","S5_normalise_policy","usedPolicy","asd","eyJlbmRfbGFiZWwiOiAiT3BlcmF0aW9uUG9saWN5IiwgInN0YXJ0X2xhYmVsIjogIlByaXZhY3lBbm5vdGF0aW9uIn0="
"PA::prop::DataCellArtifact::D7_NormalizedEpisodeData::record::1::cell::age_grp::00068","quasi_identifier","hasCategory","asd","eyJlbmRfbGFiZWwiOiAiU2Vuc2l0aXZpdHlDYXRlZ29yeSIsICJleHBsaWNpdCI6IHRydWUsICJzdGFydF9sYWJlbCI6ICJQcml2YWN5QW5ub3RhdGlvbiJ9"
"PA::prop::DataCellArtifact::D7_NormalizedEpisodeData::record::1::cell::age_grp::00068","clinical_research","hasUsage","asd","eyJlbmRfbGFiZWwiOiAiVXNhZ2VDb25zdHJhaW50IiwgInN0YXJ0X2xhYmVsIjogIlByaXZhY3lBbm5vdGF0aW9uIn0="
"PA::prop::DataCellArtifact::D7_NormalizedEpisodeData::record::1::cell::age_grp::00068","delete_on_request","hasErasure","asd","eyJlbmRfbGFiZWwiOiAiRXJhc3VyZUNvbnN0cmFpbnQiLCAic3RhcnRfbGFiZWwiOiAiUHJpdmFjeUFubm90YXRpb24ifQ=="
"PA::prop::DataCellArtifact::D7_NormalizedEpisodeData::record::1::cell::age_grp::00068","retention_5y","hasErasure","asd","eyJlbmRfbGFiZWwiOiAiRXJhc3VyZUNvbnN0cmFpbnQiLCAic3RhcnRfbGFiZWwiOiAiUHJpdmFjeUFubm90YXRpb24ifQ=="
"PA::prop::DataCellArtifact::D7_NormalizedEpisodeData::record::1::cell::age_grp::00068","AU","allowsRole","asd","eyJlbmRfbGFiZWwiOiAiQWNjZXNzUm9sZSIsICJzdGFydF9sYWJlbCI6ICJQcml2YWN5QW5ub3RhdGlvbiJ9"
"PA::prop::DataCellArtifact::D7_NormalizedEpisodeData::record::1::cell::age_grp::00068","CL","allowsRole","asd","eyJlbmRfbGFiZWwiOiAiQWNjZXNzUm9sZSIsICJzdGFydF9sYWJlbCI6ICJQcml2YWN5QW5ub3RhdGlvbiJ9"
"PA::prop::DataCellArtifact::D7_NormalizedEpisodeData::record::1::cell::age_grp::00068","DPO","allowsRole","asd","eyJlbmRfbGFiZWwiOiAiQWNjZXNzUm9sZSIsICJzdGFydF9sYWJlbCI6ICJQcml2YWN5QW5ub3RhdGlvbiJ9"
"PA::prop::DataCellArtifact::D7_NormalizedEpisodeData::record::1::cell::age_grp::00068","DS","allowsRole","asd","eyJlbmRfbGFiZWwiOiAiQWNjZXNzUm9sZSIsICJzdGFydF9sYWJlbCI6ICJQcml2YWN5QW5ub3RhdGlvbiJ9"
"PA::prop::DataCellArtifact::D7_NormalizedEpisodeData::record::1::cell::sex::00069","D7_NormalizedEpisodeData::record::1::cell::sex","annotates","asd","eyJlbmRfbGFiZWwiOiAiRGF0YUNlbGxBcnRpZmFjdCIsICJzdGFydF9sYWJlbCI6ICJQcml2YWN5QW5ub3RhdGlvbiJ9"
"asd_run_001::001::S5_normalise","PA::prop::DataCellArtifact::D7_NormalizedEpisodeData::record::1::cell::sex::00069","generatedPrivacyAnnotation","asd","eyJlbmRfbGFiZWwiOiAiUHJpdmFjeUFubm90YXRpb24iLCAic3RhcnRfbGFiZWwiOiAiU3RlcFJ1biJ9"
"PA::prop::DataCellArtifact::D7_NormalizedEpisodeData::record::1::cell::sex::00069","asd_run_001::001::S5_normalise","wasGeneratedBy","asd","eyJlbmRfbGFiZWwiOiAiU3RlcFJ1biIsICJzdGFydF9sYWJlbCI6ICJQcml2YWN5QW5ub3RhdGlvbiJ9"
"PA::prop::DataCellArtifact::D7_NormalizedEpisodeData::record::1::cell::sex::00069","S5_normalise_policy","usedPolicy","asd","eyJlbmRfbGFiZWwiOiAiT3BlcmF0aW9uUG9saWN5IiwgInN0YXJ0X2xhYmVsIjogIlByaXZhY3lBbm5vdGF0aW9uIn0="
"PA::prop::DataCellArtifact::D7_NormalizedEpisodeData::record::1::cell::sex::00069","quasi_identifier","hasCategory","asd","eyJlbmRfbGFiZWwiOiAiU2Vuc2l0aXZpdHlDYXRlZ29yeSIsICJleHBsaWNpdCI6IHRydWUsICJzdGFydF9sYWJlbCI6ICJQcml2YWN5QW5ub3RhdGlvbiJ9"
"PA::prop::DataCellArtifact::D7_NormalizedEpisodeData::record::1::cell::sex::00069","clinical_research","hasUsage","asd","eyJlbmRfbGFiZWwiOiAiVXNhZ2VDb25zdHJhaW50IiwgInN0YXJ0X2xhYmVsIjogIlByaXZhY3lBbm5vdGF0aW9uIn0="
"PA::prop::DataCellArtifact::D7_NormalizedEpisodeData::record::1::cell::sex::00069","delete_on_request","hasErasure","asd","eyJlbmRfbGFiZWwiOiAiRXJhc3VyZUNvbnN0cmFpbnQiLCAic3RhcnRfbGFiZWwiOiAiUHJpdmFjeUFubm90YXRpb24ifQ=="
"PA::prop::DataCellArtifact::D7_NormalizedEpisodeData::record::1::cell::sex::00069","retention_5y","hasErasure","asd","eyJlbmRfbGFiZWwiOiAiRXJhc3VyZUNvbnN0cmFpbnQiLCAic3RhcnRfbGFiZWwiOiAiUHJpdmFjeUFubm90YXRpb24ifQ=="
"PA::prop::DataCellArtifact::D7_NormalizedEpisodeData::record::1::cell::sex::00069","AU","allowsRole","asd","eyJlbmRfbGFiZWwiOiAiQWNjZXNzUm9sZSIsICJzdGFydF9sYWJlbCI6ICJQcml2YWN5QW5ub3RhdGlvbiJ9"
"PA::prop::DataCellArtifact::D7_NormalizedEpisodeData::record::1::cell::sex::00069","CL","allowsRole","asd","eyJlbmRfbGFiZWwiOiAiQWNjZXNzUm9sZSIsICJzdGFydF9sYWJlbCI6ICJQcml2YWN5QW5ub3RhdGlvbiJ9"
"PA::prop::DataCellArtifact::D7_NormalizedEpisodeData::record::1::cell::sex::00069","DPO","allowsRole","asd","eyJlbmRfbGFiZWwiOiAiQWNjZXNzUm9sZSIsICJzdGFydF9sYWJlbCI6ICJQcml2YWN5QW5ub3RhdGlvbiJ9"
"PA::prop::DataCellArtifact::D7_NormalizedEpisodeData::record::1::cell::sex::00069","DS","allowsRole","asd","eyJlbmRfbGFiZWwiOiAiQWNjZXNzUm9sZSIsICJzdGFydF9sYWJlbCI6ICJQcml2YWN5QW5ub3RhdGlvbiJ9"
"PA::prop::DataCellArtifact::D7_NormalizedEpisodeData::record::1::cell::clinic_site::00070","D7_NormalizedEpisodeData::record::1::cell::clinic_site","annotates","asd","eyJlbmRfbGFiZWwiOiAiRGF0YUNlbGxBcnRpZmFjdCIsICJzdGFydF9sYWJlbCI6ICJQcml2YWN5QW5ub3RhdGlvbiJ9"
"asd_run_001::001::S5_normalise","PA::prop::DataCellArtifact::D7_NormalizedEpisodeData::record::1::cell::clinic_site::00070","generatedPrivacyAnnotation","asd","eyJlbmRfbGFiZWwiOiAiUHJpdmFjeUFubm90YXRpb24iLCAic3RhcnRfbGFiZWwiOiAiU3RlcFJ1biJ9"
"PA::prop::DataCellArtifact::D7_NormalizedEpisodeData::record::1::cell::clinic_site::00070","asd_run_001::001::S5_normalise","wasGeneratedBy","asd","eyJlbmRfbGFiZWwiOiAiU3RlcFJ1biIsICJzdGFydF9sYWJlbCI6ICJQcml2YWN5QW5ub3RhdGlvbiJ9"
"PA::prop::DataCellArtifact::D7_NormalizedEpisodeData::record::1::cell::clinic_site::00070","S5_normalise_policy","usedPolicy","asd","eyJlbmRfbGFiZWwiOiAiT3BlcmF0aW9uUG9saWN5IiwgInN0YXJ0X2xhYmVsIjogIlByaXZhY3lBbm5vdGF0aW9uIn0="
"PA::prop::DataCellArtifact::D7_NormalizedEpisodeData::record::1::cell::clinic_site::00070","quasi_identifier","hasCategory","asd","eyJlbmRfbGFiZWwiOiAiU2Vuc2l0aXZpdHlDYXRlZ29yeSIsICJleHBsaWNpdCI6IHRydWUsICJzdGFydF9sYWJlbCI6ICJQcml2YWN5QW5ub3RhdGlvbiJ9"
"PA::prop::DataCellArtifact::D7_NormalizedEpisodeData::record::1::cell::clinic_site::00070","organisational_context","hasCategory","asd","eyJlbmRfbGFiZWwiOiAiU2Vuc2l0aXZpdHlDYXRlZ29yeSIsICJleHBsaWNpdCI6IHRydWUsICJzdGFydF9sYWJlbCI6ICJQcml2YWN5QW5ub3RhdGlvbiJ9"
"PA::prop::DataCellArtifact::D7_NormalizedEpisodeData::record::1::cell::clinic_site::00070","clinical_research","hasUsage","asd","eyJlbmRfbGFiZWwiOiAiVXNhZ2VDb25zdHJhaW50IiwgInN0YXJ0X2xhYmVsIjogIlByaXZhY3lBbm5vdGF0aW9uIn0="
"PA::prop::DataCellArtifact::D7_NormalizedEpisodeData::record::1::cell::clinic_site::00070","delete_on_request","hasErasure","asd","eyJlbmRfbGFiZWwiOiAiRXJhc3VyZUNvbnN0cmFpbnQiLCAic3RhcnRfbGFiZWwiOiAiUHJpdmFjeUFubm90YXRpb24ifQ=="
"PA::prop::DataCellArtifact::D7_NormalizedEpisodeData::record::1::cell::clinic_site::00070","retention_5y","hasErasure","asd","eyJlbmRfbGFiZWwiOiAiRXJhc3VyZUNvbnN0cmFpbnQiLCAic3RhcnRfbGFiZWwiOiAiUHJpdmFjeUFubm90YXRpb24ifQ=="
"PA::prop::DataCellArtifact::D7_NormalizedEpisodeData::record::1::cell::clinic_site::00070","AU","allowsRole","asd","eyJlbmRfbGFiZWwiOiAiQWNjZXNzUm9sZSIsICJzdGFydF9sYWJlbCI6ICJQcml2YWN5QW5ub3RhdGlvbiJ9"
"PA::prop::DataCellArtifact::D7_NormalizedEpisodeData::record::1::cell::clinic_site::00070","CL","allowsRole","asd","eyJlbmRfbGFiZWwiOiAiQWNjZXNzUm9sZSIsICJzdGFydF9sYWJlbCI6ICJQcml2YWN5QW5ub3RhdGlvbiJ9"
"PA::prop::DataCellArtifact::D7_NormalizedEpisodeData::record::1::cell::clinic_site::00070","DPO","allowsRole","asd","eyJlbmRfbGFiZWwiOiAiQWNjZXNzUm9sZSIsICJzdGFydF9sYWJlbCI6ICJQcml2YWN5QW5ub3RhdGlvbiJ9"
"PA::prop::DataCellArtifact::D7_NormalizedEpisodeData::record::1::cell::diag::00071","D7_NormalizedEpisodeData::record::1::cell::diag","annotates","asd","eyJlbmRfbGFiZWwiOiAiRGF0YUNlbGxBcnRpZmFjdCIsICJzdGFydF9sYWJlbCI6ICJQcml2YWN5QW5ub3RhdGlvbiJ9"
"asd_run_001::001::S5_normalise","PA::prop::DataCellArtifact::D7_NormalizedEpisodeData::record::1::cell::diag::00071","generatedPrivacyAnnotation","asd","eyJlbmRfbGFiZWwiOiAiUHJpdmFjeUFubm90YXRpb24iLCAic3RhcnRfbGFiZWwiOiAiU3RlcFJ1biJ9"
"PA::prop::DataCellArtifact::D7_NormalizedEpisodeData::record::1::cell::diag::00071","asd_run_001::001::S5_normalise","wasGeneratedBy","asd","eyJlbmRfbGFiZWwiOiAiU3RlcFJ1biIsICJzdGFydF9sYWJlbCI6ICJQcml2YWN5QW5ub3RhdGlvbiJ9"
"PA::prop::DataCellArtifact::D7_NormalizedEpisodeData::record::1::cell::diag::00071","S5_normalise_policy","usedPolicy","asd","eyJlbmRfbGFiZWwiOiAiT3BlcmF0aW9uUG9saWN5IiwgInN0YXJ0X2xhYmVsIjogIlByaXZhY3lBbm5vdGF0aW9uIn0="
"PA::prop::DataCellArtifact::D7_NormalizedEpisodeData::record::1::cell::diag::00071","health","hasCategory","asd","eyJlbmRfbGFiZWwiOiAiU2Vuc2l0aXZpdHlDYXRlZ29yeSIsICJleHBsaWNpdCI6IHRydWUsICJzdGFydF9sYWJlbCI6ICJQcml2YWN5QW5ub3RhdGlvbiJ9"
"PA::prop::DataCellArtifact::D7_NormalizedEpisodeData::record::1::cell::diag::00071","sensitive_personal_data","hasCategory","asd","eyJlbmRfbGFiZWwiOiAiU2Vuc2l0aXZpdHlDYXRlZ29yeSIsICJleHBsaWNpdCI6IHRydWUsICJzdGFydF9sYWJlbCI6ICJQcml2YWN5QW5ub3RhdGlvbiJ9"
"PA::prop::DataCellArtifact::D7_NormalizedEpisodeData::record::1::cell::diag::00071","clinical_research","hasUsage","asd","eyJlbmRfbGFiZWwiOiAiVXNhZ2VDb25zdHJhaW50IiwgInN0YXJ0X2xhYmVsIjogIlByaXZhY3lBbm5vdGF0aW9uIn0="
"PA::prop::DataCellArtifact::D7_NormalizedEpisodeData::record::1::cell::diag::00071","delete_on_request","hasErasure","asd","eyJlbmRfbGFiZWwiOiAiRXJhc3VyZUNvbnN0cmFpbnQiLCAic3RhcnRfbGFiZWwiOiAiUHJpdmFjeUFubm90YXRpb24ifQ=="
"PA::prop::DataCellArtifact::D7_NormalizedEpisodeData::record::1::cell::diag::00071","retention_5y","hasErasure","asd","eyJlbmRfbGFiZWwiOiAiRXJhc3VyZUNvbnN0cmFpbnQiLCAic3RhcnRfbGFiZWwiOiAiUHJpdmFjeUFubm90YXRpb24ifQ=="
"PA::prop::DataCellArtifact::D7_NormalizedEpisodeData::record::1::cell::diag::00071","AU","allowsRole","asd","eyJlbmRfbGFiZWwiOiAiQWNjZXNzUm9sZSIsICJzdGFydF9sYWJlbCI6ICJQcml2YWN5QW5ub3RhdGlvbiJ9"
"PA::prop::DataCellArtifact::D7_NormalizedEpisodeData::record::1::cell::diag::00071","CL","allowsRole","asd","eyJlbmRfbGFiZWwiOiAiQWNjZXNzUm9sZSIsICJzdGFydF9sYWJlbCI6ICJQcml2YWN5QW5ub3RhdGlvbiJ9"
"PA::prop::DataCellArtifact::D7_NormalizedEpisodeData::record::1::cell::diag::00071","DPO","allowsRole","asd","eyJlbmRfbGFiZWwiOiAiQWNjZXNzUm9sZSIsICJzdGFydF9sYWJlbCI6ICJQcml2YWN5QW5ub3RhdGlvbiJ9"
"PA::prop::DataCellArtifact::D7_NormalizedEpisodeData::record::2::cell::Id::00072","D7_NormalizedEpisodeData::record::2::cell::Id","annotates","asd","eyJlbmRfbGFiZWwiOiAiRGF0YUNlbGxBcnRpZmFjdCIsICJzdGFydF9sYWJlbCI6ICJQcml2YWN5QW5ub3RhdGlvbiJ9"
"asd_run_001::001::S5_normalise","PA::prop::DataCellArtifact::D7_NormalizedEpisodeData::record::2::cell::Id::00072","generatedPrivacyAnnotation","asd","eyJlbmRfbGFiZWwiOiAiUHJpdmFjeUFubm90YXRpb24iLCAic3RhcnRfbGFiZWwiOiAiU3RlcFJ1biJ9"
"PA::prop::DataCellArtifact::D7_NormalizedEpisodeData::record::2::cell::Id::00072","asd_run_001::001::S5_normalise","wasGeneratedBy","asd","eyJlbmRfbGFiZWwiOiAiU3RlcFJ1biIsICJzdGFydF9sYWJlbCI6ICJQcml2YWN5QW5ub3RhdGlvbiJ9"
"PA::prop::DataCellArtifact::D7_NormalizedEpisodeData::record::2::cell::Id::00072","S5_normalise_policy","usedPolicy","asd","eyJlbmRfbGFiZWwiOiAiT3BlcmF0aW9uUG9saWN5IiwgInN0YXJ0X2xhYmVsIjogIlByaXZhY3lBbm5vdGF0aW9uIn0="
"PA::prop::DataCellArtifact::D7_NormalizedEpisodeData::record::2::cell::Id::00072","direct_identifier","hasCategory","asd","eyJlbmRfbGFiZWwiOiAiU2Vuc2l0aXZpdHlDYXRlZ29yeSIsICJleHBsaWNpdCI6IHRydWUsICJzdGFydF9sYWJlbCI6ICJQcml2YWN5QW5ub3RhdGlvbiJ9"
"PA::prop::DataCellArtifact::D7_NormalizedEpisodeData::record::2::cell::Id::00072","identifier","hasCategory","asd","eyJlbmRfbGFiZWwiOiAiU2Vuc2l0aXZpdHlDYXRlZ29yeSIsICJleHBsaWNpdCI6IGZhbHNlLCAic3RhcnRfbGFiZWwiOiAiUHJpdmFjeUFubm90YXRpb24ifQ=="
"PA::prop::DataCellArtifact::D7_NormalizedEpisodeData::record::2::cell::Id::00072","clinical_research","hasUsage","asd","eyJlbmRfbGFiZWwiOiAiVXNhZ2VDb25zdHJhaW50IiwgInN0YXJ0X2xhYmVsIjogIlByaXZhY3lBbm5vdGF0aW9uIn0="
"PA::prop::DataCellArtifact::D7_NormalizedEpisodeData::record::2::cell::Id::00072","delete_on_request","hasErasure","asd","eyJlbmRfbGFiZWwiOiAiRXJhc3VyZUNvbnN0cmFpbnQiLCAic3RhcnRfbGFiZWwiOiAiUHJpdmFjeUFubm90YXRpb24ifQ=="
"PA::prop::DataCellArtifact::D7_NormalizedEpisodeData::record::2::cell::Id::00072","retention_5y","hasErasure","asd","eyJlbmRfbGFiZWwiOiAiRXJhc3VyZUNvbnN0cmFpbnQiLCAic3RhcnRfbGFiZWwiOiAiUHJpdmFjeUFubm90YXRpb24ifQ=="
"PA::prop::DataCellArtifact::D7_NormalizedEpisodeData::record::2::cell::Id::00072","CL","allowsRole","asd","eyJlbmRfbGFiZWwiOiAiQWNjZXNzUm9sZSIsICJzdGFydF9sYWJlbCI6ICJQcml2YWN5QW5ub3RhdGlvbiJ9"
"PA::prop::DataCellArtifact::D7_NormalizedEpisodeData::record::2::cell::Id::00072","DPO","allowsRole","asd","eyJlbmRfbGFiZWwiOiAiQWNjZXNzUm9sZSIsICJzdGFydF9sYWJlbCI6ICJQcml2YWN5QW5ub3RhdGlvbiJ9"
"PA::prop::DataCellArtifact::D7_NormalizedEpisodeData::record::2::cell::window_start::00073","D7_NormalizedEpisodeData::record::2::cell::window_start","annotates","asd","eyJlbmRfbGFiZWwiOiAiRGF0YUNlbGxBcnRpZmFjdCIsICJzdGFydF9sYWJlbCI6ICJQcml2YWN5QW5ub3RhdGlvbiJ9"
"asd_run_001::001::S5_normalise","PA::prop::DataCellArtifact::D7_NormalizedEpisodeData::record::2::cell::window_start::00073","generatedPrivacyAnnotation","asd","eyJlbmRfbGFiZWwiOiAiUHJpdmFjeUFubm90YXRpb24iLCAic3RhcnRfbGFiZWwiOiAiU3RlcFJ1biJ9"
"PA::prop::DataCellArtifact::D7_NormalizedEpisodeData::record::2::cell::window_start::00073","asd_run_001::001::S5_normalise","wasGeneratedBy","asd","eyJlbmRfbGFiZWwiOiAiU3RlcFJ1biIsICJzdGFydF9sYWJlbCI6ICJQcml2YWN5QW5ub3RhdGlvbiJ9"
"PA::prop::DataCellArtifact::D7_NormalizedEpisodeData::record::2::cell::window_start::00073","S5_normalise_policy","usedPolicy","asd","eyJlbmRfbGFiZWwiOiAiT3BlcmF0aW9uUG9saWN5IiwgInN0YXJ0X2xhYmVsIjogIlByaXZhY3lBbm5vdGF0aW9uIn0="
"PA::prop::DataCellArtifact::D7_NormalizedEpisodeData::record::2::cell::window_start::00073","temporal_quasi_identifier","hasCategory","asd","eyJlbmRfbGFiZWwiOiAiU2Vuc2l0aXZpdHlDYXRlZ29yeSIsICJleHBsaWNpdCI6IHRydWUsICJzdGFydF9sYWJlbCI6ICJQcml2YWN5QW5ub3RhdGlvbiJ9"
"PA::prop::DataCellArtifact::D7_NormalizedEpisodeData::record::2::cell::window_start::00073","quasi_identifier","hasCategory","asd","eyJlbmRfbGFiZWwiOiAiU2Vuc2l0aXZpdHlDYXRlZ29yeSIsICJleHBsaWNpdCI6IGZhbHNlLCAic3RhcnRfbGFiZWwiOiAiUHJpdmFjeUFubm90YXRpb24ifQ=="
"PA::prop::DataCellArtifact::D7_NormalizedEpisodeData::record::2::cell::window_start::00073","clinical_research","hasUsage","asd","eyJlbmRfbGFiZWwiOiAiVXNhZ2VDb25zdHJhaW50IiwgInN0YXJ0X2xhYmVsIjogIlByaXZhY3lBbm5vdGF0aW9uIn0="
"PA::prop::DataCellArtifact::D7_NormalizedEpisodeData::record::2::cell::window_start::00073","delete_on_request","hasErasure","asd","eyJlbmRfbGFiZWwiOiAiRXJhc3VyZUNvbnN0cmFpbnQiLCAic3RhcnRfbGFiZWwiOiAiUHJpdmFjeUFubm90YXRpb24ifQ=="
"PA::prop::DataCellArtifact::D7_NormalizedEpisodeData::record::2::cell::window_start::00073","retention_5y","hasErasure","asd","eyJlbmRfbGFiZWwiOiAiRXJhc3VyZUNvbnN0cmFpbnQiLCAic3RhcnRfbGFiZWwiOiAiUHJpdmFjeUFubm90YXRpb24ifQ=="
"PA::prop::DataCellArtifact::D7_NormalizedEpisodeData::record::2::cell::window_start::00073","AU","allowsRole","asd","eyJlbmRfbGFiZWwiOiAiQWNjZXNzUm9sZSIsICJzdGFydF9sYWJlbCI6ICJQcml2YWN5QW5ub3RhdGlvbiJ9"
"PA::prop::DataCellArtifact::D7_NormalizedEpisodeData::record::2::cell::window_start::00073","CL","allowsRole","asd","eyJlbmRfbGFiZWwiOiAiQWNjZXNzUm9sZSIsICJzdGFydF9sYWJlbCI6ICJQcml2YWN5QW5ub3RhdGlvbiJ9"
"PA::prop::DataCellArtifact::D7_NormalizedEpisodeData::record::2::cell::window_start::00073","DPO","allowsRole","asd","eyJlbmRfbGFiZWwiOiAiQWNjZXNzUm9sZSIsICJzdGFydF9sYWJlbCI6ICJQcml2YWN5QW5ub3RhdGlvbiJ9"
"PA::prop::DataCellArtifact::D7_NormalizedEpisodeData::record::2::cell::window_start::00073","DS","allowsRole","asd","eyJlbmRfbGFiZWwiOiAiQWNjZXNzUm9sZSIsICJzdGFydF9sYWJlbCI6ICJQcml2YWN5QW5ub3RhdGlvbiJ9"
"PA::prop::DataCellArtifact::D7_NormalizedEpisodeData::record::2::cell::HR_norm::00074","D7_NormalizedEpisodeData::record::2::cell::HR_norm","annotates","asd","eyJlbmRfbGFiZWwiOiAiRGF0YUNlbGxBcnRpZmFjdCIsICJzdGFydF9sYWJlbCI6ICJQcml2YWN5QW5ub3RhdGlvbiJ9"
"asd_run_001::001::S5_normalise","PA::prop::DataCellArtifact::D7_NormalizedEpisodeData::record::2::cell::HR_norm::00074","generatedPrivacyAnnotation","asd","eyJlbmRfbGFiZWwiOiAiUHJpdmFjeUFubm90YXRpb24iLCAic3RhcnRfbGFiZWwiOiAiU3RlcFJ1biJ9"
"PA::prop::DataCellArtifact::D7_NormalizedEpisodeData::record::2::cell::HR_norm::00074","asd_run_001::001::S5_normalise","wasGeneratedBy","asd","eyJlbmRfbGFiZWwiOiAiU3RlcFJ1biIsICJzdGFydF9sYWJlbCI6ICJQcml2YWN5QW5ub3RhdGlvbiJ9"
"PA::prop::DataCellArtifact::D7_NormalizedEpisodeData::record::2::cell::HR_norm::00074","S5_normalise_policy","usedPolicy","asd","eyJlbmRfbGFiZWwiOiAiT3BlcmF0aW9uUG9saWN5IiwgInN0YXJ0X2xhYmVsIjogIlByaXZhY3lBbm5vdGF0aW9uIn0="
"PA::prop::DataCellArtifact::D7_NormalizedEpisodeData::record::2::cell::HR_norm::00074","biometric","hasCategory","asd","eyJlbmRfbGFiZWwiOiAiU2Vuc2l0aXZpdHlDYXRlZ29yeSIsICJleHBsaWNpdCI6IHRydWUsICJzdGFydF9sYWJlbCI6ICJQcml2YWN5QW5ub3RhdGlvbiJ9"
"PA::prop::DataCellArtifact::D7_NormalizedEpisodeData::record::2::cell::HR_norm::00074","health","hasCategory","asd","eyJlbmRfbGFiZWwiOiAiU2Vuc2l0aXZpdHlDYXRlZ29yeSIsICJleHBsaWNpdCI6IHRydWUsICJzdGFydF9sYWJlbCI6ICJQcml2YWN5QW5ub3RhdGlvbiJ9"
"PA::prop::DataCellArtifact::D7_NormalizedEpisodeData::record::2::cell::HR_norm::00074","sensitive_personal_data","hasCategory","asd","eyJlbmRfbGFiZWwiOiAiU2Vuc2l0aXZpdHlDYXRlZ29yeSIsICJleHBsaWNpdCI6IGZhbHNlLCAic3RhcnRfbGFiZWwiOiAiUHJpdmFjeUFubm90YXRpb24ifQ=="
"PA::prop::DataCellArtifact::D7_NormalizedEpisodeData::record::2::cell::HR_norm::00074","clinical_research","hasUsage","asd","eyJlbmRfbGFiZWwiOiAiVXNhZ2VDb25zdHJhaW50IiwgInN0YXJ0X2xhYmVsIjogIlByaXZhY3lBbm5vdGF0aW9uIn0="
"PA::prop::DataCellArtifact::D7_NormalizedEpisodeData::record::2::cell::HR_norm::00074","delete_on_request","hasErasure","asd","eyJlbmRfbGFiZWwiOiAiRXJhc3VyZUNvbnN0cmFpbnQiLCAic3RhcnRfbGFiZWwiOiAiUHJpdmFjeUFubm90YXRpb24ifQ=="
"PA::prop::DataCellArtifact::D7_NormalizedEpisodeData::record::2::cell::HR_norm::00074","retention_5y","hasErasure","asd","eyJlbmRfbGFiZWwiOiAiRXJhc3VyZUNvbnN0cmFpbnQiLCAic3RhcnRfbGFiZWwiOiAiUHJpdmFjeUFubm90YXRpb24ifQ=="
"PA::prop::DataCellArtifact::D7_NormalizedEpisodeData::record::2::cell::HR_norm::00074","AU","allowsRole","asd","eyJlbmRfbGFiZWwiOiAiQWNjZXNzUm9sZSIsICJzdGFydF9sYWJlbCI6ICJQcml2YWN5QW5ub3RhdGlvbiJ9"
"PA::prop::DataCellArtifact::D7_NormalizedEpisodeData::record::2::cell::HR_norm::00074","CL","allowsRole","asd","eyJlbmRfbGFiZWwiOiAiQWNjZXNzUm9sZSIsICJzdGFydF9sYWJlbCI6ICJQcml2YWN5QW5ub3RhdGlvbiJ9"
"PA::prop::DataCellArtifact::D7_NormalizedEpisodeData::record::2::cell::HR_norm::00074","DPO","allowsRole","asd","eyJlbmRfbGFiZWwiOiAiQWNjZXNzUm9sZSIsICJzdGFydF9sYWJlbCI6ICJQcml2YWN5QW5ub3RhdGlvbiJ9"
"PA::prop::DataCellArtifact::D7_NormalizedEpisodeData::record::2::cell::HR_norm::00074","DS","allowsRole","asd","eyJlbmRfbGFiZWwiOiAiQWNjZXNzUm9sZSIsICJzdGFydF9sYWJlbCI6ICJQcml2YWN5QW5ub3RhdGlvbiJ9"
"PA::prop::DataCellArtifact::D7_NormalizedEpisodeData::record::2::cell::EDA_norm::00075","D7_NormalizedEpisodeData::record::2::cell::EDA_norm","annotates","asd","eyJlbmRfbGFiZWwiOiAiRGF0YUNlbGxBcnRpZmFjdCIsICJzdGFydF9sYWJlbCI6ICJQcml2YWN5QW5ub3RhdGlvbiJ9"
"asd_run_001::001::S5_normalise","PA::prop::DataCellArtifact::D7_NormalizedEpisodeData::record::2::cell::EDA_norm::00075","generatedPrivacyAnnotation","asd","eyJlbmRfbGFiZWwiOiAiUHJpdmFjeUFubm90YXRpb24iLCAic3RhcnRfbGFiZWwiOiAiU3RlcFJ1biJ9"
"PA::prop::DataCellArtifact::D7_NormalizedEpisodeData::record::2::cell::EDA_norm::00075","asd_run_001::001::S5_normalise","wasGeneratedBy","asd","eyJlbmRfbGFiZWwiOiAiU3RlcFJ1biIsICJzdGFydF9sYWJlbCI6ICJQcml2YWN5QW5ub3RhdGlvbiJ9"
"PA::prop::DataCellArtifact::D7_NormalizedEpisodeData::record::2::cell::EDA_norm::00075","S5_normalise_policy","usedPolicy","asd","eyJlbmRfbGFiZWwiOiAiT3BlcmF0aW9uUG9saWN5IiwgInN0YXJ0X2xhYmVsIjogIlByaXZhY3lBbm5vdGF0aW9uIn0="
"PA::prop::DataCellArtifact::D7_NormalizedEpisodeData::record::2::cell::EDA_norm::00075","biometric","hasCategory","asd","eyJlbmRfbGFiZWwiOiAiU2Vuc2l0aXZpdHlDYXRlZ29yeSIsICJleHBsaWNpdCI6IHRydWUsICJzdGFydF9sYWJlbCI6ICJQcml2YWN5QW5ub3RhdGlvbiJ9"
"PA::prop::DataCellArtifact::D7_NormalizedEpisodeData::record::2::cell::EDA_norm::00075","health","hasCategory","asd","eyJlbmRfbGFiZWwiOiAiU2Vuc2l0aXZpdHlDYXRlZ29yeSIsICJleHBsaWNpdCI6IHRydWUsICJzdGFydF9sYWJlbCI6ICJQcml2YWN5QW5ub3RhdGlvbiJ9"
"PA::prop::DataCellArtifact::D7_NormalizedEpisodeData::record::2::cell::EDA_norm::00075","sensitive_personal_data","hasCategory","asd","eyJlbmRfbGFiZWwiOiAiU2Vuc2l0aXZpdHlDYXRlZ29yeSIsICJleHBsaWNpdCI6IGZhbHNlLCAic3RhcnRfbGFiZWwiOiAiUHJpdmFjeUFubm90YXRpb24ifQ=="
"PA::prop::DataCellArtifact::D7_NormalizedEpisodeData::record::2::cell::EDA_norm::00075","clinical_research","hasUsage","asd","eyJlbmRfbGFiZWwiOiAiVXNhZ2VDb25zdHJhaW50IiwgInN0YXJ0X2xhYmVsIjogIlByaXZhY3lBbm5vdGF0aW9uIn0="
"PA::prop::DataCellArtifact::D7_NormalizedEpisodeData::record::2::cell::EDA_norm::00075","delete_on_request","hasErasure","asd","eyJlbmRfbGFiZWwiOiAiRXJhc3VyZUNvbnN0cmFpbnQiLCAic3RhcnRfbGFiZWwiOiAiUHJpdmFjeUFubm90YXRpb24ifQ=="
"PA::prop::DataCellArtifact::D7_NormalizedEpisodeData::record::2::cell::EDA_norm::00075","retention_5y","hasErasure","asd","eyJlbmRfbGFiZWwiOiAiRXJhc3VyZUNvbnN0cmFpbnQiLCAic3RhcnRfbGFiZWwiOiAiUHJpdmFjeUFubm90YXRpb24ifQ=="
"PA::prop::DataCellArtifact::D7_NormalizedEpisodeData::record::2::cell::EDA_norm::00075","AU","allowsRole","asd","eyJlbmRfbGFiZWwiOiAiQWNjZXNzUm9sZSIsICJzdGFydF9sYWJlbCI6ICJQcml2YWN5QW5ub3RhdGlvbiJ9"
"PA::prop::DataCellArtifact::D7_NormalizedEpisodeData::record::2::cell::EDA_norm::00075","CL","allowsRole","asd","eyJlbmRfbGFiZWwiOiAiQWNjZXNzUm9sZSIsICJzdGFydF9sYWJlbCI6ICJQcml2YWN5QW5ub3RhdGlvbiJ9"
"PA::prop::DataCellArtifact::D7_NormalizedEpisodeData::record::2::cell::EDA_norm::00075","DPO","allowsRole","asd","eyJlbmRfbGFiZWwiOiAiQWNjZXNzUm9sZSIsICJzdGFydF9sYWJlbCI6ICJQcml2YWN5QW5ub3RhdGlvbiJ9"
"PA::prop::DataCellArtifact::D7_NormalizedEpisodeData::record::2::cell::EDA_norm::00075","DS","allowsRole","asd","eyJlbmRfbGFiZWwiOiAiQWNjZXNzUm9sZSIsICJzdGFydF9sYWJlbCI6ICJQcml2YWN5QW5ub3RhdGlvbiJ9"
"PA::prop::DataCellArtifact::D7_NormalizedEpisodeData::record::2::cell::ACC_norm::00076","D7_NormalizedEpisodeData::record::2::cell::ACC_norm","annotates","asd","eyJlbmRfbGFiZWwiOiAiRGF0YUNlbGxBcnRpZmFjdCIsICJzdGFydF9sYWJlbCI6ICJQcml2YWN5QW5ub3RhdGlvbiJ9"
"asd_run_001::001::S5_normalise","PA::prop::DataCellArtifact::D7_NormalizedEpisodeData::record::2::cell::ACC_norm::00076","generatedPrivacyAnnotation","asd","eyJlbmRfbGFiZWwiOiAiUHJpdmFjeUFubm90YXRpb24iLCAic3RhcnRfbGFiZWwiOiAiU3RlcFJ1biJ9"
"PA::prop::DataCellArtifact::D7_NormalizedEpisodeData::record::2::cell::ACC_norm::00076","asd_run_001::001::S5_normalise","wasGeneratedBy","asd","eyJlbmRfbGFiZWwiOiAiU3RlcFJ1biIsICJzdGFydF9sYWJlbCI6ICJQcml2YWN5QW5ub3RhdGlvbiJ9"
"PA::prop::DataCellArtifact::D7_NormalizedEpisodeData::record::2::cell::ACC_norm::00076","S5_normalise_policy","usedPolicy","asd","eyJlbmRfbGFiZWwiOiAiT3BlcmF0aW9uUG9saWN5IiwgInN0YXJ0X2xhYmVsIjogIlByaXZhY3lBbm5vdGF0aW9uIn0="
"PA::prop::DataCellArtifact::D7_NormalizedEpisodeData::record::2::cell::ACC_norm::00076","behavioural_sensor_data","hasCategory","asd","eyJlbmRfbGFiZWwiOiAiU2Vuc2l0aXZpdHlDYXRlZ29yeSIsICJleHBsaWNpdCI6IHRydWUsICJzdGFydF9sYWJlbCI6ICJQcml2YWN5QW5ub3RhdGlvbiJ9"
"PA::prop::DataCellArtifact::D7_NormalizedEpisodeData::record::2::cell::ACC_norm::00076","clinical_research","hasUsage","asd","eyJlbmRfbGFiZWwiOiAiVXNhZ2VDb25zdHJhaW50IiwgInN0YXJ0X2xhYmVsIjogIlByaXZhY3lBbm5vdGF0aW9uIn0="
"PA::prop::DataCellArtifact::D7_NormalizedEpisodeData::record::2::cell::ACC_norm::00076","delete_on_request","hasErasure","asd","eyJlbmRfbGFiZWwiOiAiRXJhc3VyZUNvbnN0cmFpbnQiLCAic3RhcnRfbGFiZWwiOiAiUHJpdmFjeUFubm90YXRpb24ifQ=="
"PA::prop::DataCellArtifact::D7_NormalizedEpisodeData::record::2::cell::ACC_norm::00076","retention_5y","hasErasure","asd","eyJlbmRfbGFiZWwiOiAiRXJhc3VyZUNvbnN0cmFpbnQiLCAic3RhcnRfbGFiZWwiOiAiUHJpdmFjeUFubm90YXRpb24ifQ=="
"PA::prop::DataCellArtifact::D7_NormalizedEpisodeData::record::2::cell::ACC_norm::00076","AU","allowsRole","asd","eyJlbmRfbGFiZWwiOiAiQWNjZXNzUm9sZSIsICJzdGFydF9sYWJlbCI6ICJQcml2YWN5QW5ub3RhdGlvbiJ9"
"PA::prop::DataCellArtifact::D7_NormalizedEpisodeData::record::2::cell::ACC_norm::00076","CL","allowsRole","asd","eyJlbmRfbGFiZWwiOiAiQWNjZXNzUm9sZSIsICJzdGFydF9sYWJlbCI6ICJQcml2YWN5QW5ub3RhdGlvbiJ9"
"PA::prop::DataCellArtifact::D7_NormalizedEpisodeData::record::2::cell::ACC_norm::00076","DPO","allowsRole","asd","eyJlbmRfbGFiZWwiOiAiQWNjZXNzUm9sZSIsICJzdGFydF9sYWJlbCI6ICJQcml2YWN5QW5ub3RhdGlvbiJ9"
"PA::prop::DataCellArtifact::D7_NormalizedEpisodeData::record::2::cell::ACC_norm::00076","DS","allowsRole","asd","eyJlbmRfbGFiZWwiOiAiQWNjZXNzUm9sZSIsICJzdGFydF9sYWJlbCI6ICJQcml2YWN5QW5ub3RhdGlvbiJ9"
"PA::prop::DataCellArtifact::D7_NormalizedEpisodeData::record::2::cell::chall_behav::00077","D7_NormalizedEpisodeData::record::2::cell::chall_behav","annotates","asd","eyJlbmRfbGFiZWwiOiAiRGF0YUNlbGxBcnRpZmFjdCIsICJzdGFydF9sYWJlbCI6ICJQcml2YWN5QW5ub3RhdGlvbiJ9"
"asd_run_001::001::S5_normalise","PA::prop::DataCellArtifact::D7_NormalizedEpisodeData::record::2::cell::chall_behav::00077","generatedPrivacyAnnotation","asd","eyJlbmRfbGFiZWwiOiAiUHJpdmFjeUFubm90YXRpb24iLCAic3RhcnRfbGFiZWwiOiAiU3RlcFJ1biJ9"
"PA::prop::DataCellArtifact::D7_NormalizedEpisodeData::record::2::cell::chall_behav::00077","asd_run_001::001::S5_normalise","wasGeneratedBy","asd","eyJlbmRfbGFiZWwiOiAiU3RlcFJ1biIsICJzdGFydF9sYWJlbCI6ICJQcml2YWN5QW5ub3RhdGlvbiJ9"
"PA::prop::DataCellArtifact::D7_NormalizedEpisodeData::record::2::cell::chall_behav::00077","S5_normalise_policy","usedPolicy","asd","eyJlbmRfbGFiZWwiOiAiT3BlcmF0aW9uUG9saWN5IiwgInN0YXJ0X2xhYmVsIjogIlByaXZhY3lBbm5vdGF0aW9uIn0="
"PA::prop::DataCellArtifact::D7_NormalizedEpisodeData::record::2::cell::chall_behav::00077","health","hasCategory","asd","eyJlbmRfbGFiZWwiOiAiU2Vuc2l0aXZpdHlDYXRlZ29yeSIsICJleHBsaWNpdCI6IHRydWUsICJzdGFydF9sYWJlbCI6ICJQcml2YWN5QW5ub3RhdGlvbiJ9"
"PA::prop::DataCellArtifact::D7_NormalizedEpisodeData::record::2::cell::chall_behav::00077","behavioural_sensitive","hasCategory","asd","eyJlbmRfbGFiZWwiOiAiU2Vuc2l0aXZpdHlDYXRlZ29yeSIsICJleHBsaWNpdCI6IHRydWUsICJzdGFydF9sYWJlbCI6ICJQcml2YWN5QW5ub3RhdGlvbiJ9"
"PA::prop::DataCellArtifact::D7_NormalizedEpisodeData::record::2::cell::chall_behav::00077","sensitive_personal_data","hasCategory","asd","eyJlbmRfbGFiZWwiOiAiU2Vuc2l0aXZpdHlDYXRlZ29yeSIsICJleHBsaWNpdCI6IGZhbHNlLCAic3RhcnRfbGFiZWwiOiAiUHJpdmFjeUFubm90YXRpb24ifQ=="
"PA::prop::DataCellArtifact::D7_NormalizedEpisodeData::record::2::cell::chall_behav::00077","clinical_research","hasUsage","asd","eyJlbmRfbGFiZWwiOiAiVXNhZ2VDb25zdHJhaW50IiwgInN0YXJ0X2xhYmVsIjogIlByaXZhY3lBbm5vdGF0aW9uIn0="
"PA::prop::DataCellArtifact::D7_NormalizedEpisodeData::record::2::cell::chall_behav::00077","delete_on_request","hasErasure","asd","eyJlbmRfbGFiZWwiOiAiRXJhc3VyZUNvbnN0cmFpbnQiLCAic3RhcnRfbGFiZWwiOiAiUHJpdmFjeUFubm90YXRpb24ifQ=="
"PA::prop::DataCellArtifact::D7_NormalizedEpisodeData::record::2::cell::chall_behav::00077","retention_5y","hasErasure","asd","eyJlbmRfbGFiZWwiOiAiRXJhc3VyZUNvbnN0cmFpbnQiLCAic3RhcnRfbGFiZWwiOiAiUHJpdmFjeUFubm90YXRpb24ifQ=="
"PA::prop::DataCellArtifact::D7_NormalizedEpisodeData::record::2::cell::chall_behav::00077","AU","allowsRole","asd","eyJlbmRfbGFiZWwiOiAiQWNjZXNzUm9sZSIsICJzdGFydF9sYWJlbCI6ICJQcml2YWN5QW5ub3RhdGlvbiJ9"
"PA::prop::DataCellArtifact::D7_NormalizedEpisodeData::record::2::cell::chall_behav::00077","CL","allowsRole","asd","eyJlbmRfbGFiZWwiOiAiQWNjZXNzUm9sZSIsICJzdGFydF9sYWJlbCI6ICJQcml2YWN5QW5ub3RhdGlvbiJ9"
"PA::prop::DataCellArtifact::D7_NormalizedEpisodeData::record::2::cell::chall_behav::00077","DPO","allowsRole","asd","eyJlbmRfbGFiZWwiOiAiQWNjZXNzUm9sZSIsICJzdGFydF9sYWJlbCI6ICJQcml2YWN5QW5ub3RhdGlvbiJ9"
"PA::prop::DataCellArtifact::D7_NormalizedEpisodeData::record::2::cell::chall_behav::00077","DS","allowsRole","asd","eyJlbmRfbGFiZWwiOiAiQWNjZXNzUm9sZSIsICJzdGFydF9sYWJlbCI6ICJQcml2YWN5QW5ub3RhdGlvbiJ9"
"PA::prop::DataCellArtifact::D7_NormalizedEpisodeData::record::2::cell::sev::00078","D7_NormalizedEpisodeData::record::2::cell::sev","annotates","asd","eyJlbmRfbGFiZWwiOiAiRGF0YUNlbGxBcnRpZmFjdCIsICJzdGFydF9sYWJlbCI6ICJQcml2YWN5QW5ub3RhdGlvbiJ9"
"asd_run_001::001::S5_normalise","PA::prop::DataCellArtifact::D7_NormalizedEpisodeData::record::2::cell::sev::00078","generatedPrivacyAnnotation","asd","eyJlbmRfbGFiZWwiOiAiUHJpdmFjeUFubm90YXRpb24iLCAic3RhcnRfbGFiZWwiOiAiU3RlcFJ1biJ9"
"PA::prop::DataCellArtifact::D7_NormalizedEpisodeData::record::2::cell::sev::00078","asd_run_001::001::S5_normalise","wasGeneratedBy","asd","eyJlbmRfbGFiZWwiOiAiU3RlcFJ1biIsICJzdGFydF9sYWJlbCI6ICJQcml2YWN5QW5ub3RhdGlvbiJ9"
"PA::prop::DataCellArtifact::D7_NormalizedEpisodeData::record::2::cell::sev::00078","S5_normalise_policy","usedPolicy","asd","eyJlbmRfbGFiZWwiOiAiT3BlcmF0aW9uUG9saWN5IiwgInN0YXJ0X2xhYmVsIjogIlByaXZhY3lBbm5vdGF0aW9uIn0="
"PA::prop::DataCellArtifact::D7_NormalizedEpisodeData::record::2::cell::sev::00078","health","hasCategory","asd","eyJlbmRfbGFiZWwiOiAiU2Vuc2l0aXZpdHlDYXRlZ29yeSIsICJleHBsaWNpdCI6IHRydWUsICJzdGFydF9sYWJlbCI6ICJQcml2YWN5QW5ub3RhdGlvbiJ9"
"PA::prop::DataCellArtifact::D7_NormalizedEpisodeData::record::2::cell::sev::00078","behavioural_sensitive","hasCategory","asd","eyJlbmRfbGFiZWwiOiAiU2Vuc2l0aXZpdHlDYXRlZ29yeSIsICJleHBsaWNpdCI6IHRydWUsICJzdGFydF9sYWJlbCI6ICJQcml2YWN5QW5ub3RhdGlvbiJ9"
"PA::prop::DataCellArtifact::D7_NormalizedEpisodeData::record::2::cell::sev::00078","sensitive_personal_data","hasCategory","asd","eyJlbmRfbGFiZWwiOiAiU2Vuc2l0aXZpdHlDYXRlZ29yeSIsICJleHBsaWNpdCI6IGZhbHNlLCAic3RhcnRfbGFiZWwiOiAiUHJpdmFjeUFubm90YXRpb24ifQ=="
"PA::prop::DataCellArtifact::D7_NormalizedEpisodeData::record::2::cell::sev::00078","clinical_research","hasUsage","asd","eyJlbmRfbGFiZWwiOiAiVXNhZ2VDb25zdHJhaW50IiwgInN0YXJ0X2xhYmVsIjogIlByaXZhY3lBbm5vdGF0aW9uIn0="
"PA::prop::DataCellArtifact::D7_NormalizedEpisodeData::record::2::cell::sev::00078","delete_on_request","hasErasure","asd","eyJlbmRfbGFiZWwiOiAiRXJhc3VyZUNvbnN0cmFpbnQiLCAic3RhcnRfbGFiZWwiOiAiUHJpdmFjeUFubm90YXRpb24ifQ=="
"PA::prop::DataCellArtifact::D7_NormalizedEpisodeData::record::2::cell::sev::00078","retention_5y","hasErasure","asd","eyJlbmRfbGFiZWwiOiAiRXJhc3VyZUNvbnN0cmFpbnQiLCAic3RhcnRfbGFiZWwiOiAiUHJpdmFjeUFubm90YXRpb24ifQ=="
"PA::prop::DataCellArtifact::D7_NormalizedEpisodeData::record::2::cell::sev::00078","AU","allowsRole","asd","eyJlbmRfbGFiZWwiOiAiQWNjZXNzUm9sZSIsICJzdGFydF9sYWJlbCI6ICJQcml2YWN5QW5ub3RhdGlvbiJ9"
"PA::prop::DataCellArtifact::D7_NormalizedEpisodeData::record::2::cell::sev::00078","CL","allowsRole","asd","eyJlbmRfbGFiZWwiOiAiQWNjZXNzUm9sZSIsICJzdGFydF9sYWJlbCI6ICJQcml2YWN5QW5ub3RhdGlvbiJ9"
"PA::prop::DataCellArtifact::D7_NormalizedEpisodeData::record::2::cell::sev::00078","DPO","allowsRole","asd","eyJlbmRfbGFiZWwiOiAiQWNjZXNzUm9sZSIsICJzdGFydF9sYWJlbCI6ICJQcml2YWN5QW5ub3RhdGlvbiJ9"
"PA::prop::DataCellArtifact::D7_NormalizedEpisodeData::record::2::cell::sev::00078","DS","allowsRole","asd","eyJlbmRfbGFiZWwiOiAiQWNjZXNzUm9sZSIsICJzdGFydF9sYWJlbCI6ICJQcml2YWN5QW5ub3RhdGlvbiJ9"
"PA::prop::DataCellArtifact::D7_NormalizedEpisodeData::record::2::cell::age_grp::00079","D7_NormalizedEpisodeData::record::2::cell::age_grp","annotates","asd","eyJlbmRfbGFiZWwiOiAiRGF0YUNlbGxBcnRpZmFjdCIsICJzdGFydF9sYWJlbCI6ICJQcml2YWN5QW5ub3RhdGlvbiJ9"
"asd_run_001::001::S5_normalise","PA::prop::DataCellArtifact::D7_NormalizedEpisodeData::record::2::cell::age_grp::00079","generatedPrivacyAnnotation","asd","eyJlbmRfbGFiZWwiOiAiUHJpdmFjeUFubm90YXRpb24iLCAic3RhcnRfbGFiZWwiOiAiU3RlcFJ1biJ9"
"PA::prop::DataCellArtifact::D7_NormalizedEpisodeData::record::2::cell::age_grp::00079","asd_run_001::001::S5_normalise","wasGeneratedBy","asd","eyJlbmRfbGFiZWwiOiAiU3RlcFJ1biIsICJzdGFydF9sYWJlbCI6ICJQcml2YWN5QW5ub3RhdGlvbiJ9"
"PA::prop::DataCellArtifact::D7_NormalizedEpisodeData::record::2::cell::age_grp::00079","S5_normalise_policy","usedPolicy","asd","eyJlbmRfbGFiZWwiOiAiT3BlcmF0aW9uUG9saWN5IiwgInN0YXJ0X2xhYmVsIjogIlByaXZhY3lBbm5vdGF0aW9uIn0="
"PA::prop::DataCellArtifact::D7_NormalizedEpisodeData::record::2::cell::age_grp::00079","quasi_identifier","hasCategory","asd","eyJlbmRfbGFiZWwiOiAiU2Vuc2l0aXZpdHlDYXRlZ29yeSIsICJleHBsaWNpdCI6IHRydWUsICJzdGFydF9sYWJlbCI6ICJQcml2YWN5QW5ub3RhdGlvbiJ9"
"PA::prop::DataCellArtifact::D7_NormalizedEpisodeData::record::2::cell::age_grp::00079","clinical_research","hasUsage","asd","eyJlbmRfbGFiZWwiOiAiVXNhZ2VDb25zdHJhaW50IiwgInN0YXJ0X2xhYmVsIjogIlByaXZhY3lBbm5vdGF0aW9uIn0="
"PA::prop::DataCellArtifact::D7_NormalizedEpisodeData::record::2::cell::age_grp::00079","delete_on_request","hasErasure","asd","eyJlbmRfbGFiZWwiOiAiRXJhc3VyZUNvbnN0cmFpbnQiLCAic3RhcnRfbGFiZWwiOiAiUHJpdmFjeUFubm90YXRpb24ifQ=="
"PA::prop::DataCellArtifact::D7_NormalizedEpisodeData::record::2::cell::age_grp::00079","retention_5y","hasErasure","asd","eyJlbmRfbGFiZWwiOiAiRXJhc3VyZUNvbnN0cmFpbnQiLCAic3RhcnRfbGFiZWwiOiAiUHJpdmFjeUFubm90YXRpb24ifQ=="
"PA::prop::DataCellArtifact::D7_NormalizedEpisodeData::record::2::cell::age_grp::00079","AU","allowsRole","asd","eyJlbmRfbGFiZWwiOiAiQWNjZXNzUm9sZSIsICJzdGFydF9sYWJlbCI6ICJQcml2YWN5QW5ub3RhdGlvbiJ9"
"PA::prop::DataCellArtifact::D7_NormalizedEpisodeData::record::2::cell::age_grp::00079","CL","allowsRole","asd","eyJlbmRfbGFiZWwiOiAiQWNjZXNzUm9sZSIsICJzdGFydF9sYWJlbCI6ICJQcml2YWN5QW5ub3RhdGlvbiJ9"
"PA::prop::DataCellArtifact::D7_NormalizedEpisodeData::record::2::cell::age_grp::00079","DPO","allowsRole","asd","eyJlbmRfbGFiZWwiOiAiQWNjZXNzUm9sZSIsICJzdGFydF9sYWJlbCI6ICJQcml2YWN5QW5ub3RhdGlvbiJ9"
"PA::prop::DataCellArtifact::D7_NormalizedEpisodeData::record::2::cell::age_grp::00079","DS","allowsRole","asd","eyJlbmRfbGFiZWwiOiAiQWNjZXNzUm9sZSIsICJzdGFydF9sYWJlbCI6ICJQcml2YWN5QW5ub3RhdGlvbiJ9"
"PA::prop::DataCellArtifact::D7_NormalizedEpisodeData::record::2::cell::sex::00080","D7_NormalizedEpisodeData::record::2::cell::sex","annotates","asd","eyJlbmRfbGFiZWwiOiAiRGF0YUNlbGxBcnRpZmFjdCIsICJzdGFydF9sYWJlbCI6ICJQcml2YWN5QW5ub3RhdGlvbiJ9"
"asd_run_001::001::S5_normalise","PA::prop::DataCellArtifact::D7_NormalizedEpisodeData::record::2::cell::sex::00080","generatedPrivacyAnnotation","asd","eyJlbmRfbGFiZWwiOiAiUHJpdmFjeUFubm90YXRpb24iLCAic3RhcnRfbGFiZWwiOiAiU3RlcFJ1biJ9"
"PA::prop::DataCellArtifact::D7_NormalizedEpisodeData::record::2::cell::sex::00080","asd_run_001::001::S5_normalise","wasGeneratedBy","asd","eyJlbmRfbGFiZWwiOiAiU3RlcFJ1biIsICJzdGFydF9sYWJlbCI6ICJQcml2YWN5QW5ub3RhdGlvbiJ9"
"PA::prop::DataCellArtifact::D7_NormalizedEpisodeData::record::2::cell::sex::00080","S5_normalise_policy","usedPolicy","asd","eyJlbmRfbGFiZWwiOiAiT3BlcmF0aW9uUG9saWN5IiwgInN0YXJ0X2xhYmVsIjogIlByaXZhY3lBbm5vdGF0aW9uIn0="
"PA::prop::DataCellArtifact::D7_NormalizedEpisodeData::record::2::cell::sex::00080","quasi_identifier","hasCategory","asd","eyJlbmRfbGFiZWwiOiAiU2Vuc2l0aXZpdHlDYXRlZ29yeSIsICJleHBsaWNpdCI6IHRydWUsICJzdGFydF9sYWJlbCI6ICJQcml2YWN5QW5ub3RhdGlvbiJ9"
"PA::prop::DataCellArtifact::D7_NormalizedEpisodeData::record::2::cell::sex::00080","clinical_research","hasUsage","asd","eyJlbmRfbGFiZWwiOiAiVXNhZ2VDb25zdHJhaW50IiwgInN0YXJ0X2xhYmVsIjogIlByaXZhY3lBbm5vdGF0aW9uIn0="
"PA::prop::DataCellArtifact::D7_NormalizedEpisodeData::record::2::cell::sex::00080","delete_on_request","hasErasure","asd","eyJlbmRfbGFiZWwiOiAiRXJhc3VyZUNvbnN0cmFpbnQiLCAic3RhcnRfbGFiZWwiOiAiUHJpdmFjeUFubm90YXRpb24ifQ=="
"PA::prop::DataCellArtifact::D7_NormalizedEpisodeData::record::2::cell::sex::00080","retention_5y","hasErasure","asd","eyJlbmRfbGFiZWwiOiAiRXJhc3VyZUNvbnN0cmFpbnQiLCAic3RhcnRfbGFiZWwiOiAiUHJpdmFjeUFubm90YXRpb24ifQ=="
"PA::prop::DataCellArtifact::D7_NormalizedEpisodeData::record::2::cell::sex::00080","AU","allowsRole","asd","eyJlbmRfbGFiZWwiOiAiQWNjZXNzUm9sZSIsICJzdGFydF9sYWJlbCI6ICJQcml2YWN5QW5ub3RhdGlvbiJ9"
"PA::prop::DataCellArtifact::D7_NormalizedEpisodeData::record::2::cell::sex::00080","CL","allowsRole","asd","eyJlbmRfbGFiZWwiOiAiQWNjZXNzUm9sZSIsICJzdGFydF9sYWJlbCI6ICJQcml2YWN5QW5ub3RhdGlvbiJ9"
"PA::prop::DataCellArtifact::D7_NormalizedEpisodeData::record::2::cell::sex::00080","DPO","allowsRole","asd","eyJlbmRfbGFiZWwiOiAiQWNjZXNzUm9sZSIsICJzdGFydF9sYWJlbCI6ICJQcml2YWN5QW5ub3RhdGlvbiJ9"
"PA::prop::DataCellArtifact::D7_NormalizedEpisodeData::record::2::cell::sex::00080","DS","allowsRole","asd","eyJlbmRfbGFiZWwiOiAiQWNjZXNzUm9sZSIsICJzdGFydF9sYWJlbCI6ICJQcml2YWN5QW5ub3RhdGlvbiJ9"
"PA::prop::DataCellArtifact::D7_NormalizedEpisodeData::record::2::cell::clinic_site::00081","D7_NormalizedEpisodeData::record::2::cell::clinic_site","annotates","asd","eyJlbmRfbGFiZWwiOiAiRGF0YUNlbGxBcnRpZmFjdCIsICJzdGFydF9sYWJlbCI6ICJQcml2YWN5QW5ub3RhdGlvbiJ9"
"asd_run_001::001::S5_normalise","PA::prop::DataCellArtifact::D7_NormalizedEpisodeData::record::2::cell::clinic_site::00081","generatedPrivacyAnnotation","asd","eyJlbmRfbGFiZWwiOiAiUHJpdmFjeUFubm90YXRpb24iLCAic3RhcnRfbGFiZWwiOiAiU3RlcFJ1biJ9"
"PA::prop::DataCellArtifact::D7_NormalizedEpisodeData::record::2::cell::clinic_site::00081","asd_run_001::001::S5_normalise","wasGeneratedBy","asd","eyJlbmRfbGFiZWwiOiAiU3RlcFJ1biIsICJzdGFydF9sYWJlbCI6ICJQcml2YWN5QW5ub3RhdGlvbiJ9"
"PA::prop::DataCellArtifact::D7_NormalizedEpisodeData::record::2::cell::clinic_site::00081","S5_normalise_policy","usedPolicy","asd","eyJlbmRfbGFiZWwiOiAiT3BlcmF0aW9uUG9saWN5IiwgInN0YXJ0X2xhYmVsIjogIlByaXZhY3lBbm5vdGF0aW9uIn0="
"PA::prop::DataCellArtifact::D7_NormalizedEpisodeData::record::2::cell::clinic_site::00081","quasi_identifier","hasCategory","asd","eyJlbmRfbGFiZWwiOiAiU2Vuc2l0aXZpdHlDYXRlZ29yeSIsICJleHBsaWNpdCI6IHRydWUsICJzdGFydF9sYWJlbCI6ICJQcml2YWN5QW5ub3RhdGlvbiJ9"
"PA::prop::DataCellArtifact::D7_NormalizedEpisodeData::record::2::cell::clinic_site::00081","organisational_context","hasCategory","asd","eyJlbmRfbGFiZWwiOiAiU2Vuc2l0aXZpdHlDYXRlZ29yeSIsICJleHBsaWNpdCI6IHRydWUsICJzdGFydF9sYWJlbCI6ICJQcml2YWN5QW5ub3RhdGlvbiJ9"
"PA::prop::DataCellArtifact::D7_NormalizedEpisodeData::record::2::cell::clinic_site::00081","clinical_research","hasUsage","asd","eyJlbmRfbGFiZWwiOiAiVXNhZ2VDb25zdHJhaW50IiwgInN0YXJ0X2xhYmVsIjogIlByaXZhY3lBbm5vdGF0aW9uIn0="
"PA::prop::DataCellArtifact::D7_NormalizedEpisodeData::record::2::cell::clinic_site::00081","delete_on_request","hasErasure","asd","eyJlbmRfbGFiZWwiOiAiRXJhc3VyZUNvbnN0cmFpbnQiLCAic3RhcnRfbGFiZWwiOiAiUHJpdmFjeUFubm90YXRpb24ifQ=="
"PA::prop::DataCellArtifact::D7_NormalizedEpisodeData::record::2::cell::clinic_site::00081","retention_5y","hasErasure","asd","eyJlbmRfbGFiZWwiOiAiRXJhc3VyZUNvbnN0cmFpbnQiLCAic3RhcnRfbGFiZWwiOiAiUHJpdmFjeUFubm90YXRpb24ifQ=="
"PA::prop::DataCellArtifact::D7_NormalizedEpisodeData::record::2::cell::clinic_site::00081","AU","allowsRole","asd","eyJlbmRfbGFiZWwiOiAiQWNjZXNzUm9sZSIsICJzdGFydF9sYWJlbCI6ICJQcml2YWN5QW5ub3RhdGlvbiJ9"
"PA::prop::DataCellArtifact::D7_NormalizedEpisodeData::record::2::cell::clinic_site::00081","CL","allowsRole","asd","eyJlbmRfbGFiZWwiOiAiQWNjZXNzUm9sZSIsICJzdGFydF9sYWJlbCI6ICJQcml2YWN5QW5ub3RhdGlvbiJ9"
"PA::prop::DataCellArtifact::D7_NormalizedEpisodeData::record::2::cell::clinic_site::00081","DPO","allowsRole","asd","eyJlbmRfbGFiZWwiOiAiQWNjZXNzUm9sZSIsICJzdGFydF9sYWJlbCI6ICJQcml2YWN5QW5ub3RhdGlvbiJ9"
"PA::prop::DataCellArtifact::D7_NormalizedEpisodeData::record::2::cell::diag::00082","D7_NormalizedEpisodeData::record::2::cell::diag","annotates","asd","eyJlbmRfbGFiZWwiOiAiRGF0YUNlbGxBcnRpZmFjdCIsICJzdGFydF9sYWJlbCI6ICJQcml2YWN5QW5ub3RhdGlvbiJ9"
"asd_run_001::001::S5_normalise","PA::prop::DataCellArtifact::D7_NormalizedEpisodeData::record::2::cell::diag::00082","generatedPrivacyAnnotation","asd","eyJlbmRfbGFiZWwiOiAiUHJpdmFjeUFubm90YXRpb24iLCAic3RhcnRfbGFiZWwiOiAiU3RlcFJ1biJ9"
"PA::prop::DataCellArtifact::D7_NormalizedEpisodeData::record::2::cell::diag::00082","asd_run_001::001::S5_normalise","wasGeneratedBy","asd","eyJlbmRfbGFiZWwiOiAiU3RlcFJ1biIsICJzdGFydF9sYWJlbCI6ICJQcml2YWN5QW5ub3RhdGlvbiJ9"
"PA::prop::DataCellArtifact::D7_NormalizedEpisodeData::record::2::cell::diag::00082","S5_normalise_policy","usedPolicy","asd","eyJlbmRfbGFiZWwiOiAiT3BlcmF0aW9uUG9saWN5IiwgInN0YXJ0X2xhYmVsIjogIlByaXZhY3lBbm5vdGF0aW9uIn0="
"PA::prop::DataCellArtifact::D7_NormalizedEpisodeData::record::2::cell::diag::00082","health","hasCategory","asd","eyJlbmRfbGFiZWwiOiAiU2Vuc2l0aXZpdHlDYXRlZ29yeSIsICJleHBsaWNpdCI6IHRydWUsICJzdGFydF9sYWJlbCI6ICJQcml2YWN5QW5ub3RhdGlvbiJ9"
"PA::prop::DataCellArtifact::D7_NormalizedEpisodeData::record::2::cell::diag::00082","sensitive_personal_data","hasCategory","asd","eyJlbmRfbGFiZWwiOiAiU2Vuc2l0aXZpdHlDYXRlZ29yeSIsICJleHBsaWNpdCI6IHRydWUsICJzdGFydF9sYWJlbCI6ICJQcml2YWN5QW5ub3RhdGlvbiJ9"
"PA::prop::DataCellArtifact::D7_NormalizedEpisodeData::record::2::cell::diag::00082","clinical_research","hasUsage","asd","eyJlbmRfbGFiZWwiOiAiVXNhZ2VDb25zdHJhaW50IiwgInN0YXJ0X2xhYmVsIjogIlByaXZhY3lBbm5vdGF0aW9uIn0="
"PA::prop::DataCellArtifact::D7_NormalizedEpisodeData::record::2::cell::diag::00082","delete_on_request","hasErasure","asd","eyJlbmRfbGFiZWwiOiAiRXJhc3VyZUNvbnN0cmFpbnQiLCAic3RhcnRfbGFiZWwiOiAiUHJpdmFjeUFubm90YXRpb24ifQ=="
"PA::prop::DataCellArtifact::D7_NormalizedEpisodeData::record::2::cell::diag::00082","retention_5y","hasErasure","asd","eyJlbmRfbGFiZWwiOiAiRXJhc3VyZUNvbnN0cmFpbnQiLCAic3RhcnRfbGFiZWwiOiAiUHJpdmFjeUFubm90YXRpb24ifQ=="
"PA::prop::DataCellArtifact::D7_NormalizedEpisodeData::record::2::cell::diag::00082","AU","allowsRole","asd","eyJlbmRfbGFiZWwiOiAiQWNjZXNzUm9sZSIsICJzdGFydF9sYWJlbCI6ICJQcml2YWN5QW5ub3RhdGlvbiJ9"
"PA::prop::DataCellArtifact::D7_NormalizedEpisodeData::record::2::cell::diag::00082","CL","allowsRole","asd","eyJlbmRfbGFiZWwiOiAiQWNjZXNzUm9sZSIsICJzdGFydF9sYWJlbCI6ICJQcml2YWN5QW5ub3RhdGlvbiJ9"
"PA::prop::DataCellArtifact::D7_NormalizedEpisodeData::record::2::cell::diag::00082","DPO","allowsRole","asd","eyJlbmRfbGFiZWwiOiAiQWNjZXNzUm9sZSIsICJzdGFydF9sYWJlbCI6ICJQcml2YWN5QW5ub3RhdGlvbiJ9"
"PA::prop::DataCellArtifact::D7_NormalizedEpisodeData::record::3::cell::Id::00083","D7_NormalizedEpisodeData::record::3::cell::Id","annotates","asd","eyJlbmRfbGFiZWwiOiAiRGF0YUNlbGxBcnRpZmFjdCIsICJzdGFydF9sYWJlbCI6ICJQcml2YWN5QW5ub3RhdGlvbiJ9"
"asd_run_001::001::S5_normalise","PA::prop::DataCellArtifact::D7_NormalizedEpisodeData::record::3::cell::Id::00083","generatedPrivacyAnnotation","asd","eyJlbmRfbGFiZWwiOiAiUHJpdmFjeUFubm90YXRpb24iLCAic3RhcnRfbGFiZWwiOiAiU3RlcFJ1biJ9"
"PA::prop::DataCellArtifact::D7_NormalizedEpisodeData::record::3::cell::Id::00083","asd_run_001::001::S5_normalise","wasGeneratedBy","asd","eyJlbmRfbGFiZWwiOiAiU3RlcFJ1biIsICJzdGFydF9sYWJlbCI6ICJQcml2YWN5QW5ub3RhdGlvbiJ9"
"PA::prop::DataCellArtifact::D7_NormalizedEpisodeData::record::3::cell::Id::00083","S5_normalise_policy","usedPolicy","asd","eyJlbmRfbGFiZWwiOiAiT3BlcmF0aW9uUG9saWN5IiwgInN0YXJ0X2xhYmVsIjogIlByaXZhY3lBbm5vdGF0aW9uIn0="
"PA::prop::DataCellArtifact::D7_NormalizedEpisodeData::record::3::cell::Id::00083","direct_identifier","hasCategory","asd","eyJlbmRfbGFiZWwiOiAiU2Vuc2l0aXZpdHlDYXRlZ29yeSIsICJleHBsaWNpdCI6IHRydWUsICJzdGFydF9sYWJlbCI6ICJQcml2YWN5QW5ub3RhdGlvbiJ9"
"PA::prop::DataCellArtifact::D7_NormalizedEpisodeData::record::3::cell::Id::00083","identifier","hasCategory","asd","eyJlbmRfbGFiZWwiOiAiU2Vuc2l0aXZpdHlDYXRlZ29yeSIsICJleHBsaWNpdCI6IGZhbHNlLCAic3RhcnRfbGFiZWwiOiAiUHJpdmFjeUFubm90YXRpb24ifQ=="
"PA::prop::DataCellArtifact::D7_NormalizedEpisodeData::record::3::cell::Id::00083","clinical_research","hasUsage","asd","eyJlbmRfbGFiZWwiOiAiVXNhZ2VDb25zdHJhaW50IiwgInN0YXJ0X2xhYmVsIjogIlByaXZhY3lBbm5vdGF0aW9uIn0="
"PA::prop::DataCellArtifact::D7_NormalizedEpisodeData::record::3::cell::Id::00083","delete_on_request","hasErasure","asd","eyJlbmRfbGFiZWwiOiAiRXJhc3VyZUNvbnN0cmFpbnQiLCAic3RhcnRfbGFiZWwiOiAiUHJpdmFjeUFubm90YXRpb24ifQ=="
"PA::prop::DataCellArtifact::D7_NormalizedEpisodeData::record::3::cell::Id::00083","retention_5y","hasErasure","asd","eyJlbmRfbGFiZWwiOiAiRXJhc3VyZUNvbnN0cmFpbnQiLCAic3RhcnRfbGFiZWwiOiAiUHJpdmFjeUFubm90YXRpb24ifQ=="
"PA::prop::DataCellArtifact::D7_NormalizedEpisodeData::record::3::cell::Id::00083","CL","allowsRole","asd","eyJlbmRfbGFiZWwiOiAiQWNjZXNzUm9sZSIsICJzdGFydF9sYWJlbCI6ICJQcml2YWN5QW5ub3RhdGlvbiJ9"
"PA::prop::DataCellArtifact::D7_NormalizedEpisodeData::record::3::cell::Id::00083","DPO","allowsRole","asd","eyJlbmRfbGFiZWwiOiAiQWNjZXNzUm9sZSIsICJzdGFydF9sYWJlbCI6ICJQcml2YWN5QW5ub3RhdGlvbiJ9"
"PA::prop::DataCellArtifact::D7_NormalizedEpisodeData::record::3::cell::window_start::00084","D7_NormalizedEpisodeData::record::3::cell::window_start","annotates","asd","eyJlbmRfbGFiZWwiOiAiRGF0YUNlbGxBcnRpZmFjdCIsICJzdGFydF9sYWJlbCI6ICJQcml2YWN5QW5ub3RhdGlvbiJ9"
"asd_run_001::001::S5_normalise","PA::prop::DataCellArtifact::D7_NormalizedEpisodeData::record::3::cell::window_start::00084","generatedPrivacyAnnotation","asd","eyJlbmRfbGFiZWwiOiAiUHJpdmFjeUFubm90YXRpb24iLCAic3RhcnRfbGFiZWwiOiAiU3RlcFJ1biJ9"
"PA::prop::DataCellArtifact::D7_NormalizedEpisodeData::record::3::cell::window_start::00084","asd_run_001::001::S5_normalise","wasGeneratedBy","asd","eyJlbmRfbGFiZWwiOiAiU3RlcFJ1biIsICJzdGFydF9sYWJlbCI6ICJQcml2YWN5QW5ub3RhdGlvbiJ9"
"PA::prop::DataCellArtifact::D7_NormalizedEpisodeData::record::3::cell::window_start::00084","S5_normalise_policy","usedPolicy","asd","eyJlbmRfbGFiZWwiOiAiT3BlcmF0aW9uUG9saWN5IiwgInN0YXJ0X2xhYmVsIjogIlByaXZhY3lBbm5vdGF0aW9uIn0="
"PA::prop::DataCellArtifact::D7_NormalizedEpisodeData::record::3::cell::window_start::00084","temporal_quasi_identifier","hasCategory","asd","eyJlbmRfbGFiZWwiOiAiU2Vuc2l0aXZpdHlDYXRlZ29yeSIsICJleHBsaWNpdCI6IHRydWUsICJzdGFydF9sYWJlbCI6ICJQcml2YWN5QW5ub3RhdGlvbiJ9"
"PA::prop::DataCellArtifact::D7_NormalizedEpisodeData::record::3::cell::window_start::00084","quasi_identifier","hasCategory","asd","eyJlbmRfbGFiZWwiOiAiU2Vuc2l0aXZpdHlDYXRlZ29yeSIsICJleHBsaWNpdCI6IGZhbHNlLCAic3RhcnRfbGFiZWwiOiAiUHJpdmFjeUFubm90YXRpb24ifQ=="
"PA::prop::DataCellArtifact::D7_NormalizedEpisodeData::record::3::cell::window_start::00084","clinical_research","hasUsage","asd","eyJlbmRfbGFiZWwiOiAiVXNhZ2VDb25zdHJhaW50IiwgInN0YXJ0X2xhYmVsIjogIlByaXZhY3lBbm5vdGF0aW9uIn0="
"PA::prop::DataCellArtifact::D7_NormalizedEpisodeData::record::3::cell::window_start::00084","delete_on_request","hasErasure","asd","eyJlbmRfbGFiZWwiOiAiRXJhc3VyZUNvbnN0cmFpbnQiLCAic3RhcnRfbGFiZWwiOiAiUHJpdmFjeUFubm90YXRpb24ifQ=="
"PA::prop::DataCellArtifact::D7_NormalizedEpisodeData::record::3::cell::window_start::00084","retention_5y","hasErasure","asd","eyJlbmRfbGFiZWwiOiAiRXJhc3VyZUNvbnN0cmFpbnQiLCAic3RhcnRfbGFiZWwiOiAiUHJpdmFjeUFubm90YXRpb24ifQ=="
"PA::prop::DataCellArtifact::D7_NormalizedEpisodeData::record::3::cell::window_start::00084","AU","allowsRole","asd","eyJlbmRfbGFiZWwiOiAiQWNjZXNzUm9sZSIsICJzdGFydF9sYWJlbCI6ICJQcml2YWN5QW5ub3RhdGlvbiJ9"
"PA::prop::DataCellArtifact::D7_NormalizedEpisodeData::record::3::cell::window_start::00084","CL","allowsRole","asd","eyJlbmRfbGFiZWwiOiAiQWNjZXNzUm9sZSIsICJzdGFydF9sYWJlbCI6ICJQcml2YWN5QW5ub3RhdGlvbiJ9"
"PA::prop::DataCellArtifact::D7_NormalizedEpisodeData::record::3::cell::window_start::00084","DPO","allowsRole","asd","eyJlbmRfbGFiZWwiOiAiQWNjZXNzUm9sZSIsICJzdGFydF9sYWJlbCI6ICJQcml2YWN5QW5ub3RhdGlvbiJ9"
"PA::prop::DataCellArtifact::D7_NormalizedEpisodeData::record::3::cell::window_start::00084","DS","allowsRole","asd","eyJlbmRfbGFiZWwiOiAiQWNjZXNzUm9sZSIsICJzdGFydF9sYWJlbCI6ICJQcml2YWN5QW5ub3RhdGlvbiJ9"
"PA::prop::DataCellArtifact::D7_NormalizedEpisodeData::record::3::cell::HR_norm::00085","D7_NormalizedEpisodeData::record::3::cell::HR_norm","annotates","asd","eyJlbmRfbGFiZWwiOiAiRGF0YUNlbGxBcnRpZmFjdCIsICJzdGFydF9sYWJlbCI6ICJQcml2YWN5QW5ub3RhdGlvbiJ9"
"asd_run_001::001::S5_normalise","PA::prop::DataCellArtifact::D7_NormalizedEpisodeData::record::3::cell::HR_norm::00085","generatedPrivacyAnnotation","asd","eyJlbmRfbGFiZWwiOiAiUHJpdmFjeUFubm90YXRpb24iLCAic3RhcnRfbGFiZWwiOiAiU3RlcFJ1biJ9"
"PA::prop::DataCellArtifact::D7_NormalizedEpisodeData::record::3::cell::HR_norm::00085","asd_run_001::001::S5_normalise","wasGeneratedBy","asd","eyJlbmRfbGFiZWwiOiAiU3RlcFJ1biIsICJzdGFydF9sYWJlbCI6ICJQcml2YWN5QW5ub3RhdGlvbiJ9"
"PA::prop::DataCellArtifact::D7_NormalizedEpisodeData::record::3::cell::HR_norm::00085","S5_normalise_policy","usedPolicy","asd","eyJlbmRfbGFiZWwiOiAiT3BlcmF0aW9uUG9saWN5IiwgInN0YXJ0X2xhYmVsIjogIlByaXZhY3lBbm5vdGF0aW9uIn0="
"PA::prop::DataCellArtifact::D7_NormalizedEpisodeData::record::3::cell::HR_norm::00085","biometric","hasCategory","asd","eyJlbmRfbGFiZWwiOiAiU2Vuc2l0aXZpdHlDYXRlZ29yeSIsICJleHBsaWNpdCI6IHRydWUsICJzdGFydF9sYWJlbCI6ICJQcml2YWN5QW5ub3RhdGlvbiJ9"
"PA::prop::DataCellArtifact::D7_NormalizedEpisodeData::record::3::cell::HR_norm::00085","health","hasCategory","asd","eyJlbmRfbGFiZWwiOiAiU2Vuc2l0aXZpdHlDYXRlZ29yeSIsICJleHBsaWNpdCI6IHRydWUsICJzdGFydF9sYWJlbCI6ICJQcml2YWN5QW5ub3RhdGlvbiJ9"
"PA::prop::DataCellArtifact::D7_NormalizedEpisodeData::record::3::cell::HR_norm::00085","sensitive_personal_data","hasCategory","asd","eyJlbmRfbGFiZWwiOiAiU2Vuc2l0aXZpdHlDYXRlZ29yeSIsICJleHBsaWNpdCI6IGZhbHNlLCAic3RhcnRfbGFiZWwiOiAiUHJpdmFjeUFubm90YXRpb24ifQ=="
"PA::prop::DataCellArtifact::D7_NormalizedEpisodeData::record::3::cell::HR_norm::00085","clinical_research","hasUsage","asd","eyJlbmRfbGFiZWwiOiAiVXNhZ2VDb25zdHJhaW50IiwgInN0YXJ0X2xhYmVsIjogIlByaXZhY3lBbm5vdGF0aW9uIn0="
"PA::prop::DataCellArtifact::D7_NormalizedEpisodeData::record::3::cell::HR_norm::00085","delete_on_request","hasErasure","asd","eyJlbmRfbGFiZWwiOiAiRXJhc3VyZUNvbnN0cmFpbnQiLCAic3RhcnRfbGFiZWwiOiAiUHJpdmFjeUFubm90YXRpb24ifQ=="
"PA::prop::DataCellArtifact::D7_NormalizedEpisodeData::record::3::cell::HR_norm::00085","retention_5y","hasErasure","asd","eyJlbmRfbGFiZWwiOiAiRXJhc3VyZUNvbnN0cmFpbnQiLCAic3RhcnRfbGFiZWwiOiAiUHJpdmFjeUFubm90YXRpb24ifQ=="
"PA::prop::DataCellArtifact::D7_NormalizedEpisodeData::record::3::cell::HR_norm::00085","AU","allowsRole","asd","eyJlbmRfbGFiZWwiOiAiQWNjZXNzUm9sZSIsICJzdGFydF9sYWJlbCI6ICJQcml2YWN5QW5ub3RhdGlvbiJ9"
"PA::prop::DataCellArtifact::D7_NormalizedEpisodeData::record::3::cell::HR_norm::00085","CL","allowsRole","asd","eyJlbmRfbGFiZWwiOiAiQWNjZXNzUm9sZSIsICJzdGFydF9sYWJlbCI6ICJQcml2YWN5QW5ub3RhdGlvbiJ9"
"PA::prop::DataCellArtifact::D7_NormalizedEpisodeData::record::3::cell::HR_norm::00085","DPO","allowsRole","asd","eyJlbmRfbGFiZWwiOiAiQWNjZXNzUm9sZSIsICJzdGFydF9sYWJlbCI6ICJQcml2YWN5QW5ub3RhdGlvbiJ9"
"PA::prop::DataCellArtifact::D7_NormalizedEpisodeData::record::3::cell::HR_norm::00085","DS","allowsRole","asd","eyJlbmRfbGFiZWwiOiAiQWNjZXNzUm9sZSIsICJzdGFydF9sYWJlbCI6ICJQcml2YWN5QW5ub3RhdGlvbiJ9"
"PA::prop::DataCellArtifact::D7_NormalizedEpisodeData::record::3::cell::EDA_norm::00086","D7_NormalizedEpisodeData::record::3::cell::EDA_norm","annotates","asd","eyJlbmRfbGFiZWwiOiAiRGF0YUNlbGxBcnRpZmFjdCIsICJzdGFydF9sYWJlbCI6ICJQcml2YWN5QW5ub3RhdGlvbiJ9"
"asd_run_001::001::S5_normalise","PA::prop::DataCellArtifact::D7_NormalizedEpisodeData::record::3::cell::EDA_norm::00086","generatedPrivacyAnnotation","asd","eyJlbmRfbGFiZWwiOiAiUHJpdmFjeUFubm90YXRpb24iLCAic3RhcnRfbGFiZWwiOiAiU3RlcFJ1biJ9"
"PA::prop::DataCellArtifact::D7_NormalizedEpisodeData::record::3::cell::EDA_norm::00086","asd_run_001::001::S5_normalise","wasGeneratedBy","asd","eyJlbmRfbGFiZWwiOiAiU3RlcFJ1biIsICJzdGFydF9sYWJlbCI6ICJQcml2YWN5QW5ub3RhdGlvbiJ9"
"PA::prop::DataCellArtifact::D7_NormalizedEpisodeData::record::3::cell::EDA_norm::00086","S5_normalise_policy","usedPolicy","asd","eyJlbmRfbGFiZWwiOiAiT3BlcmF0aW9uUG9saWN5IiwgInN0YXJ0X2xhYmVsIjogIlByaXZhY3lBbm5vdGF0aW9uIn0="
"PA::prop::DataCellArtifact::D7_NormalizedEpisodeData::record::3::cell::EDA_norm::00086","biometric","hasCategory","asd","eyJlbmRfbGFiZWwiOiAiU2Vuc2l0aXZpdHlDYXRlZ29yeSIsICJleHBsaWNpdCI6IHRydWUsICJzdGFydF9sYWJlbCI6ICJQcml2YWN5QW5ub3RhdGlvbiJ9"
"PA::prop::DataCellArtifact::D7_NormalizedEpisodeData::record::3::cell::EDA_norm::00086","health","hasCategory","asd","eyJlbmRfbGFiZWwiOiAiU2Vuc2l0aXZpdHlDYXRlZ29yeSIsICJleHBsaWNpdCI6IHRydWUsICJzdGFydF9sYWJlbCI6ICJQcml2YWN5QW5ub3RhdGlvbiJ9"
"PA::prop::DataCellArtifact::D7_NormalizedEpisodeData::record::3::cell::EDA_norm::00086","sensitive_personal_data","hasCategory","asd","eyJlbmRfbGFiZWwiOiAiU2Vuc2l0aXZpdHlDYXRlZ29yeSIsICJleHBsaWNpdCI6IGZhbHNlLCAic3RhcnRfbGFiZWwiOiAiUHJpdmFjeUFubm90YXRpb24ifQ=="
"PA::prop::DataCellArtifact::D7_NormalizedEpisodeData::record::3::cell::EDA_norm::00086","clinical_research","hasUsage","asd","eyJlbmRfbGFiZWwiOiAiVXNhZ2VDb25zdHJhaW50IiwgInN0YXJ0X2xhYmVsIjogIlByaXZhY3lBbm5vdGF0aW9uIn0="
"PA::prop::DataCellArtifact::D7_NormalizedEpisodeData::record::3::cell::EDA_norm::00086","delete_on_request","hasErasure","asd","eyJlbmRfbGFiZWwiOiAiRXJhc3VyZUNvbnN0cmFpbnQiLCAic3RhcnRfbGFiZWwiOiAiUHJpdmFjeUFubm90YXRpb24ifQ=="
"PA::prop::DataCellArtifact::D7_NormalizedEpisodeData::record::3::cell::EDA_norm::00086","retention_5y","hasErasure","asd","eyJlbmRfbGFiZWwiOiAiRXJhc3VyZUNvbnN0cmFpbnQiLCAic3RhcnRfbGFiZWwiOiAiUHJpdmFjeUFubm90YXRpb24ifQ=="
"PA::prop::DataCellArtifact::D7_NormalizedEpisodeData::record::3::cell::EDA_norm::00086","AU","allowsRole","asd","eyJlbmRfbGFiZWwiOiAiQWNjZXNzUm9sZSIsICJzdGFydF9sYWJlbCI6ICJQcml2YWN5QW5ub3RhdGlvbiJ9"
"PA::prop::DataCellArtifact::D7_NormalizedEpisodeData::record::3::cell::EDA_norm::00086","CL","allowsRole","asd","eyJlbmRfbGFiZWwiOiAiQWNjZXNzUm9sZSIsICJzdGFydF9sYWJlbCI6ICJQcml2YWN5QW5ub3RhdGlvbiJ9"
"PA::prop::DataCellArtifact::D7_NormalizedEpisodeData::record::3::cell::EDA_norm::00086","DPO","allowsRole","asd","eyJlbmRfbGFiZWwiOiAiQWNjZXNzUm9sZSIsICJzdGFydF9sYWJlbCI6ICJQcml2YWN5QW5ub3RhdGlvbiJ9"
"PA::prop::DataCellArtifact::D7_NormalizedEpisodeData::record::3::cell::EDA_norm::00086","DS","allowsRole","asd","eyJlbmRfbGFiZWwiOiAiQWNjZXNzUm9sZSIsICJzdGFydF9sYWJlbCI6ICJQcml2YWN5QW5ub3RhdGlvbiJ9"
"PA::prop::DataCellArtifact::D7_NormalizedEpisodeData::record::3::cell::ACC_norm::00087","D7_NormalizedEpisodeData::record::3::cell::ACC_norm","annotates","asd","eyJlbmRfbGFiZWwiOiAiRGF0YUNlbGxBcnRpZmFjdCIsICJzdGFydF9sYWJlbCI6ICJQcml2YWN5QW5ub3RhdGlvbiJ9"
"asd_run_001::001::S5_normalise","PA::prop::DataCellArtifact::D7_NormalizedEpisodeData::record::3::cell::ACC_norm::00087","generatedPrivacyAnnotation","asd","eyJlbmRfbGFiZWwiOiAiUHJpdmFjeUFubm90YXRpb24iLCAic3RhcnRfbGFiZWwiOiAiU3RlcFJ1biJ9"
"PA::prop::DataCellArtifact::D7_NormalizedEpisodeData::record::3::cell::ACC_norm::00087","asd_run_001::001::S5_normalise","wasGeneratedBy","asd","eyJlbmRfbGFiZWwiOiAiU3RlcFJ1biIsICJzdGFydF9sYWJlbCI6ICJQcml2YWN5QW5ub3RhdGlvbiJ9"
"PA::prop::DataCellArtifact::D7_NormalizedEpisodeData::record::3::cell::ACC_norm::00087","S5_normalise_policy","usedPolicy","asd","eyJlbmRfbGFiZWwiOiAiT3BlcmF0aW9uUG9saWN5IiwgInN0YXJ0X2xhYmVsIjogIlByaXZhY3lBbm5vdGF0aW9uIn0="
"PA::prop::DataCellArtifact::D7_NormalizedEpisodeData::record::3::cell::ACC_norm::00087","behavioural_sensor_data","hasCategory","asd","eyJlbmRfbGFiZWwiOiAiU2Vuc2l0aXZpdHlDYXRlZ29yeSIsICJleHBsaWNpdCI6IHRydWUsICJzdGFydF9sYWJlbCI6ICJQcml2YWN5QW5ub3RhdGlvbiJ9"
"PA::prop::DataCellArtifact::D7_NormalizedEpisodeData::record::3::cell::ACC_norm::00087","clinical_research","hasUsage","asd","eyJlbmRfbGFiZWwiOiAiVXNhZ2VDb25zdHJhaW50IiwgInN0YXJ0X2xhYmVsIjogIlByaXZhY3lBbm5vdGF0aW9uIn0="
"PA::prop::DataCellArtifact::D7_NormalizedEpisodeData::record::3::cell::ACC_norm::00087","delete_on_request","hasErasure","asd","eyJlbmRfbGFiZWwiOiAiRXJhc3VyZUNvbnN0cmFpbnQiLCAic3RhcnRfbGFiZWwiOiAiUHJpdmFjeUFubm90YXRpb24ifQ=="
"PA::prop::DataCellArtifact::D7_NormalizedEpisodeData::record::3::cell::ACC_norm::00087","retention_5y","hasErasure","asd","eyJlbmRfbGFiZWwiOiAiRXJhc3VyZUNvbnN0cmFpbnQiLCAic3RhcnRfbGFiZWwiOiAiUHJpdmFjeUFubm90YXRpb24ifQ=="
"PA::prop::DataCellArtifact::D7_NormalizedEpisodeData::record::3::cell::ACC_norm::00087","AU","allowsRole","asd","eyJlbmRfbGFiZWwiOiAiQWNjZXNzUm9sZSIsICJzdGFydF9sYWJlbCI6ICJQcml2YWN5QW5ub3RhdGlvbiJ9"
"PA::prop::DataCellArtifact::D7_NormalizedEpisodeData::record::3::cell::ACC_norm::00087","CL","allowsRole","asd","eyJlbmRfbGFiZWwiOiAiQWNjZXNzUm9sZSIsICJzdGFydF9sYWJlbCI6ICJQcml2YWN5QW5ub3RhdGlvbiJ9"
"PA::prop::DataCellArtifact::D7_NormalizedEpisodeData::record::3::cell::ACC_norm::00087","DPO","allowsRole","asd","eyJlbmRfbGFiZWwiOiAiQWNjZXNzUm9sZSIsICJzdGFydF9sYWJlbCI6ICJQcml2YWN5QW5ub3RhdGlvbiJ9"
"PA::prop::DataCellArtifact::D7_NormalizedEpisodeData::record::3::cell::ACC_norm::00087","DS","allowsRole","asd","eyJlbmRfbGFiZWwiOiAiQWNjZXNzUm9sZSIsICJzdGFydF9sYWJlbCI6ICJQcml2YWN5QW5ub3RhdGlvbiJ9"
"PA::prop::DataCellArtifact::D7_NormalizedEpisodeData::record::3::cell::chall_behav::00088","D7_NormalizedEpisodeData::record::3::cell::chall_behav","annotates","asd","eyJlbmRfbGFiZWwiOiAiRGF0YUNlbGxBcnRpZmFjdCIsICJzdGFydF9sYWJlbCI6ICJQcml2YWN5QW5ub3RhdGlvbiJ9"
"asd_run_001::001::S5_normalise","PA::prop::DataCellArtifact::D7_NormalizedEpisodeData::record::3::cell::chall_behav::00088","generatedPrivacyAnnotation","asd","eyJlbmRfbGFiZWwiOiAiUHJpdmFjeUFubm90YXRpb24iLCAic3RhcnRfbGFiZWwiOiAiU3RlcFJ1biJ9"
"PA::prop::DataCellArtifact::D7_NormalizedEpisodeData::record::3::cell::chall_behav::00088","asd_run_001::001::S5_normalise","wasGeneratedBy","asd","eyJlbmRfbGFiZWwiOiAiU3RlcFJ1biIsICJzdGFydF9sYWJlbCI6ICJQcml2YWN5QW5ub3RhdGlvbiJ9"
"PA::prop::DataCellArtifact::D7_NormalizedEpisodeData::record::3::cell::chall_behav::00088","S5_normalise_policy","usedPolicy","asd","eyJlbmRfbGFiZWwiOiAiT3BlcmF0aW9uUG9saWN5IiwgInN0YXJ0X2xhYmVsIjogIlByaXZhY3lBbm5vdGF0aW9uIn0="
"PA::prop::DataCellArtifact::D7_NormalizedEpisodeData::record::3::cell::chall_behav::00088","health","hasCategory","asd","eyJlbmRfbGFiZWwiOiAiU2Vuc2l0aXZpdHlDYXRlZ29yeSIsICJleHBsaWNpdCI6IHRydWUsICJzdGFydF9sYWJlbCI6ICJQcml2YWN5QW5ub3RhdGlvbiJ9"
"PA::prop::DataCellArtifact::D7_NormalizedEpisodeData::record::3::cell::chall_behav::00088","behavioural_sensitive","hasCategory","asd","eyJlbmRfbGFiZWwiOiAiU2Vuc2l0aXZpdHlDYXRlZ29yeSIsICJleHBsaWNpdCI6IHRydWUsICJzdGFydF9sYWJlbCI6ICJQcml2YWN5QW5ub3RhdGlvbiJ9"
"PA::prop::DataCellArtifact::D7_NormalizedEpisodeData::record::3::cell::chall_behav::00088","sensitive_personal_data","hasCategory","asd","eyJlbmRfbGFiZWwiOiAiU2Vuc2l0aXZpdHlDYXRlZ29yeSIsICJleHBsaWNpdCI6IGZhbHNlLCAic3RhcnRfbGFiZWwiOiAiUHJpdmFjeUFubm90YXRpb24ifQ=="
"PA::prop::DataCellArtifact::D7_NormalizedEpisodeData::record::3::cell::chall_behav::00088","clinical_research","hasUsage","asd","eyJlbmRfbGFiZWwiOiAiVXNhZ2VDb25zdHJhaW50IiwgInN0YXJ0X2xhYmVsIjogIlByaXZhY3lBbm5vdGF0aW9uIn0="
"PA::prop::DataCellArtifact::D7_NormalizedEpisodeData::record::3::cell::chall_behav::00088","delete_on_request","hasErasure","asd","eyJlbmRfbGFiZWwiOiAiRXJhc3VyZUNvbnN0cmFpbnQiLCAic3RhcnRfbGFiZWwiOiAiUHJpdmFjeUFubm90YXRpb24ifQ=="
"PA::prop::DataCellArtifact::D7_NormalizedEpisodeData::record::3::cell::chall_behav::00088","retention_5y","hasErasure","asd","eyJlbmRfbGFiZWwiOiAiRXJhc3VyZUNvbnN0cmFpbnQiLCAic3RhcnRfbGFiZWwiOiAiUHJpdmFjeUFubm90YXRpb24ifQ=="
"PA::prop::DataCellArtifact::D7_NormalizedEpisodeData::record::3::cell::chall_behav::00088","AU","allowsRole","asd","eyJlbmRfbGFiZWwiOiAiQWNjZXNzUm9sZSIsICJzdGFydF9sYWJlbCI6ICJQcml2YWN5QW5ub3RhdGlvbiJ9"
"PA::prop::DataCellArtifact::D7_NormalizedEpisodeData::record::3::cell::chall_behav::00088","CL","allowsRole","asd","eyJlbmRfbGFiZWwiOiAiQWNjZXNzUm9sZSIsICJzdGFydF9sYWJlbCI6ICJQcml2YWN5QW5ub3RhdGlvbiJ9"
"PA::prop::DataCellArtifact::D7_NormalizedEpisodeData::record::3::cell::chall_behav::00088","DPO","allowsRole","asd","eyJlbmRfbGFiZWwiOiAiQWNjZXNzUm9sZSIsICJzdGFydF9sYWJlbCI6ICJQcml2YWN5QW5ub3RhdGlvbiJ9"
"PA::prop::DataCellArtifact::D7_NormalizedEpisodeData::record::3::cell::chall_behav::00088","DS","allowsRole","asd","eyJlbmRfbGFiZWwiOiAiQWNjZXNzUm9sZSIsICJzdGFydF9sYWJlbCI6ICJQcml2YWN5QW5ub3RhdGlvbiJ9"
"PA::prop::DataCellArtifact::D7_NormalizedEpisodeData::record::3::cell::sev::00089","D7_NormalizedEpisodeData::record::3::cell::sev","annotates","asd","eyJlbmRfbGFiZWwiOiAiRGF0YUNlbGxBcnRpZmFjdCIsICJzdGFydF9sYWJlbCI6ICJQcml2YWN5QW5ub3RhdGlvbiJ9"
"asd_run_001::001::S5_normalise","PA::prop::DataCellArtifact::D7_NormalizedEpisodeData::record::3::cell::sev::00089","generatedPrivacyAnnotation","asd","eyJlbmRfbGFiZWwiOiAiUHJpdmFjeUFubm90YXRpb24iLCAic3RhcnRfbGFiZWwiOiAiU3RlcFJ1biJ9"
"PA::prop::DataCellArtifact::D7_NormalizedEpisodeData::record::3::cell::sev::00089","asd_run_001::001::S5_normalise","wasGeneratedBy","asd","eyJlbmRfbGFiZWwiOiAiU3RlcFJ1biIsICJzdGFydF9sYWJlbCI6ICJQcml2YWN5QW5ub3RhdGlvbiJ9"
"PA::prop::DataCellArtifact::D7_NormalizedEpisodeData::record::3::cell::sev::00089","S5_normalise_policy","usedPolicy","asd","eyJlbmRfbGFiZWwiOiAiT3BlcmF0aW9uUG9saWN5IiwgInN0YXJ0X2xhYmVsIjogIlByaXZhY3lBbm5vdGF0aW9uIn0="
"PA::prop::DataCellArtifact::D7_NormalizedEpisodeData::record::3::cell::sev::00089","health","hasCategory","asd","eyJlbmRfbGFiZWwiOiAiU2Vuc2l0aXZpdHlDYXRlZ29yeSIsICJleHBsaWNpdCI6IHRydWUsICJzdGFydF9sYWJlbCI6ICJQcml2YWN5QW5ub3RhdGlvbiJ9"
"PA::prop::DataCellArtifact::D7_NormalizedEpisodeData::record::3::cell::sev::00089","behavioural_sensitive","hasCategory","asd","eyJlbmRfbGFiZWwiOiAiU2Vuc2l0aXZpdHlDYXRlZ29yeSIsICJleHBsaWNpdCI6IHRydWUsICJzdGFydF9sYWJlbCI6ICJQcml2YWN5QW5ub3RhdGlvbiJ9"
"PA::prop::DataCellArtifact::D7_NormalizedEpisodeData::record::3::cell::sev::00089","sensitive_personal_data","hasCategory","asd","eyJlbmRfbGFiZWwiOiAiU2Vuc2l0aXZpdHlDYXRlZ29yeSIsICJleHBsaWNpdCI6IGZhbHNlLCAic3RhcnRfbGFiZWwiOiAiUHJpdmFjeUFubm90YXRpb24ifQ=="
"PA::prop::DataCellArtifact::D7_NormalizedEpisodeData::record::3::cell::sev::00089","clinical_research","hasUsage","asd","eyJlbmRfbGFiZWwiOiAiVXNhZ2VDb25zdHJhaW50IiwgInN0YXJ0X2xhYmVsIjogIlByaXZhY3lBbm5vdGF0aW9uIn0="
"PA::prop::DataCellArtifact::D7_NormalizedEpisodeData::record::3::cell::sev::00089","delete_on_request","hasErasure","asd","eyJlbmRfbGFiZWwiOiAiRXJhc3VyZUNvbnN0cmFpbnQiLCAic3RhcnRfbGFiZWwiOiAiUHJpdmFjeUFubm90YXRpb24ifQ=="
"PA::prop::DataCellArtifact::D7_NormalizedEpisodeData::record::3::cell::sev::00089","retention_5y","hasErasure","asd","eyJlbmRfbGFiZWwiOiAiRXJhc3VyZUNvbnN0cmFpbnQiLCAic3RhcnRfbGFiZWwiOiAiUHJpdmFjeUFubm90YXRpb24ifQ=="
"PA::prop::DataCellArtifact::D7_NormalizedEpisodeData::record::3::cell::sev::00089","AU","allowsRole","asd","eyJlbmRfbGFiZWwiOiAiQWNjZXNzUm9sZSIsICJzdGFydF9sYWJlbCI6ICJQcml2YWN5QW5ub3RhdGlvbiJ9"
"PA::prop::DataCellArtifact::D7_NormalizedEpisodeData::record::3::cell::sev::00089","CL","allowsRole","asd","eyJlbmRfbGFiZWwiOiAiQWNjZXNzUm9sZSIsICJzdGFydF9sYWJlbCI6ICJQcml2YWN5QW5ub3RhdGlvbiJ9"
"PA::prop::DataCellArtifact::D7_NormalizedEpisodeData::record::3::cell::sev::00089","DPO","allowsRole","asd","eyJlbmRfbGFiZWwiOiAiQWNjZXNzUm9sZSIsICJzdGFydF9sYWJlbCI6ICJQcml2YWN5QW5ub3RhdGlvbiJ9"
"PA::prop::DataCellArtifact::D7_NormalizedEpisodeData::record::3::cell::sev::00089","DS","allowsRole","asd","eyJlbmRfbGFiZWwiOiAiQWNjZXNzUm9sZSIsICJzdGFydF9sYWJlbCI6ICJQcml2YWN5QW5ub3RhdGlvbiJ9"
"PA::prop::DataCellArtifact::D7_NormalizedEpisodeData::record::3::cell::age_grp::00090","D7_NormalizedEpisodeData::record::3::cell::age_grp","annotates","asd","eyJlbmRfbGFiZWwiOiAiRGF0YUNlbGxBcnRpZmFjdCIsICJzdGFydF9sYWJlbCI6ICJQcml2YWN5QW5ub3RhdGlvbiJ9"
"asd_run_001::001::S5_normalise","PA::prop::DataCellArtifact::D7_NormalizedEpisodeData::record::3::cell::age_grp::00090","generatedPrivacyAnnotation","asd","eyJlbmRfbGFiZWwiOiAiUHJpdmFjeUFubm90YXRpb24iLCAic3RhcnRfbGFiZWwiOiAiU3RlcFJ1biJ9"
"PA::prop::DataCellArtifact::D7_NormalizedEpisodeData::record::3::cell::age_grp::00090","asd_run_001::001::S5_normalise","wasGeneratedBy","asd","eyJlbmRfbGFiZWwiOiAiU3RlcFJ1biIsICJzdGFydF9sYWJlbCI6ICJQcml2YWN5QW5ub3RhdGlvbiJ9"
"PA::prop::DataCellArtifact::D7_NormalizedEpisodeData::record::3::cell::age_grp::00090","S5_normalise_policy","usedPolicy","asd","eyJlbmRfbGFiZWwiOiAiT3BlcmF0aW9uUG9saWN5IiwgInN0YXJ0X2xhYmVsIjogIlByaXZhY3lBbm5vdGF0aW9uIn0="
"PA::prop::DataCellArtifact::D7_NormalizedEpisodeData::record::3::cell::age_grp::00090","quasi_identifier","hasCategory","asd","eyJlbmRfbGFiZWwiOiAiU2Vuc2l0aXZpdHlDYXRlZ29yeSIsICJleHBsaWNpdCI6IHRydWUsICJzdGFydF9sYWJlbCI6ICJQcml2YWN5QW5ub3RhdGlvbiJ9"
"PA::prop::DataCellArtifact::D7_NormalizedEpisodeData::record::3::cell::age_grp::00090","clinical_research","hasUsage","asd","eyJlbmRfbGFiZWwiOiAiVXNhZ2VDb25zdHJhaW50IiwgInN0YXJ0X2xhYmVsIjogIlByaXZhY3lBbm5vdGF0aW9uIn0="
"PA::prop::DataCellArtifact::D7_NormalizedEpisodeData::record::3::cell::age_grp::00090","delete_on_request","hasErasure","asd","eyJlbmRfbGFiZWwiOiAiRXJhc3VyZUNvbnN0cmFpbnQiLCAic3RhcnRfbGFiZWwiOiAiUHJpdmFjeUFubm90YXRpb24ifQ=="
"PA::prop::DataCellArtifact::D7_NormalizedEpisodeData::record::3::cell::age_grp::00090","retention_5y","hasErasure","asd","eyJlbmRfbGFiZWwiOiAiRXJhc3VyZUNvbnN0cmFpbnQiLCAic3RhcnRfbGFiZWwiOiAiUHJpdmFjeUFubm90YXRpb24ifQ=="
"PA::prop::DataCellArtifact::D7_NormalizedEpisodeData::record::3::cell::age_grp::00090","AU","allowsRole","asd","eyJlbmRfbGFiZWwiOiAiQWNjZXNzUm9sZSIsICJzdGFydF9sYWJlbCI6ICJQcml2YWN5QW5ub3RhdGlvbiJ9"
"PA::prop::DataCellArtifact::D7_NormalizedEpisodeData::record::3::cell::age_grp::00090","CL","allowsRole","asd","eyJlbmRfbGFiZWwiOiAiQWNjZXNzUm9sZSIsICJzdGFydF9sYWJlbCI6ICJQcml2YWN5QW5ub3RhdGlvbiJ9"
"PA::prop::DataCellArtifact::D7_NormalizedEpisodeData::record::3::cell::age_grp::00090","DPO","allowsRole","asd","eyJlbmRfbGFiZWwiOiAiQWNjZXNzUm9sZSIsICJzdGFydF9sYWJlbCI6ICJQcml2YWN5QW5ub3RhdGlvbiJ9"
"PA::prop::DataCellArtifact::D7_NormalizedEpisodeData::record::3::cell::age_grp::00090","DS","allowsRole","asd","eyJlbmRfbGFiZWwiOiAiQWNjZXNzUm9sZSIsICJzdGFydF9sYWJlbCI6ICJQcml2YWN5QW5ub3RhdGlvbiJ9"
"PA::prop::DataCellArtifact::D7_NormalizedEpisodeData::record::3::cell::sex::00091","D7_NormalizedEpisodeData::record::3::cell::sex","annotates","asd","eyJlbmRfbGFiZWwiOiAiRGF0YUNlbGxBcnRpZmFjdCIsICJzdGFydF9sYWJlbCI6ICJQcml2YWN5QW5ub3RhdGlvbiJ9"
"asd_run_001::001::S5_normalise","PA::prop::DataCellArtifact::D7_NormalizedEpisodeData::record::3::cell::sex::00091","generatedPrivacyAnnotation","asd","eyJlbmRfbGFiZWwiOiAiUHJpdmFjeUFubm90YXRpb24iLCAic3RhcnRfbGFiZWwiOiAiU3RlcFJ1biJ9"
"PA::prop::DataCellArtifact::D7_NormalizedEpisodeData::record::3::cell::sex::00091","asd_run_001::001::S5_normalise","wasGeneratedBy","asd","eyJlbmRfbGFiZWwiOiAiU3RlcFJ1biIsICJzdGFydF9sYWJlbCI6ICJQcml2YWN5QW5ub3RhdGlvbiJ9"
"PA::prop::DataCellArtifact::D7_NormalizedEpisodeData::record::3::cell::sex::00091","S5_normalise_policy","usedPolicy","asd","eyJlbmRfbGFiZWwiOiAiT3BlcmF0aW9uUG9saWN5IiwgInN0YXJ0X2xhYmVsIjogIlByaXZhY3lBbm5vdGF0aW9uIn0="
"PA::prop::DataCellArtifact::D7_NormalizedEpisodeData::record::3::cell::sex::00091","quasi_identifier","hasCategory","asd","eyJlbmRfbGFiZWwiOiAiU2Vuc2l0aXZpdHlDYXRlZ29yeSIsICJleHBsaWNpdCI6IHRydWUsICJzdGFydF9sYWJlbCI6ICJQcml2YWN5QW5ub3RhdGlvbiJ9"
"PA::prop::DataCellArtifact::D7_NormalizedEpisodeData::record::3::cell::sex::00091","clinical_research","hasUsage","asd","eyJlbmRfbGFiZWwiOiAiVXNhZ2VDb25zdHJhaW50IiwgInN0YXJ0X2xhYmVsIjogIlByaXZhY3lBbm5vdGF0aW9uIn0="
"PA::prop::DataCellArtifact::D7_NormalizedEpisodeData::record::3::cell::sex::00091","delete_on_request","hasErasure","asd","eyJlbmRfbGFiZWwiOiAiRXJhc3VyZUNvbnN0cmFpbnQiLCAic3RhcnRfbGFiZWwiOiAiUHJpdmFjeUFubm90YXRpb24ifQ=="
"PA::prop::DataCellArtifact::D7_NormalizedEpisodeData::record::3::cell::sex::00091","retention_5y","hasErasure","asd","eyJlbmRfbGFiZWwiOiAiRXJhc3VyZUNvbnN0cmFpbnQiLCAic3RhcnRfbGFiZWwiOiAiUHJpdmFjeUFubm90YXRpb24ifQ=="
"PA::prop::DataCellArtifact::D7_NormalizedEpisodeData::record::3::cell::sex::00091","AU","allowsRole","asd","eyJlbmRfbGFiZWwiOiAiQWNjZXNzUm9sZSIsICJzdGFydF9sYWJlbCI6ICJQcml2YWN5QW5ub3RhdGlvbiJ9"
"PA::prop::DataCellArtifact::D7_NormalizedEpisodeData::record::3::cell::sex::00091","CL","allowsRole","asd","eyJlbmRfbGFiZWwiOiAiQWNjZXNzUm9sZSIsICJzdGFydF9sYWJlbCI6ICJQcml2YWN5QW5ub3RhdGlvbiJ9"
"PA::prop::DataCellArtifact::D7_NormalizedEpisodeData::record::3::cell::sex::00091","DPO","allowsRole","asd","eyJlbmRfbGFiZWwiOiAiQWNjZXNzUm9sZSIsICJzdGFydF9sYWJlbCI6ICJQcml2YWN5QW5ub3RhdGlvbiJ9"
"PA::prop::DataCellArtifact::D7_NormalizedEpisodeData::record::3::cell::sex::00091","DS","allowsRole","asd","eyJlbmRfbGFiZWwiOiAiQWNjZXNzUm9sZSIsICJzdGFydF9sYWJlbCI6ICJQcml2YWN5QW5ub3RhdGlvbiJ9"
"PA::prop::DataCellArtifact::D7_NormalizedEpisodeData::record::3::cell::clinic_site::00092","D7_NormalizedEpisodeData::record::3::cell::clinic_site","annotates","asd","eyJlbmRfbGFiZWwiOiAiRGF0YUNlbGxBcnRpZmFjdCIsICJzdGFydF9sYWJlbCI6ICJQcml2YWN5QW5ub3RhdGlvbiJ9"
"asd_run_001::001::S5_normalise","PA::prop::DataCellArtifact::D7_NormalizedEpisodeData::record::3::cell::clinic_site::00092","generatedPrivacyAnnotation","asd","eyJlbmRfbGFiZWwiOiAiUHJpdmFjeUFubm90YXRpb24iLCAic3RhcnRfbGFiZWwiOiAiU3RlcFJ1biJ9"
"PA::prop::DataCellArtifact::D7_NormalizedEpisodeData::record::3::cell::clinic_site::00092","asd_run_001::001::S5_normalise","wasGeneratedBy","asd","eyJlbmRfbGFiZWwiOiAiU3RlcFJ1biIsICJzdGFydF9sYWJlbCI6ICJQcml2YWN5QW5ub3RhdGlvbiJ9"
"PA::prop::DataCellArtifact::D7_NormalizedEpisodeData::record::3::cell::clinic_site::00092","S5_normalise_policy","usedPolicy","asd","eyJlbmRfbGFiZWwiOiAiT3BlcmF0aW9uUG9saWN5IiwgInN0YXJ0X2xhYmVsIjogIlByaXZhY3lBbm5vdGF0aW9uIn0="
"PA::prop::DataCellArtifact::D7_NormalizedEpisodeData::record::3::cell::clinic_site::00092","quasi_identifier","hasCategory","asd","eyJlbmRfbGFiZWwiOiAiU2Vuc2l0aXZpdHlDYXRlZ29yeSIsICJleHBsaWNpdCI6IHRydWUsICJzdGFydF9sYWJlbCI6ICJQcml2YWN5QW5ub3RhdGlvbiJ9"
"PA::prop::DataCellArtifact::D7_NormalizedEpisodeData::record::3::cell::clinic_site::00092","organisational_context","hasCategory","asd","eyJlbmRfbGFiZWwiOiAiU2Vuc2l0aXZpdHlDYXRlZ29yeSIsICJleHBsaWNpdCI6IHRydWUsICJzdGFydF9sYWJlbCI6ICJQcml2YWN5QW5ub3RhdGlvbiJ9"
"PA::prop::DataCellArtifact::D7_NormalizedEpisodeData::record::3::cell::clinic_site::00092","clinical_research","hasUsage","asd","eyJlbmRfbGFiZWwiOiAiVXNhZ2VDb25zdHJhaW50IiwgInN0YXJ0X2xhYmVsIjogIlByaXZhY3lBbm5vdGF0aW9uIn0="
"PA::prop::DataCellArtifact::D7_NormalizedEpisodeData::record::3::cell::clinic_site::00092","delete_on_request","hasErasure","asd","eyJlbmRfbGFiZWwiOiAiRXJhc3VyZUNvbnN0cmFpbnQiLCAic3RhcnRfbGFiZWwiOiAiUHJpdmFjeUFubm90YXRpb24ifQ=="
"PA::prop::DataCellArtifact::D7_NormalizedEpisodeData::record::3::cell::clinic_site::00092","retention_5y","hasErasure","asd","eyJlbmRfbGFiZWwiOiAiRXJhc3VyZUNvbnN0cmFpbnQiLCAic3RhcnRfbGFiZWwiOiAiUHJpdmFjeUFubm90YXRpb24ifQ=="
"PA::prop::DataCellArtifact::D7_NormalizedEpisodeData::record::3::cell::clinic_site::00092","AU","allowsRole","asd","eyJlbmRfbGFiZWwiOiAiQWNjZXNzUm9sZSIsICJzdGFydF9sYWJlbCI6ICJQcml2YWN5QW5ub3RhdGlvbiJ9"
"PA::prop::DataCellArtifact::D7_NormalizedEpisodeData::record::3::cell::clinic_site::00092","CL","allowsRole","asd","eyJlbmRfbGFiZWwiOiAiQWNjZXNzUm9sZSIsICJzdGFydF9sYWJlbCI6ICJQcml2YWN5QW5ub3RhdGlvbiJ9"
"PA::prop::DataCellArtifact::D7_NormalizedEpisodeData::record::3::cell::clinic_site::00092","DPO","allowsRole","asd","eyJlbmRfbGFiZWwiOiAiQWNjZXNzUm9sZSIsICJzdGFydF9sYWJlbCI6ICJQcml2YWN5QW5ub3RhdGlvbiJ9"
"PA::prop::DataCellArtifact::D7_NormalizedEpisodeData::record::3::cell::diag::00093","D7_NormalizedEpisodeData::record::3::cell::diag","annotates","asd","eyJlbmRfbGFiZWwiOiAiRGF0YUNlbGxBcnRpZmFjdCIsICJzdGFydF9sYWJlbCI6ICJQcml2YWN5QW5ub3RhdGlvbiJ9"
"asd_run_001::001::S5_normalise","PA::prop::DataCellArtifact::D7_NormalizedEpisodeData::record::3::cell::diag::00093","generatedPrivacyAnnotation","asd","eyJlbmRfbGFiZWwiOiAiUHJpdmFjeUFubm90YXRpb24iLCAic3RhcnRfbGFiZWwiOiAiU3RlcFJ1biJ9"
"PA::prop::DataCellArtifact::D7_NormalizedEpisodeData::record::3::cell::diag::00093","asd_run_001::001::S5_normalise","wasGeneratedBy","asd","eyJlbmRfbGFiZWwiOiAiU3RlcFJ1biIsICJzdGFydF9sYWJlbCI6ICJQcml2YWN5QW5ub3RhdGlvbiJ9"
"PA::prop::DataCellArtifact::D7_NormalizedEpisodeData::record::3::cell::diag::00093","S5_normalise_policy","usedPolicy","asd","eyJlbmRfbGFiZWwiOiAiT3BlcmF0aW9uUG9saWN5IiwgInN0YXJ0X2xhYmVsIjogIlByaXZhY3lBbm5vdGF0aW9uIn0="
"PA::prop::DataCellArtifact::D7_NormalizedEpisodeData::record::3::cell::diag::00093","health","hasCategory","asd","eyJlbmRfbGFiZWwiOiAiU2Vuc2l0aXZpdHlDYXRlZ29yeSIsICJleHBsaWNpdCI6IHRydWUsICJzdGFydF9sYWJlbCI6ICJQcml2YWN5QW5ub3RhdGlvbiJ9"
"PA::prop::DataCellArtifact::D7_NormalizedEpisodeData::record::3::cell::diag::00093","sensitive_personal_data","hasCategory","asd","eyJlbmRfbGFiZWwiOiAiU2Vuc2l0aXZpdHlDYXRlZ29yeSIsICJleHBsaWNpdCI6IHRydWUsICJzdGFydF9sYWJlbCI6ICJQcml2YWN5QW5ub3RhdGlvbiJ9"
"PA::prop::DataCellArtifact::D7_NormalizedEpisodeData::record::3::cell::diag::00093","clinical_research","hasUsage","asd","eyJlbmRfbGFiZWwiOiAiVXNhZ2VDb25zdHJhaW50IiwgInN0YXJ0X2xhYmVsIjogIlByaXZhY3lBbm5vdGF0aW9uIn0="
"PA::prop::DataCellArtifact::D7_NormalizedEpisodeData::record::3::cell::diag::00093","delete_on_request","hasErasure","asd","eyJlbmRfbGFiZWwiOiAiRXJhc3VyZUNvbnN0cmFpbnQiLCAic3RhcnRfbGFiZWwiOiAiUHJpdmFjeUFubm90YXRpb24ifQ=="
"PA::prop::DataCellArtifact::D7_NormalizedEpisodeData::record::3::cell::diag::00093","retention_5y","hasErasure","asd","eyJlbmRfbGFiZWwiOiAiRXJhc3VyZUNvbnN0cmFpbnQiLCAic3RhcnRfbGFiZWwiOiAiUHJpdmFjeUFubm90YXRpb24ifQ=="
"PA::prop::DataCellArtifact::D7_NormalizedEpisodeData::record::3::cell::diag::00093","AU","allowsRole","asd","eyJlbmRfbGFiZWwiOiAiQWNjZXNzUm9sZSIsICJzdGFydF9sYWJlbCI6ICJQcml2YWN5QW5ub3RhdGlvbiJ9"
"PA::prop::DataCellArtifact::D7_NormalizedEpisodeData::record::3::cell::diag::00093","CL","allowsRole","asd","eyJlbmRfbGFiZWwiOiAiQWNjZXNzUm9sZSIsICJzdGFydF9sYWJlbCI6ICJQcml2YWN5QW5ub3RhdGlvbiJ9"
"PA::prop::DataCellArtifact::D7_NormalizedEpisodeData::record::3::cell::diag::00093","DPO","allowsRole","asd","eyJlbmRfbGFiZWwiOiAiQWNjZXNzUm9sZSIsICJzdGFydF9sYWJlbCI6ICJQcml2YWN5QW5ub3RhdGlvbiJ9"
"PA::prop::DataRecordArtifact::D7_NormalizedEpisodeData::record::0::00094","D7_NormalizedEpisodeData::record::0","annotates","asd","eyJlbmRfbGFiZWwiOiAiRGF0YVJlY29yZEFydGlmYWN0IiwgInN0YXJ0X2xhYmVsIjogIlByaXZhY3lBbm5vdGF0aW9uIn0="
"asd_run_001::001::S5_normalise","PA::prop::DataRecordArtifact::D7_NormalizedEpisodeData::record::0::00094","generatedPrivacyAnnotation","asd","eyJlbmRfbGFiZWwiOiAiUHJpdmFjeUFubm90YXRpb24iLCAic3RhcnRfbGFiZWwiOiAiU3RlcFJ1biJ9"
"PA::prop::DataRecordArtifact::D7_NormalizedEpisodeData::record::0::00094","asd_run_001::001::S5_normalise","wasGeneratedBy","asd","eyJlbmRfbGFiZWwiOiAiU3RlcFJ1biIsICJzdGFydF9sYWJlbCI6ICJQcml2YWN5QW5ub3RhdGlvbiJ9"
"PA::prop::DataRecordArtifact::D7_NormalizedEpisodeData::record::0::00094","S5_normalise_policy","usedPolicy","asd","eyJlbmRfbGFiZWwiOiAiT3BlcmF0aW9uUG9saWN5IiwgInN0YXJ0X2xhYmVsIjogIlByaXZhY3lBbm5vdGF0aW9uIn0="
"PA::prop::DataRecordArtifact::D7_NormalizedEpisodeData::record::0::00094","direct_identifier","hasCategory","asd","eyJlbmRfbGFiZWwiOiAiU2Vuc2l0aXZpdHlDYXRlZ29yeSIsICJleHBsaWNpdCI6IHRydWUsICJzdGFydF9sYWJlbCI6ICJQcml2YWN5QW5ub3RhdGlvbiJ9"
"PA::prop::DataRecordArtifact::D7_NormalizedEpisodeData::record::0::00094","temporal_quasi_identifier","hasCategory","asd","eyJlbmRfbGFiZWwiOiAiU2Vuc2l0aXZpdHlDYXRlZ29yeSIsICJleHBsaWNpdCI6IHRydWUsICJzdGFydF9sYWJlbCI6ICJQcml2YWN5QW5ub3RhdGlvbiJ9"
"PA::prop::DataRecordArtifact::D7_NormalizedEpisodeData::record::0::00094","biometric","hasCategory","asd","eyJlbmRfbGFiZWwiOiAiU2Vuc2l0aXZpdHlDYXRlZ29yeSIsICJleHBsaWNpdCI6IHRydWUsICJzdGFydF9sYWJlbCI6ICJQcml2YWN5QW5ub3RhdGlvbiJ9"
"PA::prop::DataRecordArtifact::D7_NormalizedEpisodeData::record::0::00094","health","hasCategory","asd","eyJlbmRfbGFiZWwiOiAiU2Vuc2l0aXZpdHlDYXRlZ29yeSIsICJleHBsaWNpdCI6IHRydWUsICJzdGFydF9sYWJlbCI6ICJQcml2YWN5QW5ub3RhdGlvbiJ9"
"PA::prop::DataRecordArtifact::D7_NormalizedEpisodeData::record::0::00094","behavioural_sensor_data","hasCategory","asd","eyJlbmRfbGFiZWwiOiAiU2Vuc2l0aXZpdHlDYXRlZ29yeSIsICJleHBsaWNpdCI6IHRydWUsICJzdGFydF9sYWJlbCI6ICJQcml2YWN5QW5ub3RhdGlvbiJ9"
"PA::prop::DataRecordArtifact::D7_NormalizedEpisodeData::record::0::00094","behavioural_sensitive","hasCategory","asd","eyJlbmRfbGFiZWwiOiAiU2Vuc2l0aXZpdHlDYXRlZ29yeSIsICJleHBsaWNpdCI6IHRydWUsICJzdGFydF9sYWJlbCI6ICJQcml2YWN5QW5ub3RhdGlvbiJ9"
"PA::prop::DataRecordArtifact::D7_NormalizedEpisodeData::record::0::00094","quasi_identifier","hasCategory","asd","eyJlbmRfbGFiZWwiOiAiU2Vuc2l0aXZpdHlDYXRlZ29yeSIsICJleHBsaWNpdCI6IHRydWUsICJzdGFydF9sYWJlbCI6ICJQcml2YWN5QW5ub3RhdGlvbiJ9"
"PA::prop::DataRecordArtifact::D7_NormalizedEpisodeData::record::0::00094","organisational_context","hasCategory","asd","eyJlbmRfbGFiZWwiOiAiU2Vuc2l0aXZpdHlDYXRlZ29yeSIsICJleHBsaWNpdCI6IHRydWUsICJzdGFydF9sYWJlbCI6ICJQcml2YWN5QW5ub3RhdGlvbiJ9"
"PA::prop::DataRecordArtifact::D7_NormalizedEpisodeData::record::0::00094","sensitive_personal_data","hasCategory","asd","eyJlbmRfbGFiZWwiOiAiU2Vuc2l0aXZpdHlDYXRlZ29yeSIsICJleHBsaWNpdCI6IHRydWUsICJzdGFydF9sYWJlbCI6ICJQcml2YWN5QW5ub3RhdGlvbiJ9"
"PA::prop::DataRecordArtifact::D7_NormalizedEpisodeData::record::0::00094","identifier","hasCategory","asd","eyJlbmRfbGFiZWwiOiAiU2Vuc2l0aXZpdHlDYXRlZ29yeSIsICJleHBsaWNpdCI6IGZhbHNlLCAic3RhcnRfbGFiZWwiOiAiUHJpdmFjeUFubm90YXRpb24ifQ=="
"PA::prop::DataRecordArtifact::D7_NormalizedEpisodeData::record::0::00094","clinical_research","hasUsage","asd","eyJlbmRfbGFiZWwiOiAiVXNhZ2VDb25zdHJhaW50IiwgInN0YXJ0X2xhYmVsIjogIlByaXZhY3lBbm5vdGF0aW9uIn0="
"PA::prop::DataRecordArtifact::D7_NormalizedEpisodeData::record::0::00094","delete_on_request","hasErasure","asd","eyJlbmRfbGFiZWwiOiAiRXJhc3VyZUNvbnN0cmFpbnQiLCAic3RhcnRfbGFiZWwiOiAiUHJpdmFjeUFubm90YXRpb24ifQ=="
"PA::prop::DataRecordArtifact::D7_NormalizedEpisodeData::record::0::00094","retention_5y","hasErasure","asd","eyJlbmRfbGFiZWwiOiAiRXJhc3VyZUNvbnN0cmFpbnQiLCAic3RhcnRfbGFiZWwiOiAiUHJpdmFjeUFubm90YXRpb24ifQ=="
"PA::prop::DataRecordArtifact::D7_NormalizedEpisodeData::record::0::00094","CL","allowsRole","asd","eyJlbmRfbGFiZWwiOiAiQWNjZXNzUm9sZSIsICJzdGFydF9sYWJlbCI6ICJQcml2YWN5QW5ub3RhdGlvbiJ9"
"PA::prop::DataRecordArtifact::D7_NormalizedEpisodeData::record::0::00094","DPO","allowsRole","asd","eyJlbmRfbGFiZWwiOiAiQWNjZXNzUm9sZSIsICJzdGFydF9sYWJlbCI6ICJQcml2YWN5QW5ub3RhdGlvbiJ9"
"PA::prop::DataRecordArtifact::D7_NormalizedEpisodeData::record::1::00095","D7_NormalizedEpisodeData::record::1","annotates","asd","eyJlbmRfbGFiZWwiOiAiRGF0YVJlY29yZEFydGlmYWN0IiwgInN0YXJ0X2xhYmVsIjogIlByaXZhY3lBbm5vdGF0aW9uIn0="
"asd_run_001::001::S5_normalise","PA::prop::DataRecordArtifact::D7_NormalizedEpisodeData::record::1::00095","generatedPrivacyAnnotation","asd","eyJlbmRfbGFiZWwiOiAiUHJpdmFjeUFubm90YXRpb24iLCAic3RhcnRfbGFiZWwiOiAiU3RlcFJ1biJ9"
"PA::prop::DataRecordArtifact::D7_NormalizedEpisodeData::record::1::00095","asd_run_001::001::S5_normalise","wasGeneratedBy","asd","eyJlbmRfbGFiZWwiOiAiU3RlcFJ1biIsICJzdGFydF9sYWJlbCI6ICJQcml2YWN5QW5ub3RhdGlvbiJ9"
"PA::prop::DataRecordArtifact::D7_NormalizedEpisodeData::record::1::00095","S5_normalise_policy","usedPolicy","asd","eyJlbmRfbGFiZWwiOiAiT3BlcmF0aW9uUG9saWN5IiwgInN0YXJ0X2xhYmVsIjogIlByaXZhY3lBbm5vdGF0aW9uIn0="
"PA::prop::DataRecordArtifact::D7_NormalizedEpisodeData::record::1::00095","direct_identifier","hasCategory","asd","eyJlbmRfbGFiZWwiOiAiU2Vuc2l0aXZpdHlDYXRlZ29yeSIsICJleHBsaWNpdCI6IHRydWUsICJzdGFydF9sYWJlbCI6ICJQcml2YWN5QW5ub3RhdGlvbiJ9"
"PA::prop::DataRecordArtifact::D7_NormalizedEpisodeData::record::1::00095","temporal_quasi_identifier","hasCategory","asd","eyJlbmRfbGFiZWwiOiAiU2Vuc2l0aXZpdHlDYXRlZ29yeSIsICJleHBsaWNpdCI6IHRydWUsICJzdGFydF9sYWJlbCI6ICJQcml2YWN5QW5ub3RhdGlvbiJ9"
"PA::prop::DataRecordArtifact::D7_NormalizedEpisodeData::record::1::00095","biometric","hasCategory","asd","eyJlbmRfbGFiZWwiOiAiU2Vuc2l0aXZpdHlDYXRlZ29yeSIsICJleHBsaWNpdCI6IHRydWUsICJzdGFydF9sYWJlbCI6ICJQcml2YWN5QW5ub3RhdGlvbiJ9"
"PA::prop::DataRecordArtifact::D7_NormalizedEpisodeData::record::1::00095","health","hasCategory","asd","eyJlbmRfbGFiZWwiOiAiU2Vuc2l0aXZpdHlDYXRlZ29yeSIsICJleHBsaWNpdCI6IHRydWUsICJzdGFydF9sYWJlbCI6ICJQcml2YWN5QW5ub3RhdGlvbiJ9"
"PA::prop::DataRecordArtifact::D7_NormalizedEpisodeData::record::1::00095","behavioural_sensor_data","hasCategory","asd","eyJlbmRfbGFiZWwiOiAiU2Vuc2l0aXZpdHlDYXRlZ29yeSIsICJleHBsaWNpdCI6IHRydWUsICJzdGFydF9sYWJlbCI6ICJQcml2YWN5QW5ub3RhdGlvbiJ9"
"PA::prop::DataRecordArtifact::D7_NormalizedEpisodeData::record::1::00095","behavioural_sensitive","hasCategory","asd","eyJlbmRfbGFiZWwiOiAiU2Vuc2l0aXZpdHlDYXRlZ29yeSIsICJleHBsaWNpdCI6IHRydWUsICJzdGFydF9sYWJlbCI6ICJQcml2YWN5QW5ub3RhdGlvbiJ9"
"PA::prop::DataRecordArtifact::D7_NormalizedEpisodeData::record::1::00095","quasi_identifier","hasCategory","asd","eyJlbmRfbGFiZWwiOiAiU2Vuc2l0aXZpdHlDYXRlZ29yeSIsICJleHBsaWNpdCI6IHRydWUsICJzdGFydF9sYWJlbCI6ICJQcml2YWN5QW5ub3RhdGlvbiJ9"
"PA::prop::DataRecordArtifact::D7_NormalizedEpisodeData::record::1::00095","organisational_context","hasCategory","asd","eyJlbmRfbGFiZWwiOiAiU2Vuc2l0aXZpdHlDYXRlZ29yeSIsICJleHBsaWNpdCI6IHRydWUsICJzdGFydF9sYWJlbCI6ICJQcml2YWN5QW5ub3RhdGlvbiJ9"
"PA::prop::DataRecordArtifact::D7_NormalizedEpisodeData::record::1::00095","sensitive_personal_data","hasCategory","asd","eyJlbmRfbGFiZWwiOiAiU2Vuc2l0aXZpdHlDYXRlZ29yeSIsICJleHBsaWNpdCI6IHRydWUsICJzdGFydF9sYWJlbCI6ICJQcml2YWN5QW5ub3RhdGlvbiJ9"
"PA::prop::DataRecordArtifact::D7_NormalizedEpisodeData::record::1::00095","identifier","hasCategory","asd","eyJlbmRfbGFiZWwiOiAiU2Vuc2l0aXZpdHlDYXRlZ29yeSIsICJleHBsaWNpdCI6IGZhbHNlLCAic3RhcnRfbGFiZWwiOiAiUHJpdmFjeUFubm90YXRpb24ifQ=="
"PA::prop::DataRecordArtifact::D7_NormalizedEpisodeData::record::1::00095","clinical_research","hasUsage","asd","eyJlbmRfbGFiZWwiOiAiVXNhZ2VDb25zdHJhaW50IiwgInN0YXJ0X2xhYmVsIjogIlByaXZhY3lBbm5vdGF0aW9uIn0="
"PA::prop::DataRecordArtifact::D7_NormalizedEpisodeData::record::1::00095","delete_on_request","hasErasure","asd","eyJlbmRfbGFiZWwiOiAiRXJhc3VyZUNvbnN0cmFpbnQiLCAic3RhcnRfbGFiZWwiOiAiUHJpdmFjeUFubm90YXRpb24ifQ=="
"PA::prop::DataRecordArtifact::D7_NormalizedEpisodeData::record::1::00095","retention_5y","hasErasure","asd","eyJlbmRfbGFiZWwiOiAiRXJhc3VyZUNvbnN0cmFpbnQiLCAic3RhcnRfbGFiZWwiOiAiUHJpdmFjeUFubm90YXRpb24ifQ=="
"PA::prop::DataRecordArtifact::D7_NormalizedEpisodeData::record::1::00095","CL","allowsRole","asd","eyJlbmRfbGFiZWwiOiAiQWNjZXNzUm9sZSIsICJzdGFydF9sYWJlbCI6ICJQcml2YWN5QW5ub3RhdGlvbiJ9"
"PA::prop::DataRecordArtifact::D7_NormalizedEpisodeData::record::1::00095","DPO","allowsRole","asd","eyJlbmRfbGFiZWwiOiAiQWNjZXNzUm9sZSIsICJzdGFydF9sYWJlbCI6ICJQcml2YWN5QW5ub3RhdGlvbiJ9"
"PA::prop::DataRecordArtifact::D7_NormalizedEpisodeData::record::2::00096","D7_NormalizedEpisodeData::record::2","annotates","asd","eyJlbmRfbGFiZWwiOiAiRGF0YVJlY29yZEFydGlmYWN0IiwgInN0YXJ0X2xhYmVsIjogIlByaXZhY3lBbm5vdGF0aW9uIn0="
"asd_run_001::001::S5_normalise","PA::prop::DataRecordArtifact::D7_NormalizedEpisodeData::record::2::00096","generatedPrivacyAnnotation","asd","eyJlbmRfbGFiZWwiOiAiUHJpdmFjeUFubm90YXRpb24iLCAic3RhcnRfbGFiZWwiOiAiU3RlcFJ1biJ9"
"PA::prop::DataRecordArtifact::D7_NormalizedEpisodeData::record::2::00096","asd_run_001::001::S5_normalise","wasGeneratedBy","asd","eyJlbmRfbGFiZWwiOiAiU3RlcFJ1biIsICJzdGFydF9sYWJlbCI6ICJQcml2YWN5QW5ub3RhdGlvbiJ9"
"PA::prop::DataRecordArtifact::D7_NormalizedEpisodeData::record::2::00096","S5_normalise_policy","usedPolicy","asd","eyJlbmRfbGFiZWwiOiAiT3BlcmF0aW9uUG9saWN5IiwgInN0YXJ0X2xhYmVsIjogIlByaXZhY3lBbm5vdGF0aW9uIn0="
"PA::prop::DataRecordArtifact::D7_NormalizedEpisodeData::record::2::00096","direct_identifier","hasCategory","asd","eyJlbmRfbGFiZWwiOiAiU2Vuc2l0aXZpdHlDYXRlZ29yeSIsICJleHBsaWNpdCI6IHRydWUsICJzdGFydF9sYWJlbCI6ICJQcml2YWN5QW5ub3RhdGlvbiJ9"
"PA::prop::DataRecordArtifact::D7_NormalizedEpisodeData::record::2::00096","temporal_quasi_identifier","hasCategory","asd","eyJlbmRfbGFiZWwiOiAiU2Vuc2l0aXZpdHlDYXRlZ29yeSIsICJleHBsaWNpdCI6IHRydWUsICJzdGFydF9sYWJlbCI6ICJQcml2YWN5QW5ub3RhdGlvbiJ9"
"PA::prop::DataRecordArtifact::D7_NormalizedEpisodeData::record::2::00096","biometric","hasCategory","asd","eyJlbmRfbGFiZWwiOiAiU2Vuc2l0aXZpdHlDYXRlZ29yeSIsICJleHBsaWNpdCI6IHRydWUsICJzdGFydF9sYWJlbCI6ICJQcml2YWN5QW5ub3RhdGlvbiJ9"
"PA::prop::DataRecordArtifact::D7_NormalizedEpisodeData::record::2::00096","health","hasCategory","asd","eyJlbmRfbGFiZWwiOiAiU2Vuc2l0aXZpdHlDYXRlZ29yeSIsICJleHBsaWNpdCI6IHRydWUsICJzdGFydF9sYWJlbCI6ICJQcml2YWN5QW5ub3RhdGlvbiJ9"
"PA::prop::DataRecordArtifact::D7_NormalizedEpisodeData::record::2::00096","behavioural_sensor_data","hasCategory","asd","eyJlbmRfbGFiZWwiOiAiU2Vuc2l0aXZpdHlDYXRlZ29yeSIsICJleHBsaWNpdCI6IHRydWUsICJzdGFydF9sYWJlbCI6ICJQcml2YWN5QW5ub3RhdGlvbiJ9"
"PA::prop::DataRecordArtifact::D7_NormalizedEpisodeData::record::2::00096","behavioural_sensitive","hasCategory","asd","eyJlbmRfbGFiZWwiOiAiU2Vuc2l0aXZpdHlDYXRlZ29yeSIsICJleHBsaWNpdCI6IHRydWUsICJzdGFydF9sYWJlbCI6ICJQcml2YWN5QW5ub3RhdGlvbiJ9"
"PA::prop::DataRecordArtifact::D7_NormalizedEpisodeData::record::2::00096","quasi_identifier","hasCategory","asd","eyJlbmRfbGFiZWwiOiAiU2Vuc2l0aXZpdHlDYXRlZ29yeSIsICJleHBsaWNpdCI6IHRydWUsICJzdGFydF9sYWJlbCI6ICJQcml2YWN5QW5ub3RhdGlvbiJ9"
"PA::prop::DataRecordArtifact::D7_NormalizedEpisodeData::record::2::00096","organisational_context","hasCategory","asd","eyJlbmRfbGFiZWwiOiAiU2Vuc2l0aXZpdHlDYXRlZ29yeSIsICJleHBsaWNpdCI6IHRydWUsICJzdGFydF9sYWJlbCI6ICJQcml2YWN5QW5ub3RhdGlvbiJ9"
"PA::prop::DataRecordArtifact::D7_NormalizedEpisodeData::record::2::00096","sensitive_personal_data","hasCategory","asd","eyJlbmRfbGFiZWwiOiAiU2Vuc2l0aXZpdHlDYXRlZ29yeSIsICJleHBsaWNpdCI6IHRydWUsICJzdGFydF9sYWJlbCI6ICJQcml2YWN5QW5ub3RhdGlvbiJ9"
"PA::prop::DataRecordArtifact::D7_NormalizedEpisodeData::record::2::00096","identifier","hasCategory","asd","eyJlbmRfbGFiZWwiOiAiU2Vuc2l0aXZpdHlDYXRlZ29yeSIsICJleHBsaWNpdCI6IGZhbHNlLCAic3RhcnRfbGFiZWwiOiAiUHJpdmFjeUFubm90YXRpb24ifQ=="
"PA::prop::DataRecordArtifact::D7_NormalizedEpisodeData::record::2::00096","clinical_research","hasUsage","asd","eyJlbmRfbGFiZWwiOiAiVXNhZ2VDb25zdHJhaW50IiwgInN0YXJ0X2xhYmVsIjogIlByaXZhY3lBbm5vdGF0aW9uIn0="
"PA::prop::DataRecordArtifact::D7_NormalizedEpisodeData::record::2::00096","delete_on_request","hasErasure","asd","eyJlbmRfbGFiZWwiOiAiRXJhc3VyZUNvbnN0cmFpbnQiLCAic3RhcnRfbGFiZWwiOiAiUHJpdmFjeUFubm90YXRpb24ifQ=="
"PA::prop::DataRecordArtifact::D7_NormalizedEpisodeData::record::2::00096","retention_5y","hasErasure","asd","eyJlbmRfbGFiZWwiOiAiRXJhc3VyZUNvbnN0cmFpbnQiLCAic3RhcnRfbGFiZWwiOiAiUHJpdmFjeUFubm90YXRpb24ifQ=="
"PA::prop::DataRecordArtifact::D7_NormalizedEpisodeData::record::2::00096","CL","allowsRole","asd","eyJlbmRfbGFiZWwiOiAiQWNjZXNzUm9sZSIsICJzdGFydF9sYWJlbCI6ICJQcml2YWN5QW5ub3RhdGlvbiJ9"
"PA::prop::DataRecordArtifact::D7_NormalizedEpisodeData::record::2::00096","DPO","allowsRole","asd","eyJlbmRfbGFiZWwiOiAiQWNjZXNzUm9sZSIsICJzdGFydF9sYWJlbCI6ICJQcml2YWN5QW5ub3RhdGlvbiJ9"
"PA::prop::DataRecordArtifact::D7_NormalizedEpisodeData::record::3::00097","D7_NormalizedEpisodeData::record::3","annotates","asd","eyJlbmRfbGFiZWwiOiAiRGF0YVJlY29yZEFydGlmYWN0IiwgInN0YXJ0X2xhYmVsIjogIlByaXZhY3lBbm5vdGF0aW9uIn0="
"asd_run_001::001::S5_normalise","PA::prop::DataRecordArtifact::D7_NormalizedEpisodeData::record::3::00097","generatedPrivacyAnnotation","asd","eyJlbmRfbGFiZWwiOiAiUHJpdmFjeUFubm90YXRpb24iLCAic3RhcnRfbGFiZWwiOiAiU3RlcFJ1biJ9"
"PA::prop::DataRecordArtifact::D7_NormalizedEpisodeData::record::3::00097","asd_run_001::001::S5_normalise","wasGeneratedBy","asd","eyJlbmRfbGFiZWwiOiAiU3RlcFJ1biIsICJzdGFydF9sYWJlbCI6ICJQcml2YWN5QW5ub3RhdGlvbiJ9"
"PA::prop::DataRecordArtifact::D7_NormalizedEpisodeData::record::3::00097","S5_normalise_policy","usedPolicy","asd","eyJlbmRfbGFiZWwiOiAiT3BlcmF0aW9uUG9saWN5IiwgInN0YXJ0X2xhYmVsIjogIlByaXZhY3lBbm5vdGF0aW9uIn0="
"PA::prop::DataRecordArtifact::D7_NormalizedEpisodeData::record::3::00097","direct_identifier","hasCategory","asd","eyJlbmRfbGFiZWwiOiAiU2Vuc2l0aXZpdHlDYXRlZ29yeSIsICJleHBsaWNpdCI6IHRydWUsICJzdGFydF9sYWJlbCI6ICJQcml2YWN5QW5ub3RhdGlvbiJ9"
"PA::prop::DataRecordArtifact::D7_NormalizedEpisodeData::record::3::00097","temporal_quasi_identifier","hasCategory","asd","eyJlbmRfbGFiZWwiOiAiU2Vuc2l0aXZpdHlDYXRlZ29yeSIsICJleHBsaWNpdCI6IHRydWUsICJzdGFydF9sYWJlbCI6ICJQcml2YWN5QW5ub3RhdGlvbiJ9"
"PA::prop::DataRecordArtifact::D7_NormalizedEpisodeData::record::3::00097","biometric","hasCategory","asd","eyJlbmRfbGFiZWwiOiAiU2Vuc2l0aXZpdHlDYXRlZ29yeSIsICJleHBsaWNpdCI6IHRydWUsICJzdGFydF9sYWJlbCI6ICJQcml2YWN5QW5ub3RhdGlvbiJ9"
"PA::prop::DataRecordArtifact::D7_NormalizedEpisodeData::record::3::00097","health","hasCategory","asd","eyJlbmRfbGFiZWwiOiAiU2Vuc2l0aXZpdHlDYXRlZ29yeSIsICJleHBsaWNpdCI6IHRydWUsICJzdGFydF9sYWJlbCI6ICJQcml2YWN5QW5ub3RhdGlvbiJ9"
"PA::prop::DataRecordArtifact::D7_NormalizedEpisodeData::record::3::00097","behavioural_sensor_data","hasCategory","asd","eyJlbmRfbGFiZWwiOiAiU2Vuc2l0aXZpdHlDYXRlZ29yeSIsICJleHBsaWNpdCI6IHRydWUsICJzdGFydF9sYWJlbCI6ICJQcml2YWN5QW5ub3RhdGlvbiJ9"
"PA::prop::DataRecordArtifact::D7_NormalizedEpisodeData::record::3::00097","behavioural_sensitive","hasCategory","asd","eyJlbmRfbGFiZWwiOiAiU2Vuc2l0aXZpdHlDYXRlZ29yeSIsICJleHBsaWNpdCI6IHRydWUsICJzdGFydF9sYWJlbCI6ICJQcml2YWN5QW5ub3RhdGlvbiJ9"
"PA::prop::DataRecordArtifact::D7_NormalizedEpisodeData::record::3::00097","quasi_identifier","hasCategory","asd","eyJlbmRfbGFiZWwiOiAiU2Vuc2l0aXZpdHlDYXRlZ29yeSIsICJleHBsaWNpdCI6IHRydWUsICJzdGFydF9sYWJlbCI6ICJQcml2YWN5QW5ub3RhdGlvbiJ9"
"PA::prop::DataRecordArtifact::D7_NormalizedEpisodeData::record::3::00097","organisational_context","hasCategory","asd","eyJlbmRfbGFiZWwiOiAiU2Vuc2l0aXZpdHlDYXRlZ29yeSIsICJleHBsaWNpdCI6IHRydWUsICJzdGFydF9sYWJlbCI6ICJQcml2YWN5QW5ub3RhdGlvbiJ9"
"PA::prop::DataRecordArtifact::D7_NormalizedEpisodeData::record::3::00097","sensitive_personal_data","hasCategory","asd","eyJlbmRfbGFiZWwiOiAiU2Vuc2l0aXZpdHlDYXRlZ29yeSIsICJleHBsaWNpdCI6IHRydWUsICJzdGFydF9sYWJlbCI6ICJQcml2YWN5QW5ub3RhdGlvbiJ9"
"PA::prop::DataRecordArtifact::D7_NormalizedEpisodeData::record::3::00097","identifier","hasCategory","asd","eyJlbmRfbGFiZWwiOiAiU2Vuc2l0aXZpdHlDYXRlZ29yeSIsICJleHBsaWNpdCI6IGZhbHNlLCAic3RhcnRfbGFiZWwiOiAiUHJpdmFjeUFubm90YXRpb24ifQ=="
"PA::prop::DataRecordArtifact::D7_NormalizedEpisodeData::record::3::00097","clinical_research","hasUsage","asd","eyJlbmRfbGFiZWwiOiAiVXNhZ2VDb25zdHJhaW50IiwgInN0YXJ0X2xhYmVsIjogIlByaXZhY3lBbm5vdGF0aW9uIn0="
"PA::prop::DataRecordArtifact::D7_NormalizedEpisodeData::record::3::00097","delete_on_request","hasErasure","asd","eyJlbmRfbGFiZWwiOiAiRXJhc3VyZUNvbnN0cmFpbnQiLCAic3RhcnRfbGFiZWwiOiAiUHJpdmFjeUFubm90YXRpb24ifQ=="
"PA::prop::DataRecordArtifact::D7_NormalizedEpisodeData::record::3::00097","retention_5y","hasErasure","asd","eyJlbmRfbGFiZWwiOiAiRXJhc3VyZUNvbnN0cmFpbnQiLCAic3RhcnRfbGFiZWwiOiAiUHJpdmFjeUFubm90YXRpb24ifQ=="
"PA::prop::DataRecordArtifact::D7_NormalizedEpisodeData::record::3::00097","CL","allowsRole","asd","eyJlbmRfbGFiZWwiOiAiQWNjZXNzUm9sZSIsICJzdGFydF9sYWJlbCI6ICJQcml2YWN5QW5ub3RhdGlvbiJ9"
"PA::prop::DataRecordArtifact::D7_NormalizedEpisodeData::record::3::00097","DPO","allowsRole","asd","eyJlbmRfbGFiZWwiOiAiQWNjZXNzUm9sZSIsICJzdGFydF9sYWJlbCI6ICJQcml2YWN5QW5ub3RhdGlvbiJ9"
"PA::prop::DatasetArtifact::D7_NormalizedEpisodeData::00098","D7_NormalizedEpisodeData","annotates","asd","eyJlbmRfbGFiZWwiOiAiRGF0YXNldEFydGlmYWN0IiwgInN0YXJ0X2xhYmVsIjogIlByaXZhY3lBbm5vdGF0aW9uIn0="
"asd_run_001::001::S5_normalise","PA::prop::DatasetArtifact::D7_NormalizedEpisodeData::00098","generatedPrivacyAnnotation","asd","eyJlbmRfbGFiZWwiOiAiUHJpdmFjeUFubm90YXRpb24iLCAic3RhcnRfbGFiZWwiOiAiU3RlcFJ1biJ9"
"PA::prop::DatasetArtifact::D7_NormalizedEpisodeData::00098","asd_run_001::001::S5_normalise","wasGeneratedBy","asd","eyJlbmRfbGFiZWwiOiAiU3RlcFJ1biIsICJzdGFydF9sYWJlbCI6ICJQcml2YWN5QW5ub3RhdGlvbiJ9"
"PA::prop::DatasetArtifact::D7_NormalizedEpisodeData::00098","S5_normalise_policy","usedPolicy","asd","eyJlbmRfbGFiZWwiOiAiT3BlcmF0aW9uUG9saWN5IiwgInN0YXJ0X2xhYmVsIjogIlByaXZhY3lBbm5vdGF0aW9uIn0="
"PA::prop::DatasetArtifact::D7_NormalizedEpisodeData::00098","direct_identifier","hasCategory","asd","eyJlbmRfbGFiZWwiOiAiU2Vuc2l0aXZpdHlDYXRlZ29yeSIsICJleHBsaWNpdCI6IHRydWUsICJzdGFydF9sYWJlbCI6ICJQcml2YWN5QW5ub3RhdGlvbiJ9"
"PA::prop::DatasetArtifact::D7_NormalizedEpisodeData::00098","temporal_quasi_identifier","hasCategory","asd","eyJlbmRfbGFiZWwiOiAiU2Vuc2l0aXZpdHlDYXRlZ29yeSIsICJleHBsaWNpdCI6IHRydWUsICJzdGFydF9sYWJlbCI6ICJQcml2YWN5QW5ub3RhdGlvbiJ9"
"PA::prop::DatasetArtifact::D7_NormalizedEpisodeData::00098","quasi_identifier","hasCategory","asd","eyJlbmRfbGFiZWwiOiAiU2Vuc2l0aXZpdHlDYXRlZ29yeSIsICJleHBsaWNpdCI6IHRydWUsICJzdGFydF9sYWJlbCI6ICJQcml2YWN5QW5ub3RhdGlvbiJ9"
"PA::prop::DatasetArtifact::D7_NormalizedEpisodeData::00098","biometric","hasCategory","asd","eyJlbmRfbGFiZWwiOiAiU2Vuc2l0aXZpdHlDYXRlZ29yeSIsICJleHBsaWNpdCI6IHRydWUsICJzdGFydF9sYWJlbCI6ICJQcml2YWN5QW5ub3RhdGlvbiJ9"
"PA::prop::DatasetArtifact::D7_NormalizedEpisodeData::00098","health","hasCategory","asd","eyJlbmRfbGFiZWwiOiAiU2Vuc2l0aXZpdHlDYXRlZ29yeSIsICJleHBsaWNpdCI6IHRydWUsICJzdGFydF9sYWJlbCI6ICJQcml2YWN5QW5ub3RhdGlvbiJ9"
"PA::prop::DatasetArtifact::D7_NormalizedEpisodeData::00098","behavioural_sensor_data","hasCategory","asd","eyJlbmRfbGFiZWwiOiAiU2Vuc2l0aXZpdHlDYXRlZ29yeSIsICJleHBsaWNpdCI6IHRydWUsICJzdGFydF9sYWJlbCI6ICJQcml2YWN5QW5ub3RhdGlvbiJ9"
"PA::prop::DatasetArtifact::D7_NormalizedEpisodeData::00098","behavioural_sensitive","hasCategory","asd","eyJlbmRfbGFiZWwiOiAiU2Vuc2l0aXZpdHlDYXRlZ29yeSIsICJleHBsaWNpdCI6IHRydWUsICJzdGFydF9sYWJlbCI6ICJQcml2YWN5QW5ub3RhdGlvbiJ9"
"PA::prop::DatasetArtifact::D7_NormalizedEpisodeData::00098","organisational_context","hasCategory","asd","eyJlbmRfbGFiZWwiOiAiU2Vuc2l0aXZpdHlDYXRlZ29yeSIsICJleHBsaWNpdCI6IHRydWUsICJzdGFydF9sYWJlbCI6ICJQcml2YWN5QW5ub3RhdGlvbiJ9"
"PA::prop::DatasetArtifact::D7_NormalizedEpisodeData::00098","reidentification_risk","hasCategory","asd","eyJlbmRfbGFiZWwiOiAiU2Vuc2l0aXZpdHlDYXRlZ29yeSIsICJleHBsaWNpdCI6IHRydWUsICJzdGFydF9sYWJlbCI6ICJQcml2YWN5QW5ub3RhdGlvbiJ9"
"PA::prop::DatasetArtifact::D7_NormalizedEpisodeData::00098","sensitive_personal_data","hasCategory","asd","eyJlbmRfbGFiZWwiOiAiU2Vuc2l0aXZpdHlDYXRlZ29yeSIsICJleHBsaWNpdCI6IHRydWUsICJzdGFydF9sYWJlbCI6ICJQcml2YWN5QW5ub3RhdGlvbiJ9"
"PA::prop::DatasetArtifact::D7_NormalizedEpisodeData::00098","identifier","hasCategory","asd","eyJlbmRfbGFiZWwiOiAiU2Vuc2l0aXZpdHlDYXRlZ29yeSIsICJleHBsaWNpdCI6IGZhbHNlLCAic3RhcnRfbGFiZWwiOiAiUHJpdmFjeUFubm90YXRpb24ifQ=="
"PA::prop::DatasetArtifact::D7_NormalizedEpisodeData::00098","clinical_research","hasUsage","asd","eyJlbmRfbGFiZWwiOiAiVXNhZ2VDb25zdHJhaW50IiwgInN0YXJ0X2xhYmVsIjogIlByaXZhY3lBbm5vdGF0aW9uIn0="
"PA::prop::DatasetArtifact::D7_NormalizedEpisodeData::00098","delete_on_request","hasErasure","asd","eyJlbmRfbGFiZWwiOiAiRXJhc3VyZUNvbnN0cmFpbnQiLCAic3RhcnRfbGFiZWwiOiAiUHJpdmFjeUFubm90YXRpb24ifQ=="
"PA::prop::DatasetArtifact::D7_NormalizedEpisodeData::00098","retention_5y","hasErasure","asd","eyJlbmRfbGFiZWwiOiAiRXJhc3VyZUNvbnN0cmFpbnQiLCAic3RhcnRfbGFiZWwiOiAiUHJpdmFjeUFubm90YXRpb24ifQ=="
"PA::prop::DatasetArtifact::D7_NormalizedEpisodeData::00098","CL","allowsRole","asd","eyJlbmRfbGFiZWwiOiAiQWNjZXNzUm9sZSIsICJzdGFydF9sYWJlbCI6ICJQcml2YWN5QW5ub3RhdGlvbiJ9"
"PA::prop::DatasetArtifact::D7_NormalizedEpisodeData::00098","DPO","allowsRole","asd","eyJlbmRfbGFiZWwiOiAiQWNjZXNzUm9sZSIsICJzdGFydF9sYWJlbCI6ICJQcml2YWN5QW5ub3RhdGlvbiJ9"
"PA::prop::DataCellArtifact::D8_ModellingDataset::record::0::cell::HR_norm::00099","D8_ModellingDataset::record::0::cell::HR_norm","annotates","asd","eyJlbmRfbGFiZWwiOiAiRGF0YUNlbGxBcnRpZmFjdCIsICJzdGFydF9sYWJlbCI6ICJQcml2YWN5QW5ub3RhdGlvbiJ9"
"asd_run_001::002::S6_select_modelling_features","PA::prop::DataCellArtifact::D8_ModellingDataset::record::0::cell::HR_norm::00099","generatedPrivacyAnnotation","asd","eyJlbmRfbGFiZWwiOiAiUHJpdmFjeUFubm90YXRpb24iLCAic3RhcnRfbGFiZWwiOiAiU3RlcFJ1biJ9"
"PA::prop::DataCellArtifact::D8_ModellingDataset::record::0::cell::HR_norm::00099","asd_run_001::002::S6_select_modelling_features","wasGeneratedBy","asd","eyJlbmRfbGFiZWwiOiAiU3RlcFJ1biIsICJzdGFydF9sYWJlbCI6ICJQcml2YWN5QW5ub3RhdGlvbiJ9"
"PA::prop::DataCellArtifact::D8_ModellingDataset::record::0::cell::HR_norm::00099","S6_select_modelling_features_policy","usedPolicy","asd","eyJlbmRfbGFiZWwiOiAiT3BlcmF0aW9uUG9saWN5IiwgInN0YXJ0X2xhYmVsIjogIlByaXZhY3lBbm5vdGF0aW9uIn0="
"PA::prop::DataCellArtifact::D8_ModellingDataset::record::0::cell::HR_norm::00099","biometric","hasCategory","asd","eyJlbmRfbGFiZWwiOiAiU2Vuc2l0aXZpdHlDYXRlZ29yeSIsICJleHBsaWNpdCI6IHRydWUsICJzdGFydF9sYWJlbCI6ICJQcml2YWN5QW5ub3RhdGlvbiJ9"
"PA::prop::DataCellArtifact::D8_ModellingDataset::record::0::cell::HR_norm::00099","health","hasCategory","asd","eyJlbmRfbGFiZWwiOiAiU2Vuc2l0aXZpdHlDYXRlZ29yeSIsICJleHBsaWNpdCI6IHRydWUsICJzdGFydF9sYWJlbCI6ICJQcml2YWN5QW5ub3RhdGlvbiJ9"
"PA::prop::DataCellArtifact::D8_ModellingDataset::record::0::cell::HR_norm::00099","sensitive_personal_data","hasCategory","asd","eyJlbmRfbGFiZWwiOiAiU2Vuc2l0aXZpdHlDYXRlZ29yeSIsICJleHBsaWNpdCI6IGZhbHNlLCAic3RhcnRfbGFiZWwiOiAiUHJpdmFjeUFubm90YXRpb24ifQ=="
"PA::prop::DataCellArtifact::D8_ModellingDataset::record::0::cell::HR_norm::00099","clinical_research","hasUsage","asd","eyJlbmRfbGFiZWwiOiAiVXNhZ2VDb25zdHJhaW50IiwgInN0YXJ0X2xhYmVsIjogIlByaXZhY3lBbm5vdGF0aW9uIn0="
"PA::prop::DataCellArtifact::D8_ModellingDataset::record::0::cell::HR_norm::00099","delete_on_request","hasErasure","asd","eyJlbmRfbGFiZWwiOiAiRXJhc3VyZUNvbnN0cmFpbnQiLCAic3RhcnRfbGFiZWwiOiAiUHJpdmFjeUFubm90YXRpb24ifQ=="
"PA::prop::DataCellArtifact::D8_ModellingDataset::record::0::cell::HR_norm::00099","retention_5y","hasErasure","asd","eyJlbmRfbGFiZWwiOiAiRXJhc3VyZUNvbnN0cmFpbnQiLCAic3RhcnRfbGFiZWwiOiAiUHJpdmFjeUFubm90YXRpb24ifQ=="
"PA::prop::DataCellArtifact::D8_ModellingDataset::record::0::cell::HR_norm::00099","AU","allowsRole","asd","eyJlbmRfbGFiZWwiOiAiQWNjZXNzUm9sZSIsICJzdGFydF9sYWJlbCI6ICJQcml2YWN5QW5ub3RhdGlvbiJ9"
"PA::prop::DataCellArtifact::D8_ModellingDataset::record::0::cell::HR_norm::00099","CL","allowsRole","asd","eyJlbmRfbGFiZWwiOiAiQWNjZXNzUm9sZSIsICJzdGFydF9sYWJlbCI6ICJQcml2YWN5QW5ub3RhdGlvbiJ9"
"PA::prop::DataCellArtifact::D8_ModellingDataset::record::0::cell::HR_norm::00099","DPO","allowsRole","asd","eyJlbmRfbGFiZWwiOiAiQWNjZXNzUm9sZSIsICJzdGFydF9sYWJlbCI6ICJQcml2YWN5QW5ub3RhdGlvbiJ9"
"PA::prop::DataCellArtifact::D8_ModellingDataset::record::0::cell::HR_norm::00099","DS","allowsRole","asd","eyJlbmRfbGFiZWwiOiAiQWNjZXNzUm9sZSIsICJzdGFydF9sYWJlbCI6ICJQcml2YWN5QW5ub3RhdGlvbiJ9"
"PA::prop::DataCellArtifact::D8_ModellingDataset::record::0::cell::EDA_norm::00100","D8_ModellingDataset::record::0::cell::EDA_norm","annotates","asd","eyJlbmRfbGFiZWwiOiAiRGF0YUNlbGxBcnRpZmFjdCIsICJzdGFydF9sYWJlbCI6ICJQcml2YWN5QW5ub3RhdGlvbiJ9"
"asd_run_001::002::S6_select_modelling_features","PA::prop::DataCellArtifact::D8_ModellingDataset::record::0::cell::EDA_norm::00100","generatedPrivacyAnnotation","asd","eyJlbmRfbGFiZWwiOiAiUHJpdmFjeUFubm90YXRpb24iLCAic3RhcnRfbGFiZWwiOiAiU3RlcFJ1biJ9"
"PA::prop::DataCellArtifact::D8_ModellingDataset::record::0::cell::EDA_norm::00100","asd_run_001::002::S6_select_modelling_features","wasGeneratedBy","asd","eyJlbmRfbGFiZWwiOiAiU3RlcFJ1biIsICJzdGFydF9sYWJlbCI6ICJQcml2YWN5QW5ub3RhdGlvbiJ9"
"PA::prop::DataCellArtifact::D8_ModellingDataset::record::0::cell::EDA_norm::00100","S6_select_modelling_features_policy","usedPolicy","asd","eyJlbmRfbGFiZWwiOiAiT3BlcmF0aW9uUG9saWN5IiwgInN0YXJ0X2xhYmVsIjogIlByaXZhY3lBbm5vdGF0aW9uIn0="
"PA::prop::DataCellArtifact::D8_ModellingDataset::record::0::cell::EDA_norm::00100","biometric","hasCategory","asd","eyJlbmRfbGFiZWwiOiAiU2Vuc2l0aXZpdHlDYXRlZ29yeSIsICJleHBsaWNpdCI6IHRydWUsICJzdGFydF9sYWJlbCI6ICJQcml2YWN5QW5ub3RhdGlvbiJ9"
"PA::prop::DataCellArtifact::D8_ModellingDataset::record::0::cell::EDA_norm::00100","health","hasCategory","asd","eyJlbmRfbGFiZWwiOiAiU2Vuc2l0aXZpdHlDYXRlZ29yeSIsICJleHBsaWNpdCI6IHRydWUsICJzdGFydF9sYWJlbCI6ICJQcml2YWN5QW5ub3RhdGlvbiJ9"
"PA::prop::DataCellArtifact::D8_ModellingDataset::record::0::cell::EDA_norm::00100","sensitive_personal_data","hasCategory","asd","eyJlbmRfbGFiZWwiOiAiU2Vuc2l0aXZpdHlDYXRlZ29yeSIsICJleHBsaWNpdCI6IGZhbHNlLCAic3RhcnRfbGFiZWwiOiAiUHJpdmFjeUFubm90YXRpb24ifQ=="
"PA::prop::DataCellArtifact::D8_ModellingDataset::record::0::cell::EDA_norm::00100","clinical_research","hasUsage","asd","eyJlbmRfbGFiZWwiOiAiVXNhZ2VDb25zdHJhaW50IiwgInN0YXJ0X2xhYmVsIjogIlByaXZhY3lBbm5vdGF0aW9uIn0="
"PA::prop::DataCellArtifact::D8_ModellingDataset::record::0::cell::EDA_norm::00100","delete_on_request","hasErasure","asd","eyJlbmRfbGFiZWwiOiAiRXJhc3VyZUNvbnN0cmFpbnQiLCAic3RhcnRfbGFiZWwiOiAiUHJpdmFjeUFubm90YXRpb24ifQ=="
"PA::prop::DataCellArtifact::D8_ModellingDataset::record::0::cell::EDA_norm::00100","retention_5y","hasErasure","asd","eyJlbmRfbGFiZWwiOiAiRXJhc3VyZUNvbnN0cmFpbnQiLCAic3RhcnRfbGFiZWwiOiAiUHJpdmFjeUFubm90YXRpb24ifQ=="
"PA::prop::DataCellArtifact::D8_ModellingDataset::record::0::cell::EDA_norm::00100","AU","allowsRole","asd","eyJlbmRfbGFiZWwiOiAiQWNjZXNzUm9sZSIsICJzdGFydF9sYWJlbCI6ICJQcml2YWN5QW5ub3RhdGlvbiJ9"
"PA::prop::DataCellArtifact::D8_ModellingDataset::record::0::cell::EDA_norm::00100","CL","allowsRole","asd","eyJlbmRfbGFiZWwiOiAiQWNjZXNzUm9sZSIsICJzdGFydF9sYWJlbCI6ICJQcml2YWN5QW5ub3RhdGlvbiJ9"
"PA::prop::DataCellArtifact::D8_ModellingDataset::record::0::cell::EDA_norm::00100","DPO","allowsRole","asd","eyJlbmRfbGFiZWwiOiAiQWNjZXNzUm9sZSIsICJzdGFydF9sYWJlbCI6ICJQcml2YWN5QW5ub3RhdGlvbiJ9"
"PA::prop::DataCellArtifact::D8_ModellingDataset::record::0::cell::EDA_norm::00100","DS","allowsRole","asd","eyJlbmRfbGFiZWwiOiAiQWNjZXNzUm9sZSIsICJzdGFydF9sYWJlbCI6ICJQcml2YWN5QW5ub3RhdGlvbiJ9"
"PA::prop::DataCellArtifact::D8_ModellingDataset::record::0::cell::ACC_norm::00101","D8_ModellingDataset::record::0::cell::ACC_norm","annotates","asd","eyJlbmRfbGFiZWwiOiAiRGF0YUNlbGxBcnRpZmFjdCIsICJzdGFydF9sYWJlbCI6ICJQcml2YWN5QW5ub3RhdGlvbiJ9"
"asd_run_001::002::S6_select_modelling_features","PA::prop::DataCellArtifact::D8_ModellingDataset::record::0::cell::ACC_norm::00101","generatedPrivacyAnnotation","asd","eyJlbmRfbGFiZWwiOiAiUHJpdmFjeUFubm90YXRpb24iLCAic3RhcnRfbGFiZWwiOiAiU3RlcFJ1biJ9"
"PA::prop::DataCellArtifact::D8_ModellingDataset::record::0::cell::ACC_norm::00101","asd_run_001::002::S6_select_modelling_features","wasGeneratedBy","asd","eyJlbmRfbGFiZWwiOiAiU3RlcFJ1biIsICJzdGFydF9sYWJlbCI6ICJQcml2YWN5QW5ub3RhdGlvbiJ9"
"PA::prop::DataCellArtifact::D8_ModellingDataset::record::0::cell::ACC_norm::00101","S6_select_modelling_features_policy","usedPolicy","asd","eyJlbmRfbGFiZWwiOiAiT3BlcmF0aW9uUG9saWN5IiwgInN0YXJ0X2xhYmVsIjogIlByaXZhY3lBbm5vdGF0aW9uIn0="
"PA::prop::DataCellArtifact::D8_ModellingDataset::record::0::cell::ACC_norm::00101","behavioural_sensor_data","hasCategory","asd","eyJlbmRfbGFiZWwiOiAiU2Vuc2l0aXZpdHlDYXRlZ29yeSIsICJleHBsaWNpdCI6IHRydWUsICJzdGFydF9sYWJlbCI6ICJQcml2YWN5QW5ub3RhdGlvbiJ9"
"PA::prop::DataCellArtifact::D8_ModellingDataset::record::0::cell::ACC_norm::00101","clinical_research","hasUsage","asd","eyJlbmRfbGFiZWwiOiAiVXNhZ2VDb25zdHJhaW50IiwgInN0YXJ0X2xhYmVsIjogIlByaXZhY3lBbm5vdGF0aW9uIn0="
"PA::prop::DataCellArtifact::D8_ModellingDataset::record::0::cell::ACC_norm::00101","delete_on_request","hasErasure","asd","eyJlbmRfbGFiZWwiOiAiRXJhc3VyZUNvbnN0cmFpbnQiLCAic3RhcnRfbGFiZWwiOiAiUHJpdmFjeUFubm90YXRpb24ifQ=="
"PA::prop::DataCellArtifact::D8_ModellingDataset::record::0::cell::ACC_norm::00101","retention_5y","hasErasure","asd","eyJlbmRfbGFiZWwiOiAiRXJhc3VyZUNvbnN0cmFpbnQiLCAic3RhcnRfbGFiZWwiOiAiUHJpdmFjeUFubm90YXRpb24ifQ=="
"PA::prop::DataCellArtifact::D8_ModellingDataset::record::0::cell::ACC_norm::00101","AU","allowsRole","asd","eyJlbmRfbGFiZWwiOiAiQWNjZXNzUm9sZSIsICJzdGFydF9sYWJlbCI6ICJQcml2YWN5QW5ub3RhdGlvbiJ9"
"PA::prop::DataCellArtifact::D8_ModellingDataset::record::0::cell::ACC_norm::00101","CL","allowsRole","asd","eyJlbmRfbGFiZWwiOiAiQWNjZXNzUm9sZSIsICJzdGFydF9sYWJlbCI6ICJQcml2YWN5QW5ub3RhdGlvbiJ9"
"PA::prop::DataCellArtifact::D8_ModellingDataset::record::0::cell::ACC_norm::00101","DPO","allowsRole","asd","eyJlbmRfbGFiZWwiOiAiQWNjZXNzUm9sZSIsICJzdGFydF9sYWJlbCI6ICJQcml2YWN5QW5ub3RhdGlvbiJ9"
"PA::prop::DataCellArtifact::D8_ModellingDataset::record::0::cell::ACC_norm::00101","DS","allowsRole","asd","eyJlbmRfbGFiZWwiOiAiQWNjZXNzUm9sZSIsICJzdGFydF9sYWJlbCI6ICJQcml2YWN5QW5ub3RhdGlvbiJ9"
"PA::prop::DataCellArtifact::D8_ModellingDataset::record::0::cell::chall_behav::00102","D8_ModellingDataset::record::0::cell::chall_behav","annotates","asd","eyJlbmRfbGFiZWwiOiAiRGF0YUNlbGxBcnRpZmFjdCIsICJzdGFydF9sYWJlbCI6ICJQcml2YWN5QW5ub3RhdGlvbiJ9"
"asd_run_001::002::S6_select_modelling_features","PA::prop::DataCellArtifact::D8_ModellingDataset::record::0::cell::chall_behav::00102","generatedPrivacyAnnotation","asd","eyJlbmRfbGFiZWwiOiAiUHJpdmFjeUFubm90YXRpb24iLCAic3RhcnRfbGFiZWwiOiAiU3RlcFJ1biJ9"
"PA::prop::DataCellArtifact::D8_ModellingDataset::record::0::cell::chall_behav::00102","asd_run_001::002::S6_select_modelling_features","wasGeneratedBy","asd","eyJlbmRfbGFiZWwiOiAiU3RlcFJ1biIsICJzdGFydF9sYWJlbCI6ICJQcml2YWN5QW5ub3RhdGlvbiJ9"
"PA::prop::DataCellArtifact::D8_ModellingDataset::record::0::cell::chall_behav::00102","S6_select_modelling_features_policy","usedPolicy","asd","eyJlbmRfbGFiZWwiOiAiT3BlcmF0aW9uUG9saWN5IiwgInN0YXJ0X2xhYmVsIjogIlByaXZhY3lBbm5vdGF0aW9uIn0="
"PA::prop::DataCellArtifact::D8_ModellingDataset::record::0::cell::chall_behav::00102","health","hasCategory","asd","eyJlbmRfbGFiZWwiOiAiU2Vuc2l0aXZpdHlDYXRlZ29yeSIsICJleHBsaWNpdCI6IHRydWUsICJzdGFydF9sYWJlbCI6ICJQcml2YWN5QW5ub3RhdGlvbiJ9"
"PA::prop::DataCellArtifact::D8_ModellingDataset::record::0::cell::chall_behav::00102","behavioural_sensitive","hasCategory","asd","eyJlbmRfbGFiZWwiOiAiU2Vuc2l0aXZpdHlDYXRlZ29yeSIsICJleHBsaWNpdCI6IHRydWUsICJzdGFydF9sYWJlbCI6ICJQcml2YWN5QW5ub3RhdGlvbiJ9"
"PA::prop::DataCellArtifact::D8_ModellingDataset::record::0::cell::chall_behav::00102","sensitive_personal_data","hasCategory","asd","eyJlbmRfbGFiZWwiOiAiU2Vuc2l0aXZpdHlDYXRlZ29yeSIsICJleHBsaWNpdCI6IGZhbHNlLCAic3RhcnRfbGFiZWwiOiAiUHJpdmFjeUFubm90YXRpb24ifQ=="
"PA::prop::DataCellArtifact::D8_ModellingDataset::record::0::cell::chall_behav::00102","clinical_research","hasUsage","asd","eyJlbmRfbGFiZWwiOiAiVXNhZ2VDb25zdHJhaW50IiwgInN0YXJ0X2xhYmVsIjogIlByaXZhY3lBbm5vdGF0aW9uIn0="
"PA::prop::DataCellArtifact::D8_ModellingDataset::record::0::cell::chall_behav::00102","delete_on_request","hasErasure","asd","eyJlbmRfbGFiZWwiOiAiRXJhc3VyZUNvbnN0cmFpbnQiLCAic3RhcnRfbGFiZWwiOiAiUHJpdmFjeUFubm90YXRpb24ifQ=="
"PA::prop::DataCellArtifact::D8_ModellingDataset::record::0::cell::chall_behav::00102","retention_5y","hasErasure","asd","eyJlbmRfbGFiZWwiOiAiRXJhc3VyZUNvbnN0cmFpbnQiLCAic3RhcnRfbGFiZWwiOiAiUHJpdmFjeUFubm90YXRpb24ifQ=="
"PA::prop::DataCellArtifact::D8_ModellingDataset::record::0::cell::chall_behav::00102","AU","allowsRole","asd","eyJlbmRfbGFiZWwiOiAiQWNjZXNzUm9sZSIsICJzdGFydF9sYWJlbCI6ICJQcml2YWN5QW5ub3RhdGlvbiJ9"
"PA::prop::DataCellArtifact::D8_ModellingDataset::record::0::cell::chall_behav::00102","CL","allowsRole","asd","eyJlbmRfbGFiZWwiOiAiQWNjZXNzUm9sZSIsICJzdGFydF9sYWJlbCI6ICJQcml2YWN5QW5ub3RhdGlvbiJ9"
"PA::prop::DataCellArtifact::D8_ModellingDataset::record::0::cell::chall_behav::00102","DPO","allowsRole","asd","eyJlbmRfbGFiZWwiOiAiQWNjZXNzUm9sZSIsICJzdGFydF9sYWJlbCI6ICJQcml2YWN5QW5ub3RhdGlvbiJ9"
"PA::prop::DataCellArtifact::D8_ModellingDataset::record::0::cell::chall_behav::00102","DS","allowsRole","asd","eyJlbmRfbGFiZWwiOiAiQWNjZXNzUm9sZSIsICJzdGFydF9sYWJlbCI6ICJQcml2YWN5QW5ub3RhdGlvbiJ9"
"PA::prop::DataCellArtifact::D8_ModellingDataset::record::0::cell::sev::00103","D8_ModellingDataset::record::0::cell::sev","annotates","asd","eyJlbmRfbGFiZWwiOiAiRGF0YUNlbGxBcnRpZmFjdCIsICJzdGFydF9sYWJlbCI6ICJQcml2YWN5QW5ub3RhdGlvbiJ9"
"asd_run_001::002::S6_select_modelling_features","PA::prop::DataCellArtifact::D8_ModellingDataset::record::0::cell::sev::00103","generatedPrivacyAnnotation","asd","eyJlbmRfbGFiZWwiOiAiUHJpdmFjeUFubm90YXRpb24iLCAic3RhcnRfbGFiZWwiOiAiU3RlcFJ1biJ9"
"PA::prop::DataCellArtifact::D8_ModellingDataset::record::0::cell::sev::00103","asd_run_001::002::S6_select_modelling_features","wasGeneratedBy","asd","eyJlbmRfbGFiZWwiOiAiU3RlcFJ1biIsICJzdGFydF9sYWJlbCI6ICJQcml2YWN5QW5ub3RhdGlvbiJ9"
"PA::prop::DataCellArtifact::D8_ModellingDataset::record::0::cell::sev::00103","S6_select_modelling_features_policy","usedPolicy","asd","eyJlbmRfbGFiZWwiOiAiT3BlcmF0aW9uUG9saWN5IiwgInN0YXJ0X2xhYmVsIjogIlByaXZhY3lBbm5vdGF0aW9uIn0="
"PA::prop::DataCellArtifact::D8_ModellingDataset::record::0::cell::sev::00103","health","hasCategory","asd","eyJlbmRfbGFiZWwiOiAiU2Vuc2l0aXZpdHlDYXRlZ29yeSIsICJleHBsaWNpdCI6IHRydWUsICJzdGFydF9sYWJlbCI6ICJQcml2YWN5QW5ub3RhdGlvbiJ9"
"PA::prop::DataCellArtifact::D8_ModellingDataset::record::0::cell::sev::00103","behavioural_sensitive","hasCategory","asd","eyJlbmRfbGFiZWwiOiAiU2Vuc2l0aXZpdHlDYXRlZ29yeSIsICJleHBsaWNpdCI6IHRydWUsICJzdGFydF9sYWJlbCI6ICJQcml2YWN5QW5ub3RhdGlvbiJ9"
"PA::prop::DataCellArtifact::D8_ModellingDataset::record::0::cell::sev::00103","sensitive_personal_data","hasCategory","asd","eyJlbmRfbGFiZWwiOiAiU2Vuc2l0aXZpdHlDYXRlZ29yeSIsICJleHBsaWNpdCI6IGZhbHNlLCAic3RhcnRfbGFiZWwiOiAiUHJpdmFjeUFubm90YXRpb24ifQ=="
"PA::prop::DataCellArtifact::D8_ModellingDataset::record::0::cell::sev::00103","clinical_research","hasUsage","asd","eyJlbmRfbGFiZWwiOiAiVXNhZ2VDb25zdHJhaW50IiwgInN0YXJ0X2xhYmVsIjogIlByaXZhY3lBbm5vdGF0aW9uIn0="
"PA::prop::DataCellArtifact::D8_ModellingDataset::record::0::cell::sev::00103","delete_on_request","hasErasure","asd","eyJlbmRfbGFiZWwiOiAiRXJhc3VyZUNvbnN0cmFpbnQiLCAic3RhcnRfbGFiZWwiOiAiUHJpdmFjeUFubm90YXRpb24ifQ=="
"PA::prop::DataCellArtifact::D8_ModellingDataset::record::0::cell::sev::00103","retention_5y","hasErasure","asd","eyJlbmRfbGFiZWwiOiAiRXJhc3VyZUNvbnN0cmFpbnQiLCAic3RhcnRfbGFiZWwiOiAiUHJpdmFjeUFubm90YXRpb24ifQ=="
"PA::prop::DataCellArtifact::D8_ModellingDataset::record::0::cell::sev::00103","AU","allowsRole","asd","eyJlbmRfbGFiZWwiOiAiQWNjZXNzUm9sZSIsICJzdGFydF9sYWJlbCI6ICJQcml2YWN5QW5ub3RhdGlvbiJ9"
"PA::prop::DataCellArtifact::D8_ModellingDataset::record::0::cell::sev::00103","CL","allowsRole","asd","eyJlbmRfbGFiZWwiOiAiQWNjZXNzUm9sZSIsICJzdGFydF9sYWJlbCI6ICJQcml2YWN5QW5ub3RhdGlvbiJ9"
"PA::prop::DataCellArtifact::D8_ModellingDataset::record::0::cell::sev::00103","DPO","allowsRole","asd","eyJlbmRfbGFiZWwiOiAiQWNjZXNzUm9sZSIsICJzdGFydF9sYWJlbCI6ICJQcml2YWN5QW5ub3RhdGlvbiJ9"
"PA::prop::DataCellArtifact::D8_ModellingDataset::record::0::cell::sev::00103","DS","allowsRole","asd","eyJlbmRfbGFiZWwiOiAiQWNjZXNzUm9sZSIsICJzdGFydF9sYWJlbCI6ICJQcml2YWN5QW5ub3RhdGlvbiJ9"
"PA::prop::DataCellArtifact::D8_ModellingDataset::record::0::cell::age_grp::00104","D8_ModellingDataset::record::0::cell::age_grp","annotates","asd","eyJlbmRfbGFiZWwiOiAiRGF0YUNlbGxBcnRpZmFjdCIsICJzdGFydF9sYWJlbCI6ICJQcml2YWN5QW5ub3RhdGlvbiJ9"
"asd_run_001::002::S6_select_modelling_features","PA::prop::DataCellArtifact::D8_ModellingDataset::record::0::cell::age_grp::00104","generatedPrivacyAnnotation","asd","eyJlbmRfbGFiZWwiOiAiUHJpdmFjeUFubm90YXRpb24iLCAic3RhcnRfbGFiZWwiOiAiU3RlcFJ1biJ9"
"PA::prop::DataCellArtifact::D8_ModellingDataset::record::0::cell::age_grp::00104","asd_run_001::002::S6_select_modelling_features","wasGeneratedBy","asd","eyJlbmRfbGFiZWwiOiAiU3RlcFJ1biIsICJzdGFydF9sYWJlbCI6ICJQcml2YWN5QW5ub3RhdGlvbiJ9"
"PA::prop::DataCellArtifact::D8_ModellingDataset::record::0::cell::age_grp::00104","S6_select_modelling_features_policy","usedPolicy","asd","eyJlbmRfbGFiZWwiOiAiT3BlcmF0aW9uUG9saWN5IiwgInN0YXJ0X2xhYmVsIjogIlByaXZhY3lBbm5vdGF0aW9uIn0="
"PA::prop::DataCellArtifact::D8_ModellingDataset::record::0::cell::age_grp::00104","quasi_identifier","hasCategory","asd","eyJlbmRfbGFiZWwiOiAiU2Vuc2l0aXZpdHlDYXRlZ29yeSIsICJleHBsaWNpdCI6IHRydWUsICJzdGFydF9sYWJlbCI6ICJQcml2YWN5QW5ub3RhdGlvbiJ9"
"PA::prop::DataCellArtifact::D8_ModellingDataset::record::0::cell::age_grp::00104","clinical_research","hasUsage","asd","eyJlbmRfbGFiZWwiOiAiVXNhZ2VDb25zdHJhaW50IiwgInN0YXJ0X2xhYmVsIjogIlByaXZhY3lBbm5vdGF0aW9uIn0="
"PA::prop::DataCellArtifact::D8_ModellingDataset::record::0::cell::age_grp::00104","delete_on_request","hasErasure","asd","eyJlbmRfbGFiZWwiOiAiRXJhc3VyZUNvbnN0cmFpbnQiLCAic3RhcnRfbGFiZWwiOiAiUHJpdmFjeUFubm90YXRpb24ifQ=="
"PA::prop::DataCellArtifact::D8_ModellingDataset::record::0::cell::age_grp::00104","retention_5y","hasErasure","asd","eyJlbmRfbGFiZWwiOiAiRXJhc3VyZUNvbnN0cmFpbnQiLCAic3RhcnRfbGFiZWwiOiAiUHJpdmFjeUFubm90YXRpb24ifQ=="
"PA::prop::DataCellArtifact::D8_ModellingDataset::record::0::cell::age_grp::00104","AU","allowsRole","asd","eyJlbmRfbGFiZWwiOiAiQWNjZXNzUm9sZSIsICJzdGFydF9sYWJlbCI6ICJQcml2YWN5QW5ub3RhdGlvbiJ9"
"PA::prop::DataCellArtifact::D8_ModellingDataset::record::0::cell::age_grp::00104","CL","allowsRole","asd","eyJlbmRfbGFiZWwiOiAiQWNjZXNzUm9sZSIsICJzdGFydF9sYWJlbCI6ICJQcml2YWN5QW5ub3RhdGlvbiJ9"
"PA::prop::DataCellArtifact::D8_ModellingDataset::record::0::cell::age_grp::00104","DPO","allowsRole","asd","eyJlbmRfbGFiZWwiOiAiQWNjZXNzUm9sZSIsICJzdGFydF9sYWJlbCI6ICJQcml2YWN5QW5ub3RhdGlvbiJ9"
"PA::prop::DataCellArtifact::D8_ModellingDataset::record::0::cell::age_grp::00104","DS","allowsRole","asd","eyJlbmRfbGFiZWwiOiAiQWNjZXNzUm9sZSIsICJzdGFydF9sYWJlbCI6ICJQcml2YWN5QW5ub3RhdGlvbiJ9"
"PA::prop::DataCellArtifact::D8_ModellingDataset::record::0::cell::sex::00105","D8_ModellingDataset::record::0::cell::sex","annotates","asd","eyJlbmRfbGFiZWwiOiAiRGF0YUNlbGxBcnRpZmFjdCIsICJzdGFydF9sYWJlbCI6ICJQcml2YWN5QW5ub3RhdGlvbiJ9"
"asd_run_001::002::S6_select_modelling_features","PA::prop::DataCellArtifact::D8_ModellingDataset::record::0::cell::sex::00105","generatedPrivacyAnnotation","asd","eyJlbmRfbGFiZWwiOiAiUHJpdmFjeUFubm90YXRpb24iLCAic3RhcnRfbGFiZWwiOiAiU3RlcFJ1biJ9"
"PA::prop::DataCellArtifact::D8_ModellingDataset::record::0::cell::sex::00105","asd_run_001::002::S6_select_modelling_features","wasGeneratedBy","asd","eyJlbmRfbGFiZWwiOiAiU3RlcFJ1biIsICJzdGFydF9sYWJlbCI6ICJQcml2YWN5QW5ub3RhdGlvbiJ9"
"PA::prop::DataCellArtifact::D8_ModellingDataset::record::0::cell::sex::00105","S6_select_modelling_features_policy","usedPolicy","asd","eyJlbmRfbGFiZWwiOiAiT3BlcmF0aW9uUG9saWN5IiwgInN0YXJ0X2xhYmVsIjogIlByaXZhY3lBbm5vdGF0aW9uIn0="
"PA::prop::DataCellArtifact::D8_ModellingDataset::record::0::cell::sex::00105","quasi_identifier","hasCategory","asd","eyJlbmRfbGFiZWwiOiAiU2Vuc2l0aXZpdHlDYXRlZ29yeSIsICJleHBsaWNpdCI6IHRydWUsICJzdGFydF9sYWJlbCI6ICJQcml2YWN5QW5ub3RhdGlvbiJ9"
"PA::prop::DataCellArtifact::D8_ModellingDataset::record::0::cell::sex::00105","clinical_research","hasUsage","asd","eyJlbmRfbGFiZWwiOiAiVXNhZ2VDb25zdHJhaW50IiwgInN0YXJ0X2xhYmVsIjogIlByaXZhY3lBbm5vdGF0aW9uIn0="
"PA::prop::DataCellArtifact::D8_ModellingDataset::record::0::cell::sex::00105","delete_on_request","hasErasure","asd","eyJlbmRfbGFiZWwiOiAiRXJhc3VyZUNvbnN0cmFpbnQiLCAic3RhcnRfbGFiZWwiOiAiUHJpdmFjeUFubm90YXRpb24ifQ=="
"PA::prop::DataCellArtifact::D8_ModellingDataset::record::0::cell::sex::00105","retention_5y","hasErasure","asd","eyJlbmRfbGFiZWwiOiAiRXJhc3VyZUNvbnN0cmFpbnQiLCAic3RhcnRfbGFiZWwiOiAiUHJpdmFjeUFubm90YXRpb24ifQ=="
"PA::prop::DataCellArtifact::D8_ModellingDataset::record::0::cell::sex::00105","AU","allowsRole","asd","eyJlbmRfbGFiZWwiOiAiQWNjZXNzUm9sZSIsICJzdGFydF9sYWJlbCI6ICJQcml2YWN5QW5ub3RhdGlvbiJ9"
"PA::prop::DataCellArtifact::D8_ModellingDataset::record::0::cell::sex::00105","CL","allowsRole","asd","eyJlbmRfbGFiZWwiOiAiQWNjZXNzUm9sZSIsICJzdGFydF9sYWJlbCI6ICJQcml2YWN5QW5ub3RhdGlvbiJ9"
"PA::prop::DataCellArtifact::D8_ModellingDataset::record::0::cell::sex::00105","DPO","allowsRole","asd","eyJlbmRfbGFiZWwiOiAiQWNjZXNzUm9sZSIsICJzdGFydF9sYWJlbCI6ICJQcml2YWN5QW5ub3RhdGlvbiJ9"
"PA::prop::DataCellArtifact::D8_ModellingDataset::record::0::cell::sex::00105","DS","allowsRole","asd","eyJlbmRfbGFiZWwiOiAiQWNjZXNzUm9sZSIsICJzdGFydF9sYWJlbCI6ICJQcml2YWN5QW5ub3RhdGlvbiJ9"
"PA::prop::DataCellArtifact::D8_ModellingDataset::record::1::cell::HR_norm::00106","D8_ModellingDataset::record::1::cell::HR_norm","annotates","asd","eyJlbmRfbGFiZWwiOiAiRGF0YUNlbGxBcnRpZmFjdCIsICJzdGFydF9sYWJlbCI6ICJQcml2YWN5QW5ub3RhdGlvbiJ9"
"asd_run_001::002::S6_select_modelling_features","PA::prop::DataCellArtifact::D8_ModellingDataset::record::1::cell::HR_norm::00106","generatedPrivacyAnnotation","asd","eyJlbmRfbGFiZWwiOiAiUHJpdmFjeUFubm90YXRpb24iLCAic3RhcnRfbGFiZWwiOiAiU3RlcFJ1biJ9"
"PA::prop::DataCellArtifact::D8_ModellingDataset::record::1::cell::HR_norm::00106","asd_run_001::002::S6_select_modelling_features","wasGeneratedBy","asd","eyJlbmRfbGFiZWwiOiAiU3RlcFJ1biIsICJzdGFydF9sYWJlbCI6ICJQcml2YWN5QW5ub3RhdGlvbiJ9"
"PA::prop::DataCellArtifact::D8_ModellingDataset::record::1::cell::HR_norm::00106","S6_select_modelling_features_policy","usedPolicy","asd","eyJlbmRfbGFiZWwiOiAiT3BlcmF0aW9uUG9saWN5IiwgInN0YXJ0X2xhYmVsIjogIlByaXZhY3lBbm5vdGF0aW9uIn0="
"PA::prop::DataCellArtifact::D8_ModellingDataset::record::1::cell::HR_norm::00106","biometric","hasCategory","asd","eyJlbmRfbGFiZWwiOiAiU2Vuc2l0aXZpdHlDYXRlZ29yeSIsICJleHBsaWNpdCI6IHRydWUsICJzdGFydF9sYWJlbCI6ICJQcml2YWN5QW5ub3RhdGlvbiJ9"
"PA::prop::DataCellArtifact::D8_ModellingDataset::record::1::cell::HR_norm::00106","health","hasCategory","asd","eyJlbmRfbGFiZWwiOiAiU2Vuc2l0aXZpdHlDYXRlZ29yeSIsICJleHBsaWNpdCI6IHRydWUsICJzdGFydF9sYWJlbCI6ICJQcml2YWN5QW5ub3RhdGlvbiJ9"
"PA::prop::DataCellArtifact::D8_ModellingDataset::record::1::cell::HR_norm::00106","sensitive_personal_data","hasCategory","asd","eyJlbmRfbGFiZWwiOiAiU2Vuc2l0aXZpdHlDYXRlZ29yeSIsICJleHBsaWNpdCI6IGZhbHNlLCAic3RhcnRfbGFiZWwiOiAiUHJpdmFjeUFubm90YXRpb24ifQ=="
"PA::prop::DataCellArtifact::D8_ModellingDataset::record::1::cell::HR_norm::00106","clinical_research","hasUsage","asd","eyJlbmRfbGFiZWwiOiAiVXNhZ2VDb25zdHJhaW50IiwgInN0YXJ0X2xhYmVsIjogIlByaXZhY3lBbm5vdGF0aW9uIn0="
"PA::prop::DataCellArtifact::D8_ModellingDataset::record::1::cell::HR_norm::00106","delete_on_request","hasErasure","asd","eyJlbmRfbGFiZWwiOiAiRXJhc3VyZUNvbnN0cmFpbnQiLCAic3RhcnRfbGFiZWwiOiAiUHJpdmFjeUFubm90YXRpb24ifQ=="
"PA::prop::DataCellArtifact::D8_ModellingDataset::record::1::cell::HR_norm::00106","retention_5y","hasErasure","asd","eyJlbmRfbGFiZWwiOiAiRXJhc3VyZUNvbnN0cmFpbnQiLCAic3RhcnRfbGFiZWwiOiAiUHJpdmFjeUFubm90YXRpb24ifQ=="
"PA::prop::DataCellArtifact::D8_ModellingDataset::record::1::cell::HR_norm::00106","AU","allowsRole","asd","eyJlbmRfbGFiZWwiOiAiQWNjZXNzUm9sZSIsICJzdGFydF9sYWJlbCI6ICJQcml2YWN5QW5ub3RhdGlvbiJ9"
"PA::prop::DataCellArtifact::D8_ModellingDataset::record::1::cell::HR_norm::00106","CL","allowsRole","asd","eyJlbmRfbGFiZWwiOiAiQWNjZXNzUm9sZSIsICJzdGFydF9sYWJlbCI6ICJQcml2YWN5QW5ub3RhdGlvbiJ9"
"PA::prop::DataCellArtifact::D8_ModellingDataset::record::1::cell::HR_norm::00106","DPO","allowsRole","asd","eyJlbmRfbGFiZWwiOiAiQWNjZXNzUm9sZSIsICJzdGFydF9sYWJlbCI6ICJQcml2YWN5QW5ub3RhdGlvbiJ9"
"PA::prop::DataCellArtifact::D8_ModellingDataset::record::1::cell::HR_norm::00106","DS","allowsRole","asd","eyJlbmRfbGFiZWwiOiAiQWNjZXNzUm9sZSIsICJzdGFydF9sYWJlbCI6ICJQcml2YWN5QW5ub3RhdGlvbiJ9"
"PA::prop::DataCellArtifact::D8_ModellingDataset::record::1::cell::EDA_norm::00107","D8_ModellingDataset::record::1::cell::EDA_norm","annotates","asd","eyJlbmRfbGFiZWwiOiAiRGF0YUNlbGxBcnRpZmFjdCIsICJzdGFydF9sYWJlbCI6ICJQcml2YWN5QW5ub3RhdGlvbiJ9"
"asd_run_001::002::S6_select_modelling_features","PA::prop::DataCellArtifact::D8_ModellingDataset::record::1::cell::EDA_norm::00107","generatedPrivacyAnnotation","asd","eyJlbmRfbGFiZWwiOiAiUHJpdmFjeUFubm90YXRpb24iLCAic3RhcnRfbGFiZWwiOiAiU3RlcFJ1biJ9"
"PA::prop::DataCellArtifact::D8_ModellingDataset::record::1::cell::EDA_norm::00107","asd_run_001::002::S6_select_modelling_features","wasGeneratedBy","asd","eyJlbmRfbGFiZWwiOiAiU3RlcFJ1biIsICJzdGFydF9sYWJlbCI6ICJQcml2YWN5QW5ub3RhdGlvbiJ9"
"PA::prop::DataCellArtifact::D8_ModellingDataset::record::1::cell::EDA_norm::00107","S6_select_modelling_features_policy","usedPolicy","asd","eyJlbmRfbGFiZWwiOiAiT3BlcmF0aW9uUG9saWN5IiwgInN0YXJ0X2xhYmVsIjogIlByaXZhY3lBbm5vdGF0aW9uIn0="
"PA::prop::DataCellArtifact::D8_ModellingDataset::record::1::cell::EDA_norm::00107","biometric","hasCategory","asd","eyJlbmRfbGFiZWwiOiAiU2Vuc2l0aXZpdHlDYXRlZ29yeSIsICJleHBsaWNpdCI6IHRydWUsICJzdGFydF9sYWJlbCI6ICJQcml2YWN5QW5ub3RhdGlvbiJ9"
"PA::prop::DataCellArtifact::D8_ModellingDataset::record::1::cell::EDA_norm::00107","health","hasCategory","asd","eyJlbmRfbGFiZWwiOiAiU2Vuc2l0aXZpdHlDYXRlZ29yeSIsICJleHBsaWNpdCI6IHRydWUsICJzdGFydF9sYWJlbCI6ICJQcml2YWN5QW5ub3RhdGlvbiJ9"
"PA::prop::DataCellArtifact::D8_ModellingDataset::record::1::cell::EDA_norm::00107","sensitive_personal_data","hasCategory","asd","eyJlbmRfbGFiZWwiOiAiU2Vuc2l0aXZpdHlDYXRlZ29yeSIsICJleHBsaWNpdCI6IGZhbHNlLCAic3RhcnRfbGFiZWwiOiAiUHJpdmFjeUFubm90YXRpb24ifQ=="
"PA::prop::DataCellArtifact::D8_ModellingDataset::record::1::cell::EDA_norm::00107","clinical_research","hasUsage","asd","eyJlbmRfbGFiZWwiOiAiVXNhZ2VDb25zdHJhaW50IiwgInN0YXJ0X2xhYmVsIjogIlByaXZhY3lBbm5vdGF0aW9uIn0="
"PA::prop::DataCellArtifact::D8_ModellingDataset::record::1::cell::EDA_norm::00107","delete_on_request","hasErasure","asd","eyJlbmRfbGFiZWwiOiAiRXJhc3VyZUNvbnN0cmFpbnQiLCAic3RhcnRfbGFiZWwiOiAiUHJpdmFjeUFubm90YXRpb24ifQ=="
"PA::prop::DataCellArtifact::D8_ModellingDataset::record::1::cell::EDA_norm::00107","retention_5y","hasErasure","asd","eyJlbmRfbGFiZWwiOiAiRXJhc3VyZUNvbnN0cmFpbnQiLCAic3RhcnRfbGFiZWwiOiAiUHJpdmFjeUFubm90YXRpb24ifQ=="
"PA::prop::DataCellArtifact::D8_ModellingDataset::record::1::cell::EDA_norm::00107","AU","allowsRole","asd","eyJlbmRfbGFiZWwiOiAiQWNjZXNzUm9sZSIsICJzdGFydF9sYWJlbCI6ICJQcml2YWN5QW5ub3RhdGlvbiJ9"
"PA::prop::DataCellArtifact::D8_ModellingDataset::record::1::cell::EDA_norm::00107","CL","allowsRole","asd","eyJlbmRfbGFiZWwiOiAiQWNjZXNzUm9sZSIsICJzdGFydF9sYWJlbCI6ICJQcml2YWN5QW5ub3RhdGlvbiJ9"
"PA::prop::DataCellArtifact::D8_ModellingDataset::record::1::cell::EDA_norm::00107","DPO","allowsRole","asd","eyJlbmRfbGFiZWwiOiAiQWNjZXNzUm9sZSIsICJzdGFydF9sYWJlbCI6ICJQcml2YWN5QW5ub3RhdGlvbiJ9"
"PA::prop::DataCellArtifact::D8_ModellingDataset::record::1::cell::EDA_norm::00107","DS","allowsRole","asd","eyJlbmRfbGFiZWwiOiAiQWNjZXNzUm9sZSIsICJzdGFydF9sYWJlbCI6ICJQcml2YWN5QW5ub3RhdGlvbiJ9"
"PA::prop::DataCellArtifact::D8_ModellingDataset::record::1::cell::ACC_norm::00108","D8_ModellingDataset::record::1::cell::ACC_norm","annotates","asd","eyJlbmRfbGFiZWwiOiAiRGF0YUNlbGxBcnRpZmFjdCIsICJzdGFydF9sYWJlbCI6ICJQcml2YWN5QW5ub3RhdGlvbiJ9"
"asd_run_001::002::S6_select_modelling_features","PA::prop::DataCellArtifact::D8_ModellingDataset::record::1::cell::ACC_norm::00108","generatedPrivacyAnnotation","asd","eyJlbmRfbGFiZWwiOiAiUHJpdmFjeUFubm90YXRpb24iLCAic3RhcnRfbGFiZWwiOiAiU3RlcFJ1biJ9"
"PA::prop::DataCellArtifact::D8_ModellingDataset::record::1::cell::ACC_norm::00108","asd_run_001::002::S6_select_modelling_features","wasGeneratedBy","asd","eyJlbmRfbGFiZWwiOiAiU3RlcFJ1biIsICJzdGFydF9sYWJlbCI6ICJQcml2YWN5QW5ub3RhdGlvbiJ9"
"PA::prop::DataCellArtifact::D8_ModellingDataset::record::1::cell::ACC_norm::00108","S6_select_modelling_features_policy","usedPolicy","asd","eyJlbmRfbGFiZWwiOiAiT3BlcmF0aW9uUG9saWN5IiwgInN0YXJ0X2xhYmVsIjogIlByaXZhY3lBbm5vdGF0aW9uIn0="
"PA::prop::DataCellArtifact::D8_ModellingDataset::record::1::cell::ACC_norm::00108","behavioural_sensor_data","hasCategory","asd","eyJlbmRfbGFiZWwiOiAiU2Vuc2l0aXZpdHlDYXRlZ29yeSIsICJleHBsaWNpdCI6IHRydWUsICJzdGFydF9sYWJlbCI6ICJQcml2YWN5QW5ub3RhdGlvbiJ9"
"PA::prop::DataCellArtifact::D8_ModellingDataset::record::1::cell::ACC_norm::00108","clinical_research","hasUsage","asd","eyJlbmRfbGFiZWwiOiAiVXNhZ2VDb25zdHJhaW50IiwgInN0YXJ0X2xhYmVsIjogIlByaXZhY3lBbm5vdGF0aW9uIn0="
"PA::prop::DataCellArtifact::D8_ModellingDataset::record::1::cell::ACC_norm::00108","delete_on_request","hasErasure","asd","eyJlbmRfbGFiZWwiOiAiRXJhc3VyZUNvbnN0cmFpbnQiLCAic3RhcnRfbGFiZWwiOiAiUHJpdmFjeUFubm90YXRpb24ifQ=="
"PA::prop::DataCellArtifact::D8_ModellingDataset::record::1::cell::ACC_norm::00108","retention_5y","hasErasure","asd","eyJlbmRfbGFiZWwiOiAiRXJhc3VyZUNvbnN0cmFpbnQiLCAic3RhcnRfbGFiZWwiOiAiUHJpdmFjeUFubm90YXRpb24ifQ=="
"PA::prop::DataCellArtifact::D8_ModellingDataset::record::1::cell::ACC_norm::00108","AU","allowsRole","asd","eyJlbmRfbGFiZWwiOiAiQWNjZXNzUm9sZSIsICJzdGFydF9sYWJlbCI6ICJQcml2YWN5QW5ub3RhdGlvbiJ9"
"PA::prop::DataCellArtifact::D8_ModellingDataset::record::1::cell::ACC_norm::00108","CL","allowsRole","asd","eyJlbmRfbGFiZWwiOiAiQWNjZXNzUm9sZSIsICJzdGFydF9sYWJlbCI6ICJQcml2YWN5QW5ub3RhdGlvbiJ9"
"PA::prop::DataCellArtifact::D8_ModellingDataset::record::1::cell::ACC_norm::00108","DPO","allowsRole","asd","eyJlbmRfbGFiZWwiOiAiQWNjZXNzUm9sZSIsICJzdGFydF9sYWJlbCI6ICJQcml2YWN5QW5ub3RhdGlvbiJ9"
"PA::prop::DataCellArtifact::D8_ModellingDataset::record::1::cell::ACC_norm::00108","DS","allowsRole","asd","eyJlbmRfbGFiZWwiOiAiQWNjZXNzUm9sZSIsICJzdGFydF9sYWJlbCI6ICJQcml2YWN5QW5ub3RhdGlvbiJ9"
"PA::prop::DataCellArtifact::D8_ModellingDataset::record::1::cell::chall_behav::00109","D8_ModellingDataset::record::1::cell::chall_behav","annotates","asd","eyJlbmRfbGFiZWwiOiAiRGF0YUNlbGxBcnRpZmFjdCIsICJzdGFydF9sYWJlbCI6ICJQcml2YWN5QW5ub3RhdGlvbiJ9"
"asd_run_001::002::S6_select_modelling_features","PA::prop::DataCellArtifact::D8_ModellingDataset::record::1::cell::chall_behav::00109","generatedPrivacyAnnotation","asd","eyJlbmRfbGFiZWwiOiAiUHJpdmFjeUFubm90YXRpb24iLCAic3RhcnRfbGFiZWwiOiAiU3RlcFJ1biJ9"
"PA::prop::DataCellArtifact::D8_ModellingDataset::record::1::cell::chall_behav::00109","asd_run_001::002::S6_select_modelling_features","wasGeneratedBy","asd","eyJlbmRfbGFiZWwiOiAiU3RlcFJ1biIsICJzdGFydF9sYWJlbCI6ICJQcml2YWN5QW5ub3RhdGlvbiJ9"
"PA::prop::DataCellArtifact::D8_ModellingDataset::record::1::cell::chall_behav::00109","S6_select_modelling_features_policy","usedPolicy","asd","eyJlbmRfbGFiZWwiOiAiT3BlcmF0aW9uUG9saWN5IiwgInN0YXJ0X2xhYmVsIjogIlByaXZhY3lBbm5vdGF0aW9uIn0="
"PA::prop::DataCellArtifact::D8_ModellingDataset::record::1::cell::chall_behav::00109","health","hasCategory","asd","eyJlbmRfbGFiZWwiOiAiU2Vuc2l0aXZpdHlDYXRlZ29yeSIsICJleHBsaWNpdCI6IHRydWUsICJzdGFydF9sYWJlbCI6ICJQcml2YWN5QW5ub3RhdGlvbiJ9"
"PA::prop::DataCellArtifact::D8_ModellingDataset::record::1::cell::chall_behav::00109","behavioural_sensitive","hasCategory","asd","eyJlbmRfbGFiZWwiOiAiU2Vuc2l0aXZpdHlDYXRlZ29yeSIsICJleHBsaWNpdCI6IHRydWUsICJzdGFydF9sYWJlbCI6ICJQcml2YWN5QW5ub3RhdGlvbiJ9"
"PA::prop::DataCellArtifact::D8_ModellingDataset::record::1::cell::chall_behav::00109","sensitive_personal_data","hasCategory","asd","eyJlbmRfbGFiZWwiOiAiU2Vuc2l0aXZpdHlDYXRlZ29yeSIsICJleHBsaWNpdCI6IGZhbHNlLCAic3RhcnRfbGFiZWwiOiAiUHJpdmFjeUFubm90YXRpb24ifQ=="
"PA::prop::DataCellArtifact::D8_ModellingDataset::record::1::cell::chall_behav::00109","clinical_research","hasUsage","asd","eyJlbmRfbGFiZWwiOiAiVXNhZ2VDb25zdHJhaW50IiwgInN0YXJ0X2xhYmVsIjogIlByaXZhY3lBbm5vdGF0aW9uIn0="
"PA::prop::DataCellArtifact::D8_ModellingDataset::record::1::cell::chall_behav::00109","delete_on_request","hasErasure","asd","eyJlbmRfbGFiZWwiOiAiRXJhc3VyZUNvbnN0cmFpbnQiLCAic3RhcnRfbGFiZWwiOiAiUHJpdmFjeUFubm90YXRpb24ifQ=="
"PA::prop::DataCellArtifact::D8_ModellingDataset::record::1::cell::chall_behav::00109","retention_5y","hasErasure","asd","eyJlbmRfbGFiZWwiOiAiRXJhc3VyZUNvbnN0cmFpbnQiLCAic3RhcnRfbGFiZWwiOiAiUHJpdmFjeUFubm90YXRpb24ifQ=="
"PA::prop::DataCellArtifact::D8_ModellingDataset::record::1::cell::chall_behav::00109","AU","allowsRole","asd","eyJlbmRfbGFiZWwiOiAiQWNjZXNzUm9sZSIsICJzdGFydF9sYWJlbCI6ICJQcml2YWN5QW5ub3RhdGlvbiJ9"
"PA::prop::DataCellArtifact::D8_ModellingDataset::record::1::cell::chall_behav::00109","CL","allowsRole","asd","eyJlbmRfbGFiZWwiOiAiQWNjZXNzUm9sZSIsICJzdGFydF9sYWJlbCI6ICJQcml2YWN5QW5ub3RhdGlvbiJ9"
"PA::prop::DataCellArtifact::D8_ModellingDataset::record::1::cell::chall_behav::00109","DPO","allowsRole","asd","eyJlbmRfbGFiZWwiOiAiQWNjZXNzUm9sZSIsICJzdGFydF9sYWJlbCI6ICJQcml2YWN5QW5ub3RhdGlvbiJ9"
"PA::prop::DataCellArtifact::D8_ModellingDataset::record::1::cell::chall_behav::00109","DS","allowsRole","asd","eyJlbmRfbGFiZWwiOiAiQWNjZXNzUm9sZSIsICJzdGFydF9sYWJlbCI6ICJQcml2YWN5QW5ub3RhdGlvbiJ9"
"PA::prop::DataCellArtifact::D8_ModellingDataset::record::1::cell::sev::00110","D8_ModellingDataset::record::1::cell::sev","annotates","asd","eyJlbmRfbGFiZWwiOiAiRGF0YUNlbGxBcnRpZmFjdCIsICJzdGFydF9sYWJlbCI6ICJQcml2YWN5QW5ub3RhdGlvbiJ9"
"asd_run_001::002::S6_select_modelling_features","PA::prop::DataCellArtifact::D8_ModellingDataset::record::1::cell::sev::00110","generatedPrivacyAnnotation","asd","eyJlbmRfbGFiZWwiOiAiUHJpdmFjeUFubm90YXRpb24iLCAic3RhcnRfbGFiZWwiOiAiU3RlcFJ1biJ9"
"PA::prop::DataCellArtifact::D8_ModellingDataset::record::1::cell::sev::00110","asd_run_001::002::S6_select_modelling_features","wasGeneratedBy","asd","eyJlbmRfbGFiZWwiOiAiU3RlcFJ1biIsICJzdGFydF9sYWJlbCI6ICJQcml2YWN5QW5ub3RhdGlvbiJ9"
"PA::prop::DataCellArtifact::D8_ModellingDataset::record::1::cell::sev::00110","S6_select_modelling_features_policy","usedPolicy","asd","eyJlbmRfbGFiZWwiOiAiT3BlcmF0aW9uUG9saWN5IiwgInN0YXJ0X2xhYmVsIjogIlByaXZhY3lBbm5vdGF0aW9uIn0="
"PA::prop::DataCellArtifact::D8_ModellingDataset::record::1::cell::sev::00110","health","hasCategory","asd","eyJlbmRfbGFiZWwiOiAiU2Vuc2l0aXZpdHlDYXRlZ29yeSIsICJleHBsaWNpdCI6IHRydWUsICJzdGFydF9sYWJlbCI6ICJQcml2YWN5QW5ub3RhdGlvbiJ9"
"PA::prop::DataCellArtifact::D8_ModellingDataset::record::1::cell::sev::00110","behavioural_sensitive","hasCategory","asd","eyJlbmRfbGFiZWwiOiAiU2Vuc2l0aXZpdHlDYXRlZ29yeSIsICJleHBsaWNpdCI6IHRydWUsICJzdGFydF9sYWJlbCI6ICJQcml2YWN5QW5ub3RhdGlvbiJ9"
"PA::prop::DataCellArtifact::D8_ModellingDataset::record::1::cell::sev::00110","sensitive_personal_data","hasCategory","asd","eyJlbmRfbGFiZWwiOiAiU2Vuc2l0aXZpdHlDYXRlZ29yeSIsICJleHBsaWNpdCI6IGZhbHNlLCAic3RhcnRfbGFiZWwiOiAiUHJpdmFjeUFubm90YXRpb24ifQ=="
"PA::prop::DataCellArtifact::D8_ModellingDataset::record::1::cell::sev::00110","clinical_research","hasUsage","asd","eyJlbmRfbGFiZWwiOiAiVXNhZ2VDb25zdHJhaW50IiwgInN0YXJ0X2xhYmVsIjogIlByaXZhY3lBbm5vdGF0aW9uIn0="
"PA::prop::DataCellArtifact::D8_ModellingDataset::record::1::cell::sev::00110","delete_on_request","hasErasure","asd","eyJlbmRfbGFiZWwiOiAiRXJhc3VyZUNvbnN0cmFpbnQiLCAic3RhcnRfbGFiZWwiOiAiUHJpdmFjeUFubm90YXRpb24ifQ=="
"PA::prop::DataCellArtifact::D8_ModellingDataset::record::1::cell::sev::00110","retention_5y","hasErasure","asd","eyJlbmRfbGFiZWwiOiAiRXJhc3VyZUNvbnN0cmFpbnQiLCAic3RhcnRfbGFiZWwiOiAiUHJpdmFjeUFubm90YXRpb24ifQ=="
"PA::prop::DataCellArtifact::D8_ModellingDataset::record::1::cell::sev::00110","AU","allowsRole","asd","eyJlbmRfbGFiZWwiOiAiQWNjZXNzUm9sZSIsICJzdGFydF9sYWJlbCI6ICJQcml2YWN5QW5ub3RhdGlvbiJ9"
"PA::prop::DataCellArtifact::D8_ModellingDataset::record::1::cell::sev::00110","CL","allowsRole","asd","eyJlbmRfbGFiZWwiOiAiQWNjZXNzUm9sZSIsICJzdGFydF9sYWJlbCI6ICJQcml2YWN5QW5ub3RhdGlvbiJ9"
"PA::prop::DataCellArtifact::D8_ModellingDataset::record::1::cell::sev::00110","DPO","allowsRole","asd","eyJlbmRfbGFiZWwiOiAiQWNjZXNzUm9sZSIsICJzdGFydF9sYWJlbCI6ICJQcml2YWN5QW5ub3RhdGlvbiJ9"
"PA::prop::DataCellArtifact::D8_ModellingDataset::record::1::cell::sev::00110","DS","allowsRole","asd","eyJlbmRfbGFiZWwiOiAiQWNjZXNzUm9sZSIsICJzdGFydF9sYWJlbCI6ICJQcml2YWN5QW5ub3RhdGlvbiJ9"
"PA::prop::DataCellArtifact::D8_ModellingDataset::record::1::cell::age_grp::00111","D8_ModellingDataset::record::1::cell::age_grp","annotates","asd","eyJlbmRfbGFiZWwiOiAiRGF0YUNlbGxBcnRpZmFjdCIsICJzdGFydF9sYWJlbCI6ICJQcml2YWN5QW5ub3RhdGlvbiJ9"
"asd_run_001::002::S6_select_modelling_features","PA::prop::DataCellArtifact::D8_ModellingDataset::record::1::cell::age_grp::00111","generatedPrivacyAnnotation","asd","eyJlbmRfbGFiZWwiOiAiUHJpdmFjeUFubm90YXRpb24iLCAic3RhcnRfbGFiZWwiOiAiU3RlcFJ1biJ9"
"PA::prop::DataCellArtifact::D8_ModellingDataset::record::1::cell::age_grp::00111","asd_run_001::002::S6_select_modelling_features","wasGeneratedBy","asd","eyJlbmRfbGFiZWwiOiAiU3RlcFJ1biIsICJzdGFydF9sYWJlbCI6ICJQcml2YWN5QW5ub3RhdGlvbiJ9"
"PA::prop::DataCellArtifact::D8_ModellingDataset::record::1::cell::age_grp::00111","S6_select_modelling_features_policy","usedPolicy","asd","eyJlbmRfbGFiZWwiOiAiT3BlcmF0aW9uUG9saWN5IiwgInN0YXJ0X2xhYmVsIjogIlByaXZhY3lBbm5vdGF0aW9uIn0="
"PA::prop::DataCellArtifact::D8_ModellingDataset::record::1::cell::age_grp::00111","quasi_identifier","hasCategory","asd","eyJlbmRfbGFiZWwiOiAiU2Vuc2l0aXZpdHlDYXRlZ29yeSIsICJleHBsaWNpdCI6IHRydWUsICJzdGFydF9sYWJlbCI6ICJQcml2YWN5QW5ub3RhdGlvbiJ9"
"PA::prop::DataCellArtifact::D8_ModellingDataset::record::1::cell::age_grp::00111","clinical_research","hasUsage","asd","eyJlbmRfbGFiZWwiOiAiVXNhZ2VDb25zdHJhaW50IiwgInN0YXJ0X2xhYmVsIjogIlByaXZhY3lBbm5vdGF0aW9uIn0="
"PA::prop::DataCellArtifact::D8_ModellingDataset::record::1::cell::age_grp::00111","delete_on_request","hasErasure","asd","eyJlbmRfbGFiZWwiOiAiRXJhc3VyZUNvbnN0cmFpbnQiLCAic3RhcnRfbGFiZWwiOiAiUHJpdmFjeUFubm90YXRpb24ifQ=="
"PA::prop::DataCellArtifact::D8_ModellingDataset::record::1::cell::age_grp::00111","retention_5y","hasErasure","asd","eyJlbmRfbGFiZWwiOiAiRXJhc3VyZUNvbnN0cmFpbnQiLCAic3RhcnRfbGFiZWwiOiAiUHJpdmFjeUFubm90YXRpb24ifQ=="
"PA::prop::DataCellArtifact::D8_ModellingDataset::record::1::cell::age_grp::00111","AU","allowsRole","asd","eyJlbmRfbGFiZWwiOiAiQWNjZXNzUm9sZSIsICJzdGFydF9sYWJlbCI6ICJQcml2YWN5QW5ub3RhdGlvbiJ9"
"PA::prop::DataCellArtifact::D8_ModellingDataset::record::1::cell::age_grp::00111","CL","allowsRole","asd","eyJlbmRfbGFiZWwiOiAiQWNjZXNzUm9sZSIsICJzdGFydF9sYWJlbCI6ICJQcml2YWN5QW5ub3RhdGlvbiJ9"
"PA::prop::DataCellArtifact::D8_ModellingDataset::record::1::cell::age_grp::00111","DPO","allowsRole","asd","eyJlbmRfbGFiZWwiOiAiQWNjZXNzUm9sZSIsICJzdGFydF9sYWJlbCI6ICJQcml2YWN5QW5ub3RhdGlvbiJ9"
"PA::prop::DataCellArtifact::D8_ModellingDataset::record::1::cell::age_grp::00111","DS","allowsRole","asd","eyJlbmRfbGFiZWwiOiAiQWNjZXNzUm9sZSIsICJzdGFydF9sYWJlbCI6ICJQcml2YWN5QW5ub3RhdGlvbiJ9"
"PA::prop::DataCellArtifact::D8_ModellingDataset::record::1::cell::sex::00112","D8_ModellingDataset::record::1::cell::sex","annotates","asd","eyJlbmRfbGFiZWwiOiAiRGF0YUNlbGxBcnRpZmFjdCIsICJzdGFydF9sYWJlbCI6ICJQcml2YWN5QW5ub3RhdGlvbiJ9"
"asd_run_001::002::S6_select_modelling_features","PA::prop::DataCellArtifact::D8_ModellingDataset::record::1::cell::sex::00112","generatedPrivacyAnnotation","asd","eyJlbmRfbGFiZWwiOiAiUHJpdmFjeUFubm90YXRpb24iLCAic3RhcnRfbGFiZWwiOiAiU3RlcFJ1biJ9"
"PA::prop::DataCellArtifact::D8_ModellingDataset::record::1::cell::sex::00112","asd_run_001::002::S6_select_modelling_features","wasGeneratedBy","asd","eyJlbmRfbGFiZWwiOiAiU3RlcFJ1biIsICJzdGFydF9sYWJlbCI6ICJQcml2YWN5QW5ub3RhdGlvbiJ9"
"PA::prop::DataCellArtifact::D8_ModellingDataset::record::1::cell::sex::00112","S6_select_modelling_features_policy","usedPolicy","asd","eyJlbmRfbGFiZWwiOiAiT3BlcmF0aW9uUG9saWN5IiwgInN0YXJ0X2xhYmVsIjogIlByaXZhY3lBbm5vdGF0aW9uIn0="
"PA::prop::DataCellArtifact::D8_ModellingDataset::record::1::cell::sex::00112","quasi_identifier","hasCategory","asd","eyJlbmRfbGFiZWwiOiAiU2Vuc2l0aXZpdHlDYXRlZ29yeSIsICJleHBsaWNpdCI6IHRydWUsICJzdGFydF9sYWJlbCI6ICJQcml2YWN5QW5ub3RhdGlvbiJ9"
"PA::prop::DataCellArtifact::D8_ModellingDataset::record::1::cell::sex::00112","clinical_research","hasUsage","asd","eyJlbmRfbGFiZWwiOiAiVXNhZ2VDb25zdHJhaW50IiwgInN0YXJ0X2xhYmVsIjogIlByaXZhY3lBbm5vdGF0aW9uIn0="
"PA::prop::DataCellArtifact::D8_ModellingDataset::record::1::cell::sex::00112","delete_on_request","hasErasure","asd","eyJlbmRfbGFiZWwiOiAiRXJhc3VyZUNvbnN0cmFpbnQiLCAic3RhcnRfbGFiZWwiOiAiUHJpdmFjeUFubm90YXRpb24ifQ=="
"PA::prop::DataCellArtifact::D8_ModellingDataset::record::1::cell::sex::00112","retention_5y","hasErasure","asd","eyJlbmRfbGFiZWwiOiAiRXJhc3VyZUNvbnN0cmFpbnQiLCAic3RhcnRfbGFiZWwiOiAiUHJpdmFjeUFubm90YXRpb24ifQ=="
"PA::prop::DataCellArtifact::D8_ModellingDataset::record::1::cell::sex::00112","AU","allowsRole","asd","eyJlbmRfbGFiZWwiOiAiQWNjZXNzUm9sZSIsICJzdGFydF9sYWJlbCI6ICJQcml2YWN5QW5ub3RhdGlvbiJ9"
"PA::prop::DataCellArtifact::D8_ModellingDataset::record::1::cell::sex::00112","CL","allowsRole","asd","eyJlbmRfbGFiZWwiOiAiQWNjZXNzUm9sZSIsICJzdGFydF9sYWJlbCI6ICJQcml2YWN5QW5ub3RhdGlvbiJ9"
"PA::prop::DataCellArtifact::D8_ModellingDataset::record::1::cell::sex::00112","DPO","allowsRole","asd","eyJlbmRfbGFiZWwiOiAiQWNjZXNzUm9sZSIsICJzdGFydF9sYWJlbCI6ICJQcml2YWN5QW5ub3RhdGlvbiJ9"
"PA::prop::DataCellArtifact::D8_ModellingDataset::record::1::cell::sex::00112","DS","allowsRole","asd","eyJlbmRfbGFiZWwiOiAiQWNjZXNzUm9sZSIsICJzdGFydF9sYWJlbCI6ICJQcml2YWN5QW5ub3RhdGlvbiJ9"
"PA::prop::DataCellArtifact::D8_ModellingDataset::record::2::cell::HR_norm::00113","D8_ModellingDataset::record::2::cell::HR_norm","annotates","asd","eyJlbmRfbGFiZWwiOiAiRGF0YUNlbGxBcnRpZmFjdCIsICJzdGFydF9sYWJlbCI6ICJQcml2YWN5QW5ub3RhdGlvbiJ9"
"asd_run_001::002::S6_select_modelling_features","PA::prop::DataCellArtifact::D8_ModellingDataset::record::2::cell::HR_norm::00113","generatedPrivacyAnnotation","asd","eyJlbmRfbGFiZWwiOiAiUHJpdmFjeUFubm90YXRpb24iLCAic3RhcnRfbGFiZWwiOiAiU3RlcFJ1biJ9"
"PA::prop::DataCellArtifact::D8_ModellingDataset::record::2::cell::HR_norm::00113","asd_run_001::002::S6_select_modelling_features","wasGeneratedBy","asd","eyJlbmRfbGFiZWwiOiAiU3RlcFJ1biIsICJzdGFydF9sYWJlbCI6ICJQcml2YWN5QW5ub3RhdGlvbiJ9"
"PA::prop::DataCellArtifact::D8_ModellingDataset::record::2::cell::HR_norm::00113","S6_select_modelling_features_policy","usedPolicy","asd","eyJlbmRfbGFiZWwiOiAiT3BlcmF0aW9uUG9saWN5IiwgInN0YXJ0X2xhYmVsIjogIlByaXZhY3lBbm5vdGF0aW9uIn0="
"PA::prop::DataCellArtifact::D8_ModellingDataset::record::2::cell::HR_norm::00113","biometric","hasCategory","asd","eyJlbmRfbGFiZWwiOiAiU2Vuc2l0aXZpdHlDYXRlZ29yeSIsICJleHBsaWNpdCI6IHRydWUsICJzdGFydF9sYWJlbCI6ICJQcml2YWN5QW5ub3RhdGlvbiJ9"
"PA::prop::DataCellArtifact::D8_ModellingDataset::record::2::cell::HR_norm::00113","health","hasCategory","asd","eyJlbmRfbGFiZWwiOiAiU2Vuc2l0aXZpdHlDYXRlZ29yeSIsICJleHBsaWNpdCI6IHRydWUsICJzdGFydF9sYWJlbCI6ICJQcml2YWN5QW5ub3RhdGlvbiJ9"
"PA::prop::DataCellArtifact::D8_ModellingDataset::record::2::cell::HR_norm::00113","sensitive_personal_data","hasCategory","asd","eyJlbmRfbGFiZWwiOiAiU2Vuc2l0aXZpdHlDYXRlZ29yeSIsICJleHBsaWNpdCI6IGZhbHNlLCAic3RhcnRfbGFiZWwiOiAiUHJpdmFjeUFubm90YXRpb24ifQ=="
"PA::prop::DataCellArtifact::D8_ModellingDataset::record::2::cell::HR_norm::00113","clinical_research","hasUsage","asd","eyJlbmRfbGFiZWwiOiAiVXNhZ2VDb25zdHJhaW50IiwgInN0YXJ0X2xhYmVsIjogIlByaXZhY3lBbm5vdGF0aW9uIn0="
"PA::prop::DataCellArtifact::D8_ModellingDataset::record::2::cell::HR_norm::00113","delete_on_request","hasErasure","asd","eyJlbmRfbGFiZWwiOiAiRXJhc3VyZUNvbnN0cmFpbnQiLCAic3RhcnRfbGFiZWwiOiAiUHJpdmFjeUFubm90YXRpb24ifQ=="
"PA::prop::DataCellArtifact::D8_ModellingDataset::record::2::cell::HR_norm::00113","retention_5y","hasErasure","asd","eyJlbmRfbGFiZWwiOiAiRXJhc3VyZUNvbnN0cmFpbnQiLCAic3RhcnRfbGFiZWwiOiAiUHJpdmFjeUFubm90YXRpb24ifQ=="
"PA::prop::DataCellArtifact::D8_ModellingDataset::record::2::cell::HR_norm::00113","AU","allowsRole","asd","eyJlbmRfbGFiZWwiOiAiQWNjZXNzUm9sZSIsICJzdGFydF9sYWJlbCI6ICJQcml2YWN5QW5ub3RhdGlvbiJ9"
"PA::prop::DataCellArtifact::D8_ModellingDataset::record::2::cell::HR_norm::00113","CL","allowsRole","asd","eyJlbmRfbGFiZWwiOiAiQWNjZXNzUm9sZSIsICJzdGFydF9sYWJlbCI6ICJQcml2YWN5QW5ub3RhdGlvbiJ9"
"PA::prop::DataCellArtifact::D8_ModellingDataset::record::2::cell::HR_norm::00113","DPO","allowsRole","asd","eyJlbmRfbGFiZWwiOiAiQWNjZXNzUm9sZSIsICJzdGFydF9sYWJlbCI6ICJQcml2YWN5QW5ub3RhdGlvbiJ9"
"PA::prop::DataCellArtifact::D8_ModellingDataset::record::2::cell::HR_norm::00113","DS","allowsRole","asd","eyJlbmRfbGFiZWwiOiAiQWNjZXNzUm9sZSIsICJzdGFydF9sYWJlbCI6ICJQcml2YWN5QW5ub3RhdGlvbiJ9"
"PA::prop::DataCellArtifact::D8_ModellingDataset::record::2::cell::EDA_norm::00114","D8_ModellingDataset::record::2::cell::EDA_norm","annotates","asd","eyJlbmRfbGFiZWwiOiAiRGF0YUNlbGxBcnRpZmFjdCIsICJzdGFydF9sYWJlbCI6ICJQcml2YWN5QW5ub3RhdGlvbiJ9"
"asd_run_001::002::S6_select_modelling_features","PA::prop::DataCellArtifact::D8_ModellingDataset::record::2::cell::EDA_norm::00114","generatedPrivacyAnnotation","asd","eyJlbmRfbGFiZWwiOiAiUHJpdmFjeUFubm90YXRpb24iLCAic3RhcnRfbGFiZWwiOiAiU3RlcFJ1biJ9"
"PA::prop::DataCellArtifact::D8_ModellingDataset::record::2::cell::EDA_norm::00114","asd_run_001::002::S6_select_modelling_features","wasGeneratedBy","asd","eyJlbmRfbGFiZWwiOiAiU3RlcFJ1biIsICJzdGFydF9sYWJlbCI6ICJQcml2YWN5QW5ub3RhdGlvbiJ9"
"PA::prop::DataCellArtifact::D8_ModellingDataset::record::2::cell::EDA_norm::00114","S6_select_modelling_features_policy","usedPolicy","asd","eyJlbmRfbGFiZWwiOiAiT3BlcmF0aW9uUG9saWN5IiwgInN0YXJ0X2xhYmVsIjogIlByaXZhY3lBbm5vdGF0aW9uIn0="
"PA::prop::DataCellArtifact::D8_ModellingDataset::record::2::cell::EDA_norm::00114","biometric","hasCategory","asd","eyJlbmRfbGFiZWwiOiAiU2Vuc2l0aXZpdHlDYXRlZ29yeSIsICJleHBsaWNpdCI6IHRydWUsICJzdGFydF9sYWJlbCI6ICJQcml2YWN5QW5ub3RhdGlvbiJ9"
"PA::prop::DataCellArtifact::D8_ModellingDataset::record::2::cell::EDA_norm::00114","health","hasCategory","asd","eyJlbmRfbGFiZWwiOiAiU2Vuc2l0aXZpdHlDYXRlZ29yeSIsICJleHBsaWNpdCI6IHRydWUsICJzdGFydF9sYWJlbCI6ICJQcml2YWN5QW5ub3RhdGlvbiJ9"
"PA::prop::DataCellArtifact::D8_ModellingDataset::record::2::cell::EDA_norm::00114","sensitive_personal_data","hasCategory","asd","eyJlbmRfbGFiZWwiOiAiU2Vuc2l0aXZpdHlDYXRlZ29yeSIsICJleHBsaWNpdCI6IGZhbHNlLCAic3RhcnRfbGFiZWwiOiAiUHJpdmFjeUFubm90YXRpb24ifQ=="
"PA::prop::DataCellArtifact::D8_ModellingDataset::record::2::cell::EDA_norm::00114","clinical_research","hasUsage","asd","eyJlbmRfbGFiZWwiOiAiVXNhZ2VDb25zdHJhaW50IiwgInN0YXJ0X2xhYmVsIjogIlByaXZhY3lBbm5vdGF0aW9uIn0="
"PA::prop::DataCellArtifact::D8_ModellingDataset::record::2::cell::EDA_norm::00114","delete_on_request","hasErasure","asd","eyJlbmRfbGFiZWwiOiAiRXJhc3VyZUNvbnN0cmFpbnQiLCAic3RhcnRfbGFiZWwiOiAiUHJpdmFjeUFubm90YXRpb24ifQ=="
"PA::prop::DataCellArtifact::D8_ModellingDataset::record::2::cell::EDA_norm::00114","retention_5y","hasErasure","asd","eyJlbmRfbGFiZWwiOiAiRXJhc3VyZUNvbnN0cmFpbnQiLCAic3RhcnRfbGFiZWwiOiAiUHJpdmFjeUFubm90YXRpb24ifQ=="
"PA::prop::DataCellArtifact::D8_ModellingDataset::record::2::cell::EDA_norm::00114","AU","allowsRole","asd","eyJlbmRfbGFiZWwiOiAiQWNjZXNzUm9sZSIsICJzdGFydF9sYWJlbCI6ICJQcml2YWN5QW5ub3RhdGlvbiJ9"
"PA::prop::DataCellArtifact::D8_ModellingDataset::record::2::cell::EDA_norm::00114","CL","allowsRole","asd","eyJlbmRfbGFiZWwiOiAiQWNjZXNzUm9sZSIsICJzdGFydF9sYWJlbCI6ICJQcml2YWN5QW5ub3RhdGlvbiJ9"
"PA::prop::DataCellArtifact::D8_ModellingDataset::record::2::cell::EDA_norm::00114","DPO","allowsRole","asd","eyJlbmRfbGFiZWwiOiAiQWNjZXNzUm9sZSIsICJzdGFydF9sYWJlbCI6ICJQcml2YWN5QW5ub3RhdGlvbiJ9"
"PA::prop::DataCellArtifact::D8_ModellingDataset::record::2::cell::EDA_norm::00114","DS","allowsRole","asd","eyJlbmRfbGFiZWwiOiAiQWNjZXNzUm9sZSIsICJzdGFydF9sYWJlbCI6ICJQcml2YWN5QW5ub3RhdGlvbiJ9"
"PA::prop::DataCellArtifact::D8_ModellingDataset::record::2::cell::ACC_norm::00115","D8_ModellingDataset::record::2::cell::ACC_norm","annotates","asd","eyJlbmRfbGFiZWwiOiAiRGF0YUNlbGxBcnRpZmFjdCIsICJzdGFydF9sYWJlbCI6ICJQcml2YWN5QW5ub3RhdGlvbiJ9"
"asd_run_001::002::S6_select_modelling_features","PA::prop::DataCellArtifact::D8_ModellingDataset::record::2::cell::ACC_norm::00115","generatedPrivacyAnnotation","asd","eyJlbmRfbGFiZWwiOiAiUHJpdmFjeUFubm90YXRpb24iLCAic3RhcnRfbGFiZWwiOiAiU3RlcFJ1biJ9"
"PA::prop::DataCellArtifact::D8_ModellingDataset::record::2::cell::ACC_norm::00115","asd_run_001::002::S6_select_modelling_features","wasGeneratedBy","asd","eyJlbmRfbGFiZWwiOiAiU3RlcFJ1biIsICJzdGFydF9sYWJlbCI6ICJQcml2YWN5QW5ub3RhdGlvbiJ9"
"PA::prop::DataCellArtifact::D8_ModellingDataset::record::2::cell::ACC_norm::00115","S6_select_modelling_features_policy","usedPolicy","asd","eyJlbmRfbGFiZWwiOiAiT3BlcmF0aW9uUG9saWN5IiwgInN0YXJ0X2xhYmVsIjogIlByaXZhY3lBbm5vdGF0aW9uIn0="
"PA::prop::DataCellArtifact::D8_ModellingDataset::record::2::cell::ACC_norm::00115","behavioural_sensor_data","hasCategory","asd","eyJlbmRfbGFiZWwiOiAiU2Vuc2l0aXZpdHlDYXRlZ29yeSIsICJleHBsaWNpdCI6IHRydWUsICJzdGFydF9sYWJlbCI6ICJQcml2YWN5QW5ub3RhdGlvbiJ9"
"PA::prop::DataCellArtifact::D8_ModellingDataset::record::2::cell::ACC_norm::00115","clinical_research","hasUsage","asd","eyJlbmRfbGFiZWwiOiAiVXNhZ2VDb25zdHJhaW50IiwgInN0YXJ0X2xhYmVsIjogIlByaXZhY3lBbm5vdGF0aW9uIn0="
"PA::prop::DataCellArtifact::D8_ModellingDataset::record::2::cell::ACC_norm::00115","delete_on_request","hasErasure","asd","eyJlbmRfbGFiZWwiOiAiRXJhc3VyZUNvbnN0cmFpbnQiLCAic3RhcnRfbGFiZWwiOiAiUHJpdmFjeUFubm90YXRpb24ifQ=="
"PA::prop::DataCellArtifact::D8_ModellingDataset::record::2::cell::ACC_norm::00115","retention_5y","hasErasure","asd","eyJlbmRfbGFiZWwiOiAiRXJhc3VyZUNvbnN0cmFpbnQiLCAic3RhcnRfbGFiZWwiOiAiUHJpdmFjeUFubm90YXRpb24ifQ=="
"PA::prop::DataCellArtifact::D8_ModellingDataset::record::2::cell::ACC_norm::00115","AU","allowsRole","asd","eyJlbmRfbGFiZWwiOiAiQWNjZXNzUm9sZSIsICJzdGFydF9sYWJlbCI6ICJQcml2YWN5QW5ub3RhdGlvbiJ9"
"PA::prop::DataCellArtifact::D8_ModellingDataset::record::2::cell::ACC_norm::00115","CL","allowsRole","asd","eyJlbmRfbGFiZWwiOiAiQWNjZXNzUm9sZSIsICJzdGFydF9sYWJlbCI6ICJQcml2YWN5QW5ub3RhdGlvbiJ9"
"PA::prop::DataCellArtifact::D8_ModellingDataset::record::2::cell::ACC_norm::00115","DPO","allowsRole","asd","eyJlbmRfbGFiZWwiOiAiQWNjZXNzUm9sZSIsICJzdGFydF9sYWJlbCI6ICJQcml2YWN5QW5ub3RhdGlvbiJ9"
"PA::prop::DataCellArtifact::D8_ModellingDataset::record::2::cell::ACC_norm::00115","DS","allowsRole","asd","eyJlbmRfbGFiZWwiOiAiQWNjZXNzUm9sZSIsICJzdGFydF9sYWJlbCI6ICJQcml2YWN5QW5ub3RhdGlvbiJ9"
"PA::prop::DataCellArtifact::D8_ModellingDataset::record::2::cell::chall_behav::00116","D8_ModellingDataset::record::2::cell::chall_behav","annotates","asd","eyJlbmRfbGFiZWwiOiAiRGF0YUNlbGxBcnRpZmFjdCIsICJzdGFydF9sYWJlbCI6ICJQcml2YWN5QW5ub3RhdGlvbiJ9"
"asd_run_001::002::S6_select_modelling_features","PA::prop::DataCellArtifact::D8_ModellingDataset::record::2::cell::chall_behav::00116","generatedPrivacyAnnotation","asd","eyJlbmRfbGFiZWwiOiAiUHJpdmFjeUFubm90YXRpb24iLCAic3RhcnRfbGFiZWwiOiAiU3RlcFJ1biJ9"
"PA::prop::DataCellArtifact::D8_ModellingDataset::record::2::cell::chall_behav::00116","asd_run_001::002::S6_select_modelling_features","wasGeneratedBy","asd","eyJlbmRfbGFiZWwiOiAiU3RlcFJ1biIsICJzdGFydF9sYWJlbCI6ICJQcml2YWN5QW5ub3RhdGlvbiJ9"
"PA::prop::DataCellArtifact::D8_ModellingDataset::record::2::cell::chall_behav::00116","S6_select_modelling_features_policy","usedPolicy","asd","eyJlbmRfbGFiZWwiOiAiT3BlcmF0aW9uUG9saWN5IiwgInN0YXJ0X2xhYmVsIjogIlByaXZhY3lBbm5vdGF0aW9uIn0="
"PA::prop::DataCellArtifact::D8_ModellingDataset::record::2::cell::chall_behav::00116","health","hasCategory","asd","eyJlbmRfbGFiZWwiOiAiU2Vuc2l0aXZpdHlDYXRlZ29yeSIsICJleHBsaWNpdCI6IHRydWUsICJzdGFydF9sYWJlbCI6ICJQcml2YWN5QW5ub3RhdGlvbiJ9"
"PA::prop::DataCellArtifact::D8_ModellingDataset::record::2::cell::chall_behav::00116","behavioural_sensitive","hasCategory","asd","eyJlbmRfbGFiZWwiOiAiU2Vuc2l0aXZpdHlDYXRlZ29yeSIsICJleHBsaWNpdCI6IHRydWUsICJzdGFydF9sYWJlbCI6ICJQcml2YWN5QW5ub3RhdGlvbiJ9"
"PA::prop::DataCellArtifact::D8_ModellingDataset::record::2::cell::chall_behav::00116","sensitive_personal_data","hasCategory","asd","eyJlbmRfbGFiZWwiOiAiU2Vuc2l0aXZpdHlDYXRlZ29yeSIsICJleHBsaWNpdCI6IGZhbHNlLCAic3RhcnRfbGFiZWwiOiAiUHJpdmFjeUFubm90YXRpb24ifQ=="
"PA::prop::DataCellArtifact::D8_ModellingDataset::record::2::cell::chall_behav::00116","clinical_research","hasUsage","asd","eyJlbmRfbGFiZWwiOiAiVXNhZ2VDb25zdHJhaW50IiwgInN0YXJ0X2xhYmVsIjogIlByaXZhY3lBbm5vdGF0aW9uIn0="
"PA::prop::DataCellArtifact::D8_ModellingDataset::record::2::cell::chall_behav::00116","delete_on_request","hasErasure","asd","eyJlbmRfbGFiZWwiOiAiRXJhc3VyZUNvbnN0cmFpbnQiLCAic3RhcnRfbGFiZWwiOiAiUHJpdmFjeUFubm90YXRpb24ifQ=="
"PA::prop::DataCellArtifact::D8_ModellingDataset::record::2::cell::chall_behav::00116","retention_5y","hasErasure","asd","eyJlbmRfbGFiZWwiOiAiRXJhc3VyZUNvbnN0cmFpbnQiLCAic3RhcnRfbGFiZWwiOiAiUHJpdmFjeUFubm90YXRpb24ifQ=="
"PA::prop::DataCellArtifact::D8_ModellingDataset::record::2::cell::chall_behav::00116","AU","allowsRole","asd","eyJlbmRfbGFiZWwiOiAiQWNjZXNzUm9sZSIsICJzdGFydF9sYWJlbCI6ICJQcml2YWN5QW5ub3RhdGlvbiJ9"
"PA::prop::DataCellArtifact::D8_ModellingDataset::record::2::cell::chall_behav::00116","CL","allowsRole","asd","eyJlbmRfbGFiZWwiOiAiQWNjZXNzUm9sZSIsICJzdGFydF9sYWJlbCI6ICJQcml2YWN5QW5ub3RhdGlvbiJ9"
"PA::prop::DataCellArtifact::D8_ModellingDataset::record::2::cell::chall_behav::00116","DPO","allowsRole","asd","eyJlbmRfbGFiZWwiOiAiQWNjZXNzUm9sZSIsICJzdGFydF9sYWJlbCI6ICJQcml2YWN5QW5ub3RhdGlvbiJ9"
"PA::prop::DataCellArtifact::D8_ModellingDataset::record::2::cell::chall_behav::00116","DS","allowsRole","asd","eyJlbmRfbGFiZWwiOiAiQWNjZXNzUm9sZSIsICJzdGFydF9sYWJlbCI6ICJQcml2YWN5QW5ub3RhdGlvbiJ9"
"PA::prop::DataCellArtifact::D8_ModellingDataset::record::2::cell::sev::00117","D8_ModellingDataset::record::2::cell::sev","annotates","asd","eyJlbmRfbGFiZWwiOiAiRGF0YUNlbGxBcnRpZmFjdCIsICJzdGFydF9sYWJlbCI6ICJQcml2YWN5QW5ub3RhdGlvbiJ9"
"asd_run_001::002::S6_select_modelling_features","PA::prop::DataCellArtifact::D8_ModellingDataset::record::2::cell::sev::00117","generatedPrivacyAnnotation","asd","eyJlbmRfbGFiZWwiOiAiUHJpdmFjeUFubm90YXRpb24iLCAic3RhcnRfbGFiZWwiOiAiU3RlcFJ1biJ9"
"PA::prop::DataCellArtifact::D8_ModellingDataset::record::2::cell::sev::00117","asd_run_001::002::S6_select_modelling_features","wasGeneratedBy","asd","eyJlbmRfbGFiZWwiOiAiU3RlcFJ1biIsICJzdGFydF9sYWJlbCI6ICJQcml2YWN5QW5ub3RhdGlvbiJ9"
"PA::prop::DataCellArtifact::D8_ModellingDataset::record::2::cell::sev::00117","S6_select_modelling_features_policy","usedPolicy","asd","eyJlbmRfbGFiZWwiOiAiT3BlcmF0aW9uUG9saWN5IiwgInN0YXJ0X2xhYmVsIjogIlByaXZhY3lBbm5vdGF0aW9uIn0="
"PA::prop::DataCellArtifact::D8_ModellingDataset::record::2::cell::sev::00117","health","hasCategory","asd","eyJlbmRfbGFiZWwiOiAiU2Vuc2l0aXZpdHlDYXRlZ29yeSIsICJleHBsaWNpdCI6IHRydWUsICJzdGFydF9sYWJlbCI6ICJQcml2YWN5QW5ub3RhdGlvbiJ9"
"PA::prop::DataCellArtifact::D8_ModellingDataset::record::2::cell::sev::00117","behavioural_sensitive","hasCategory","asd","eyJlbmRfbGFiZWwiOiAiU2Vuc2l0aXZpdHlDYXRlZ29yeSIsICJleHBsaWNpdCI6IHRydWUsICJzdGFydF9sYWJlbCI6ICJQcml2YWN5QW5ub3RhdGlvbiJ9"
"PA::prop::DataCellArtifact::D8_ModellingDataset::record::2::cell::sev::00117","sensitive_personal_data","hasCategory","asd","eyJlbmRfbGFiZWwiOiAiU2Vuc2l0aXZpdHlDYXRlZ29yeSIsICJleHBsaWNpdCI6IGZhbHNlLCAic3RhcnRfbGFiZWwiOiAiUHJpdmFjeUFubm90YXRpb24ifQ=="
"PA::prop::DataCellArtifact::D8_ModellingDataset::record::2::cell::sev::00117","clinical_research","hasUsage","asd","eyJlbmRfbGFiZWwiOiAiVXNhZ2VDb25zdHJhaW50IiwgInN0YXJ0X2xhYmVsIjogIlByaXZhY3lBbm5vdGF0aW9uIn0="
"PA::prop::DataCellArtifact::D8_ModellingDataset::record::2::cell::sev::00117","delete_on_request","hasErasure","asd","eyJlbmRfbGFiZWwiOiAiRXJhc3VyZUNvbnN0cmFpbnQiLCAic3RhcnRfbGFiZWwiOiAiUHJpdmFjeUFubm90YXRpb24ifQ=="
"PA::prop::DataCellArtifact::D8_ModellingDataset::record::2::cell::sev::00117","retention_5y","hasErasure","asd","eyJlbmRfbGFiZWwiOiAiRXJhc3VyZUNvbnN0cmFpbnQiLCAic3RhcnRfbGFiZWwiOiAiUHJpdmFjeUFubm90YXRpb24ifQ=="
"PA::prop::DataCellArtifact::D8_ModellingDataset::record::2::cell::sev::00117","AU","allowsRole","asd","eyJlbmRfbGFiZWwiOiAiQWNjZXNzUm9sZSIsICJzdGFydF9sYWJlbCI6ICJQcml2YWN5QW5ub3RhdGlvbiJ9"
"PA::prop::DataCellArtifact::D8_ModellingDataset::record::2::cell::sev::00117","CL","allowsRole","asd","eyJlbmRfbGFiZWwiOiAiQWNjZXNzUm9sZSIsICJzdGFydF9sYWJlbCI6ICJQcml2YWN5QW5ub3RhdGlvbiJ9"
"PA::prop::DataCellArtifact::D8_ModellingDataset::record::2::cell::sev::00117","DPO","allowsRole","asd","eyJlbmRfbGFiZWwiOiAiQWNjZXNzUm9sZSIsICJzdGFydF9sYWJlbCI6ICJQcml2YWN5QW5ub3RhdGlvbiJ9"
"PA::prop::DataCellArtifact::D8_ModellingDataset::record::2::cell::sev::00117","DS","allowsRole","asd","eyJlbmRfbGFiZWwiOiAiQWNjZXNzUm9sZSIsICJzdGFydF9sYWJlbCI6ICJQcml2YWN5QW5ub3RhdGlvbiJ9"
"PA::prop::DataCellArtifact::D8_ModellingDataset::record::2::cell::age_grp::00118","D8_ModellingDataset::record::2::cell::age_grp","annotates","asd","eyJlbmRfbGFiZWwiOiAiRGF0YUNlbGxBcnRpZmFjdCIsICJzdGFydF9sYWJlbCI6ICJQcml2YWN5QW5ub3RhdGlvbiJ9"
"asd_run_001::002::S6_select_modelling_features","PA::prop::DataCellArtifact::D8_ModellingDataset::record::2::cell::age_grp::00118","generatedPrivacyAnnotation","asd","eyJlbmRfbGFiZWwiOiAiUHJpdmFjeUFubm90YXRpb24iLCAic3RhcnRfbGFiZWwiOiAiU3RlcFJ1biJ9"
"PA::prop::DataCellArtifact::D8_ModellingDataset::record::2::cell::age_grp::00118","asd_run_001::002::S6_select_modelling_features","wasGeneratedBy","asd","eyJlbmRfbGFiZWwiOiAiU3RlcFJ1biIsICJzdGFydF9sYWJlbCI6ICJQcml2YWN5QW5ub3RhdGlvbiJ9"
"PA::prop::DataCellArtifact::D8_ModellingDataset::record::2::cell::age_grp::00118","S6_select_modelling_features_policy","usedPolicy","asd","eyJlbmRfbGFiZWwiOiAiT3BlcmF0aW9uUG9saWN5IiwgInN0YXJ0X2xhYmVsIjogIlByaXZhY3lBbm5vdGF0aW9uIn0="
"PA::prop::DataCellArtifact::D8_ModellingDataset::record::2::cell::age_grp::00118","quasi_identifier","hasCategory","asd","eyJlbmRfbGFiZWwiOiAiU2Vuc2l0aXZpdHlDYXRlZ29yeSIsICJleHBsaWNpdCI6IHRydWUsICJzdGFydF9sYWJlbCI6ICJQcml2YWN5QW5ub3RhdGlvbiJ9"
"PA::prop::DataCellArtifact::D8_ModellingDataset::record::2::cell::age_grp::00118","clinical_research","hasUsage","asd","eyJlbmRfbGFiZWwiOiAiVXNhZ2VDb25zdHJhaW50IiwgInN0YXJ0X2xhYmVsIjogIlByaXZhY3lBbm5vdGF0aW9uIn0="
"PA::prop::DataCellArtifact::D8_ModellingDataset::record::2::cell::age_grp::00118","delete_on_request","hasErasure","asd","eyJlbmRfbGFiZWwiOiAiRXJhc3VyZUNvbnN0cmFpbnQiLCAic3RhcnRfbGFiZWwiOiAiUHJpdmFjeUFubm90YXRpb24ifQ=="
"PA::prop::DataCellArtifact::D8_ModellingDataset::record::2::cell::age_grp::00118","retention_5y","hasErasure","asd","eyJlbmRfbGFiZWwiOiAiRXJhc3VyZUNvbnN0cmFpbnQiLCAic3RhcnRfbGFiZWwiOiAiUHJpdmFjeUFubm90YXRpb24ifQ=="
"PA::prop::DataCellArtifact::D8_ModellingDataset::record::2::cell::age_grp::00118","AU","allowsRole","asd","eyJlbmRfbGFiZWwiOiAiQWNjZXNzUm9sZSIsICJzdGFydF9sYWJlbCI6ICJQcml2YWN5QW5ub3RhdGlvbiJ9"
"PA::prop::DataCellArtifact::D8_ModellingDataset::record::2::cell::age_grp::00118","CL","allowsRole","asd","eyJlbmRfbGFiZWwiOiAiQWNjZXNzUm9sZSIsICJzdGFydF9sYWJlbCI6ICJQcml2YWN5QW5ub3RhdGlvbiJ9"
"PA::prop::DataCellArtifact::D8_ModellingDataset::record::2::cell::age_grp::00118","DPO","allowsRole","asd","eyJlbmRfbGFiZWwiOiAiQWNjZXNzUm9sZSIsICJzdGFydF9sYWJlbCI6ICJQcml2YWN5QW5ub3RhdGlvbiJ9"
"PA::prop::DataCellArtifact::D8_ModellingDataset::record::2::cell::age_grp::00118","DS","allowsRole","asd","eyJlbmRfbGFiZWwiOiAiQWNjZXNzUm9sZSIsICJzdGFydF9sYWJlbCI6ICJQcml2YWN5QW5ub3RhdGlvbiJ9"
"PA::prop::DataCellArtifact::D8_ModellingDataset::record::2::cell::sex::00119","D8_ModellingDataset::record::2::cell::sex","annotates","asd","eyJlbmRfbGFiZWwiOiAiRGF0YUNlbGxBcnRpZmFjdCIsICJzdGFydF9sYWJlbCI6ICJQcml2YWN5QW5ub3RhdGlvbiJ9"
"asd_run_001::002::S6_select_modelling_features","PA::prop::DataCellArtifact::D8_ModellingDataset::record::2::cell::sex::00119","generatedPrivacyAnnotation","asd","eyJlbmRfbGFiZWwiOiAiUHJpdmFjeUFubm90YXRpb24iLCAic3RhcnRfbGFiZWwiOiAiU3RlcFJ1biJ9"
"PA::prop::DataCellArtifact::D8_ModellingDataset::record::2::cell::sex::00119","asd_run_001::002::S6_select_modelling_features","wasGeneratedBy","asd","eyJlbmRfbGFiZWwiOiAiU3RlcFJ1biIsICJzdGFydF9sYWJlbCI6ICJQcml2YWN5QW5ub3RhdGlvbiJ9"
"PA::prop::DataCellArtifact::D8_ModellingDataset::record::2::cell::sex::00119","S6_select_modelling_features_policy","usedPolicy","asd","eyJlbmRfbGFiZWwiOiAiT3BlcmF0aW9uUG9saWN5IiwgInN0YXJ0X2xhYmVsIjogIlByaXZhY3lBbm5vdGF0aW9uIn0="
"PA::prop::DataCellArtifact::D8_ModellingDataset::record::2::cell::sex::00119","quasi_identifier","hasCategory","asd","eyJlbmRfbGFiZWwiOiAiU2Vuc2l0aXZpdHlDYXRlZ29yeSIsICJleHBsaWNpdCI6IHRydWUsICJzdGFydF9sYWJlbCI6ICJQcml2YWN5QW5ub3RhdGlvbiJ9"
"PA::prop::DataCellArtifact::D8_ModellingDataset::record::2::cell::sex::00119","clinical_research","hasUsage","asd","eyJlbmRfbGFiZWwiOiAiVXNhZ2VDb25zdHJhaW50IiwgInN0YXJ0X2xhYmVsIjogIlByaXZhY3lBbm5vdGF0aW9uIn0="
"PA::prop::DataCellArtifact::D8_ModellingDataset::record::2::cell::sex::00119","delete_on_request","hasErasure","asd","eyJlbmRfbGFiZWwiOiAiRXJhc3VyZUNvbnN0cmFpbnQiLCAic3RhcnRfbGFiZWwiOiAiUHJpdmFjeUFubm90YXRpb24ifQ=="
"PA::prop::DataCellArtifact::D8_ModellingDataset::record::2::cell::sex::00119","retention_5y","hasErasure","asd","eyJlbmRfbGFiZWwiOiAiRXJhc3VyZUNvbnN0cmFpbnQiLCAic3RhcnRfbGFiZWwiOiAiUHJpdmFjeUFubm90YXRpb24ifQ=="
"PA::prop::DataCellArtifact::D8_ModellingDataset::record::2::cell::sex::00119","AU","allowsRole","asd","eyJlbmRfbGFiZWwiOiAiQWNjZXNzUm9sZSIsICJzdGFydF9sYWJlbCI6ICJQcml2YWN5QW5ub3RhdGlvbiJ9"
"PA::prop::DataCellArtifact::D8_ModellingDataset::record::2::cell::sex::00119","CL","allowsRole","asd","eyJlbmRfbGFiZWwiOiAiQWNjZXNzUm9sZSIsICJzdGFydF9sYWJlbCI6ICJQcml2YWN5QW5ub3RhdGlvbiJ9"
"PA::prop::DataCellArtifact::D8_ModellingDataset::record::2::cell::sex::00119","DPO","allowsRole","asd","eyJlbmRfbGFiZWwiOiAiQWNjZXNzUm9sZSIsICJzdGFydF9sYWJlbCI6ICJQcml2YWN5QW5ub3RhdGlvbiJ9"
"PA::prop::DataCellArtifact::D8_ModellingDataset::record::2::cell::sex::00119","DS","allowsRole","asd","eyJlbmRfbGFiZWwiOiAiQWNjZXNzUm9sZSIsICJzdGFydF9sYWJlbCI6ICJQcml2YWN5QW5ub3RhdGlvbiJ9"
"PA::prop::DataCellArtifact::D8_ModellingDataset::record::3::cell::HR_norm::00120","D8_ModellingDataset::record::3::cell::HR_norm","annotates","asd","eyJlbmRfbGFiZWwiOiAiRGF0YUNlbGxBcnRpZmFjdCIsICJzdGFydF9sYWJlbCI6ICJQcml2YWN5QW5ub3RhdGlvbiJ9"
"asd_run_001::002::S6_select_modelling_features","PA::prop::DataCellArtifact::D8_ModellingDataset::record::3::cell::HR_norm::00120","generatedPrivacyAnnotation","asd","eyJlbmRfbGFiZWwiOiAiUHJpdmFjeUFubm90YXRpb24iLCAic3RhcnRfbGFiZWwiOiAiU3RlcFJ1biJ9"
"PA::prop::DataCellArtifact::D8_ModellingDataset::record::3::cell::HR_norm::00120","asd_run_001::002::S6_select_modelling_features","wasGeneratedBy","asd","eyJlbmRfbGFiZWwiOiAiU3RlcFJ1biIsICJzdGFydF9sYWJlbCI6ICJQcml2YWN5QW5ub3RhdGlvbiJ9"
"PA::prop::DataCellArtifact::D8_ModellingDataset::record::3::cell::HR_norm::00120","S6_select_modelling_features_policy","usedPolicy","asd","eyJlbmRfbGFiZWwiOiAiT3BlcmF0aW9uUG9saWN5IiwgInN0YXJ0X2xhYmVsIjogIlByaXZhY3lBbm5vdGF0aW9uIn0="
"PA::prop::DataCellArtifact::D8_ModellingDataset::record::3::cell::HR_norm::00120","biometric","hasCategory","asd","eyJlbmRfbGFiZWwiOiAiU2Vuc2l0aXZpdHlDYXRlZ29yeSIsICJleHBsaWNpdCI6IHRydWUsICJzdGFydF9sYWJlbCI6ICJQcml2YWN5QW5ub3RhdGlvbiJ9"
"PA::prop::DataCellArtifact::D8_ModellingDataset::record::3::cell::HR_norm::00120","health","hasCategory","asd","eyJlbmRfbGFiZWwiOiAiU2Vuc2l0aXZpdHlDYXRlZ29yeSIsICJleHBsaWNpdCI6IHRydWUsICJzdGFydF9sYWJlbCI6ICJQcml2YWN5QW5ub3RhdGlvbiJ9"
"PA::prop::DataCellArtifact::D8_ModellingDataset::record::3::cell::HR_norm::00120","sensitive_personal_data","hasCategory","asd","eyJlbmRfbGFiZWwiOiAiU2Vuc2l0aXZpdHlDYXRlZ29yeSIsICJleHBsaWNpdCI6IGZhbHNlLCAic3RhcnRfbGFiZWwiOiAiUHJpdmFjeUFubm90YXRpb24ifQ=="
"PA::prop::DataCellArtifact::D8_ModellingDataset::record::3::cell::HR_norm::00120","clinical_research","hasUsage","asd","eyJlbmRfbGFiZWwiOiAiVXNhZ2VDb25zdHJhaW50IiwgInN0YXJ0X2xhYmVsIjogIlByaXZhY3lBbm5vdGF0aW9uIn0="
"PA::prop::DataCellArtifact::D8_ModellingDataset::record::3::cell::HR_norm::00120","delete_on_request","hasErasure","asd","eyJlbmRfbGFiZWwiOiAiRXJhc3VyZUNvbnN0cmFpbnQiLCAic3RhcnRfbGFiZWwiOiAiUHJpdmFjeUFubm90YXRpb24ifQ=="
"PA::prop::DataCellArtifact::D8_ModellingDataset::record::3::cell::HR_norm::00120","retention_5y","hasErasure","asd","eyJlbmRfbGFiZWwiOiAiRXJhc3VyZUNvbnN0cmFpbnQiLCAic3RhcnRfbGFiZWwiOiAiUHJpdmFjeUFubm90YXRpb24ifQ=="
"PA::prop::DataCellArtifact::D8_ModellingDataset::record::3::cell::HR_norm::00120","AU","allowsRole","asd","eyJlbmRfbGFiZWwiOiAiQWNjZXNzUm9sZSIsICJzdGFydF9sYWJlbCI6ICJQcml2YWN5QW5ub3RhdGlvbiJ9"
"PA::prop::DataCellArtifact::D8_ModellingDataset::record::3::cell::HR_norm::00120","CL","allowsRole","asd","eyJlbmRfbGFiZWwiOiAiQWNjZXNzUm9sZSIsICJzdGFydF9sYWJlbCI6ICJQcml2YWN5QW5ub3RhdGlvbiJ9"
"PA::prop::DataCellArtifact::D8_ModellingDataset::record::3::cell::HR_norm::00120","DPO","allowsRole","asd","eyJlbmRfbGFiZWwiOiAiQWNjZXNzUm9sZSIsICJzdGFydF9sYWJlbCI6ICJQcml2YWN5QW5ub3RhdGlvbiJ9"
"PA::prop::DataCellArtifact::D8_ModellingDataset::record::3::cell::HR_norm::00120","DS","allowsRole","asd","eyJlbmRfbGFiZWwiOiAiQWNjZXNzUm9sZSIsICJzdGFydF9sYWJlbCI6ICJQcml2YWN5QW5ub3RhdGlvbiJ9"
"PA::prop::DataCellArtifact::D8_ModellingDataset::record::3::cell::EDA_norm::00121","D8_ModellingDataset::record::3::cell::EDA_norm","annotates","asd","eyJlbmRfbGFiZWwiOiAiRGF0YUNlbGxBcnRpZmFjdCIsICJzdGFydF9sYWJlbCI6ICJQcml2YWN5QW5ub3RhdGlvbiJ9"
"asd_run_001::002::S6_select_modelling_features","PA::prop::DataCellArtifact::D8_ModellingDataset::record::3::cell::EDA_norm::00121","generatedPrivacyAnnotation","asd","eyJlbmRfbGFiZWwiOiAiUHJpdmFjeUFubm90YXRpb24iLCAic3RhcnRfbGFiZWwiOiAiU3RlcFJ1biJ9"
"PA::prop::DataCellArtifact::D8_ModellingDataset::record::3::cell::EDA_norm::00121","asd_run_001::002::S6_select_modelling_features","wasGeneratedBy","asd","eyJlbmRfbGFiZWwiOiAiU3RlcFJ1biIsICJzdGFydF9sYWJlbCI6ICJQcml2YWN5QW5ub3RhdGlvbiJ9"
"PA::prop::DataCellArtifact::D8_ModellingDataset::record::3::cell::EDA_norm::00121","S6_select_modelling_features_policy","usedPolicy","asd","eyJlbmRfbGFiZWwiOiAiT3BlcmF0aW9uUG9saWN5IiwgInN0YXJ0X2xhYmVsIjogIlByaXZhY3lBbm5vdGF0aW9uIn0="
"PA::prop::DataCellArtifact::D8_ModellingDataset::record::3::cell::EDA_norm::00121","biometric","hasCategory","asd","eyJlbmRfbGFiZWwiOiAiU2Vuc2l0aXZpdHlDYXRlZ29yeSIsICJleHBsaWNpdCI6IHRydWUsICJzdGFydF9sYWJlbCI6ICJQcml2YWN5QW5ub3RhdGlvbiJ9"
"PA::prop::DataCellArtifact::D8_ModellingDataset::record::3::cell::EDA_norm::00121","health","hasCategory","asd","eyJlbmRfbGFiZWwiOiAiU2Vuc2l0aXZpdHlDYXRlZ29yeSIsICJleHBsaWNpdCI6IHRydWUsICJzdGFydF9sYWJlbCI6ICJQcml2YWN5QW5ub3RhdGlvbiJ9"
"PA::prop::DataCellArtifact::D8_ModellingDataset::record::3::cell::EDA_norm::00121","sensitive_personal_data","hasCategory","asd","eyJlbmRfbGFiZWwiOiAiU2Vuc2l0aXZpdHlDYXRlZ29yeSIsICJleHBsaWNpdCI6IGZhbHNlLCAic3RhcnRfbGFiZWwiOiAiUHJpdmFjeUFubm90YXRpb24ifQ=="
"PA::prop::DataCellArtifact::D8_ModellingDataset::record::3::cell::EDA_norm::00121","clinical_research","hasUsage","asd","eyJlbmRfbGFiZWwiOiAiVXNhZ2VDb25zdHJhaW50IiwgInN0YXJ0X2xhYmVsIjogIlByaXZhY3lBbm5vdGF0aW9uIn0="
"PA::prop::DataCellArtifact::D8_ModellingDataset::record::3::cell::EDA_norm::00121","delete_on_request","hasErasure","asd","eyJlbmRfbGFiZWwiOiAiRXJhc3VyZUNvbnN0cmFpbnQiLCAic3RhcnRfbGFiZWwiOiAiUHJpdmFjeUFubm90YXRpb24ifQ=="
"PA::prop::DataCellArtifact::D8_ModellingDataset::record::3::cell::EDA_norm::00121","retention_5y","hasErasure","asd","eyJlbmRfbGFiZWwiOiAiRXJhc3VyZUNvbnN0cmFpbnQiLCAic3RhcnRfbGFiZWwiOiAiUHJpdmFjeUFubm90YXRpb24ifQ=="
"PA::prop::DataCellArtifact::D8_ModellingDataset::record::3::cell::EDA_norm::00121","AU","allowsRole","asd","eyJlbmRfbGFiZWwiOiAiQWNjZXNzUm9sZSIsICJzdGFydF9sYWJlbCI6ICJQcml2YWN5QW5ub3RhdGlvbiJ9"
"PA::prop::DataCellArtifact::D8_ModellingDataset::record::3::cell::EDA_norm::00121","CL","allowsRole","asd","eyJlbmRfbGFiZWwiOiAiQWNjZXNzUm9sZSIsICJzdGFydF9sYWJlbCI6ICJQcml2YWN5QW5ub3RhdGlvbiJ9"
"PA::prop::DataCellArtifact::D8_ModellingDataset::record::3::cell::EDA_norm::00121","DPO","allowsRole","asd","eyJlbmRfbGFiZWwiOiAiQWNjZXNzUm9sZSIsICJzdGFydF9sYWJlbCI6ICJQcml2YWN5QW5ub3RhdGlvbiJ9"
"PA::prop::DataCellArtifact::D8_ModellingDataset::record::3::cell::EDA_norm::00121","DS","allowsRole","asd","eyJlbmRfbGFiZWwiOiAiQWNjZXNzUm9sZSIsICJzdGFydF9sYWJlbCI6ICJQcml2YWN5QW5ub3RhdGlvbiJ9"
"PA::prop::DataCellArtifact::D8_ModellingDataset::record::3::cell::ACC_norm::00122","D8_ModellingDataset::record::3::cell::ACC_norm","annotates","asd","eyJlbmRfbGFiZWwiOiAiRGF0YUNlbGxBcnRpZmFjdCIsICJzdGFydF9sYWJlbCI6ICJQcml2YWN5QW5ub3RhdGlvbiJ9"
"asd_run_001::002::S6_select_modelling_features","PA::prop::DataCellArtifact::D8_ModellingDataset::record::3::cell::ACC_norm::00122","generatedPrivacyAnnotation","asd","eyJlbmRfbGFiZWwiOiAiUHJpdmFjeUFubm90YXRpb24iLCAic3RhcnRfbGFiZWwiOiAiU3RlcFJ1biJ9"
"PA::prop::DataCellArtifact::D8_ModellingDataset::record::3::cell::ACC_norm::00122","asd_run_001::002::S6_select_modelling_features","wasGeneratedBy","asd","eyJlbmRfbGFiZWwiOiAiU3RlcFJ1biIsICJzdGFydF9sYWJlbCI6ICJQcml2YWN5QW5ub3RhdGlvbiJ9"
"PA::prop::DataCellArtifact::D8_ModellingDataset::record::3::cell::ACC_norm::00122","S6_select_modelling_features_policy","usedPolicy","asd","eyJlbmRfbGFiZWwiOiAiT3BlcmF0aW9uUG9saWN5IiwgInN0YXJ0X2xhYmVsIjogIlByaXZhY3lBbm5vdGF0aW9uIn0="
"PA::prop::DataCellArtifact::D8_ModellingDataset::record::3::cell::ACC_norm::00122","behavioural_sensor_data","hasCategory","asd","eyJlbmRfbGFiZWwiOiAiU2Vuc2l0aXZpdHlDYXRlZ29yeSIsICJleHBsaWNpdCI6IHRydWUsICJzdGFydF9sYWJlbCI6ICJQcml2YWN5QW5ub3RhdGlvbiJ9"
"PA::prop::DataCellArtifact::D8_ModellingDataset::record::3::cell::ACC_norm::00122","clinical_research","hasUsage","asd","eyJlbmRfbGFiZWwiOiAiVXNhZ2VDb25zdHJhaW50IiwgInN0YXJ0X2xhYmVsIjogIlByaXZhY3lBbm5vdGF0aW9uIn0="
"PA::prop::DataCellArtifact::D8_ModellingDataset::record::3::cell::ACC_norm::00122","delete_on_request","hasErasure","asd","eyJlbmRfbGFiZWwiOiAiRXJhc3VyZUNvbnN0cmFpbnQiLCAic3RhcnRfbGFiZWwiOiAiUHJpdmFjeUFubm90YXRpb24ifQ=="
"PA::prop::DataCellArtifact::D8_ModellingDataset::record::3::cell::ACC_norm::00122","retention_5y","hasErasure","asd","eyJlbmRfbGFiZWwiOiAiRXJhc3VyZUNvbnN0cmFpbnQiLCAic3RhcnRfbGFiZWwiOiAiUHJpdmFjeUFubm90YXRpb24ifQ=="
"PA::prop::DataCellArtifact::D8_ModellingDataset::record::3::cell::ACC_norm::00122","AU","allowsRole","asd","eyJlbmRfbGFiZWwiOiAiQWNjZXNzUm9sZSIsICJzdGFydF9sYWJlbCI6ICJQcml2YWN5QW5ub3RhdGlvbiJ9"
"PA::prop::DataCellArtifact::D8_ModellingDataset::record::3::cell::ACC_norm::00122","CL","allowsRole","asd","eyJlbmRfbGFiZWwiOiAiQWNjZXNzUm9sZSIsICJzdGFydF9sYWJlbCI6ICJQcml2YWN5QW5ub3RhdGlvbiJ9"
"PA::prop::DataCellArtifact::D8_ModellingDataset::record::3::cell::ACC_norm::00122","DPO","allowsRole","asd","eyJlbmRfbGFiZWwiOiAiQWNjZXNzUm9sZSIsICJzdGFydF9sYWJlbCI6ICJQcml2YWN5QW5ub3RhdGlvbiJ9"
"PA::prop::DataCellArtifact::D8_ModellingDataset::record::3::cell::ACC_norm::00122","DS","allowsRole","asd","eyJlbmRfbGFiZWwiOiAiQWNjZXNzUm9sZSIsICJzdGFydF9sYWJlbCI6ICJQcml2YWN5QW5ub3RhdGlvbiJ9"
"PA::prop::DataCellArtifact::D8_ModellingDataset::record::3::cell::chall_behav::00123","D8_ModellingDataset::record::3::cell::chall_behav","annotates","asd","eyJlbmRfbGFiZWwiOiAiRGF0YUNlbGxBcnRpZmFjdCIsICJzdGFydF9sYWJlbCI6ICJQcml2YWN5QW5ub3RhdGlvbiJ9"
"asd_run_001::002::S6_select_modelling_features","PA::prop::DataCellArtifact::D8_ModellingDataset::record::3::cell::chall_behav::00123","generatedPrivacyAnnotation","asd","eyJlbmRfbGFiZWwiOiAiUHJpdmFjeUFubm90YXRpb24iLCAic3RhcnRfbGFiZWwiOiAiU3RlcFJ1biJ9"
"PA::prop::DataCellArtifact::D8_ModellingDataset::record::3::cell::chall_behav::00123","asd_run_001::002::S6_select_modelling_features","wasGeneratedBy","asd","eyJlbmRfbGFiZWwiOiAiU3RlcFJ1biIsICJzdGFydF9sYWJlbCI6ICJQcml2YWN5QW5ub3RhdGlvbiJ9"
"PA::prop::DataCellArtifact::D8_ModellingDataset::record::3::cell::chall_behav::00123","S6_select_modelling_features_policy","usedPolicy","asd","eyJlbmRfbGFiZWwiOiAiT3BlcmF0aW9uUG9saWN5IiwgInN0YXJ0X2xhYmVsIjogIlByaXZhY3lBbm5vdGF0aW9uIn0="
"PA::prop::DataCellArtifact::D8_ModellingDataset::record::3::cell::chall_behav::00123","health","hasCategory","asd","eyJlbmRfbGFiZWwiOiAiU2Vuc2l0aXZpdHlDYXRlZ29yeSIsICJleHBsaWNpdCI6IHRydWUsICJzdGFydF9sYWJlbCI6ICJQcml2YWN5QW5ub3RhdGlvbiJ9"
"PA::prop::DataCellArtifact::D8_ModellingDataset::record::3::cell::chall_behav::00123","behavioural_sensitive","hasCategory","asd","eyJlbmRfbGFiZWwiOiAiU2Vuc2l0aXZpdHlDYXRlZ29yeSIsICJleHBsaWNpdCI6IHRydWUsICJzdGFydF9sYWJlbCI6ICJQcml2YWN5QW5ub3RhdGlvbiJ9"
"PA::prop::DataCellArtifact::D8_ModellingDataset::record::3::cell::chall_behav::00123","sensitive_personal_data","hasCategory","asd","eyJlbmRfbGFiZWwiOiAiU2Vuc2l0aXZpdHlDYXRlZ29yeSIsICJleHBsaWNpdCI6IGZhbHNlLCAic3RhcnRfbGFiZWwiOiAiUHJpdmFjeUFubm90YXRpb24ifQ=="
"PA::prop::DataCellArtifact::D8_ModellingDataset::record::3::cell::chall_behav::00123","clinical_research","hasUsage","asd","eyJlbmRfbGFiZWwiOiAiVXNhZ2VDb25zdHJhaW50IiwgInN0YXJ0X2xhYmVsIjogIlByaXZhY3lBbm5vdGF0aW9uIn0="
"PA::prop::DataCellArtifact::D8_ModellingDataset::record::3::cell::chall_behav::00123","delete_on_request","hasErasure","asd","eyJlbmRfbGFiZWwiOiAiRXJhc3VyZUNvbnN0cmFpbnQiLCAic3RhcnRfbGFiZWwiOiAiUHJpdmFjeUFubm90YXRpb24ifQ=="
"PA::prop::DataCellArtifact::D8_ModellingDataset::record::3::cell::chall_behav::00123","retention_5y","hasErasure","asd","eyJlbmRfbGFiZWwiOiAiRXJhc3VyZUNvbnN0cmFpbnQiLCAic3RhcnRfbGFiZWwiOiAiUHJpdmFjeUFubm90YXRpb24ifQ=="
"PA::prop::DataCellArtifact::D8_ModellingDataset::record::3::cell::chall_behav::00123","AU","allowsRole","asd","eyJlbmRfbGFiZWwiOiAiQWNjZXNzUm9sZSIsICJzdGFydF9sYWJlbCI6ICJQcml2YWN5QW5ub3RhdGlvbiJ9"
"PA::prop::DataCellArtifact::D8_ModellingDataset::record::3::cell::chall_behav::00123","CL","allowsRole","asd","eyJlbmRfbGFiZWwiOiAiQWNjZXNzUm9sZSIsICJzdGFydF9sYWJlbCI6ICJQcml2YWN5QW5ub3RhdGlvbiJ9"
"PA::prop::DataCellArtifact::D8_ModellingDataset::record::3::cell::chall_behav::00123","DPO","allowsRole","asd","eyJlbmRfbGFiZWwiOiAiQWNjZXNzUm9sZSIsICJzdGFydF9sYWJlbCI6ICJQcml2YWN5QW5ub3RhdGlvbiJ9"
"PA::prop::DataCellArtifact::D8_ModellingDataset::record::3::cell::chall_behav::00123","DS","allowsRole","asd","eyJlbmRfbGFiZWwiOiAiQWNjZXNzUm9sZSIsICJzdGFydF9sYWJlbCI6ICJQcml2YWN5QW5ub3RhdGlvbiJ9"
"PA::prop::DataCellArtifact::D8_ModellingDataset::record::3::cell::sev::00124","D8_ModellingDataset::record::3::cell::sev","annotates","asd","eyJlbmRfbGFiZWwiOiAiRGF0YUNlbGxBcnRpZmFjdCIsICJzdGFydF9sYWJlbCI6ICJQcml2YWN5QW5ub3RhdGlvbiJ9"
"asd_run_001::002::S6_select_modelling_features","PA::prop::DataCellArtifact::D8_ModellingDataset::record::3::cell::sev::00124","generatedPrivacyAnnotation","asd","eyJlbmRfbGFiZWwiOiAiUHJpdmFjeUFubm90YXRpb24iLCAic3RhcnRfbGFiZWwiOiAiU3RlcFJ1biJ9"
"PA::prop::DataCellArtifact::D8_ModellingDataset::record::3::cell::sev::00124","asd_run_001::002::S6_select_modelling_features","wasGeneratedBy","asd","eyJlbmRfbGFiZWwiOiAiU3RlcFJ1biIsICJzdGFydF9sYWJlbCI6ICJQcml2YWN5QW5ub3RhdGlvbiJ9"
"PA::prop::DataCellArtifact::D8_ModellingDataset::record::3::cell::sev::00124","S6_select_modelling_features_policy","usedPolicy","asd","eyJlbmRfbGFiZWwiOiAiT3BlcmF0aW9uUG9saWN5IiwgInN0YXJ0X2xhYmVsIjogIlByaXZhY3lBbm5vdGF0aW9uIn0="
"PA::prop::DataCellArtifact::D8_ModellingDataset::record::3::cell::sev::00124","health","hasCategory","asd","eyJlbmRfbGFiZWwiOiAiU2Vuc2l0aXZpdHlDYXRlZ29yeSIsICJleHBsaWNpdCI6IHRydWUsICJzdGFydF9sYWJlbCI6ICJQcml2YWN5QW5ub3RhdGlvbiJ9"
"PA::prop::DataCellArtifact::D8_ModellingDataset::record::3::cell::sev::00124","behavioural_sensitive","hasCategory","asd","eyJlbmRfbGFiZWwiOiAiU2Vuc2l0aXZpdHlDYXRlZ29yeSIsICJleHBsaWNpdCI6IHRydWUsICJzdGFydF9sYWJlbCI6ICJQcml2YWN5QW5ub3RhdGlvbiJ9"
"PA::prop::DataCellArtifact::D8_ModellingDataset::record::3::cell::sev::00124","sensitive_personal_data","hasCategory","asd","eyJlbmRfbGFiZWwiOiAiU2Vuc2l0aXZpdHlDYXRlZ29yeSIsICJleHBsaWNpdCI6IGZhbHNlLCAic3RhcnRfbGFiZWwiOiAiUHJpdmFjeUFubm90YXRpb24ifQ=="
"PA::prop::DataCellArtifact::D8_ModellingDataset::record::3::cell::sev::00124","clinical_research","hasUsage","asd","eyJlbmRfbGFiZWwiOiAiVXNhZ2VDb25zdHJhaW50IiwgInN0YXJ0X2xhYmVsIjogIlByaXZhY3lBbm5vdGF0aW9uIn0="
"PA::prop::DataCellArtifact::D8_ModellingDataset::record::3::cell::sev::00124","delete_on_request","hasErasure","asd","eyJlbmRfbGFiZWwiOiAiRXJhc3VyZUNvbnN0cmFpbnQiLCAic3RhcnRfbGFiZWwiOiAiUHJpdmFjeUFubm90YXRpb24ifQ=="
"PA::prop::DataCellArtifact::D8_ModellingDataset::record::3::cell::sev::00124","retention_5y","hasErasure","asd","eyJlbmRfbGFiZWwiOiAiRXJhc3VyZUNvbnN0cmFpbnQiLCAic3RhcnRfbGFiZWwiOiAiUHJpdmFjeUFubm90YXRpb24ifQ=="
"PA::prop::DataCellArtifact::D8_ModellingDataset::record::3::cell::sev::00124","AU","allowsRole","asd","eyJlbmRfbGFiZWwiOiAiQWNjZXNzUm9sZSIsICJzdGFydF9sYWJlbCI6ICJQcml2YWN5QW5ub3RhdGlvbiJ9"
"PA::prop::DataCellArtifact::D8_ModellingDataset::record::3::cell::sev::00124","CL","allowsRole","asd","eyJlbmRfbGFiZWwiOiAiQWNjZXNzUm9sZSIsICJzdGFydF9sYWJlbCI6ICJQcml2YWN5QW5ub3RhdGlvbiJ9"
"PA::prop::DataCellArtifact::D8_ModellingDataset::record::3::cell::sev::00124","DPO","allowsRole","asd","eyJlbmRfbGFiZWwiOiAiQWNjZXNzUm9sZSIsICJzdGFydF9sYWJlbCI6ICJQcml2YWN5QW5ub3RhdGlvbiJ9"
"PA::prop::DataCellArtifact::D8_ModellingDataset::record::3::cell::sev::00124","DS","allowsRole","asd","eyJlbmRfbGFiZWwiOiAiQWNjZXNzUm9sZSIsICJzdGFydF9sYWJlbCI6ICJQcml2YWN5QW5ub3RhdGlvbiJ9"
"PA::prop::DataCellArtifact::D8_ModellingDataset::record::3::cell::age_grp::00125","D8_ModellingDataset::record::3::cell::age_grp","annotates","asd","eyJlbmRfbGFiZWwiOiAiRGF0YUNlbGxBcnRpZmFjdCIsICJzdGFydF9sYWJlbCI6ICJQcml2YWN5QW5ub3RhdGlvbiJ9"
"asd_run_001::002::S6_select_modelling_features","PA::prop::DataCellArtifact::D8_ModellingDataset::record::3::cell::age_grp::00125","generatedPrivacyAnnotation","asd","eyJlbmRfbGFiZWwiOiAiUHJpdmFjeUFubm90YXRpb24iLCAic3RhcnRfbGFiZWwiOiAiU3RlcFJ1biJ9"
"PA::prop::DataCellArtifact::D8_ModellingDataset::record::3::cell::age_grp::00125","asd_run_001::002::S6_select_modelling_features","wasGeneratedBy","asd","eyJlbmRfbGFiZWwiOiAiU3RlcFJ1biIsICJzdGFydF9sYWJlbCI6ICJQcml2YWN5QW5ub3RhdGlvbiJ9"
"PA::prop::DataCellArtifact::D8_ModellingDataset::record::3::cell::age_grp::00125","S6_select_modelling_features_policy","usedPolicy","asd","eyJlbmRfbGFiZWwiOiAiT3BlcmF0aW9uUG9saWN5IiwgInN0YXJ0X2xhYmVsIjogIlByaXZhY3lBbm5vdGF0aW9uIn0="
"PA::prop::DataCellArtifact::D8_ModellingDataset::record::3::cell::age_grp::00125","quasi_identifier","hasCategory","asd","eyJlbmRfbGFiZWwiOiAiU2Vuc2l0aXZpdHlDYXRlZ29yeSIsICJleHBsaWNpdCI6IHRydWUsICJzdGFydF9sYWJlbCI6ICJQcml2YWN5QW5ub3RhdGlvbiJ9"
"PA::prop::DataCellArtifact::D8_ModellingDataset::record::3::cell::age_grp::00125","clinical_research","hasUsage","asd","eyJlbmRfbGFiZWwiOiAiVXNhZ2VDb25zdHJhaW50IiwgInN0YXJ0X2xhYmVsIjogIlByaXZhY3lBbm5vdGF0aW9uIn0="
"PA::prop::DataCellArtifact::D8_ModellingDataset::record::3::cell::age_grp::00125","delete_on_request","hasErasure","asd","eyJlbmRfbGFiZWwiOiAiRXJhc3VyZUNvbnN0cmFpbnQiLCAic3RhcnRfbGFiZWwiOiAiUHJpdmFjeUFubm90YXRpb24ifQ=="
"PA::prop::DataCellArtifact::D8_ModellingDataset::record::3::cell::age_grp::00125","retention_5y","hasErasure","asd","eyJlbmRfbGFiZWwiOiAiRXJhc3VyZUNvbnN0cmFpbnQiLCAic3RhcnRfbGFiZWwiOiAiUHJpdmFjeUFubm90YXRpb24ifQ=="
"PA::prop::DataCellArtifact::D8_ModellingDataset::record::3::cell::age_grp::00125","AU","allowsRole","asd","eyJlbmRfbGFiZWwiOiAiQWNjZXNzUm9sZSIsICJzdGFydF9sYWJlbCI6ICJQcml2YWN5QW5ub3RhdGlvbiJ9"
"PA::prop::DataCellArtifact::D8_ModellingDataset::record::3::cell::age_grp::00125","CL","allowsRole","asd","eyJlbmRfbGFiZWwiOiAiQWNjZXNzUm9sZSIsICJzdGFydF9sYWJlbCI6ICJQcml2YWN5QW5ub3RhdGlvbiJ9"
"PA::prop::DataCellArtifact::D8_ModellingDataset::record::3::cell::age_grp::00125","DPO","allowsRole","asd","eyJlbmRfbGFiZWwiOiAiQWNjZXNzUm9sZSIsICJzdGFydF9sYWJlbCI6ICJQcml2YWN5QW5ub3RhdGlvbiJ9"
"PA::prop::DataCellArtifact::D8_ModellingDataset::record::3::cell::age_grp::00125","DS","allowsRole","asd","eyJlbmRfbGFiZWwiOiAiQWNjZXNzUm9sZSIsICJzdGFydF9sYWJlbCI6ICJQcml2YWN5QW5ub3RhdGlvbiJ9"
"PA::prop::DataCellArtifact::D8_ModellingDataset::record::3::cell::sex::00126","D8_ModellingDataset::record::3::cell::sex","annotates","asd","eyJlbmRfbGFiZWwiOiAiRGF0YUNlbGxBcnRpZmFjdCIsICJzdGFydF9sYWJlbCI6ICJQcml2YWN5QW5ub3RhdGlvbiJ9"
"asd_run_001::002::S6_select_modelling_features","PA::prop::DataCellArtifact::D8_ModellingDataset::record::3::cell::sex::00126","generatedPrivacyAnnotation","asd","eyJlbmRfbGFiZWwiOiAiUHJpdmFjeUFubm90YXRpb24iLCAic3RhcnRfbGFiZWwiOiAiU3RlcFJ1biJ9"
"PA::prop::DataCellArtifact::D8_ModellingDataset::record::3::cell::sex::00126","asd_run_001::002::S6_select_modelling_features","wasGeneratedBy","asd","eyJlbmRfbGFiZWwiOiAiU3RlcFJ1biIsICJzdGFydF9sYWJlbCI6ICJQcml2YWN5QW5ub3RhdGlvbiJ9"
"PA::prop::DataCellArtifact::D8_ModellingDataset::record::3::cell::sex::00126","S6_select_modelling_features_policy","usedPolicy","asd","eyJlbmRfbGFiZWwiOiAiT3BlcmF0aW9uUG9saWN5IiwgInN0YXJ0X2xhYmVsIjogIlByaXZhY3lBbm5vdGF0aW9uIn0="
"PA::prop::DataCellArtifact::D8_ModellingDataset::record::3::cell::sex::00126","quasi_identifier","hasCategory","asd","eyJlbmRfbGFiZWwiOiAiU2Vuc2l0aXZpdHlDYXRlZ29yeSIsICJleHBsaWNpdCI6IHRydWUsICJzdGFydF9sYWJlbCI6ICJQcml2YWN5QW5ub3RhdGlvbiJ9"
"PA::prop::DataCellArtifact::D8_ModellingDataset::record::3::cell::sex::00126","clinical_research","hasUsage","asd","eyJlbmRfbGFiZWwiOiAiVXNhZ2VDb25zdHJhaW50IiwgInN0YXJ0X2xhYmVsIjogIlByaXZhY3lBbm5vdGF0aW9uIn0="
"PA::prop::DataCellArtifact::D8_ModellingDataset::record::3::cell::sex::00126","delete_on_request","hasErasure","asd","eyJlbmRfbGFiZWwiOiAiRXJhc3VyZUNvbnN0cmFpbnQiLCAic3RhcnRfbGFiZWwiOiAiUHJpdmFjeUFubm90YXRpb24ifQ=="
"PA::prop::DataCellArtifact::D8_ModellingDataset::record::3::cell::sex::00126","retention_5y","hasErasure","asd","eyJlbmRfbGFiZWwiOiAiRXJhc3VyZUNvbnN0cmFpbnQiLCAic3RhcnRfbGFiZWwiOiAiUHJpdmFjeUFubm90YXRpb24ifQ=="
"PA::prop::DataCellArtifact::D8_ModellingDataset::record::3::cell::sex::00126","AU","allowsRole","asd","eyJlbmRfbGFiZWwiOiAiQWNjZXNzUm9sZSIsICJzdGFydF9sYWJlbCI6ICJQcml2YWN5QW5ub3RhdGlvbiJ9"
"PA::prop::DataCellArtifact::D8_ModellingDataset::record::3::cell::sex::00126","CL","allowsRole","asd","eyJlbmRfbGFiZWwiOiAiQWNjZXNzUm9sZSIsICJzdGFydF9sYWJlbCI6ICJQcml2YWN5QW5ub3RhdGlvbiJ9"
"PA::prop::DataCellArtifact::D8_ModellingDataset::record::3::cell::sex::00126","DPO","allowsRole","asd","eyJlbmRfbGFiZWwiOiAiQWNjZXNzUm9sZSIsICJzdGFydF9sYWJlbCI6ICJQcml2YWN5QW5ub3RhdGlvbiJ9"
"PA::prop::DataCellArtifact::D8_ModellingDataset::record::3::cell::sex::00126","DS","allowsRole","asd","eyJlbmRfbGFiZWwiOiAiQWNjZXNzUm9sZSIsICJzdGFydF9sYWJlbCI6ICJQcml2YWN5QW5ub3RhdGlvbiJ9"
"PA::prop::DataRecordArtifact::D8_ModellingDataset::record::0::00127","D8_ModellingDataset::record::0","annotates","asd","eyJlbmRfbGFiZWwiOiAiRGF0YVJlY29yZEFydGlmYWN0IiwgInN0YXJ0X2xhYmVsIjogIlByaXZhY3lBbm5vdGF0aW9uIn0="
"asd_run_001::002::S6_select_modelling_features","PA::prop::DataRecordArtifact::D8_ModellingDataset::record::0::00127","generatedPrivacyAnnotation","asd","eyJlbmRfbGFiZWwiOiAiUHJpdmFjeUFubm90YXRpb24iLCAic3RhcnRfbGFiZWwiOiAiU3RlcFJ1biJ9"
"PA::prop::DataRecordArtifact::D8_ModellingDataset::record::0::00127","asd_run_001::002::S6_select_modelling_features","wasGeneratedBy","asd","eyJlbmRfbGFiZWwiOiAiU3RlcFJ1biIsICJzdGFydF9sYWJlbCI6ICJQcml2YWN5QW5ub3RhdGlvbiJ9"
"PA::prop::DataRecordArtifact::D8_ModellingDataset::record::0::00127","S6_select_modelling_features_policy","usedPolicy","asd","eyJlbmRfbGFiZWwiOiAiT3BlcmF0aW9uUG9saWN5IiwgInN0YXJ0X2xhYmVsIjogIlByaXZhY3lBbm5vdGF0aW9uIn0="
"PA::prop::DataRecordArtifact::D8_ModellingDataset::record::0::00127","biometric","hasCategory","asd","eyJlbmRfbGFiZWwiOiAiU2Vuc2l0aXZpdHlDYXRlZ29yeSIsICJleHBsaWNpdCI6IHRydWUsICJzdGFydF9sYWJlbCI6ICJQcml2YWN5QW5ub3RhdGlvbiJ9"
"PA::prop::DataRecordArtifact::D8_ModellingDataset::record::0::00127","health","hasCategory","asd","eyJlbmRfbGFiZWwiOiAiU2Vuc2l0aXZpdHlDYXRlZ29yeSIsICJleHBsaWNpdCI6IHRydWUsICJzdGFydF9sYWJlbCI6ICJQcml2YWN5QW5ub3RhdGlvbiJ9"
"PA::prop::DataRecordArtifact::D8_ModellingDataset::record::0::00127","behavioural_sensor_data","hasCategory","asd","eyJlbmRfbGFiZWwiOiAiU2Vuc2l0aXZpdHlDYXRlZ29yeSIsICJleHBsaWNpdCI6IHRydWUsICJzdGFydF9sYWJlbCI6ICJQcml2YWN5QW5ub3RhdGlvbiJ9"
"PA::prop::DataRecordArtifact::D8_ModellingDataset::record::0::00127","behavioural_sensitive","hasCategory","asd","eyJlbmRfbGFiZWwiOiAiU2Vuc2l0aXZpdHlDYXRlZ29yeSIsICJleHBsaWNpdCI6IHRydWUsICJzdGFydF9sYWJlbCI6ICJQcml2YWN5QW5ub3RhdGlvbiJ9"
"PA::prop::DataRecordArtifact::D8_ModellingDataset::record::0::00127","quasi_identifier","hasCategory","asd","eyJlbmRfbGFiZWwiOiAiU2Vuc2l0aXZpdHlDYXRlZ29yeSIsICJleHBsaWNpdCI6IHRydWUsICJzdGFydF9sYWJlbCI6ICJQcml2YWN5QW5ub3RhdGlvbiJ9"
"PA::prop::DataRecordArtifact::D8_ModellingDataset::record::0::00127","sensitive_personal_data","hasCategory","asd","eyJlbmRfbGFiZWwiOiAiU2Vuc2l0aXZpdHlDYXRlZ29yeSIsICJleHBsaWNpdCI6IGZhbHNlLCAic3RhcnRfbGFiZWwiOiAiUHJpdmFjeUFubm90YXRpb24ifQ=="
"PA::prop::DataRecordArtifact::D8_ModellingDataset::record::0::00127","clinical_research","hasUsage","asd","eyJlbmRfbGFiZWwiOiAiVXNhZ2VDb25zdHJhaW50IiwgInN0YXJ0X2xhYmVsIjogIlByaXZhY3lBbm5vdGF0aW9uIn0="
"PA::prop::DataRecordArtifact::D8_ModellingDataset::record::0::00127","delete_on_request","hasErasure","asd","eyJlbmRfbGFiZWwiOiAiRXJhc3VyZUNvbnN0cmFpbnQiLCAic3RhcnRfbGFiZWwiOiAiUHJpdmFjeUFubm90YXRpb24ifQ=="
"PA::prop::DataRecordArtifact::D8_ModellingDataset::record::0::00127","retention_5y","hasErasure","asd","eyJlbmRfbGFiZWwiOiAiRXJhc3VyZUNvbnN0cmFpbnQiLCAic3RhcnRfbGFiZWwiOiAiUHJpdmFjeUFubm90YXRpb24ifQ=="
"PA::prop::DataRecordArtifact::D8_ModellingDataset::record::0::00127","AU","allowsRole","asd","eyJlbmRfbGFiZWwiOiAiQWNjZXNzUm9sZSIsICJzdGFydF9sYWJlbCI6ICJQcml2YWN5QW5ub3RhdGlvbiJ9"
"PA::prop::DataRecordArtifact::D8_ModellingDataset::record::0::00127","CL","allowsRole","asd","eyJlbmRfbGFiZWwiOiAiQWNjZXNzUm9sZSIsICJzdGFydF9sYWJlbCI6ICJQcml2YWN5QW5ub3RhdGlvbiJ9"
"PA::prop::DataRecordArtifact::D8_ModellingDataset::record::0::00127","DPO","allowsRole","asd","eyJlbmRfbGFiZWwiOiAiQWNjZXNzUm9sZSIsICJzdGFydF9sYWJlbCI6ICJQcml2YWN5QW5ub3RhdGlvbiJ9"
"PA::prop::DataRecordArtifact::D8_ModellingDataset::record::0::00127","DS","allowsRole","asd","eyJlbmRfbGFiZWwiOiAiQWNjZXNzUm9sZSIsICJzdGFydF9sYWJlbCI6ICJQcml2YWN5QW5ub3RhdGlvbiJ9"
"PA::prop::DataRecordArtifact::D8_ModellingDataset::record::1::00128","D8_ModellingDataset::record::1","annotates","asd","eyJlbmRfbGFiZWwiOiAiRGF0YVJlY29yZEFydGlmYWN0IiwgInN0YXJ0X2xhYmVsIjogIlByaXZhY3lBbm5vdGF0aW9uIn0="
"asd_run_001::002::S6_select_modelling_features","PA::prop::DataRecordArtifact::D8_ModellingDataset::record::1::00128","generatedPrivacyAnnotation","asd","eyJlbmRfbGFiZWwiOiAiUHJpdmFjeUFubm90YXRpb24iLCAic3RhcnRfbGFiZWwiOiAiU3RlcFJ1biJ9"
"PA::prop::DataRecordArtifact::D8_ModellingDataset::record::1::00128","asd_run_001::002::S6_select_modelling_features","wasGeneratedBy","asd","eyJlbmRfbGFiZWwiOiAiU3RlcFJ1biIsICJzdGFydF9sYWJlbCI6ICJQcml2YWN5QW5ub3RhdGlvbiJ9"
"PA::prop::DataRecordArtifact::D8_ModellingDataset::record::1::00128","S6_select_modelling_features_policy","usedPolicy","asd","eyJlbmRfbGFiZWwiOiAiT3BlcmF0aW9uUG9saWN5IiwgInN0YXJ0X2xhYmVsIjogIlByaXZhY3lBbm5vdGF0aW9uIn0="
"PA::prop::DataRecordArtifact::D8_ModellingDataset::record::1::00128","biometric","hasCategory","asd","eyJlbmRfbGFiZWwiOiAiU2Vuc2l0aXZpdHlDYXRlZ29yeSIsICJleHBsaWNpdCI6IHRydWUsICJzdGFydF9sYWJlbCI6ICJQcml2YWN5QW5ub3RhdGlvbiJ9"
"PA::prop::DataRecordArtifact::D8_ModellingDataset::record::1::00128","health","hasCategory","asd","eyJlbmRfbGFiZWwiOiAiU2Vuc2l0aXZpdHlDYXRlZ29yeSIsICJleHBsaWNpdCI6IHRydWUsICJzdGFydF9sYWJlbCI6ICJQcml2YWN5QW5ub3RhdGlvbiJ9"
"PA::prop::DataRecordArtifact::D8_ModellingDataset::record::1::00128","behavioural_sensor_data","hasCategory","asd","eyJlbmRfbGFiZWwiOiAiU2Vuc2l0aXZpdHlDYXRlZ29yeSIsICJleHBsaWNpdCI6IHRydWUsICJzdGFydF9sYWJlbCI6ICJQcml2YWN5QW5ub3RhdGlvbiJ9"
"PA::prop::DataRecordArtifact::D8_ModellingDataset::record::1::00128","behavioural_sensitive","hasCategory","asd","eyJlbmRfbGFiZWwiOiAiU2Vuc2l0aXZpdHlDYXRlZ29yeSIsICJleHBsaWNpdCI6IHRydWUsICJzdGFydF9sYWJlbCI6ICJQcml2YWN5QW5ub3RhdGlvbiJ9"
"PA::prop::DataRecordArtifact::D8_ModellingDataset::record::1::00128","quasi_identifier","hasCategory","asd","eyJlbmRfbGFiZWwiOiAiU2Vuc2l0aXZpdHlDYXRlZ29yeSIsICJleHBsaWNpdCI6IHRydWUsICJzdGFydF9sYWJlbCI6ICJQcml2YWN5QW5ub3RhdGlvbiJ9"
"PA::prop::DataRecordArtifact::D8_ModellingDataset::record::1::00128","sensitive_personal_data","hasCategory","asd","eyJlbmRfbGFiZWwiOiAiU2Vuc2l0aXZpdHlDYXRlZ29yeSIsICJleHBsaWNpdCI6IGZhbHNlLCAic3RhcnRfbGFiZWwiOiAiUHJpdmFjeUFubm90YXRpb24ifQ=="
"PA::prop::DataRecordArtifact::D8_ModellingDataset::record::1::00128","clinical_research","hasUsage","asd","eyJlbmRfbGFiZWwiOiAiVXNhZ2VDb25zdHJhaW50IiwgInN0YXJ0X2xhYmVsIjogIlByaXZhY3lBbm5vdGF0aW9uIn0="
"PA::prop::DataRecordArtifact::D8_ModellingDataset::record::1::00128","delete_on_request","hasErasure","asd","eyJlbmRfbGFiZWwiOiAiRXJhc3VyZUNvbnN0cmFpbnQiLCAic3RhcnRfbGFiZWwiOiAiUHJpdmFjeUFubm90YXRpb24ifQ=="
"PA::prop::DataRecordArtifact::D8_ModellingDataset::record::1::00128","retention_5y","hasErasure","asd","eyJlbmRfbGFiZWwiOiAiRXJhc3VyZUNvbnN0cmFpbnQiLCAic3RhcnRfbGFiZWwiOiAiUHJpdmFjeUFubm90YXRpb24ifQ=="
"PA::prop::DataRecordArtifact::D8_ModellingDataset::record::1::00128","AU","allowsRole","asd","eyJlbmRfbGFiZWwiOiAiQWNjZXNzUm9sZSIsICJzdGFydF9sYWJlbCI6ICJQcml2YWN5QW5ub3RhdGlvbiJ9"
"PA::prop::DataRecordArtifact::D8_ModellingDataset::record::1::00128","CL","allowsRole","asd","eyJlbmRfbGFiZWwiOiAiQWNjZXNzUm9sZSIsICJzdGFydF9sYWJlbCI6ICJQcml2YWN5QW5ub3RhdGlvbiJ9"
"PA::prop::DataRecordArtifact::D8_ModellingDataset::record::1::00128","DPO","allowsRole","asd","eyJlbmRfbGFiZWwiOiAiQWNjZXNzUm9sZSIsICJzdGFydF9sYWJlbCI6ICJQcml2YWN5QW5ub3RhdGlvbiJ9"
"PA::prop::DataRecordArtifact::D8_ModellingDataset::record::1::00128","DS","allowsRole","asd","eyJlbmRfbGFiZWwiOiAiQWNjZXNzUm9sZSIsICJzdGFydF9sYWJlbCI6ICJQcml2YWN5QW5ub3RhdGlvbiJ9"
"PA::prop::DataRecordArtifact::D8_ModellingDataset::record::2::00129","D8_ModellingDataset::record::2","annotates","asd","eyJlbmRfbGFiZWwiOiAiRGF0YVJlY29yZEFydGlmYWN0IiwgInN0YXJ0X2xhYmVsIjogIlByaXZhY3lBbm5vdGF0aW9uIn0="
"asd_run_001::002::S6_select_modelling_features","PA::prop::DataRecordArtifact::D8_ModellingDataset::record::2::00129","generatedPrivacyAnnotation","asd","eyJlbmRfbGFiZWwiOiAiUHJpdmFjeUFubm90YXRpb24iLCAic3RhcnRfbGFiZWwiOiAiU3RlcFJ1biJ9"
"PA::prop::DataRecordArtifact::D8_ModellingDataset::record::2::00129","asd_run_001::002::S6_select_modelling_features","wasGeneratedBy","asd","eyJlbmRfbGFiZWwiOiAiU3RlcFJ1biIsICJzdGFydF9sYWJlbCI6ICJQcml2YWN5QW5ub3RhdGlvbiJ9"
"PA::prop::DataRecordArtifact::D8_ModellingDataset::record::2::00129","S6_select_modelling_features_policy","usedPolicy","asd","eyJlbmRfbGFiZWwiOiAiT3BlcmF0aW9uUG9saWN5IiwgInN0YXJ0X2xhYmVsIjogIlByaXZhY3lBbm5vdGF0aW9uIn0="
"PA::prop::DataRecordArtifact::D8_ModellingDataset::record::2::00129","biometric","hasCategory","asd","eyJlbmRfbGFiZWwiOiAiU2Vuc2l0aXZpdHlDYXRlZ29yeSIsICJleHBsaWNpdCI6IHRydWUsICJzdGFydF9sYWJlbCI6ICJQcml2YWN5QW5ub3RhdGlvbiJ9"
"PA::prop::DataRecordArtifact::D8_ModellingDataset::record::2::00129","health","hasCategory","asd","eyJlbmRfbGFiZWwiOiAiU2Vuc2l0aXZpdHlDYXRlZ29yeSIsICJleHBsaWNpdCI6IHRydWUsICJzdGFydF9sYWJlbCI6ICJQcml2YWN5QW5ub3RhdGlvbiJ9"
"PA::prop::DataRecordArtifact::D8_ModellingDataset::record::2::00129","behavioural_sensor_data","hasCategory","asd","eyJlbmRfbGFiZWwiOiAiU2Vuc2l0aXZpdHlDYXRlZ29yeSIsICJleHBsaWNpdCI6IHRydWUsICJzdGFydF9sYWJlbCI6ICJQcml2YWN5QW5ub3RhdGlvbiJ9"
"PA::prop::DataRecordArtifact::D8_ModellingDataset::record::2::00129","behavioural_sensitive","hasCategory","asd","eyJlbmRfbGFiZWwiOiAiU2Vuc2l0aXZpdHlDYXRlZ29yeSIsICJleHBsaWNpdCI6IHRydWUsICJzdGFydF9sYWJlbCI6ICJQcml2YWN5QW5ub3RhdGlvbiJ9"
"PA::prop::DataRecordArtifact::D8_ModellingDataset::record::2::00129","quasi_identifier","hasCategory","asd","eyJlbmRfbGFiZWwiOiAiU2Vuc2l0aXZpdHlDYXRlZ29yeSIsICJleHBsaWNpdCI6IHRydWUsICJzdGFydF9sYWJlbCI6ICJQcml2YWN5QW5ub3RhdGlvbiJ9"
"PA::prop::DataRecordArtifact::D8_ModellingDataset::record::2::00129","sensitive_personal_data","hasCategory","asd","eyJlbmRfbGFiZWwiOiAiU2Vuc2l0aXZpdHlDYXRlZ29yeSIsICJleHBsaWNpdCI6IGZhbHNlLCAic3RhcnRfbGFiZWwiOiAiUHJpdmFjeUFubm90YXRpb24ifQ=="
"PA::prop::DataRecordArtifact::D8_ModellingDataset::record::2::00129","clinical_research","hasUsage","asd","eyJlbmRfbGFiZWwiOiAiVXNhZ2VDb25zdHJhaW50IiwgInN0YXJ0X2xhYmVsIjogIlByaXZhY3lBbm5vdGF0aW9uIn0="
"PA::prop::DataRecordArtifact::D8_ModellingDataset::record::2::00129","delete_on_request","hasErasure","asd","eyJlbmRfbGFiZWwiOiAiRXJhc3VyZUNvbnN0cmFpbnQiLCAic3RhcnRfbGFiZWwiOiAiUHJpdmFjeUFubm90YXRpb24ifQ=="
"PA::prop::DataRecordArtifact::D8_ModellingDataset::record::2::00129","retention_5y","hasErasure","asd","eyJlbmRfbGFiZWwiOiAiRXJhc3VyZUNvbnN0cmFpbnQiLCAic3RhcnRfbGFiZWwiOiAiUHJpdmFjeUFubm90YXRpb24ifQ=="
"PA::prop::DataRecordArtifact::D8_ModellingDataset::record::2::00129","AU","allowsRole","asd","eyJlbmRfbGFiZWwiOiAiQWNjZXNzUm9sZSIsICJzdGFydF9sYWJlbCI6ICJQcml2YWN5QW5ub3RhdGlvbiJ9"
"PA::prop::DataRecordArtifact::D8_ModellingDataset::record::2::00129","CL","allowsRole","asd","eyJlbmRfbGFiZWwiOiAiQWNjZXNzUm9sZSIsICJzdGFydF9sYWJlbCI6ICJQcml2YWN5QW5ub3RhdGlvbiJ9"
"PA::prop::DataRecordArtifact::D8_ModellingDataset::record::2::00129","DPO","allowsRole","asd","eyJlbmRfbGFiZWwiOiAiQWNjZXNzUm9sZSIsICJzdGFydF9sYWJlbCI6ICJQcml2YWN5QW5ub3RhdGlvbiJ9"
"PA::prop::DataRecordArtifact::D8_ModellingDataset::record::2::00129","DS","allowsRole","asd","eyJlbmRfbGFiZWwiOiAiQWNjZXNzUm9sZSIsICJzdGFydF9sYWJlbCI6ICJQcml2YWN5QW5ub3RhdGlvbiJ9"
"PA::prop::DataRecordArtifact::D8_ModellingDataset::record::3::00130","D8_ModellingDataset::record::3","annotates","asd","eyJlbmRfbGFiZWwiOiAiRGF0YVJlY29yZEFydGlmYWN0IiwgInN0YXJ0X2xhYmVsIjogIlByaXZhY3lBbm5vdGF0aW9uIn0="
"asd_run_001::002::S6_select_modelling_features","PA::prop::DataRecordArtifact::D8_ModellingDataset::record::3::00130","generatedPrivacyAnnotation","asd","eyJlbmRfbGFiZWwiOiAiUHJpdmFjeUFubm90YXRpb24iLCAic3RhcnRfbGFiZWwiOiAiU3RlcFJ1biJ9"
"PA::prop::DataRecordArtifact::D8_ModellingDataset::record::3::00130","asd_run_001::002::S6_select_modelling_features","wasGeneratedBy","asd","eyJlbmRfbGFiZWwiOiAiU3RlcFJ1biIsICJzdGFydF9sYWJlbCI6ICJQcml2YWN5QW5ub3RhdGlvbiJ9"
"PA::prop::DataRecordArtifact::D8_ModellingDataset::record::3::00130","S6_select_modelling_features_policy","usedPolicy","asd","eyJlbmRfbGFiZWwiOiAiT3BlcmF0aW9uUG9saWN5IiwgInN0YXJ0X2xhYmVsIjogIlByaXZhY3lBbm5vdGF0aW9uIn0="
"PA::prop::DataRecordArtifact::D8_ModellingDataset::record::3::00130","biometric","hasCategory","asd","eyJlbmRfbGFiZWwiOiAiU2Vuc2l0aXZpdHlDYXRlZ29yeSIsICJleHBsaWNpdCI6IHRydWUsICJzdGFydF9sYWJlbCI6ICJQcml2YWN5QW5ub3RhdGlvbiJ9"
"PA::prop::DataRecordArtifact::D8_ModellingDataset::record::3::00130","health","hasCategory","asd","eyJlbmRfbGFiZWwiOiAiU2Vuc2l0aXZpdHlDYXRlZ29yeSIsICJleHBsaWNpdCI6IHRydWUsICJzdGFydF9sYWJlbCI6ICJQcml2YWN5QW5ub3RhdGlvbiJ9"
"PA::prop::DataRecordArtifact::D8_ModellingDataset::record::3::00130","behavioural_sensor_data","hasCategory","asd","eyJlbmRfbGFiZWwiOiAiU2Vuc2l0aXZpdHlDYXRlZ29yeSIsICJleHBsaWNpdCI6IHRydWUsICJzdGFydF9sYWJlbCI6ICJQcml2YWN5QW5ub3RhdGlvbiJ9"
"PA::prop::DataRecordArtifact::D8_ModellingDataset::record::3::00130","behavioural_sensitive","hasCategory","asd","eyJlbmRfbGFiZWwiOiAiU2Vuc2l0aXZpdHlDYXRlZ29yeSIsICJleHBsaWNpdCI6IHRydWUsICJzdGFydF9sYWJlbCI6ICJQcml2YWN5QW5ub3RhdGlvbiJ9"
"PA::prop::DataRecordArtifact::D8_ModellingDataset::record::3::00130","quasi_identifier","hasCategory","asd","eyJlbmRfbGFiZWwiOiAiU2Vuc2l0aXZpdHlDYXRlZ29yeSIsICJleHBsaWNpdCI6IHRydWUsICJzdGFydF9sYWJlbCI6ICJQcml2YWN5QW5ub3RhdGlvbiJ9"
"PA::prop::DataRecordArtifact::D8_ModellingDataset::record::3::00130","sensitive_personal_data","hasCategory","asd","eyJlbmRfbGFiZWwiOiAiU2Vuc2l0aXZpdHlDYXRlZ29yeSIsICJleHBsaWNpdCI6IGZhbHNlLCAic3RhcnRfbGFiZWwiOiAiUHJpdmFjeUFubm90YXRpb24ifQ=="
"PA::prop::DataRecordArtifact::D8_ModellingDataset::record::3::00130","clinical_research","hasUsage","asd","eyJlbmRfbGFiZWwiOiAiVXNhZ2VDb25zdHJhaW50IiwgInN0YXJ0X2xhYmVsIjogIlByaXZhY3lBbm5vdGF0aW9uIn0="
"PA::prop::DataRecordArtifact::D8_ModellingDataset::record::3::00130","delete_on_request","hasErasure","asd","eyJlbmRfbGFiZWwiOiAiRXJhc3VyZUNvbnN0cmFpbnQiLCAic3RhcnRfbGFiZWwiOiAiUHJpdmFjeUFubm90YXRpb24ifQ=="
"PA::prop::DataRecordArtifact::D8_ModellingDataset::record::3::00130","retention_5y","hasErasure","asd","eyJlbmRfbGFiZWwiOiAiRXJhc3VyZUNvbnN0cmFpbnQiLCAic3RhcnRfbGFiZWwiOiAiUHJpdmFjeUFubm90YXRpb24ifQ=="
"PA::prop::DataRecordArtifact::D8_ModellingDataset::record::3::00130","AU","allowsRole","asd","eyJlbmRfbGFiZWwiOiAiQWNjZXNzUm9sZSIsICJzdGFydF9sYWJlbCI6ICJQcml2YWN5QW5ub3RhdGlvbiJ9"
"PA::prop::DataRecordArtifact::D8_ModellingDataset::record::3::00130","CL","allowsRole","asd","eyJlbmRfbGFiZWwiOiAiQWNjZXNzUm9sZSIsICJzdGFydF9sYWJlbCI6ICJQcml2YWN5QW5ub3RhdGlvbiJ9"
"PA::prop::DataRecordArtifact::D8_ModellingDataset::record::3::00130","DPO","allowsRole","asd","eyJlbmRfbGFiZWwiOiAiQWNjZXNzUm9sZSIsICJzdGFydF9sYWJlbCI6ICJQcml2YWN5QW5ub3RhdGlvbiJ9"
"PA::prop::DataRecordArtifact::D8_ModellingDataset::record::3::00130","DS","allowsRole","asd","eyJlbmRfbGFiZWwiOiAiQWNjZXNzUm9sZSIsICJzdGFydF9sYWJlbCI6ICJQcml2YWN5QW5ub3RhdGlvbiJ9"
"PA::prop::DatasetArtifact::D8_ModellingDataset::00131","D8_ModellingDataset","annotates","asd","eyJlbmRfbGFiZWwiOiAiRGF0YXNldEFydGlmYWN0IiwgInN0YXJ0X2xhYmVsIjogIlByaXZhY3lBbm5vdGF0aW9uIn0="
"asd_run_001::002::S6_select_modelling_features","PA::prop::DatasetArtifact::D8_ModellingDataset::00131","generatedPrivacyAnnotation","asd","eyJlbmRfbGFiZWwiOiAiUHJpdmFjeUFubm90YXRpb24iLCAic3RhcnRfbGFiZWwiOiAiU3RlcFJ1biJ9"
"PA::prop::DatasetArtifact::D8_ModellingDataset::00131","asd_run_001::002::S6_select_modelling_features","wasGeneratedBy","asd","eyJlbmRfbGFiZWwiOiAiU3RlcFJ1biIsICJzdGFydF9sYWJlbCI6ICJQcml2YWN5QW5ub3RhdGlvbiJ9"
"PA::prop::DatasetArtifact::D8_ModellingDataset::00131","S6_select_modelling_features_policy","usedPolicy","asd","eyJlbmRfbGFiZWwiOiAiT3BlcmF0aW9uUG9saWN5IiwgInN0YXJ0X2xhYmVsIjogIlByaXZhY3lBbm5vdGF0aW9uIn0="
"PA::prop::DatasetArtifact::D8_ModellingDataset::00131","biometric","hasCategory","asd","eyJlbmRfbGFiZWwiOiAiU2Vuc2l0aXZpdHlDYXRlZ29yeSIsICJleHBsaWNpdCI6IHRydWUsICJzdGFydF9sYWJlbCI6ICJQcml2YWN5QW5ub3RhdGlvbiJ9"
"PA::prop::DatasetArtifact::D8_ModellingDataset::00131","health","hasCategory","asd","eyJlbmRfbGFiZWwiOiAiU2Vuc2l0aXZpdHlDYXRlZ29yeSIsICJleHBsaWNpdCI6IHRydWUsICJzdGFydF9sYWJlbCI6ICJQcml2YWN5QW5ub3RhdGlvbiJ9"
"PA::prop::DatasetArtifact::D8_ModellingDataset::00131","behavioural_sensor_data","hasCategory","asd","eyJlbmRfbGFiZWwiOiAiU2Vuc2l0aXZpdHlDYXRlZ29yeSIsICJleHBsaWNpdCI6IHRydWUsICJzdGFydF9sYWJlbCI6ICJQcml2YWN5QW5ub3RhdGlvbiJ9"
"PA::prop::DatasetArtifact::D8_ModellingDataset::00131","behavioural_sensitive","hasCategory","asd","eyJlbmRfbGFiZWwiOiAiU2Vuc2l0aXZpdHlDYXRlZ29yeSIsICJleHBsaWNpdCI6IHRydWUsICJzdGFydF9sYWJlbCI6ICJQcml2YWN5QW5ub3RhdGlvbiJ9"
"PA::prop::DatasetArtifact::D8_ModellingDataset::00131","quasi_identifier","hasCategory","asd","eyJlbmRfbGFiZWwiOiAiU2Vuc2l0aXZpdHlDYXRlZ29yeSIsICJleHBsaWNpdCI6IHRydWUsICJzdGFydF9sYWJlbCI6ICJQcml2YWN5QW5ub3RhdGlvbiJ9"
"PA::prop::DatasetArtifact::D8_ModellingDataset::00131","sensitive_personal_data","hasCategory","asd","eyJlbmRfbGFiZWwiOiAiU2Vuc2l0aXZpdHlDYXRlZ29yeSIsICJleHBsaWNpdCI6IGZhbHNlLCAic3RhcnRfbGFiZWwiOiAiUHJpdmFjeUFubm90YXRpb24ifQ=="
"PA::prop::DatasetArtifact::D8_ModellingDataset::00131","clinical_research","hasUsage","asd","eyJlbmRfbGFiZWwiOiAiVXNhZ2VDb25zdHJhaW50IiwgInN0YXJ0X2xhYmVsIjogIlByaXZhY3lBbm5vdGF0aW9uIn0="
"PA::prop::DatasetArtifact::D8_ModellingDataset::00131","delete_on_request","hasErasure","asd","eyJlbmRfbGFiZWwiOiAiRXJhc3VyZUNvbnN0cmFpbnQiLCAic3RhcnRfbGFiZWwiOiAiUHJpdmFjeUFubm90YXRpb24ifQ=="
"PA::prop::DatasetArtifact::D8_ModellingDataset::00131","retention_5y","hasErasure","asd","eyJlbmRfbGFiZWwiOiAiRXJhc3VyZUNvbnN0cmFpbnQiLCAic3RhcnRfbGFiZWwiOiAiUHJpdmFjeUFubm90YXRpb24ifQ=="
"PA::prop::DatasetArtifact::D8_ModellingDataset::00131","AU","allowsRole","asd","eyJlbmRfbGFiZWwiOiAiQWNjZXNzUm9sZSIsICJzdGFydF9sYWJlbCI6ICJQcml2YWN5QW5ub3RhdGlvbiJ9"
"PA::prop::DatasetArtifact::D8_ModellingDataset::00131","CL","allowsRole","asd","eyJlbmRfbGFiZWwiOiAiQWNjZXNzUm9sZSIsICJzdGFydF9sYWJlbCI6ICJQcml2YWN5QW5ub3RhdGlvbiJ9"
"PA::prop::DatasetArtifact::D8_ModellingDataset::00131","DPO","allowsRole","asd","eyJlbmRfbGFiZWwiOiAiQWNjZXNzUm9sZSIsICJzdGFydF9sYWJlbCI6ICJQcml2YWN5QW5ub3RhdGlvbiJ9"
"PA::prop::DatasetArtifact::D8_ModellingDataset::00131","DS","allowsRole","asd","eyJlbmRfbGFiZWwiOiAiQWNjZXNzUm9sZSIsICJzdGFydF9sYWJlbCI6ICJQcml2YWN5QW5ub3RhdGlvbiJ9"
"PA::prop::DataCellArtifact::D9_TrainDataset::record::0::cell::HR_norm::00132","D9_TrainDataset::record::0::cell::HR_norm","annotates","asd","eyJlbmRfbGFiZWwiOiAiRGF0YUNlbGxBcnRpZmFjdCIsICJzdGFydF9sYWJlbCI6ICJQcml2YWN5QW5ub3RhdGlvbiJ9"
"asd_run_001::003::S7_split_train_test","PA::prop::DataCellArtifact::D9_TrainDataset::record::0::cell::HR_norm::00132","generatedPrivacyAnnotation","asd","eyJlbmRfbGFiZWwiOiAiUHJpdmFjeUFubm90YXRpb24iLCAic3RhcnRfbGFiZWwiOiAiU3RlcFJ1biJ9"
"PA::prop::DataCellArtifact::D9_TrainDataset::record::0::cell::HR_norm::00132","asd_run_001::003::S7_split_train_test","wasGeneratedBy","asd","eyJlbmRfbGFiZWwiOiAiU3RlcFJ1biIsICJzdGFydF9sYWJlbCI6ICJQcml2YWN5QW5ub3RhdGlvbiJ9"
"PA::prop::DataCellArtifact::D9_TrainDataset::record::0::cell::HR_norm::00132","S7_split_train_test_policy","usedPolicy","asd","eyJlbmRfbGFiZWwiOiAiT3BlcmF0aW9uUG9saWN5IiwgInN0YXJ0X2xhYmVsIjogIlByaXZhY3lBbm5vdGF0aW9uIn0="
"PA::prop::DataCellArtifact::D9_TrainDataset::record::0::cell::HR_norm::00132","biometric","hasCategory","asd","eyJlbmRfbGFiZWwiOiAiU2Vuc2l0aXZpdHlDYXRlZ29yeSIsICJleHBsaWNpdCI6IHRydWUsICJzdGFydF9sYWJlbCI6ICJQcml2YWN5QW5ub3RhdGlvbiJ9"
"PA::prop::DataCellArtifact::D9_TrainDataset::record::0::cell::HR_norm::00132","health","hasCategory","asd","eyJlbmRfbGFiZWwiOiAiU2Vuc2l0aXZpdHlDYXRlZ29yeSIsICJleHBsaWNpdCI6IHRydWUsICJzdGFydF9sYWJlbCI6ICJQcml2YWN5QW5ub3RhdGlvbiJ9"
"PA::prop::DataCellArtifact::D9_TrainDataset::record::0::cell::HR_norm::00132","sensitive_personal_data","hasCategory","asd","eyJlbmRfbGFiZWwiOiAiU2Vuc2l0aXZpdHlDYXRlZ29yeSIsICJleHBsaWNpdCI6IGZhbHNlLCAic3RhcnRfbGFiZWwiOiAiUHJpdmFjeUFubm90YXRpb24ifQ=="
"PA::prop::DataCellArtifact::D9_TrainDataset::record::0::cell::HR_norm::00132","clinical_research","hasUsage","asd","eyJlbmRfbGFiZWwiOiAiVXNhZ2VDb25zdHJhaW50IiwgInN0YXJ0X2xhYmVsIjogIlByaXZhY3lBbm5vdGF0aW9uIn0="
"PA::prop::DataCellArtifact::D9_TrainDataset::record::0::cell::HR_norm::00132","delete_on_request","hasErasure","asd","eyJlbmRfbGFiZWwiOiAiRXJhc3VyZUNvbnN0cmFpbnQiLCAic3RhcnRfbGFiZWwiOiAiUHJpdmFjeUFubm90YXRpb24ifQ=="
"PA::prop::DataCellArtifact::D9_TrainDataset::record::0::cell::HR_norm::00132","retention_5y","hasErasure","asd","eyJlbmRfbGFiZWwiOiAiRXJhc3VyZUNvbnN0cmFpbnQiLCAic3RhcnRfbGFiZWwiOiAiUHJpdmFjeUFubm90YXRpb24ifQ=="
"PA::prop::DataCellArtifact::D9_TrainDataset::record::0::cell::HR_norm::00132","AU","allowsRole","asd","eyJlbmRfbGFiZWwiOiAiQWNjZXNzUm9sZSIsICJzdGFydF9sYWJlbCI6ICJQcml2YWN5QW5ub3RhdGlvbiJ9"
"PA::prop::DataCellArtifact::D9_TrainDataset::record::0::cell::HR_norm::00132","CL","allowsRole","asd","eyJlbmRfbGFiZWwiOiAiQWNjZXNzUm9sZSIsICJzdGFydF9sYWJlbCI6ICJQcml2YWN5QW5ub3RhdGlvbiJ9"
"PA::prop::DataCellArtifact::D9_TrainDataset::record::0::cell::HR_norm::00132","DPO","allowsRole","asd","eyJlbmRfbGFiZWwiOiAiQWNjZXNzUm9sZSIsICJzdGFydF9sYWJlbCI6ICJQcml2YWN5QW5ub3RhdGlvbiJ9"
"PA::prop::DataCellArtifact::D9_TrainDataset::record::0::cell::HR_norm::00132","DS","allowsRole","asd","eyJlbmRfbGFiZWwiOiAiQWNjZXNzUm9sZSIsICJzdGFydF9sYWJlbCI6ICJQcml2YWN5QW5ub3RhdGlvbiJ9"
"PA::prop::DataCellArtifact::D9_TrainDataset::record::0::cell::EDA_norm::00133","D9_TrainDataset::record::0::cell::EDA_norm","annotates","asd","eyJlbmRfbGFiZWwiOiAiRGF0YUNlbGxBcnRpZmFjdCIsICJzdGFydF9sYWJlbCI6ICJQcml2YWN5QW5ub3RhdGlvbiJ9"
"asd_run_001::003::S7_split_train_test","PA::prop::DataCellArtifact::D9_TrainDataset::record::0::cell::EDA_norm::00133","generatedPrivacyAnnotation","asd","eyJlbmRfbGFiZWwiOiAiUHJpdmFjeUFubm90YXRpb24iLCAic3RhcnRfbGFiZWwiOiAiU3RlcFJ1biJ9"
"PA::prop::DataCellArtifact::D9_TrainDataset::record::0::cell::EDA_norm::00133","asd_run_001::003::S7_split_train_test","wasGeneratedBy","asd","eyJlbmRfbGFiZWwiOiAiU3RlcFJ1biIsICJzdGFydF9sYWJlbCI6ICJQcml2YWN5QW5ub3RhdGlvbiJ9"
"PA::prop::DataCellArtifact::D9_TrainDataset::record::0::cell::EDA_norm::00133","S7_split_train_test_policy","usedPolicy","asd","eyJlbmRfbGFiZWwiOiAiT3BlcmF0aW9uUG9saWN5IiwgInN0YXJ0X2xhYmVsIjogIlByaXZhY3lBbm5vdGF0aW9uIn0="
"PA::prop::DataCellArtifact::D9_TrainDataset::record::0::cell::EDA_norm::00133","biometric","hasCategory","asd","eyJlbmRfbGFiZWwiOiAiU2Vuc2l0aXZpdHlDYXRlZ29yeSIsICJleHBsaWNpdCI6IHRydWUsICJzdGFydF9sYWJlbCI6ICJQcml2YWN5QW5ub3RhdGlvbiJ9"
"PA::prop::DataCellArtifact::D9_TrainDataset::record::0::cell::EDA_norm::00133","health","hasCategory","asd","eyJlbmRfbGFiZWwiOiAiU2Vuc2l0aXZpdHlDYXRlZ29yeSIsICJleHBsaWNpdCI6IHRydWUsICJzdGFydF9sYWJlbCI6ICJQcml2YWN5QW5ub3RhdGlvbiJ9"
"PA::prop::DataCellArtifact::D9_TrainDataset::record::0::cell::EDA_norm::00133","sensitive_personal_data","hasCategory","asd","eyJlbmRfbGFiZWwiOiAiU2Vuc2l0aXZpdHlDYXRlZ29yeSIsICJleHBsaWNpdCI6IGZhbHNlLCAic3RhcnRfbGFiZWwiOiAiUHJpdmFjeUFubm90YXRpb24ifQ=="
"PA::prop::DataCellArtifact::D9_TrainDataset::record::0::cell::EDA_norm::00133","clinical_research","hasUsage","asd","eyJlbmRfbGFiZWwiOiAiVXNhZ2VDb25zdHJhaW50IiwgInN0YXJ0X2xhYmVsIjogIlByaXZhY3lBbm5vdGF0aW9uIn0="
"PA::prop::DataCellArtifact::D9_TrainDataset::record::0::cell::EDA_norm::00133","delete_on_request","hasErasure","asd","eyJlbmRfbGFiZWwiOiAiRXJhc3VyZUNvbnN0cmFpbnQiLCAic3RhcnRfbGFiZWwiOiAiUHJpdmFjeUFubm90YXRpb24ifQ=="
"PA::prop::DataCellArtifact::D9_TrainDataset::record::0::cell::EDA_norm::00133","retention_5y","hasErasure","asd","eyJlbmRfbGFiZWwiOiAiRXJhc3VyZUNvbnN0cmFpbnQiLCAic3RhcnRfbGFiZWwiOiAiUHJpdmFjeUFubm90YXRpb24ifQ=="
"PA::prop::DataCellArtifact::D9_TrainDataset::record::0::cell::EDA_norm::00133","AU","allowsRole","asd","eyJlbmRfbGFiZWwiOiAiQWNjZXNzUm9sZSIsICJzdGFydF9sYWJlbCI6ICJQcml2YWN5QW5ub3RhdGlvbiJ9"
"PA::prop::DataCellArtifact::D9_TrainDataset::record::0::cell::EDA_norm::00133","CL","allowsRole","asd","eyJlbmRfbGFiZWwiOiAiQWNjZXNzUm9sZSIsICJzdGFydF9sYWJlbCI6ICJQcml2YWN5QW5ub3RhdGlvbiJ9"
"PA::prop::DataCellArtifact::D9_TrainDataset::record::0::cell::EDA_norm::00133","DPO","allowsRole","asd","eyJlbmRfbGFiZWwiOiAiQWNjZXNzUm9sZSIsICJzdGFydF9sYWJlbCI6ICJQcml2YWN5QW5ub3RhdGlvbiJ9"
"PA::prop::DataCellArtifact::D9_TrainDataset::record::0::cell::EDA_norm::00133","DS","allowsRole","asd","eyJlbmRfbGFiZWwiOiAiQWNjZXNzUm9sZSIsICJzdGFydF9sYWJlbCI6ICJQcml2YWN5QW5ub3RhdGlvbiJ9"
"PA::prop::DataCellArtifact::D9_TrainDataset::record::0::cell::ACC_norm::00134","D9_TrainDataset::record::0::cell::ACC_norm","annotates","asd","eyJlbmRfbGFiZWwiOiAiRGF0YUNlbGxBcnRpZmFjdCIsICJzdGFydF9sYWJlbCI6ICJQcml2YWN5QW5ub3RhdGlvbiJ9"
"asd_run_001::003::S7_split_train_test","PA::prop::DataCellArtifact::D9_TrainDataset::record::0::cell::ACC_norm::00134","generatedPrivacyAnnotation","asd","eyJlbmRfbGFiZWwiOiAiUHJpdmFjeUFubm90YXRpb24iLCAic3RhcnRfbGFiZWwiOiAiU3RlcFJ1biJ9"
"PA::prop::DataCellArtifact::D9_TrainDataset::record::0::cell::ACC_norm::00134","asd_run_001::003::S7_split_train_test","wasGeneratedBy","asd","eyJlbmRfbGFiZWwiOiAiU3RlcFJ1biIsICJzdGFydF9sYWJlbCI6ICJQcml2YWN5QW5ub3RhdGlvbiJ9"
"PA::prop::DataCellArtifact::D9_TrainDataset::record::0::cell::ACC_norm::00134","S7_split_train_test_policy","usedPolicy","asd","eyJlbmRfbGFiZWwiOiAiT3BlcmF0aW9uUG9saWN5IiwgInN0YXJ0X2xhYmVsIjogIlByaXZhY3lBbm5vdGF0aW9uIn0="
"PA::prop::DataCellArtifact::D9_TrainDataset::record::0::cell::ACC_norm::00134","behavioural_sensor_data","hasCategory","asd","eyJlbmRfbGFiZWwiOiAiU2Vuc2l0aXZpdHlDYXRlZ29yeSIsICJleHBsaWNpdCI6IHRydWUsICJzdGFydF9sYWJlbCI6ICJQcml2YWN5QW5ub3RhdGlvbiJ9"
"PA::prop::DataCellArtifact::D9_TrainDataset::record::0::cell::ACC_norm::00134","clinical_research","hasUsage","asd","eyJlbmRfbGFiZWwiOiAiVXNhZ2VDb25zdHJhaW50IiwgInN0YXJ0X2xhYmVsIjogIlByaXZhY3lBbm5vdGF0aW9uIn0="
"PA::prop::DataCellArtifact::D9_TrainDataset::record::0::cell::ACC_norm::00134","delete_on_request","hasErasure","asd","eyJlbmRfbGFiZWwiOiAiRXJhc3VyZUNvbnN0cmFpbnQiLCAic3RhcnRfbGFiZWwiOiAiUHJpdmFjeUFubm90YXRpb24ifQ=="
"PA::prop::DataCellArtifact::D9_TrainDataset::record::0::cell::ACC_norm::00134","retention_5y","hasErasure","asd","eyJlbmRfbGFiZWwiOiAiRXJhc3VyZUNvbnN0cmFpbnQiLCAic3RhcnRfbGFiZWwiOiAiUHJpdmFjeUFubm90YXRpb24ifQ=="
"PA::prop::DataCellArtifact::D9_TrainDataset::record::0::cell::ACC_norm::00134","AU","allowsRole","asd","eyJlbmRfbGFiZWwiOiAiQWNjZXNzUm9sZSIsICJzdGFydF9sYWJlbCI6ICJQcml2YWN5QW5ub3RhdGlvbiJ9"
"PA::prop::DataCellArtifact::D9_TrainDataset::record::0::cell::ACC_norm::00134","CL","allowsRole","asd","eyJlbmRfbGFiZWwiOiAiQWNjZXNzUm9sZSIsICJzdGFydF9sYWJlbCI6ICJQcml2YWN5QW5ub3RhdGlvbiJ9"
"PA::prop::DataCellArtifact::D9_TrainDataset::record::0::cell::ACC_norm::00134","DPO","allowsRole","asd","eyJlbmRfbGFiZWwiOiAiQWNjZXNzUm9sZSIsICJzdGFydF9sYWJlbCI6ICJQcml2YWN5QW5ub3RhdGlvbiJ9"
"PA::prop::DataCellArtifact::D9_TrainDataset::record::0::cell::ACC_norm::00134","DS","allowsRole","asd","eyJlbmRfbGFiZWwiOiAiQWNjZXNzUm9sZSIsICJzdGFydF9sYWJlbCI6ICJQcml2YWN5QW5ub3RhdGlvbiJ9"
"PA::prop::DataCellArtifact::D9_TrainDataset::record::0::cell::chall_behav::00135","D9_TrainDataset::record::0::cell::chall_behav","annotates","asd","eyJlbmRfbGFiZWwiOiAiRGF0YUNlbGxBcnRpZmFjdCIsICJzdGFydF9sYWJlbCI6ICJQcml2YWN5QW5ub3RhdGlvbiJ9"
"asd_run_001::003::S7_split_train_test","PA::prop::DataCellArtifact::D9_TrainDataset::record::0::cell::chall_behav::00135","generatedPrivacyAnnotation","asd","eyJlbmRfbGFiZWwiOiAiUHJpdmFjeUFubm90YXRpb24iLCAic3RhcnRfbGFiZWwiOiAiU3RlcFJ1biJ9"
"PA::prop::DataCellArtifact::D9_TrainDataset::record::0::cell::chall_behav::00135","asd_run_001::003::S7_split_train_test","wasGeneratedBy","asd","eyJlbmRfbGFiZWwiOiAiU3RlcFJ1biIsICJzdGFydF9sYWJlbCI6ICJQcml2YWN5QW5ub3RhdGlvbiJ9"
"PA::prop::DataCellArtifact::D9_TrainDataset::record::0::cell::chall_behav::00135","S7_split_train_test_policy","usedPolicy","asd","eyJlbmRfbGFiZWwiOiAiT3BlcmF0aW9uUG9saWN5IiwgInN0YXJ0X2xhYmVsIjogIlByaXZhY3lBbm5vdGF0aW9uIn0="
"PA::prop::DataCellArtifact::D9_TrainDataset::record::0::cell::chall_behav::00135","health","hasCategory","asd","eyJlbmRfbGFiZWwiOiAiU2Vuc2l0aXZpdHlDYXRlZ29yeSIsICJleHBsaWNpdCI6IHRydWUsICJzdGFydF9sYWJlbCI6ICJQcml2YWN5QW5ub3RhdGlvbiJ9"
"PA::prop::DataCellArtifact::D9_TrainDataset::record::0::cell::chall_behav::00135","behavioural_sensitive","hasCategory","asd","eyJlbmRfbGFiZWwiOiAiU2Vuc2l0aXZpdHlDYXRlZ29yeSIsICJleHBsaWNpdCI6IHRydWUsICJzdGFydF9sYWJlbCI6ICJQcml2YWN5QW5ub3RhdGlvbiJ9"
"PA::prop::DataCellArtifact::D9_TrainDataset::record::0::cell::chall_behav::00135","sensitive_personal_data","hasCategory","asd","eyJlbmRfbGFiZWwiOiAiU2Vuc2l0aXZpdHlDYXRlZ29yeSIsICJleHBsaWNpdCI6IGZhbHNlLCAic3RhcnRfbGFiZWwiOiAiUHJpdmFjeUFubm90YXRpb24ifQ=="
"PA::prop::DataCellArtifact::D9_TrainDataset::record::0::cell::chall_behav::00135","clinical_research","hasUsage","asd","eyJlbmRfbGFiZWwiOiAiVXNhZ2VDb25zdHJhaW50IiwgInN0YXJ0X2xhYmVsIjogIlByaXZhY3lBbm5vdGF0aW9uIn0="
"PA::prop::DataCellArtifact::D9_TrainDataset::record::0::cell::chall_behav::00135","delete_on_request","hasErasure","asd","eyJlbmRfbGFiZWwiOiAiRXJhc3VyZUNvbnN0cmFpbnQiLCAic3RhcnRfbGFiZWwiOiAiUHJpdmFjeUFubm90YXRpb24ifQ=="
"PA::prop::DataCellArtifact::D9_TrainDataset::record::0::cell::chall_behav::00135","retention_5y","hasErasure","asd","eyJlbmRfbGFiZWwiOiAiRXJhc3VyZUNvbnN0cmFpbnQiLCAic3RhcnRfbGFiZWwiOiAiUHJpdmFjeUFubm90YXRpb24ifQ=="
"PA::prop::DataCellArtifact::D9_TrainDataset::record::0::cell::chall_behav::00135","AU","allowsRole","asd","eyJlbmRfbGFiZWwiOiAiQWNjZXNzUm9sZSIsICJzdGFydF9sYWJlbCI6ICJQcml2YWN5QW5ub3RhdGlvbiJ9"
"PA::prop::DataCellArtifact::D9_TrainDataset::record::0::cell::chall_behav::00135","CL","allowsRole","asd","eyJlbmRfbGFiZWwiOiAiQWNjZXNzUm9sZSIsICJzdGFydF9sYWJlbCI6ICJQcml2YWN5QW5ub3RhdGlvbiJ9"
"PA::prop::DataCellArtifact::D9_TrainDataset::record::0::cell::chall_behav::00135","DPO","allowsRole","asd","eyJlbmRfbGFiZWwiOiAiQWNjZXNzUm9sZSIsICJzdGFydF9sYWJlbCI6ICJQcml2YWN5QW5ub3RhdGlvbiJ9"
"PA::prop::DataCellArtifact::D9_TrainDataset::record::0::cell::chall_behav::00135","DS","allowsRole","asd","eyJlbmRfbGFiZWwiOiAiQWNjZXNzUm9sZSIsICJzdGFydF9sYWJlbCI6ICJQcml2YWN5QW5ub3RhdGlvbiJ9"
"PA::prop::DataCellArtifact::D9_TrainDataset::record::0::cell::sev::00136","D9_TrainDataset::record::0::cell::sev","annotates","asd","eyJlbmRfbGFiZWwiOiAiRGF0YUNlbGxBcnRpZmFjdCIsICJzdGFydF9sYWJlbCI6ICJQcml2YWN5QW5ub3RhdGlvbiJ9"
"asd_run_001::003::S7_split_train_test","PA::prop::DataCellArtifact::D9_TrainDataset::record::0::cell::sev::00136","generatedPrivacyAnnotation","asd","eyJlbmRfbGFiZWwiOiAiUHJpdmFjeUFubm90YXRpb24iLCAic3RhcnRfbGFiZWwiOiAiU3RlcFJ1biJ9"
"PA::prop::DataCellArtifact::D9_TrainDataset::record::0::cell::sev::00136","asd_run_001::003::S7_split_train_test","wasGeneratedBy","asd","eyJlbmRfbGFiZWwiOiAiU3RlcFJ1biIsICJzdGFydF9sYWJlbCI6ICJQcml2YWN5QW5ub3RhdGlvbiJ9"
"PA::prop::DataCellArtifact::D9_TrainDataset::record::0::cell::sev::00136","S7_split_train_test_policy","usedPolicy","asd","eyJlbmRfbGFiZWwiOiAiT3BlcmF0aW9uUG9saWN5IiwgInN0YXJ0X2xhYmVsIjogIlByaXZhY3lBbm5vdGF0aW9uIn0="
"PA::prop::DataCellArtifact::D9_TrainDataset::record::0::cell::sev::00136","health","hasCategory","asd","eyJlbmRfbGFiZWwiOiAiU2Vuc2l0aXZpdHlDYXRlZ29yeSIsICJleHBsaWNpdCI6IHRydWUsICJzdGFydF9sYWJlbCI6ICJQcml2YWN5QW5ub3RhdGlvbiJ9"
"PA::prop::DataCellArtifact::D9_TrainDataset::record::0::cell::sev::00136","behavioural_sensitive","hasCategory","asd","eyJlbmRfbGFiZWwiOiAiU2Vuc2l0aXZpdHlDYXRlZ29yeSIsICJleHBsaWNpdCI6IHRydWUsICJzdGFydF9sYWJlbCI6ICJQcml2YWN5QW5ub3RhdGlvbiJ9"
"PA::prop::DataCellArtifact::D9_TrainDataset::record::0::cell::sev::00136","sensitive_personal_data","hasCategory","asd","eyJlbmRfbGFiZWwiOiAiU2Vuc2l0aXZpdHlDYXRlZ29yeSIsICJleHBsaWNpdCI6IGZhbHNlLCAic3RhcnRfbGFiZWwiOiAiUHJpdmFjeUFubm90YXRpb24ifQ=="
"PA::prop::DataCellArtifact::D9_TrainDataset::record::0::cell::sev::00136","clinical_research","hasUsage","asd","eyJlbmRfbGFiZWwiOiAiVXNhZ2VDb25zdHJhaW50IiwgInN0YXJ0X2xhYmVsIjogIlByaXZhY3lBbm5vdGF0aW9uIn0="
"PA::prop::DataCellArtifact::D9_TrainDataset::record::0::cell::sev::00136","delete_on_request","hasErasure","asd","eyJlbmRfbGFiZWwiOiAiRXJhc3VyZUNvbnN0cmFpbnQiLCAic3RhcnRfbGFiZWwiOiAiUHJpdmFjeUFubm90YXRpb24ifQ=="
"PA::prop::DataCellArtifact::D9_TrainDataset::record::0::cell::sev::00136","retention_5y","hasErasure","asd","eyJlbmRfbGFiZWwiOiAiRXJhc3VyZUNvbnN0cmFpbnQiLCAic3RhcnRfbGFiZWwiOiAiUHJpdmFjeUFubm90YXRpb24ifQ=="
"PA::prop::DataCellArtifact::D9_TrainDataset::record::0::cell::sev::00136","AU","allowsRole","asd","eyJlbmRfbGFiZWwiOiAiQWNjZXNzUm9sZSIsICJzdGFydF9sYWJlbCI6ICJQcml2YWN5QW5ub3RhdGlvbiJ9"
"PA::prop::DataCellArtifact::D9_TrainDataset::record::0::cell::sev::00136","CL","allowsRole","asd","eyJlbmRfbGFiZWwiOiAiQWNjZXNzUm9sZSIsICJzdGFydF9sYWJlbCI6ICJQcml2YWN5QW5ub3RhdGlvbiJ9"
"PA::prop::DataCellArtifact::D9_TrainDataset::record::0::cell::sev::00136","DPO","allowsRole","asd","eyJlbmRfbGFiZWwiOiAiQWNjZXNzUm9sZSIsICJzdGFydF9sYWJlbCI6ICJQcml2YWN5QW5ub3RhdGlvbiJ9"
"PA::prop::DataCellArtifact::D9_TrainDataset::record::0::cell::sev::00136","DS","allowsRole","asd","eyJlbmRfbGFiZWwiOiAiQWNjZXNzUm9sZSIsICJzdGFydF9sYWJlbCI6ICJQcml2YWN5QW5ub3RhdGlvbiJ9"
"PA::prop::DataCellArtifact::D9_TrainDataset::record::0::cell::age_grp::00137","D9_TrainDataset::record::0::cell::age_grp","annotates","asd","eyJlbmRfbGFiZWwiOiAiRGF0YUNlbGxBcnRpZmFjdCIsICJzdGFydF9sYWJlbCI6ICJQcml2YWN5QW5ub3RhdGlvbiJ9"
"asd_run_001::003::S7_split_train_test","PA::prop::DataCellArtifact::D9_TrainDataset::record::0::cell::age_grp::00137","generatedPrivacyAnnotation","asd","eyJlbmRfbGFiZWwiOiAiUHJpdmFjeUFubm90YXRpb24iLCAic3RhcnRfbGFiZWwiOiAiU3RlcFJ1biJ9"
"PA::prop::DataCellArtifact::D9_TrainDataset::record::0::cell::age_grp::00137","asd_run_001::003::S7_split_train_test","wasGeneratedBy","asd","eyJlbmRfbGFiZWwiOiAiU3RlcFJ1biIsICJzdGFydF9sYWJlbCI6ICJQcml2YWN5QW5ub3RhdGlvbiJ9"
"PA::prop::DataCellArtifact::D9_TrainDataset::record::0::cell::age_grp::00137","S7_split_train_test_policy","usedPolicy","asd","eyJlbmRfbGFiZWwiOiAiT3BlcmF0aW9uUG9saWN5IiwgInN0YXJ0X2xhYmVsIjogIlByaXZhY3lBbm5vdGF0aW9uIn0="
"PA::prop::DataCellArtifact::D9_TrainDataset::record::0::cell::age_grp::00137","quasi_identifier","hasCategory","asd","eyJlbmRfbGFiZWwiOiAiU2Vuc2l0aXZpdHlDYXRlZ29yeSIsICJleHBsaWNpdCI6IHRydWUsICJzdGFydF9sYWJlbCI6ICJQcml2YWN5QW5ub3RhdGlvbiJ9"
"PA::prop::DataCellArtifact::D9_TrainDataset::record::0::cell::age_grp::00137","clinical_research","hasUsage","asd","eyJlbmRfbGFiZWwiOiAiVXNhZ2VDb25zdHJhaW50IiwgInN0YXJ0X2xhYmVsIjogIlByaXZhY3lBbm5vdGF0aW9uIn0="
"PA::prop::DataCellArtifact::D9_TrainDataset::record::0::cell::age_grp::00137","delete_on_request","hasErasure","asd","eyJlbmRfbGFiZWwiOiAiRXJhc3VyZUNvbnN0cmFpbnQiLCAic3RhcnRfbGFiZWwiOiAiUHJpdmFjeUFubm90YXRpb24ifQ=="
"PA::prop::DataCellArtifact::D9_TrainDataset::record::0::cell::age_grp::00137","retention_5y","hasErasure","asd","eyJlbmRfbGFiZWwiOiAiRXJhc3VyZUNvbnN0cmFpbnQiLCAic3RhcnRfbGFiZWwiOiAiUHJpdmFjeUFubm90YXRpb24ifQ=="
"PA::prop::DataCellArtifact::D9_TrainDataset::record::0::cell::age_grp::00137","AU","allowsRole","asd","eyJlbmRfbGFiZWwiOiAiQWNjZXNzUm9sZSIsICJzdGFydF9sYWJlbCI6ICJQcml2YWN5QW5ub3RhdGlvbiJ9"
"PA::prop::DataCellArtifact::D9_TrainDataset::record::0::cell::age_grp::00137","CL","allowsRole","asd","eyJlbmRfbGFiZWwiOiAiQWNjZXNzUm9sZSIsICJzdGFydF9sYWJlbCI6ICJQcml2YWN5QW5ub3RhdGlvbiJ9"
"PA::prop::DataCellArtifact::D9_TrainDataset::record::0::cell::age_grp::00137","DPO","allowsRole","asd","eyJlbmRfbGFiZWwiOiAiQWNjZXNzUm9sZSIsICJzdGFydF9sYWJlbCI6ICJQcml2YWN5QW5ub3RhdGlvbiJ9"
"PA::prop::DataCellArtifact::D9_TrainDataset::record::0::cell::age_grp::00137","DS","allowsRole","asd","eyJlbmRfbGFiZWwiOiAiQWNjZXNzUm9sZSIsICJzdGFydF9sYWJlbCI6ICJQcml2YWN5QW5ub3RhdGlvbiJ9"
"PA::prop::DataCellArtifact::D9_TrainDataset::record::0::cell::sex::00138","D9_TrainDataset::record::0::cell::sex","annotates","asd","eyJlbmRfbGFiZWwiOiAiRGF0YUNlbGxBcnRpZmFjdCIsICJzdGFydF9sYWJlbCI6ICJQcml2YWN5QW5ub3RhdGlvbiJ9"
"asd_run_001::003::S7_split_train_test","PA::prop::DataCellArtifact::D9_TrainDataset::record::0::cell::sex::00138","generatedPrivacyAnnotation","asd","eyJlbmRfbGFiZWwiOiAiUHJpdmFjeUFubm90YXRpb24iLCAic3RhcnRfbGFiZWwiOiAiU3RlcFJ1biJ9"
"PA::prop::DataCellArtifact::D9_TrainDataset::record::0::cell::sex::00138","asd_run_001::003::S7_split_train_test","wasGeneratedBy","asd","eyJlbmRfbGFiZWwiOiAiU3RlcFJ1biIsICJzdGFydF9sYWJlbCI6ICJQcml2YWN5QW5ub3RhdGlvbiJ9"
"PA::prop::DataCellArtifact::D9_TrainDataset::record::0::cell::sex::00138","S7_split_train_test_policy","usedPolicy","asd","eyJlbmRfbGFiZWwiOiAiT3BlcmF0aW9uUG9saWN5IiwgInN0YXJ0X2xhYmVsIjogIlByaXZhY3lBbm5vdGF0aW9uIn0="
"PA::prop::DataCellArtifact::D9_TrainDataset::record::0::cell::sex::00138","quasi_identifier","hasCategory","asd","eyJlbmRfbGFiZWwiOiAiU2Vuc2l0aXZpdHlDYXRlZ29yeSIsICJleHBsaWNpdCI6IHRydWUsICJzdGFydF9sYWJlbCI6ICJQcml2YWN5QW5ub3RhdGlvbiJ9"
"PA::prop::DataCellArtifact::D9_TrainDataset::record::0::cell::sex::00138","clinical_research","hasUsage","asd","eyJlbmRfbGFiZWwiOiAiVXNhZ2VDb25zdHJhaW50IiwgInN0YXJ0X2xhYmVsIjogIlByaXZhY3lBbm5vdGF0aW9uIn0="
"PA::prop::DataCellArtifact::D9_TrainDataset::record::0::cell::sex::00138","delete_on_request","hasErasure","asd","eyJlbmRfbGFiZWwiOiAiRXJhc3VyZUNvbnN0cmFpbnQiLCAic3RhcnRfbGFiZWwiOiAiUHJpdmFjeUFubm90YXRpb24ifQ=="
"PA::prop::DataCellArtifact::D9_TrainDataset::record::0::cell::sex::00138","retention_5y","hasErasure","asd","eyJlbmRfbGFiZWwiOiAiRXJhc3VyZUNvbnN0cmFpbnQiLCAic3RhcnRfbGFiZWwiOiAiUHJpdmFjeUFubm90YXRpb24ifQ=="
"PA::prop::DataCellArtifact::D9_TrainDataset::record::0::cell::sex::00138","AU","allowsRole","asd","eyJlbmRfbGFiZWwiOiAiQWNjZXNzUm9sZSIsICJzdGFydF9sYWJlbCI6ICJQcml2YWN5QW5ub3RhdGlvbiJ9"
"PA::prop::DataCellArtifact::D9_TrainDataset::record::0::cell::sex::00138","CL","allowsRole","asd","eyJlbmRfbGFiZWwiOiAiQWNjZXNzUm9sZSIsICJzdGFydF9sYWJlbCI6ICJQcml2YWN5QW5ub3RhdGlvbiJ9"
"PA::prop::DataCellArtifact::D9_TrainDataset::record::0::cell::sex::00138","DPO","allowsRole","asd","eyJlbmRfbGFiZWwiOiAiQWNjZXNzUm9sZSIsICJzdGFydF9sYWJlbCI6ICJQcml2YWN5QW5ub3RhdGlvbiJ9"
"PA::prop::DataCellArtifact::D9_TrainDataset::record::0::cell::sex::00138","DS","allowsRole","asd","eyJlbmRfbGFiZWwiOiAiQWNjZXNzUm9sZSIsICJzdGFydF9sYWJlbCI6ICJQcml2YWN5QW5ub3RhdGlvbiJ9"
"PA::prop::DataCellArtifact::D9_TrainDataset::record::1::cell::HR_norm::00139","D9_TrainDataset::record::1::cell::HR_norm","annotates","asd","eyJlbmRfbGFiZWwiOiAiRGF0YUNlbGxBcnRpZmFjdCIsICJzdGFydF9sYWJlbCI6ICJQcml2YWN5QW5ub3RhdGlvbiJ9"
"asd_run_001::003::S7_split_train_test","PA::prop::DataCellArtifact::D9_TrainDataset::record::1::cell::HR_norm::00139","generatedPrivacyAnnotation","asd","eyJlbmRfbGFiZWwiOiAiUHJpdmFjeUFubm90YXRpb24iLCAic3RhcnRfbGFiZWwiOiAiU3RlcFJ1biJ9"
"PA::prop::DataCellArtifact::D9_TrainDataset::record::1::cell::HR_norm::00139","asd_run_001::003::S7_split_train_test","wasGeneratedBy","asd","eyJlbmRfbGFiZWwiOiAiU3RlcFJ1biIsICJzdGFydF9sYWJlbCI6ICJQcml2YWN5QW5ub3RhdGlvbiJ9"
"PA::prop::DataCellArtifact::D9_TrainDataset::record::1::cell::HR_norm::00139","S7_split_train_test_policy","usedPolicy","asd","eyJlbmRfbGFiZWwiOiAiT3BlcmF0aW9uUG9saWN5IiwgInN0YXJ0X2xhYmVsIjogIlByaXZhY3lBbm5vdGF0aW9uIn0="
"PA::prop::DataCellArtifact::D9_TrainDataset::record::1::cell::HR_norm::00139","biometric","hasCategory","asd","eyJlbmRfbGFiZWwiOiAiU2Vuc2l0aXZpdHlDYXRlZ29yeSIsICJleHBsaWNpdCI6IHRydWUsICJzdGFydF9sYWJlbCI6ICJQcml2YWN5QW5ub3RhdGlvbiJ9"
"PA::prop::DataCellArtifact::D9_TrainDataset::record::1::cell::HR_norm::00139","health","hasCategory","asd","eyJlbmRfbGFiZWwiOiAiU2Vuc2l0aXZpdHlDYXRlZ29yeSIsICJleHBsaWNpdCI6IHRydWUsICJzdGFydF9sYWJlbCI6ICJQcml2YWN5QW5ub3RhdGlvbiJ9"
"PA::prop::DataCellArtifact::D9_TrainDataset::record::1::cell::HR_norm::00139","sensitive_personal_data","hasCategory","asd","eyJlbmRfbGFiZWwiOiAiU2Vuc2l0aXZpdHlDYXRlZ29yeSIsICJleHBsaWNpdCI6IGZhbHNlLCAic3RhcnRfbGFiZWwiOiAiUHJpdmFjeUFubm90YXRpb24ifQ=="
"PA::prop::DataCellArtifact::D9_TrainDataset::record::1::cell::HR_norm::00139","clinical_research","hasUsage","asd","eyJlbmRfbGFiZWwiOiAiVXNhZ2VDb25zdHJhaW50IiwgInN0YXJ0X2xhYmVsIjogIlByaXZhY3lBbm5vdGF0aW9uIn0="
"PA::prop::DataCellArtifact::D9_TrainDataset::record::1::cell::HR_norm::00139","delete_on_request","hasErasure","asd","eyJlbmRfbGFiZWwiOiAiRXJhc3VyZUNvbnN0cmFpbnQiLCAic3RhcnRfbGFiZWwiOiAiUHJpdmFjeUFubm90YXRpb24ifQ=="
"PA::prop::DataCellArtifact::D9_TrainDataset::record::1::cell::HR_norm::00139","retention_5y","hasErasure","asd","eyJlbmRfbGFiZWwiOiAiRXJhc3VyZUNvbnN0cmFpbnQiLCAic3RhcnRfbGFiZWwiOiAiUHJpdmFjeUFubm90YXRpb24ifQ=="
"PA::prop::DataCellArtifact::D9_TrainDataset::record::1::cell::HR_norm::00139","AU","allowsRole","asd","eyJlbmRfbGFiZWwiOiAiQWNjZXNzUm9sZSIsICJzdGFydF9sYWJlbCI6ICJQcml2YWN5QW5ub3RhdGlvbiJ9"
"PA::prop::DataCellArtifact::D9_TrainDataset::record::1::cell::HR_norm::00139","CL","allowsRole","asd","eyJlbmRfbGFiZWwiOiAiQWNjZXNzUm9sZSIsICJzdGFydF9sYWJlbCI6ICJQcml2YWN5QW5ub3RhdGlvbiJ9"
"PA::prop::DataCellArtifact::D9_TrainDataset::record::1::cell::HR_norm::00139","DPO","allowsRole","asd","eyJlbmRfbGFiZWwiOiAiQWNjZXNzUm9sZSIsICJzdGFydF9sYWJlbCI6ICJQcml2YWN5QW5ub3RhdGlvbiJ9"
"PA::prop::DataCellArtifact::D9_TrainDataset::record::1::cell::HR_norm::00139","DS","allowsRole","asd","eyJlbmRfbGFiZWwiOiAiQWNjZXNzUm9sZSIsICJzdGFydF9sYWJlbCI6ICJQcml2YWN5QW5ub3RhdGlvbiJ9"
"PA::prop::DataCellArtifact::D9_TrainDataset::record::1::cell::EDA_norm::00140","D9_TrainDataset::record::1::cell::EDA_norm","annotates","asd","eyJlbmRfbGFiZWwiOiAiRGF0YUNlbGxBcnRpZmFjdCIsICJzdGFydF9sYWJlbCI6ICJQcml2YWN5QW5ub3RhdGlvbiJ9"
"asd_run_001::003::S7_split_train_test","PA::prop::DataCellArtifact::D9_TrainDataset::record::1::cell::EDA_norm::00140","generatedPrivacyAnnotation","asd","eyJlbmRfbGFiZWwiOiAiUHJpdmFjeUFubm90YXRpb24iLCAic3RhcnRfbGFiZWwiOiAiU3RlcFJ1biJ9"
"PA::prop::DataCellArtifact::D9_TrainDataset::record::1::cell::EDA_norm::00140","asd_run_001::003::S7_split_train_test","wasGeneratedBy","asd","eyJlbmRfbGFiZWwiOiAiU3RlcFJ1biIsICJzdGFydF9sYWJlbCI6ICJQcml2YWN5QW5ub3RhdGlvbiJ9"
"PA::prop::DataCellArtifact::D9_TrainDataset::record::1::cell::EDA_norm::00140","S7_split_train_test_policy","usedPolicy","asd","eyJlbmRfbGFiZWwiOiAiT3BlcmF0aW9uUG9saWN5IiwgInN0YXJ0X2xhYmVsIjogIlByaXZhY3lBbm5vdGF0aW9uIn0="
"PA::prop::DataCellArtifact::D9_TrainDataset::record::1::cell::EDA_norm::00140","biometric","hasCategory","asd","eyJlbmRfbGFiZWwiOiAiU2Vuc2l0aXZpdHlDYXRlZ29yeSIsICJleHBsaWNpdCI6IHRydWUsICJzdGFydF9sYWJlbCI6ICJQcml2YWN5QW5ub3RhdGlvbiJ9"
"PA::prop::DataCellArtifact::D9_TrainDataset::record::1::cell::EDA_norm::00140","health","hasCategory","asd","eyJlbmRfbGFiZWwiOiAiU2Vuc2l0aXZpdHlDYXRlZ29yeSIsICJleHBsaWNpdCI6IHRydWUsICJzdGFydF9sYWJlbCI6ICJQcml2YWN5QW5ub3RhdGlvbiJ9"
"PA::prop::DataCellArtifact::D9_TrainDataset::record::1::cell::EDA_norm::00140","sensitive_personal_data","hasCategory","asd","eyJlbmRfbGFiZWwiOiAiU2Vuc2l0aXZpdHlDYXRlZ29yeSIsICJleHBsaWNpdCI6IGZhbHNlLCAic3RhcnRfbGFiZWwiOiAiUHJpdmFjeUFubm90YXRpb24ifQ=="
"PA::prop::DataCellArtifact::D9_TrainDataset::record::1::cell::EDA_norm::00140","clinical_research","hasUsage","asd","eyJlbmRfbGFiZWwiOiAiVXNhZ2VDb25zdHJhaW50IiwgInN0YXJ0X2xhYmVsIjogIlByaXZhY3lBbm5vdGF0aW9uIn0="
"PA::prop::DataCellArtifact::D9_TrainDataset::record::1::cell::EDA_norm::00140","delete_on_request","hasErasure","asd","eyJlbmRfbGFiZWwiOiAiRXJhc3VyZUNvbnN0cmFpbnQiLCAic3RhcnRfbGFiZWwiOiAiUHJpdmFjeUFubm90YXRpb24ifQ=="
"PA::prop::DataCellArtifact::D9_TrainDataset::record::1::cell::EDA_norm::00140","retention_5y","hasErasure","asd","eyJlbmRfbGFiZWwiOiAiRXJhc3VyZUNvbnN0cmFpbnQiLCAic3RhcnRfbGFiZWwiOiAiUHJpdmFjeUFubm90YXRpb24ifQ=="
"PA::prop::DataCellArtifact::D9_TrainDataset::record::1::cell::EDA_norm::00140","AU","allowsRole","asd","eyJlbmRfbGFiZWwiOiAiQWNjZXNzUm9sZSIsICJzdGFydF9sYWJlbCI6ICJQcml2YWN5QW5ub3RhdGlvbiJ9"
"PA::prop::DataCellArtifact::D9_TrainDataset::record::1::cell::EDA_norm::00140","CL","allowsRole","asd","eyJlbmRfbGFiZWwiOiAiQWNjZXNzUm9sZSIsICJzdGFydF9sYWJlbCI6ICJQcml2YWN5QW5ub3RhdGlvbiJ9"
"PA::prop::DataCellArtifact::D9_TrainDataset::record::1::cell::EDA_norm::00140","DPO","allowsRole","asd","eyJlbmRfbGFiZWwiOiAiQWNjZXNzUm9sZSIsICJzdGFydF9sYWJlbCI6ICJQcml2YWN5QW5ub3RhdGlvbiJ9"
"PA::prop::DataCellArtifact::D9_TrainDataset::record::1::cell::EDA_norm::00140","DS","allowsRole","asd","eyJlbmRfbGFiZWwiOiAiQWNjZXNzUm9sZSIsICJzdGFydF9sYWJlbCI6ICJQcml2YWN5QW5ub3RhdGlvbiJ9"
"PA::prop::DataCellArtifact::D9_TrainDataset::record::1::cell::ACC_norm::00141","D9_TrainDataset::record::1::cell::ACC_norm","annotates","asd","eyJlbmRfbGFiZWwiOiAiRGF0YUNlbGxBcnRpZmFjdCIsICJzdGFydF9sYWJlbCI6ICJQcml2YWN5QW5ub3RhdGlvbiJ9"
"asd_run_001::003::S7_split_train_test","PA::prop::DataCellArtifact::D9_TrainDataset::record::1::cell::ACC_norm::00141","generatedPrivacyAnnotation","asd","eyJlbmRfbGFiZWwiOiAiUHJpdmFjeUFubm90YXRpb24iLCAic3RhcnRfbGFiZWwiOiAiU3RlcFJ1biJ9"
"PA::prop::DataCellArtifact::D9_TrainDataset::record::1::cell::ACC_norm::00141","asd_run_001::003::S7_split_train_test","wasGeneratedBy","asd","eyJlbmRfbGFiZWwiOiAiU3RlcFJ1biIsICJzdGFydF9sYWJlbCI6ICJQcml2YWN5QW5ub3RhdGlvbiJ9"
"PA::prop::DataCellArtifact::D9_TrainDataset::record::1::cell::ACC_norm::00141","S7_split_train_test_policy","usedPolicy","asd","eyJlbmRfbGFiZWwiOiAiT3BlcmF0aW9uUG9saWN5IiwgInN0YXJ0X2xhYmVsIjogIlByaXZhY3lBbm5vdGF0aW9uIn0="
"PA::prop::DataCellArtifact::D9_TrainDataset::record::1::cell::ACC_norm::00141","behavioural_sensor_data","hasCategory","asd","eyJlbmRfbGFiZWwiOiAiU2Vuc2l0aXZpdHlDYXRlZ29yeSIsICJleHBsaWNpdCI6IHRydWUsICJzdGFydF9sYWJlbCI6ICJQcml2YWN5QW5ub3RhdGlvbiJ9"
"PA::prop::DataCellArtifact::D9_TrainDataset::record::1::cell::ACC_norm::00141","clinical_research","hasUsage","asd","eyJlbmRfbGFiZWwiOiAiVXNhZ2VDb25zdHJhaW50IiwgInN0YXJ0X2xhYmVsIjogIlByaXZhY3lBbm5vdGF0aW9uIn0="
"PA::prop::DataCellArtifact::D9_TrainDataset::record::1::cell::ACC_norm::00141","delete_on_request","hasErasure","asd","eyJlbmRfbGFiZWwiOiAiRXJhc3VyZUNvbnN0cmFpbnQiLCAic3RhcnRfbGFiZWwiOiAiUHJpdmFjeUFubm90YXRpb24ifQ=="
"PA::prop::DataCellArtifact::D9_TrainDataset::record::1::cell::ACC_norm::00141","retention_5y","hasErasure","asd","eyJlbmRfbGFiZWwiOiAiRXJhc3VyZUNvbnN0cmFpbnQiLCAic3RhcnRfbGFiZWwiOiAiUHJpdmFjeUFubm90YXRpb24ifQ=="
"PA::prop::DataCellArtifact::D9_TrainDataset::record::1::cell::ACC_norm::00141","AU","allowsRole","asd","eyJlbmRfbGFiZWwiOiAiQWNjZXNzUm9sZSIsICJzdGFydF9sYWJlbCI6ICJQcml2YWN5QW5ub3RhdGlvbiJ9"
"PA::prop::DataCellArtifact::D9_TrainDataset::record::1::cell::ACC_norm::00141","CL","allowsRole","asd","eyJlbmRfbGFiZWwiOiAiQWNjZXNzUm9sZSIsICJzdGFydF9sYWJlbCI6ICJQcml2YWN5QW5ub3RhdGlvbiJ9"
"PA::prop::DataCellArtifact::D9_TrainDataset::record::1::cell::ACC_norm::00141","DPO","allowsRole","asd","eyJlbmRfbGFiZWwiOiAiQWNjZXNzUm9sZSIsICJzdGFydF9sYWJlbCI6ICJQcml2YWN5QW5ub3RhdGlvbiJ9"
"PA::prop::DataCellArtifact::D9_TrainDataset::record::1::cell::ACC_norm::00141","DS","allowsRole","asd","eyJlbmRfbGFiZWwiOiAiQWNjZXNzUm9sZSIsICJzdGFydF9sYWJlbCI6ICJQcml2YWN5QW5ub3RhdGlvbiJ9"
"PA::prop::DataCellArtifact::D9_TrainDataset::record::1::cell::chall_behav::00142","D9_TrainDataset::record::1::cell::chall_behav","annotates","asd","eyJlbmRfbGFiZWwiOiAiRGF0YUNlbGxBcnRpZmFjdCIsICJzdGFydF9sYWJlbCI6ICJQcml2YWN5QW5ub3RhdGlvbiJ9"
"asd_run_001::003::S7_split_train_test","PA::prop::DataCellArtifact::D9_TrainDataset::record::1::cell::chall_behav::00142","generatedPrivacyAnnotation","asd","eyJlbmRfbGFiZWwiOiAiUHJpdmFjeUFubm90YXRpb24iLCAic3RhcnRfbGFiZWwiOiAiU3RlcFJ1biJ9"
"PA::prop::DataCellArtifact::D9_TrainDataset::record::1::cell::chall_behav::00142","asd_run_001::003::S7_split_train_test","wasGeneratedBy","asd","eyJlbmRfbGFiZWwiOiAiU3RlcFJ1biIsICJzdGFydF9sYWJlbCI6ICJQcml2YWN5QW5ub3RhdGlvbiJ9"
"PA::prop::DataCellArtifact::D9_TrainDataset::record::1::cell::chall_behav::00142","S7_split_train_test_policy","usedPolicy","asd","eyJlbmRfbGFiZWwiOiAiT3BlcmF0aW9uUG9saWN5IiwgInN0YXJ0X2xhYmVsIjogIlByaXZhY3lBbm5vdGF0aW9uIn0="
"PA::prop::DataCellArtifact::D9_TrainDataset::record::1::cell::chall_behav::00142","health","hasCategory","asd","eyJlbmRfbGFiZWwiOiAiU2Vuc2l0aXZpdHlDYXRlZ29yeSIsICJleHBsaWNpdCI6IHRydWUsICJzdGFydF9sYWJlbCI6ICJQcml2YWN5QW5ub3RhdGlvbiJ9"
"PA::prop::DataCellArtifact::D9_TrainDataset::record::1::cell::chall_behav::00142","behavioural_sensitive","hasCategory","asd","eyJlbmRfbGFiZWwiOiAiU2Vuc2l0aXZpdHlDYXRlZ29yeSIsICJleHBsaWNpdCI6IHRydWUsICJzdGFydF9sYWJlbCI6ICJQcml2YWN5QW5ub3RhdGlvbiJ9"
"PA::prop::DataCellArtifact::D9_TrainDataset::record::1::cell::chall_behav::00142","sensitive_personal_data","hasCategory","asd","eyJlbmRfbGFiZWwiOiAiU2Vuc2l0aXZpdHlDYXRlZ29yeSIsICJleHBsaWNpdCI6IGZhbHNlLCAic3RhcnRfbGFiZWwiOiAiUHJpdmFjeUFubm90YXRpb24ifQ=="
"PA::prop::DataCellArtifact::D9_TrainDataset::record::1::cell::chall_behav::00142","clinical_research","hasUsage","asd","eyJlbmRfbGFiZWwiOiAiVXNhZ2VDb25zdHJhaW50IiwgInN0YXJ0X2xhYmVsIjogIlByaXZhY3lBbm5vdGF0aW9uIn0="
"PA::prop::DataCellArtifact::D9_TrainDataset::record::1::cell::chall_behav::00142","delete_on_request","hasErasure","asd","eyJlbmRfbGFiZWwiOiAiRXJhc3VyZUNvbnN0cmFpbnQiLCAic3RhcnRfbGFiZWwiOiAiUHJpdmFjeUFubm90YXRpb24ifQ=="
"PA::prop::DataCellArtifact::D9_TrainDataset::record::1::cell::chall_behav::00142","retention_5y","hasErasure","asd","eyJlbmRfbGFiZWwiOiAiRXJhc3VyZUNvbnN0cmFpbnQiLCAic3RhcnRfbGFiZWwiOiAiUHJpdmFjeUFubm90YXRpb24ifQ=="
"PA::prop::DataCellArtifact::D9_TrainDataset::record::1::cell::chall_behav::00142","AU","allowsRole","asd","eyJlbmRfbGFiZWwiOiAiQWNjZXNzUm9sZSIsICJzdGFydF9sYWJlbCI6ICJQcml2YWN5QW5ub3RhdGlvbiJ9"
"PA::prop::DataCellArtifact::D9_TrainDataset::record::1::cell::chall_behav::00142","CL","allowsRole","asd","eyJlbmRfbGFiZWwiOiAiQWNjZXNzUm9sZSIsICJzdGFydF9sYWJlbCI6ICJQcml2YWN5QW5ub3RhdGlvbiJ9"
"PA::prop::DataCellArtifact::D9_TrainDataset::record::1::cell::chall_behav::00142","DPO","allowsRole","asd","eyJlbmRfbGFiZWwiOiAiQWNjZXNzUm9sZSIsICJzdGFydF9sYWJlbCI6ICJQcml2YWN5QW5ub3RhdGlvbiJ9"
"PA::prop::DataCellArtifact::D9_TrainDataset::record::1::cell::chall_behav::00142","DS","allowsRole","asd","eyJlbmRfbGFiZWwiOiAiQWNjZXNzUm9sZSIsICJzdGFydF9sYWJlbCI6ICJQcml2YWN5QW5ub3RhdGlvbiJ9"
"PA::prop::DataCellArtifact::D9_TrainDataset::record::1::cell::sev::00143","D9_TrainDataset::record::1::cell::sev","annotates","asd","eyJlbmRfbGFiZWwiOiAiRGF0YUNlbGxBcnRpZmFjdCIsICJzdGFydF9sYWJlbCI6ICJQcml2YWN5QW5ub3RhdGlvbiJ9"
"asd_run_001::003::S7_split_train_test","PA::prop::DataCellArtifact::D9_TrainDataset::record::1::cell::sev::00143","generatedPrivacyAnnotation","asd","eyJlbmRfbGFiZWwiOiAiUHJpdmFjeUFubm90YXRpb24iLCAic3RhcnRfbGFiZWwiOiAiU3RlcFJ1biJ9"
"PA::prop::DataCellArtifact::D9_TrainDataset::record::1::cell::sev::00143","asd_run_001::003::S7_split_train_test","wasGeneratedBy","asd","eyJlbmRfbGFiZWwiOiAiU3RlcFJ1biIsICJzdGFydF9sYWJlbCI6ICJQcml2YWN5QW5ub3RhdGlvbiJ9"
"PA::prop::DataCellArtifact::D9_TrainDataset::record::1::cell::sev::00143","S7_split_train_test_policy","usedPolicy","asd","eyJlbmRfbGFiZWwiOiAiT3BlcmF0aW9uUG9saWN5IiwgInN0YXJ0X2xhYmVsIjogIlByaXZhY3lBbm5vdGF0aW9uIn0="
"PA::prop::DataCellArtifact::D9_TrainDataset::record::1::cell::sev::00143","health","hasCategory","asd","eyJlbmRfbGFiZWwiOiAiU2Vuc2l0aXZpdHlDYXRlZ29yeSIsICJleHBsaWNpdCI6IHRydWUsICJzdGFydF9sYWJlbCI6ICJQcml2YWN5QW5ub3RhdGlvbiJ9"
"PA::prop::DataCellArtifact::D9_TrainDataset::record::1::cell::sev::00143","behavioural_sensitive","hasCategory","asd","eyJlbmRfbGFiZWwiOiAiU2Vuc2l0aXZpdHlDYXRlZ29yeSIsICJleHBsaWNpdCI6IHRydWUsICJzdGFydF9sYWJlbCI6ICJQcml2YWN5QW5ub3RhdGlvbiJ9"
"PA::prop::DataCellArtifact::D9_TrainDataset::record::1::cell::sev::00143","sensitive_personal_data","hasCategory","asd","eyJlbmRfbGFiZWwiOiAiU2Vuc2l0aXZpdHlDYXRlZ29yeSIsICJleHBsaWNpdCI6IGZhbHNlLCAic3RhcnRfbGFiZWwiOiAiUHJpdmFjeUFubm90YXRpb24ifQ=="
"PA::prop::DataCellArtifact::D9_TrainDataset::record::1::cell::sev::00143","clinical_research","hasUsage","asd","eyJlbmRfbGFiZWwiOiAiVXNhZ2VDb25zdHJhaW50IiwgInN0YXJ0X2xhYmVsIjogIlByaXZhY3lBbm5vdGF0aW9uIn0="
"PA::prop::DataCellArtifact::D9_TrainDataset::record::1::cell::sev::00143","delete_on_request","hasErasure","asd","eyJlbmRfbGFiZWwiOiAiRXJhc3VyZUNvbnN0cmFpbnQiLCAic3RhcnRfbGFiZWwiOiAiUHJpdmFjeUFubm90YXRpb24ifQ=="
"PA::prop::DataCellArtifact::D9_TrainDataset::record::1::cell::sev::00143","retention_5y","hasErasure","asd","eyJlbmRfbGFiZWwiOiAiRXJhc3VyZUNvbnN0cmFpbnQiLCAic3RhcnRfbGFiZWwiOiAiUHJpdmFjeUFubm90YXRpb24ifQ=="
"PA::prop::DataCellArtifact::D9_TrainDataset::record::1::cell::sev::00143","AU","allowsRole","asd","eyJlbmRfbGFiZWwiOiAiQWNjZXNzUm9sZSIsICJzdGFydF9sYWJlbCI6ICJQcml2YWN5QW5ub3RhdGlvbiJ9"
"PA::prop::DataCellArtifact::D9_TrainDataset::record::1::cell::sev::00143","CL","allowsRole","asd","eyJlbmRfbGFiZWwiOiAiQWNjZXNzUm9sZSIsICJzdGFydF9sYWJlbCI6ICJQcml2YWN5QW5ub3RhdGlvbiJ9"
"PA::prop::DataCellArtifact::D9_TrainDataset::record::1::cell::sev::00143","DPO","allowsRole","asd","eyJlbmRfbGFiZWwiOiAiQWNjZXNzUm9sZSIsICJzdGFydF9sYWJlbCI6ICJQcml2YWN5QW5ub3RhdGlvbiJ9"
"PA::prop::DataCellArtifact::D9_TrainDataset::record::1::cell::sev::00143","DS","allowsRole","asd","eyJlbmRfbGFiZWwiOiAiQWNjZXNzUm9sZSIsICJzdGFydF9sYWJlbCI6ICJQcml2YWN5QW5ub3RhdGlvbiJ9"
"PA::prop::DataCellArtifact::D9_TrainDataset::record::1::cell::age_grp::00144","D9_TrainDataset::record::1::cell::age_grp","annotates","asd","eyJlbmRfbGFiZWwiOiAiRGF0YUNlbGxBcnRpZmFjdCIsICJzdGFydF9sYWJlbCI6ICJQcml2YWN5QW5ub3RhdGlvbiJ9"
"asd_run_001::003::S7_split_train_test","PA::prop::DataCellArtifact::D9_TrainDataset::record::1::cell::age_grp::00144","generatedPrivacyAnnotation","asd","eyJlbmRfbGFiZWwiOiAiUHJpdmFjeUFubm90YXRpb24iLCAic3RhcnRfbGFiZWwiOiAiU3RlcFJ1biJ9"
"PA::prop::DataCellArtifact::D9_TrainDataset::record::1::cell::age_grp::00144","asd_run_001::003::S7_split_train_test","wasGeneratedBy","asd","eyJlbmRfbGFiZWwiOiAiU3RlcFJ1biIsICJzdGFydF9sYWJlbCI6ICJQcml2YWN5QW5ub3RhdGlvbiJ9"
"PA::prop::DataCellArtifact::D9_TrainDataset::record::1::cell::age_grp::00144","S7_split_train_test_policy","usedPolicy","asd","eyJlbmRfbGFiZWwiOiAiT3BlcmF0aW9uUG9saWN5IiwgInN0YXJ0X2xhYmVsIjogIlByaXZhY3lBbm5vdGF0aW9uIn0="
"PA::prop::DataCellArtifact::D9_TrainDataset::record::1::cell::age_grp::00144","quasi_identifier","hasCategory","asd","eyJlbmRfbGFiZWwiOiAiU2Vuc2l0aXZpdHlDYXRlZ29yeSIsICJleHBsaWNpdCI6IHRydWUsICJzdGFydF9sYWJlbCI6ICJQcml2YWN5QW5ub3RhdGlvbiJ9"
"PA::prop::DataCellArtifact::D9_TrainDataset::record::1::cell::age_grp::00144","clinical_research","hasUsage","asd","eyJlbmRfbGFiZWwiOiAiVXNhZ2VDb25zdHJhaW50IiwgInN0YXJ0X2xhYmVsIjogIlByaXZhY3lBbm5vdGF0aW9uIn0="
"PA::prop::DataCellArtifact::D9_TrainDataset::record::1::cell::age_grp::00144","delete_on_request","hasErasure","asd","eyJlbmRfbGFiZWwiOiAiRXJhc3VyZUNvbnN0cmFpbnQiLCAic3RhcnRfbGFiZWwiOiAiUHJpdmFjeUFubm90YXRpb24ifQ=="
"PA::prop::DataCellArtifact::D9_TrainDataset::record::1::cell::age_grp::00144","retention_5y","hasErasure","asd","eyJlbmRfbGFiZWwiOiAiRXJhc3VyZUNvbnN0cmFpbnQiLCAic3RhcnRfbGFiZWwiOiAiUHJpdmFjeUFubm90YXRpb24ifQ=="
"PA::prop::DataCellArtifact::D9_TrainDataset::record::1::cell::age_grp::00144","AU","allowsRole","asd","eyJlbmRfbGFiZWwiOiAiQWNjZXNzUm9sZSIsICJzdGFydF9sYWJlbCI6ICJQcml2YWN5QW5ub3RhdGlvbiJ9"
"PA::prop::DataCellArtifact::D9_TrainDataset::record::1::cell::age_grp::00144","CL","allowsRole","asd","eyJlbmRfbGFiZWwiOiAiQWNjZXNzUm9sZSIsICJzdGFydF9sYWJlbCI6ICJQcml2YWN5QW5ub3RhdGlvbiJ9"
"PA::prop::DataCellArtifact::D9_TrainDataset::record::1::cell::age_grp::00144","DPO","allowsRole","asd","eyJlbmRfbGFiZWwiOiAiQWNjZXNzUm9sZSIsICJzdGFydF9sYWJlbCI6ICJQcml2YWN5QW5ub3RhdGlvbiJ9"
"PA::prop::DataCellArtifact::D9_TrainDataset::record::1::cell::age_grp::00144","DS","allowsRole","asd","eyJlbmRfbGFiZWwiOiAiQWNjZXNzUm9sZSIsICJzdGFydF9sYWJlbCI6ICJQcml2YWN5QW5ub3RhdGlvbiJ9"
"PA::prop::DataCellArtifact::D9_TrainDataset::record::1::cell::sex::00145","D9_TrainDataset::record::1::cell::sex","annotates","asd","eyJlbmRfbGFiZWwiOiAiRGF0YUNlbGxBcnRpZmFjdCIsICJzdGFydF9sYWJlbCI6ICJQcml2YWN5QW5ub3RhdGlvbiJ9"
"asd_run_001::003::S7_split_train_test","PA::prop::DataCellArtifact::D9_TrainDataset::record::1::cell::sex::00145","generatedPrivacyAnnotation","asd","eyJlbmRfbGFiZWwiOiAiUHJpdmFjeUFubm90YXRpb24iLCAic3RhcnRfbGFiZWwiOiAiU3RlcFJ1biJ9"
"PA::prop::DataCellArtifact::D9_TrainDataset::record::1::cell::sex::00145","asd_run_001::003::S7_split_train_test","wasGeneratedBy","asd","eyJlbmRfbGFiZWwiOiAiU3RlcFJ1biIsICJzdGFydF9sYWJlbCI6ICJQcml2YWN5QW5ub3RhdGlvbiJ9"
"PA::prop::DataCellArtifact::D9_TrainDataset::record::1::cell::sex::00145","S7_split_train_test_policy","usedPolicy","asd","eyJlbmRfbGFiZWwiOiAiT3BlcmF0aW9uUG9saWN5IiwgInN0YXJ0X2xhYmVsIjogIlByaXZhY3lBbm5vdGF0aW9uIn0="
"PA::prop::DataCellArtifact::D9_TrainDataset::record::1::cell::sex::00145","quasi_identifier","hasCategory","asd","eyJlbmRfbGFiZWwiOiAiU2Vuc2l0aXZpdHlDYXRlZ29yeSIsICJleHBsaWNpdCI6IHRydWUsICJzdGFydF9sYWJlbCI6ICJQcml2YWN5QW5ub3RhdGlvbiJ9"
"PA::prop::DataCellArtifact::D9_TrainDataset::record::1::cell::sex::00145","clinical_research","hasUsage","asd","eyJlbmRfbGFiZWwiOiAiVXNhZ2VDb25zdHJhaW50IiwgInN0YXJ0X2xhYmVsIjogIlByaXZhY3lBbm5vdGF0aW9uIn0="
"PA::prop::DataCellArtifact::D9_TrainDataset::record::1::cell::sex::00145","delete_on_request","hasErasure","asd","eyJlbmRfbGFiZWwiOiAiRXJhc3VyZUNvbnN0cmFpbnQiLCAic3RhcnRfbGFiZWwiOiAiUHJpdmFjeUFubm90YXRpb24ifQ=="
"PA::prop::DataCellArtifact::D9_TrainDataset::record::1::cell::sex::00145","retention_5y","hasErasure","asd","eyJlbmRfbGFiZWwiOiAiRXJhc3VyZUNvbnN0cmFpbnQiLCAic3RhcnRfbGFiZWwiOiAiUHJpdmFjeUFubm90YXRpb24ifQ=="
"PA::prop::DataCellArtifact::D9_TrainDataset::record::1::cell::sex::00145","AU","allowsRole","asd","eyJlbmRfbGFiZWwiOiAiQWNjZXNzUm9sZSIsICJzdGFydF9sYWJlbCI6ICJQcml2YWN5QW5ub3RhdGlvbiJ9"
"PA::prop::DataCellArtifact::D9_TrainDataset::record::1::cell::sex::00145","CL","allowsRole","asd","eyJlbmRfbGFiZWwiOiAiQWNjZXNzUm9sZSIsICJzdGFydF9sYWJlbCI6ICJQcml2YWN5QW5ub3RhdGlvbiJ9"
"PA::prop::DataCellArtifact::D9_TrainDataset::record::1::cell::sex::00145","DPO","allowsRole","asd","eyJlbmRfbGFiZWwiOiAiQWNjZXNzUm9sZSIsICJzdGFydF9sYWJlbCI6ICJQcml2YWN5QW5ub3RhdGlvbiJ9"
"PA::prop::DataCellArtifact::D9_TrainDataset::record::1::cell::sex::00145","DS","allowsRole","asd","eyJlbmRfbGFiZWwiOiAiQWNjZXNzUm9sZSIsICJzdGFydF9sYWJlbCI6ICJQcml2YWN5QW5ub3RhdGlvbiJ9"
"PA::prop::DataRecordArtifact::D9_TrainDataset::record::0::00146","D9_TrainDataset::record::0","annotates","asd","eyJlbmRfbGFiZWwiOiAiRGF0YVJlY29yZEFydGlmYWN0IiwgInN0YXJ0X2xhYmVsIjogIlByaXZhY3lBbm5vdGF0aW9uIn0="
"asd_run_001::003::S7_split_train_test","PA::prop::DataRecordArtifact::D9_TrainDataset::record::0::00146","generatedPrivacyAnnotation","asd","eyJlbmRfbGFiZWwiOiAiUHJpdmFjeUFubm90YXRpb24iLCAic3RhcnRfbGFiZWwiOiAiU3RlcFJ1biJ9"
"PA::prop::DataRecordArtifact::D9_TrainDataset::record::0::00146","asd_run_001::003::S7_split_train_test","wasGeneratedBy","asd","eyJlbmRfbGFiZWwiOiAiU3RlcFJ1biIsICJzdGFydF9sYWJlbCI6ICJQcml2YWN5QW5ub3RhdGlvbiJ9"
"PA::prop::DataRecordArtifact::D9_TrainDataset::record::0::00146","S7_split_train_test_policy","usedPolicy","asd","eyJlbmRfbGFiZWwiOiAiT3BlcmF0aW9uUG9saWN5IiwgInN0YXJ0X2xhYmVsIjogIlByaXZhY3lBbm5vdGF0aW9uIn0="
"PA::prop::DataRecordArtifact::D9_TrainDataset::record::0::00146","biometric","hasCategory","asd","eyJlbmRfbGFiZWwiOiAiU2Vuc2l0aXZpdHlDYXRlZ29yeSIsICJleHBsaWNpdCI6IHRydWUsICJzdGFydF9sYWJlbCI6ICJQcml2YWN5QW5ub3RhdGlvbiJ9"
"PA::prop::DataRecordArtifact::D9_TrainDataset::record::0::00146","health","hasCategory","asd","eyJlbmRfbGFiZWwiOiAiU2Vuc2l0aXZpdHlDYXRlZ29yeSIsICJleHBsaWNpdCI6IHRydWUsICJzdGFydF9sYWJlbCI6ICJQcml2YWN5QW5ub3RhdGlvbiJ9"
"PA::prop::DataRecordArtifact::D9_TrainDataset::record::0::00146","behavioural_sensor_data","hasCategory","asd","eyJlbmRfbGFiZWwiOiAiU2Vuc2l0aXZpdHlDYXRlZ29yeSIsICJleHBsaWNpdCI6IHRydWUsICJzdGFydF9sYWJlbCI6ICJQcml2YWN5QW5ub3RhdGlvbiJ9"
"PA::prop::DataRecordArtifact::D9_TrainDataset::record::0::00146","behavioural_sensitive","hasCategory","asd","eyJlbmRfbGFiZWwiOiAiU2Vuc2l0aXZpdHlDYXRlZ29yeSIsICJleHBsaWNpdCI6IHRydWUsICJzdGFydF9sYWJlbCI6ICJQcml2YWN5QW5ub3RhdGlvbiJ9"
"PA::prop::DataRecordArtifact::D9_TrainDataset::record::0::00146","quasi_identifier","hasCategory","asd","eyJlbmRfbGFiZWwiOiAiU2Vuc2l0aXZpdHlDYXRlZ29yeSIsICJleHBsaWNpdCI6IHRydWUsICJzdGFydF9sYWJlbCI6ICJQcml2YWN5QW5ub3RhdGlvbiJ9"
"PA::prop::DataRecordArtifact::D9_TrainDataset::record::0::00146","sensitive_personal_data","hasCategory","asd","eyJlbmRfbGFiZWwiOiAiU2Vuc2l0aXZpdHlDYXRlZ29yeSIsICJleHBsaWNpdCI6IGZhbHNlLCAic3RhcnRfbGFiZWwiOiAiUHJpdmFjeUFubm90YXRpb24ifQ=="
"PA::prop::DataRecordArtifact::D9_TrainDataset::record::0::00146","clinical_research","hasUsage","asd","eyJlbmRfbGFiZWwiOiAiVXNhZ2VDb25zdHJhaW50IiwgInN0YXJ0X2xhYmVsIjogIlByaXZhY3lBbm5vdGF0aW9uIn0="
"PA::prop::DataRecordArtifact::D9_TrainDataset::record::0::00146","delete_on_request","hasErasure","asd","eyJlbmRfbGFiZWwiOiAiRXJhc3VyZUNvbnN0cmFpbnQiLCAic3RhcnRfbGFiZWwiOiAiUHJpdmFjeUFubm90YXRpb24ifQ=="
"PA::prop::DataRecordArtifact::D9_TrainDataset::record::0::00146","retention_5y","hasErasure","asd","eyJlbmRfbGFiZWwiOiAiRXJhc3VyZUNvbnN0cmFpbnQiLCAic3RhcnRfbGFiZWwiOiAiUHJpdmFjeUFubm90YXRpb24ifQ=="
"PA::prop::DataRecordArtifact::D9_TrainDataset::record::0::00146","AU","allowsRole","asd","eyJlbmRfbGFiZWwiOiAiQWNjZXNzUm9sZSIsICJzdGFydF9sYWJlbCI6ICJQcml2YWN5QW5ub3RhdGlvbiJ9"
"PA::prop::DataRecordArtifact::D9_TrainDataset::record::0::00146","CL","allowsRole","asd","eyJlbmRfbGFiZWwiOiAiQWNjZXNzUm9sZSIsICJzdGFydF9sYWJlbCI6ICJQcml2YWN5QW5ub3RhdGlvbiJ9"
"PA::prop::DataRecordArtifact::D9_TrainDataset::record::0::00146","DPO","allowsRole","asd","eyJlbmRfbGFiZWwiOiAiQWNjZXNzUm9sZSIsICJzdGFydF9sYWJlbCI6ICJQcml2YWN5QW5ub3RhdGlvbiJ9"
"PA::prop::DataRecordArtifact::D9_TrainDataset::record::0::00146","DS","allowsRole","asd","eyJlbmRfbGFiZWwiOiAiQWNjZXNzUm9sZSIsICJzdGFydF9sYWJlbCI6ICJQcml2YWN5QW5ub3RhdGlvbiJ9"
"PA::prop::DataRecordArtifact::D9_TrainDataset::record::1::00147","D9_TrainDataset::record::1","annotates","asd","eyJlbmRfbGFiZWwiOiAiRGF0YVJlY29yZEFydGlmYWN0IiwgInN0YXJ0X2xhYmVsIjogIlByaXZhY3lBbm5vdGF0aW9uIn0="
"asd_run_001::003::S7_split_train_test","PA::prop::DataRecordArtifact::D9_TrainDataset::record::1::00147","generatedPrivacyAnnotation","asd","eyJlbmRfbGFiZWwiOiAiUHJpdmFjeUFubm90YXRpb24iLCAic3RhcnRfbGFiZWwiOiAiU3RlcFJ1biJ9"
"PA::prop::DataRecordArtifact::D9_TrainDataset::record::1::00147","asd_run_001::003::S7_split_train_test","wasGeneratedBy","asd","eyJlbmRfbGFiZWwiOiAiU3RlcFJ1biIsICJzdGFydF9sYWJlbCI6ICJQcml2YWN5QW5ub3RhdGlvbiJ9"
"PA::prop::DataRecordArtifact::D9_TrainDataset::record::1::00147","S7_split_train_test_policy","usedPolicy","asd","eyJlbmRfbGFiZWwiOiAiT3BlcmF0aW9uUG9saWN5IiwgInN0YXJ0X2xhYmVsIjogIlByaXZhY3lBbm5vdGF0aW9uIn0="
"PA::prop::DataRecordArtifact::D9_TrainDataset::record::1::00147","biometric","hasCategory","asd","eyJlbmRfbGFiZWwiOiAiU2Vuc2l0aXZpdHlDYXRlZ29yeSIsICJleHBsaWNpdCI6IHRydWUsICJzdGFydF9sYWJlbCI6ICJQcml2YWN5QW5ub3RhdGlvbiJ9"
"PA::prop::DataRecordArtifact::D9_TrainDataset::record::1::00147","health","hasCategory","asd","eyJlbmRfbGFiZWwiOiAiU2Vuc2l0aXZpdHlDYXRlZ29yeSIsICJleHBsaWNpdCI6IHRydWUsICJzdGFydF9sYWJlbCI6ICJQcml2YWN5QW5ub3RhdGlvbiJ9"
"PA::prop::DataRecordArtifact::D9_TrainDataset::record::1::00147","behavioural_sensor_data","hasCategory","asd","eyJlbmRfbGFiZWwiOiAiU2Vuc2l0aXZpdHlDYXRlZ29yeSIsICJleHBsaWNpdCI6IHRydWUsICJzdGFydF9sYWJlbCI6ICJQcml2YWN5QW5ub3RhdGlvbiJ9"
"PA::prop::DataRecordArtifact::D9_TrainDataset::record::1::00147","behavioural_sensitive","hasCategory","asd","eyJlbmRfbGFiZWwiOiAiU2Vuc2l0aXZpdHlDYXRlZ29yeSIsICJleHBsaWNpdCI6IHRydWUsICJzdGFydF9sYWJlbCI6ICJQcml2YWN5QW5ub3RhdGlvbiJ9"
"PA::prop::DataRecordArtifact::D9_TrainDataset::record::1::00147","quasi_identifier","hasCategory","asd","eyJlbmRfbGFiZWwiOiAiU2Vuc2l0aXZpdHlDYXRlZ29yeSIsICJleHBsaWNpdCI6IHRydWUsICJzdGFydF9sYWJlbCI6ICJQcml2YWN5QW5ub3RhdGlvbiJ9"
"PA::prop::DataRecordArtifact::D9_TrainDataset::record::1::00147","sensitive_personal_data","hasCategory","asd","eyJlbmRfbGFiZWwiOiAiU2Vuc2l0aXZpdHlDYXRlZ29yeSIsICJleHBsaWNpdCI6IGZhbHNlLCAic3RhcnRfbGFiZWwiOiAiUHJpdmFjeUFubm90YXRpb24ifQ=="
"PA::prop::DataRecordArtifact::D9_TrainDataset::record::1::00147","clinical_research","hasUsage","asd","eyJlbmRfbGFiZWwiOiAiVXNhZ2VDb25zdHJhaW50IiwgInN0YXJ0X2xhYmVsIjogIlByaXZhY3lBbm5vdGF0aW9uIn0="
"PA::prop::DataRecordArtifact::D9_TrainDataset::record::1::00147","delete_on_request","hasErasure","asd","eyJlbmRfbGFiZWwiOiAiRXJhc3VyZUNvbnN0cmFpbnQiLCAic3RhcnRfbGFiZWwiOiAiUHJpdmFjeUFubm90YXRpb24ifQ=="
"PA::prop::DataRecordArtifact::D9_TrainDataset::record::1::00147","retention_5y","hasErasure","asd","eyJlbmRfbGFiZWwiOiAiRXJhc3VyZUNvbnN0cmFpbnQiLCAic3RhcnRfbGFiZWwiOiAiUHJpdmFjeUFubm90YXRpb24ifQ=="
"PA::prop::DataRecordArtifact::D9_TrainDataset::record::1::00147","AU","allowsRole","asd","eyJlbmRfbGFiZWwiOiAiQWNjZXNzUm9sZSIsICJzdGFydF9sYWJlbCI6ICJQcml2YWN5QW5ub3RhdGlvbiJ9"
"PA::prop::DataRecordArtifact::D9_TrainDataset::record::1::00147","CL","allowsRole","asd","eyJlbmRfbGFiZWwiOiAiQWNjZXNzUm9sZSIsICJzdGFydF9sYWJlbCI6ICJQcml2YWN5QW5ub3RhdGlvbiJ9"
"PA::prop::DataRecordArtifact::D9_TrainDataset::record::1::00147","DPO","allowsRole","asd","eyJlbmRfbGFiZWwiOiAiQWNjZXNzUm9sZSIsICJzdGFydF9sYWJlbCI6ICJQcml2YWN5QW5ub3RhdGlvbiJ9"
"PA::prop::DataRecordArtifact::D9_TrainDataset::record::1::00147","DS","allowsRole","asd","eyJlbmRfbGFiZWwiOiAiQWNjZXNzUm9sZSIsICJzdGFydF9sYWJlbCI6ICJQcml2YWN5QW5ub3RhdGlvbiJ9"
"PA::prop::DatasetArtifact::D9_TrainDataset::00148","D9_TrainDataset","annotates","asd","eyJlbmRfbGFiZWwiOiAiRGF0YXNldEFydGlmYWN0IiwgInN0YXJ0X2xhYmVsIjogIlByaXZhY3lBbm5vdGF0aW9uIn0="
"asd_run_001::003::S7_split_train_test","PA::prop::DatasetArtifact::D9_TrainDataset::00148","generatedPrivacyAnnotation","asd","eyJlbmRfbGFiZWwiOiAiUHJpdmFjeUFubm90YXRpb24iLCAic3RhcnRfbGFiZWwiOiAiU3RlcFJ1biJ9"
"PA::prop::DatasetArtifact::D9_TrainDataset::00148","asd_run_001::003::S7_split_train_test","wasGeneratedBy","asd","eyJlbmRfbGFiZWwiOiAiU3RlcFJ1biIsICJzdGFydF9sYWJlbCI6ICJQcml2YWN5QW5ub3RhdGlvbiJ9"
"PA::prop::DatasetArtifact::D9_TrainDataset::00148","S7_split_train_test_policy","usedPolicy","asd","eyJlbmRfbGFiZWwiOiAiT3BlcmF0aW9uUG9saWN5IiwgInN0YXJ0X2xhYmVsIjogIlByaXZhY3lBbm5vdGF0aW9uIn0="
"PA::prop::DatasetArtifact::D9_TrainDataset::00148","biometric","hasCategory","asd","eyJlbmRfbGFiZWwiOiAiU2Vuc2l0aXZpdHlDYXRlZ29yeSIsICJleHBsaWNpdCI6IHRydWUsICJzdGFydF9sYWJlbCI6ICJQcml2YWN5QW5ub3RhdGlvbiJ9"
"PA::prop::DatasetArtifact::D9_TrainDataset::00148","health","hasCategory","asd","eyJlbmRfbGFiZWwiOiAiU2Vuc2l0aXZpdHlDYXRlZ29yeSIsICJleHBsaWNpdCI6IHRydWUsICJzdGFydF9sYWJlbCI6ICJQcml2YWN5QW5ub3RhdGlvbiJ9"
"PA::prop::DatasetArtifact::D9_TrainDataset::00148","behavioural_sensor_data","hasCategory","asd","eyJlbmRfbGFiZWwiOiAiU2Vuc2l0aXZpdHlDYXRlZ29yeSIsICJleHBsaWNpdCI6IHRydWUsICJzdGFydF9sYWJlbCI6ICJQcml2YWN5QW5ub3RhdGlvbiJ9"
"PA::prop::DatasetArtifact::D9_TrainDataset::00148","behavioural_sensitive","hasCategory","asd","eyJlbmRfbGFiZWwiOiAiU2Vuc2l0aXZpdHlDYXRlZ29yeSIsICJleHBsaWNpdCI6IHRydWUsICJzdGFydF9sYWJlbCI6ICJQcml2YWN5QW5ub3RhdGlvbiJ9"
"PA::prop::DatasetArtifact::D9_TrainDataset::00148","quasi_identifier","hasCategory","asd","eyJlbmRfbGFiZWwiOiAiU2Vuc2l0aXZpdHlDYXRlZ29yeSIsICJleHBsaWNpdCI6IHRydWUsICJzdGFydF9sYWJlbCI6ICJQcml2YWN5QW5ub3RhdGlvbiJ9"
"PA::prop::DatasetArtifact::D9_TrainDataset::00148","sensitive_personal_data","hasCategory","asd","eyJlbmRfbGFiZWwiOiAiU2Vuc2l0aXZpdHlDYXRlZ29yeSIsICJleHBsaWNpdCI6IGZhbHNlLCAic3RhcnRfbGFiZWwiOiAiUHJpdmFjeUFubm90YXRpb24ifQ=="
"PA::prop::DatasetArtifact::D9_TrainDataset::00148","clinical_research","hasUsage","asd","eyJlbmRfbGFiZWwiOiAiVXNhZ2VDb25zdHJhaW50IiwgInN0YXJ0X2xhYmVsIjogIlByaXZhY3lBbm5vdGF0aW9uIn0="
"PA::prop::DatasetArtifact::D9_TrainDataset::00148","delete_on_request","hasErasure","asd","eyJlbmRfbGFiZWwiOiAiRXJhc3VyZUNvbnN0cmFpbnQiLCAic3RhcnRfbGFiZWwiOiAiUHJpdmFjeUFubm90YXRpb24ifQ=="
"PA::prop::DatasetArtifact::D9_TrainDataset::00148","retention_5y","hasErasure","asd","eyJlbmRfbGFiZWwiOiAiRXJhc3VyZUNvbnN0cmFpbnQiLCAic3RhcnRfbGFiZWwiOiAiUHJpdmFjeUFubm90YXRpb24ifQ=="
"PA::prop::DatasetArtifact::D9_TrainDataset::00148","AU","allowsRole","asd","eyJlbmRfbGFiZWwiOiAiQWNjZXNzUm9sZSIsICJzdGFydF9sYWJlbCI6ICJQcml2YWN5QW5ub3RhdGlvbiJ9"
"PA::prop::DatasetArtifact::D9_TrainDataset::00148","CL","allowsRole","asd","eyJlbmRfbGFiZWwiOiAiQWNjZXNzUm9sZSIsICJzdGFydF9sYWJlbCI6ICJQcml2YWN5QW5ub3RhdGlvbiJ9"
"PA::prop::DatasetArtifact::D9_TrainDataset::00148","DPO","allowsRole","asd","eyJlbmRfbGFiZWwiOiAiQWNjZXNzUm9sZSIsICJzdGFydF9sYWJlbCI6ICJQcml2YWN5QW5ub3RhdGlvbiJ9"
"PA::prop::DatasetArtifact::D9_TrainDataset::00148","DS","allowsRole","asd","eyJlbmRfbGFiZWwiOiAiQWNjZXNzUm9sZSIsICJzdGFydF9sYWJlbCI6ICJQcml2YWN5QW5ub3RhdGlvbiJ9"
"PA::prop::DataCellArtifact::D10_TestDataset::record::2::cell::HR_norm::00149","D10_TestDataset::record::2::cell::HR_norm","annotates","asd","eyJlbmRfbGFiZWwiOiAiRGF0YUNlbGxBcnRpZmFjdCIsICJzdGFydF9sYWJlbCI6ICJQcml2YWN5QW5ub3RhdGlvbiJ9"
"asd_run_001::003::S7_split_train_test","PA::prop::DataCellArtifact::D10_TestDataset::record::2::cell::HR_norm::00149","generatedPrivacyAnnotation","asd","eyJlbmRfbGFiZWwiOiAiUHJpdmFjeUFubm90YXRpb24iLCAic3RhcnRfbGFiZWwiOiAiU3RlcFJ1biJ9"
"PA::prop::DataCellArtifact::D10_TestDataset::record::2::cell::HR_norm::00149","asd_run_001::003::S7_split_train_test","wasGeneratedBy","asd","eyJlbmRfbGFiZWwiOiAiU3RlcFJ1biIsICJzdGFydF9sYWJlbCI6ICJQcml2YWN5QW5ub3RhdGlvbiJ9"
"PA::prop::DataCellArtifact::D10_TestDataset::record::2::cell::HR_norm::00149","S7_split_train_test_policy","usedPolicy","asd","eyJlbmRfbGFiZWwiOiAiT3BlcmF0aW9uUG9saWN5IiwgInN0YXJ0X2xhYmVsIjogIlByaXZhY3lBbm5vdGF0aW9uIn0="
"PA::prop::DataCellArtifact::D10_TestDataset::record::2::cell::HR_norm::00149","biometric","hasCategory","asd","eyJlbmRfbGFiZWwiOiAiU2Vuc2l0aXZpdHlDYXRlZ29yeSIsICJleHBsaWNpdCI6IHRydWUsICJzdGFydF9sYWJlbCI6ICJQcml2YWN5QW5ub3RhdGlvbiJ9"
"PA::prop::DataCellArtifact::D10_TestDataset::record::2::cell::HR_norm::00149","health","hasCategory","asd","eyJlbmRfbGFiZWwiOiAiU2Vuc2l0aXZpdHlDYXRlZ29yeSIsICJleHBsaWNpdCI6IHRydWUsICJzdGFydF9sYWJlbCI6ICJQcml2YWN5QW5ub3RhdGlvbiJ9"
"PA::prop::DataCellArtifact::D10_TestDataset::record::2::cell::HR_norm::00149","sensitive_personal_data","hasCategory","asd","eyJlbmRfbGFiZWwiOiAiU2Vuc2l0aXZpdHlDYXRlZ29yeSIsICJleHBsaWNpdCI6IGZhbHNlLCAic3RhcnRfbGFiZWwiOiAiUHJpdmFjeUFubm90YXRpb24ifQ=="
"PA::prop::DataCellArtifact::D10_TestDataset::record::2::cell::HR_norm::00149","clinical_research","hasUsage","asd","eyJlbmRfbGFiZWwiOiAiVXNhZ2VDb25zdHJhaW50IiwgInN0YXJ0X2xhYmVsIjogIlByaXZhY3lBbm5vdGF0aW9uIn0="
"PA::prop::DataCellArtifact::D10_TestDataset::record::2::cell::HR_norm::00149","delete_on_request","hasErasure","asd","eyJlbmRfbGFiZWwiOiAiRXJhc3VyZUNvbnN0cmFpbnQiLCAic3RhcnRfbGFiZWwiOiAiUHJpdmFjeUFubm90YXRpb24ifQ=="
"PA::prop::DataCellArtifact::D10_TestDataset::record::2::cell::HR_norm::00149","retention_5y","hasErasure","asd","eyJlbmRfbGFiZWwiOiAiRXJhc3VyZUNvbnN0cmFpbnQiLCAic3RhcnRfbGFiZWwiOiAiUHJpdmFjeUFubm90YXRpb24ifQ=="
"PA::prop::DataCellArtifact::D10_TestDataset::record::2::cell::HR_norm::00149","AU","allowsRole","asd","eyJlbmRfbGFiZWwiOiAiQWNjZXNzUm9sZSIsICJzdGFydF9sYWJlbCI6ICJQcml2YWN5QW5ub3RhdGlvbiJ9"
"PA::prop::DataCellArtifact::D10_TestDataset::record::2::cell::HR_norm::00149","CL","allowsRole","asd","eyJlbmRfbGFiZWwiOiAiQWNjZXNzUm9sZSIsICJzdGFydF9sYWJlbCI6ICJQcml2YWN5QW5ub3RhdGlvbiJ9"
"PA::prop::DataCellArtifact::D10_TestDataset::record::2::cell::HR_norm::00149","DPO","allowsRole","asd","eyJlbmRfbGFiZWwiOiAiQWNjZXNzUm9sZSIsICJzdGFydF9sYWJlbCI6ICJQcml2YWN5QW5ub3RhdGlvbiJ9"
"PA::prop::DataCellArtifact::D10_TestDataset::record::2::cell::HR_norm::00149","DS","allowsRole","asd","eyJlbmRfbGFiZWwiOiAiQWNjZXNzUm9sZSIsICJzdGFydF9sYWJlbCI6ICJQcml2YWN5QW5ub3RhdGlvbiJ9"
"PA::prop::DataCellArtifact::D10_TestDataset::record::2::cell::EDA_norm::00150","D10_TestDataset::record::2::cell::EDA_norm","annotates","asd","eyJlbmRfbGFiZWwiOiAiRGF0YUNlbGxBcnRpZmFjdCIsICJzdGFydF9sYWJlbCI6ICJQcml2YWN5QW5ub3RhdGlvbiJ9"
"asd_run_001::003::S7_split_train_test","PA::prop::DataCellArtifact::D10_TestDataset::record::2::cell::EDA_norm::00150","generatedPrivacyAnnotation","asd","eyJlbmRfbGFiZWwiOiAiUHJpdmFjeUFubm90YXRpb24iLCAic3RhcnRfbGFiZWwiOiAiU3RlcFJ1biJ9"
"PA::prop::DataCellArtifact::D10_TestDataset::record::2::cell::EDA_norm::00150","asd_run_001::003::S7_split_train_test","wasGeneratedBy","asd","eyJlbmRfbGFiZWwiOiAiU3RlcFJ1biIsICJzdGFydF9sYWJlbCI6ICJQcml2YWN5QW5ub3RhdGlvbiJ9"
"PA::prop::DataCellArtifact::D10_TestDataset::record::2::cell::EDA_norm::00150","S7_split_train_test_policy","usedPolicy","asd","eyJlbmRfbGFiZWwiOiAiT3BlcmF0aW9uUG9saWN5IiwgInN0YXJ0X2xhYmVsIjogIlByaXZhY3lBbm5vdGF0aW9uIn0="
"PA::prop::DataCellArtifact::D10_TestDataset::record::2::cell::EDA_norm::00150","biometric","hasCategory","asd","eyJlbmRfbGFiZWwiOiAiU2Vuc2l0aXZpdHlDYXRlZ29yeSIsICJleHBsaWNpdCI6IHRydWUsICJzdGFydF9sYWJlbCI6ICJQcml2YWN5QW5ub3RhdGlvbiJ9"
"PA::prop::DataCellArtifact::D10_TestDataset::record::2::cell::EDA_norm::00150","health","hasCategory","asd","eyJlbmRfbGFiZWwiOiAiU2Vuc2l0aXZpdHlDYXRlZ29yeSIsICJleHBsaWNpdCI6IHRydWUsICJzdGFydF9sYWJlbCI6ICJQcml2YWN5QW5ub3RhdGlvbiJ9"
"PA::prop::DataCellArtifact::D10_TestDataset::record::2::cell::EDA_norm::00150","sensitive_personal_data","hasCategory","asd","eyJlbmRfbGFiZWwiOiAiU2Vuc2l0aXZpdHlDYXRlZ29yeSIsICJleHBsaWNpdCI6IGZhbHNlLCAic3RhcnRfbGFiZWwiOiAiUHJpdmFjeUFubm90YXRpb24ifQ=="
"PA::prop::DataCellArtifact::D10_TestDataset::record::2::cell::EDA_norm::00150","clinical_research","hasUsage","asd","eyJlbmRfbGFiZWwiOiAiVXNhZ2VDb25zdHJhaW50IiwgInN0YXJ0X2xhYmVsIjogIlByaXZhY3lBbm5vdGF0aW9uIn0="
"PA::prop::DataCellArtifact::D10_TestDataset::record::2::cell::EDA_norm::00150","delete_on_request","hasErasure","asd","eyJlbmRfbGFiZWwiOiAiRXJhc3VyZUNvbnN0cmFpbnQiLCAic3RhcnRfbGFiZWwiOiAiUHJpdmFjeUFubm90YXRpb24ifQ=="
"PA::prop::DataCellArtifact::D10_TestDataset::record::2::cell::EDA_norm::00150","retention_5y","hasErasure","asd","eyJlbmRfbGFiZWwiOiAiRXJhc3VyZUNvbnN0cmFpbnQiLCAic3RhcnRfbGFiZWwiOiAiUHJpdmFjeUFubm90YXRpb24ifQ=="
"PA::prop::DataCellArtifact::D10_TestDataset::record::2::cell::EDA_norm::00150","AU","allowsRole","asd","eyJlbmRfbGFiZWwiOiAiQWNjZXNzUm9sZSIsICJzdGFydF9sYWJlbCI6ICJQcml2YWN5QW5ub3RhdGlvbiJ9"
"PA::prop::DataCellArtifact::D10_TestDataset::record::2::cell::EDA_norm::00150","CL","allowsRole","asd","eyJlbmRfbGFiZWwiOiAiQWNjZXNzUm9sZSIsICJzdGFydF9sYWJlbCI6ICJQcml2YWN5QW5ub3RhdGlvbiJ9"
"PA::prop::DataCellArtifact::D10_TestDataset::record::2::cell::EDA_norm::00150","DPO","allowsRole","asd","eyJlbmRfbGFiZWwiOiAiQWNjZXNzUm9sZSIsICJzdGFydF9sYWJlbCI6ICJQcml2YWN5QW5ub3RhdGlvbiJ9"
"PA::prop::DataCellArtifact::D10_TestDataset::record::2::cell::EDA_norm::00150","DS","allowsRole","asd","eyJlbmRfbGFiZWwiOiAiQWNjZXNzUm9sZSIsICJzdGFydF9sYWJlbCI6ICJQcml2YWN5QW5ub3RhdGlvbiJ9"
"PA::prop::DataCellArtifact::D10_TestDataset::record::2::cell::ACC_norm::00151","D10_TestDataset::record::2::cell::ACC_norm","annotates","asd","eyJlbmRfbGFiZWwiOiAiRGF0YUNlbGxBcnRpZmFjdCIsICJzdGFydF9sYWJlbCI6ICJQcml2YWN5QW5ub3RhdGlvbiJ9"
"asd_run_001::003::S7_split_train_test","PA::prop::DataCellArtifact::D10_TestDataset::record::2::cell::ACC_norm::00151","generatedPrivacyAnnotation","asd","eyJlbmRfbGFiZWwiOiAiUHJpdmFjeUFubm90YXRpb24iLCAic3RhcnRfbGFiZWwiOiAiU3RlcFJ1biJ9"
"PA::prop::DataCellArtifact::D10_TestDataset::record::2::cell::ACC_norm::00151","asd_run_001::003::S7_split_train_test","wasGeneratedBy","asd","eyJlbmRfbGFiZWwiOiAiU3RlcFJ1biIsICJzdGFydF9sYWJlbCI6ICJQcml2YWN5QW5ub3RhdGlvbiJ9"
"PA::prop::DataCellArtifact::D10_TestDataset::record::2::cell::ACC_norm::00151","S7_split_train_test_policy","usedPolicy","asd","eyJlbmRfbGFiZWwiOiAiT3BlcmF0aW9uUG9saWN5IiwgInN0YXJ0X2xhYmVsIjogIlByaXZhY3lBbm5vdGF0aW9uIn0="
"PA::prop::DataCellArtifact::D10_TestDataset::record::2::cell::ACC_norm::00151","behavioural_sensor_data","hasCategory","asd","eyJlbmRfbGFiZWwiOiAiU2Vuc2l0aXZpdHlDYXRlZ29yeSIsICJleHBsaWNpdCI6IHRydWUsICJzdGFydF9sYWJlbCI6ICJQcml2YWN5QW5ub3RhdGlvbiJ9"
"PA::prop::DataCellArtifact::D10_TestDataset::record::2::cell::ACC_norm::00151","clinical_research","hasUsage","asd","eyJlbmRfbGFiZWwiOiAiVXNhZ2VDb25zdHJhaW50IiwgInN0YXJ0X2xhYmVsIjogIlByaXZhY3lBbm5vdGF0aW9uIn0="
"PA::prop::DataCellArtifact::D10_TestDataset::record::2::cell::ACC_norm::00151","delete_on_request","hasErasure","asd","eyJlbmRfbGFiZWwiOiAiRXJhc3VyZUNvbnN0cmFpbnQiLCAic3RhcnRfbGFiZWwiOiAiUHJpdmFjeUFubm90YXRpb24ifQ=="
"PA::prop::DataCellArtifact::D10_TestDataset::record::2::cell::ACC_norm::00151","retention_5y","hasErasure","asd","eyJlbmRfbGFiZWwiOiAiRXJhc3VyZUNvbnN0cmFpbnQiLCAic3RhcnRfbGFiZWwiOiAiUHJpdmFjeUFubm90YXRpb24ifQ=="
"PA::prop::DataCellArtifact::D10_TestDataset::record::2::cell::ACC_norm::00151","AU","allowsRole","asd","eyJlbmRfbGFiZWwiOiAiQWNjZXNzUm9sZSIsICJzdGFydF9sYWJlbCI6ICJQcml2YWN5QW5ub3RhdGlvbiJ9"
"PA::prop::DataCellArtifact::D10_TestDataset::record::2::cell::ACC_norm::00151","CL","allowsRole","asd","eyJlbmRfbGFiZWwiOiAiQWNjZXNzUm9sZSIsICJzdGFydF9sYWJlbCI6ICJQcml2YWN5QW5ub3RhdGlvbiJ9"
"PA::prop::DataCellArtifact::D10_TestDataset::record::2::cell::ACC_norm::00151","DPO","allowsRole","asd","eyJlbmRfbGFiZWwiOiAiQWNjZXNzUm9sZSIsICJzdGFydF9sYWJlbCI6ICJQcml2YWN5QW5ub3RhdGlvbiJ9"
"PA::prop::DataCellArtifact::D10_TestDataset::record::2::cell::ACC_norm::00151","DS","allowsRole","asd","eyJlbmRfbGFiZWwiOiAiQWNjZXNzUm9sZSIsICJzdGFydF9sYWJlbCI6ICJQcml2YWN5QW5ub3RhdGlvbiJ9"
"PA::prop::DataCellArtifact::D10_TestDataset::record::2::cell::chall_behav::00152","D10_TestDataset::record::2::cell::chall_behav","annotates","asd","eyJlbmRfbGFiZWwiOiAiRGF0YUNlbGxBcnRpZmFjdCIsICJzdGFydF9sYWJlbCI6ICJQcml2YWN5QW5ub3RhdGlvbiJ9"
"asd_run_001::003::S7_split_train_test","PA::prop::DataCellArtifact::D10_TestDataset::record::2::cell::chall_behav::00152","generatedPrivacyAnnotation","asd","eyJlbmRfbGFiZWwiOiAiUHJpdmFjeUFubm90YXRpb24iLCAic3RhcnRfbGFiZWwiOiAiU3RlcFJ1biJ9"
"PA::prop::DataCellArtifact::D10_TestDataset::record::2::cell::chall_behav::00152","asd_run_001::003::S7_split_train_test","wasGeneratedBy","asd","eyJlbmRfbGFiZWwiOiAiU3RlcFJ1biIsICJzdGFydF9sYWJlbCI6ICJQcml2YWN5QW5ub3RhdGlvbiJ9"
"PA::prop::DataCellArtifact::D10_TestDataset::record::2::cell::chall_behav::00152","S7_split_train_test_policy","usedPolicy","asd","eyJlbmRfbGFiZWwiOiAiT3BlcmF0aW9uUG9saWN5IiwgInN0YXJ0X2xhYmVsIjogIlByaXZhY3lBbm5vdGF0aW9uIn0="
"PA::prop::DataCellArtifact::D10_TestDataset::record::2::cell::chall_behav::00152","health","hasCategory","asd","eyJlbmRfbGFiZWwiOiAiU2Vuc2l0aXZpdHlDYXRlZ29yeSIsICJleHBsaWNpdCI6IHRydWUsICJzdGFydF9sYWJlbCI6ICJQcml2YWN5QW5ub3RhdGlvbiJ9"
"PA::prop::DataCellArtifact::D10_TestDataset::record::2::cell::chall_behav::00152","behavioural_sensitive","hasCategory","asd","eyJlbmRfbGFiZWwiOiAiU2Vuc2l0aXZpdHlDYXRlZ29yeSIsICJleHBsaWNpdCI6IHRydWUsICJzdGFydF9sYWJlbCI6ICJQcml2YWN5QW5ub3RhdGlvbiJ9"
"PA::prop::DataCellArtifact::D10_TestDataset::record::2::cell::chall_behav::00152","sensitive_personal_data","hasCategory","asd","eyJlbmRfbGFiZWwiOiAiU2Vuc2l0aXZpdHlDYXRlZ29yeSIsICJleHBsaWNpdCI6IGZhbHNlLCAic3RhcnRfbGFiZWwiOiAiUHJpdmFjeUFubm90YXRpb24ifQ=="
"PA::prop::DataCellArtifact::D10_TestDataset::record::2::cell::chall_behav::00152","clinical_research","hasUsage","asd","eyJlbmRfbGFiZWwiOiAiVXNhZ2VDb25zdHJhaW50IiwgInN0YXJ0X2xhYmVsIjogIlByaXZhY3lBbm5vdGF0aW9uIn0="
"PA::prop::DataCellArtifact::D10_TestDataset::record::2::cell::chall_behav::00152","delete_on_request","hasErasure","asd","eyJlbmRfbGFiZWwiOiAiRXJhc3VyZUNvbnN0cmFpbnQiLCAic3RhcnRfbGFiZWwiOiAiUHJpdmFjeUFubm90YXRpb24ifQ=="
"PA::prop::DataCellArtifact::D10_TestDataset::record::2::cell::chall_behav::00152","retention_5y","hasErasure","asd","eyJlbmRfbGFiZWwiOiAiRXJhc3VyZUNvbnN0cmFpbnQiLCAic3RhcnRfbGFiZWwiOiAiUHJpdmFjeUFubm90YXRpb24ifQ=="
"PA::prop::DataCellArtifact::D10_TestDataset::record::2::cell::chall_behav::00152","AU","allowsRole","asd","eyJlbmRfbGFiZWwiOiAiQWNjZXNzUm9sZSIsICJzdGFydF9sYWJlbCI6ICJQcml2YWN5QW5ub3RhdGlvbiJ9"
"PA::prop::DataCellArtifact::D10_TestDataset::record::2::cell::chall_behav::00152","CL","allowsRole","asd","eyJlbmRfbGFiZWwiOiAiQWNjZXNzUm9sZSIsICJzdGFydF9sYWJlbCI6ICJQcml2YWN5QW5ub3RhdGlvbiJ9"
"PA::prop::DataCellArtifact::D10_TestDataset::record::2::cell::chall_behav::00152","DPO","allowsRole","asd","eyJlbmRfbGFiZWwiOiAiQWNjZXNzUm9sZSIsICJzdGFydF9sYWJlbCI6ICJQcml2YWN5QW5ub3RhdGlvbiJ9"
"PA::prop::DataCellArtifact::D10_TestDataset::record::2::cell::chall_behav::00152","DS","allowsRole","asd","eyJlbmRfbGFiZWwiOiAiQWNjZXNzUm9sZSIsICJzdGFydF9sYWJlbCI6ICJQcml2YWN5QW5ub3RhdGlvbiJ9"
"PA::prop::DataCellArtifact::D10_TestDataset::record::2::cell::sev::00153","D10_TestDataset::record::2::cell::sev","annotates","asd","eyJlbmRfbGFiZWwiOiAiRGF0YUNlbGxBcnRpZmFjdCIsICJzdGFydF9sYWJlbCI6ICJQcml2YWN5QW5ub3RhdGlvbiJ9"
"asd_run_001::003::S7_split_train_test","PA::prop::DataCellArtifact::D10_TestDataset::record::2::cell::sev::00153","generatedPrivacyAnnotation","asd","eyJlbmRfbGFiZWwiOiAiUHJpdmFjeUFubm90YXRpb24iLCAic3RhcnRfbGFiZWwiOiAiU3RlcFJ1biJ9"
"PA::prop::DataCellArtifact::D10_TestDataset::record::2::cell::sev::00153","asd_run_001::003::S7_split_train_test","wasGeneratedBy","asd","eyJlbmRfbGFiZWwiOiAiU3RlcFJ1biIsICJzdGFydF9sYWJlbCI6ICJQcml2YWN5QW5ub3RhdGlvbiJ9"
"PA::prop::DataCellArtifact::D10_TestDataset::record::2::cell::sev::00153","S7_split_train_test_policy","usedPolicy","asd","eyJlbmRfbGFiZWwiOiAiT3BlcmF0aW9uUG9saWN5IiwgInN0YXJ0X2xhYmVsIjogIlByaXZhY3lBbm5vdGF0aW9uIn0="
"PA::prop::DataCellArtifact::D10_TestDataset::record::2::cell::sev::00153","health","hasCategory","asd","eyJlbmRfbGFiZWwiOiAiU2Vuc2l0aXZpdHlDYXRlZ29yeSIsICJleHBsaWNpdCI6IHRydWUsICJzdGFydF9sYWJlbCI6ICJQcml2YWN5QW5ub3RhdGlvbiJ9"
"PA::prop::DataCellArtifact::D10_TestDataset::record::2::cell::sev::00153","behavioural_sensitive","hasCategory","asd","eyJlbmRfbGFiZWwiOiAiU2Vuc2l0aXZpdHlDYXRlZ29yeSIsICJleHBsaWNpdCI6IHRydWUsICJzdGFydF9sYWJlbCI6ICJQcml2YWN5QW5ub3RhdGlvbiJ9"
"PA::prop::DataCellArtifact::D10_TestDataset::record::2::cell::sev::00153","sensitive_personal_data","hasCategory","asd","eyJlbmRfbGFiZWwiOiAiU2Vuc2l0aXZpdHlDYXRlZ29yeSIsICJleHBsaWNpdCI6IGZhbHNlLCAic3RhcnRfbGFiZWwiOiAiUHJpdmFjeUFubm90YXRpb24ifQ=="
"PA::prop::DataCellArtifact::D10_TestDataset::record::2::cell::sev::00153","clinical_research","hasUsage","asd","eyJlbmRfbGFiZWwiOiAiVXNhZ2VDb25zdHJhaW50IiwgInN0YXJ0X2xhYmVsIjogIlByaXZhY3lBbm5vdGF0aW9uIn0="
"PA::prop::DataCellArtifact::D10_TestDataset::record::2::cell::sev::00153","delete_on_request","hasErasure","asd","eyJlbmRfbGFiZWwiOiAiRXJhc3VyZUNvbnN0cmFpbnQiLCAic3RhcnRfbGFiZWwiOiAiUHJpdmFjeUFubm90YXRpb24ifQ=="
"PA::prop::DataCellArtifact::D10_TestDataset::record::2::cell::sev::00153","retention_5y","hasErasure","asd","eyJlbmRfbGFiZWwiOiAiRXJhc3VyZUNvbnN0cmFpbnQiLCAic3RhcnRfbGFiZWwiOiAiUHJpdmFjeUFubm90YXRpb24ifQ=="
"PA::prop::DataCellArtifact::D10_TestDataset::record::2::cell::sev::00153","AU","allowsRole","asd","eyJlbmRfbGFiZWwiOiAiQWNjZXNzUm9sZSIsICJzdGFydF9sYWJlbCI6ICJQcml2YWN5QW5ub3RhdGlvbiJ9"
"PA::prop::DataCellArtifact::D10_TestDataset::record::2::cell::sev::00153","CL","allowsRole","asd","eyJlbmRfbGFiZWwiOiAiQWNjZXNzUm9sZSIsICJzdGFydF9sYWJlbCI6ICJQcml2YWN5QW5ub3RhdGlvbiJ9"
"PA::prop::DataCellArtifact::D10_TestDataset::record::2::cell::sev::00153","DPO","allowsRole","asd","eyJlbmRfbGFiZWwiOiAiQWNjZXNzUm9sZSIsICJzdGFydF9sYWJlbCI6ICJQcml2YWN5QW5ub3RhdGlvbiJ9"
"PA::prop::DataCellArtifact::D10_TestDataset::record::2::cell::sev::00153","DS","allowsRole","asd","eyJlbmRfbGFiZWwiOiAiQWNjZXNzUm9sZSIsICJzdGFydF9sYWJlbCI6ICJQcml2YWN5QW5ub3RhdGlvbiJ9"
"PA::prop::DataCellArtifact::D10_TestDataset::record::2::cell::age_grp::00154","D10_TestDataset::record::2::cell::age_grp","annotates","asd","eyJlbmRfbGFiZWwiOiAiRGF0YUNlbGxBcnRpZmFjdCIsICJzdGFydF9sYWJlbCI6ICJQcml2YWN5QW5ub3RhdGlvbiJ9"
"asd_run_001::003::S7_split_train_test","PA::prop::DataCellArtifact::D10_TestDataset::record::2::cell::age_grp::00154","generatedPrivacyAnnotation","asd","eyJlbmRfbGFiZWwiOiAiUHJpdmFjeUFubm90YXRpb24iLCAic3RhcnRfbGFiZWwiOiAiU3RlcFJ1biJ9"
"PA::prop::DataCellArtifact::D10_TestDataset::record::2::cell::age_grp::00154","asd_run_001::003::S7_split_train_test","wasGeneratedBy","asd","eyJlbmRfbGFiZWwiOiAiU3RlcFJ1biIsICJzdGFydF9sYWJlbCI6ICJQcml2YWN5QW5ub3RhdGlvbiJ9"
"PA::prop::DataCellArtifact::D10_TestDataset::record::2::cell::age_grp::00154","S7_split_train_test_policy","usedPolicy","asd","eyJlbmRfbGFiZWwiOiAiT3BlcmF0aW9uUG9saWN5IiwgInN0YXJ0X2xhYmVsIjogIlByaXZhY3lBbm5vdGF0aW9uIn0="
"PA::prop::DataCellArtifact::D10_TestDataset::record::2::cell::age_grp::00154","quasi_identifier","hasCategory","asd","eyJlbmRfbGFiZWwiOiAiU2Vuc2l0aXZpdHlDYXRlZ29yeSIsICJleHBsaWNpdCI6IHRydWUsICJzdGFydF9sYWJlbCI6ICJQcml2YWN5QW5ub3RhdGlvbiJ9"
"PA::prop::DataCellArtifact::D10_TestDataset::record::2::cell::age_grp::00154","clinical_research","hasUsage","asd","eyJlbmRfbGFiZWwiOiAiVXNhZ2VDb25zdHJhaW50IiwgInN0YXJ0X2xhYmVsIjogIlByaXZhY3lBbm5vdGF0aW9uIn0="
"PA::prop::DataCellArtifact::D10_TestDataset::record::2::cell::age_grp::00154","delete_on_request","hasErasure","asd","eyJlbmRfbGFiZWwiOiAiRXJhc3VyZUNvbnN0cmFpbnQiLCAic3RhcnRfbGFiZWwiOiAiUHJpdmFjeUFubm90YXRpb24ifQ=="
"PA::prop::DataCellArtifact::D10_TestDataset::record::2::cell::age_grp::00154","retention_5y","hasErasure","asd","eyJlbmRfbGFiZWwiOiAiRXJhc3VyZUNvbnN0cmFpbnQiLCAic3RhcnRfbGFiZWwiOiAiUHJpdmFjeUFubm90YXRpb24ifQ=="
"PA::prop::DataCellArtifact::D10_TestDataset::record::2::cell::age_grp::00154","AU","allowsRole","asd","eyJlbmRfbGFiZWwiOiAiQWNjZXNzUm9sZSIsICJzdGFydF9sYWJlbCI6ICJQcml2YWN5QW5ub3RhdGlvbiJ9"
"PA::prop::DataCellArtifact::D10_TestDataset::record::2::cell::age_grp::00154","CL","allowsRole","asd","eyJlbmRfbGFiZWwiOiAiQWNjZXNzUm9sZSIsICJzdGFydF9sYWJlbCI6ICJQcml2YWN5QW5ub3RhdGlvbiJ9"
"PA::prop::DataCellArtifact::D10_TestDataset::record::2::cell::age_grp::00154","DPO","allowsRole","asd","eyJlbmRfbGFiZWwiOiAiQWNjZXNzUm9sZSIsICJzdGFydF9sYWJlbCI6ICJQcml2YWN5QW5ub3RhdGlvbiJ9"
"PA::prop::DataCellArtifact::D10_TestDataset::record::2::cell::age_grp::00154","DS","allowsRole","asd","eyJlbmRfbGFiZWwiOiAiQWNjZXNzUm9sZSIsICJzdGFydF9sYWJlbCI6ICJQcml2YWN5QW5ub3RhdGlvbiJ9"
"PA::prop::DataCellArtifact::D10_TestDataset::record::2::cell::sex::00155","D10_TestDataset::record::2::cell::sex","annotates","asd","eyJlbmRfbGFiZWwiOiAiRGF0YUNlbGxBcnRpZmFjdCIsICJzdGFydF9sYWJlbCI6ICJQcml2YWN5QW5ub3RhdGlvbiJ9"
"asd_run_001::003::S7_split_train_test","PA::prop::DataCellArtifact::D10_TestDataset::record::2::cell::sex::00155","generatedPrivacyAnnotation","asd","eyJlbmRfbGFiZWwiOiAiUHJpdmFjeUFubm90YXRpb24iLCAic3RhcnRfbGFiZWwiOiAiU3RlcFJ1biJ9"
"PA::prop::DataCellArtifact::D10_TestDataset::record::2::cell::sex::00155","asd_run_001::003::S7_split_train_test","wasGeneratedBy","asd","eyJlbmRfbGFiZWwiOiAiU3RlcFJ1biIsICJzdGFydF9sYWJlbCI6ICJQcml2YWN5QW5ub3RhdGlvbiJ9"
"PA::prop::DataCellArtifact::D10_TestDataset::record::2::cell::sex::00155","S7_split_train_test_policy","usedPolicy","asd","eyJlbmRfbGFiZWwiOiAiT3BlcmF0aW9uUG9saWN5IiwgInN0YXJ0X2xhYmVsIjogIlByaXZhY3lBbm5vdGF0aW9uIn0="
"PA::prop::DataCellArtifact::D10_TestDataset::record::2::cell::sex::00155","quasi_identifier","hasCategory","asd","eyJlbmRfbGFiZWwiOiAiU2Vuc2l0aXZpdHlDYXRlZ29yeSIsICJleHBsaWNpdCI6IHRydWUsICJzdGFydF9sYWJlbCI6ICJQcml2YWN5QW5ub3RhdGlvbiJ9"
"PA::prop::DataCellArtifact::D10_TestDataset::record::2::cell::sex::00155","clinical_research","hasUsage","asd","eyJlbmRfbGFiZWwiOiAiVXNhZ2VDb25zdHJhaW50IiwgInN0YXJ0X2xhYmVsIjogIlByaXZhY3lBbm5vdGF0aW9uIn0="
"PA::prop::DataCellArtifact::D10_TestDataset::record::2::cell::sex::00155","delete_on_request","hasErasure","asd","eyJlbmRfbGFiZWwiOiAiRXJhc3VyZUNvbnN0cmFpbnQiLCAic3RhcnRfbGFiZWwiOiAiUHJpdmFjeUFubm90YXRpb24ifQ=="
"PA::prop::DataCellArtifact::D10_TestDataset::record::2::cell::sex::00155","retention_5y","hasErasure","asd","eyJlbmRfbGFiZWwiOiAiRXJhc3VyZUNvbnN0cmFpbnQiLCAic3RhcnRfbGFiZWwiOiAiUHJpdmFjeUFubm90YXRpb24ifQ=="
"PA::prop::DataCellArtifact::D10_TestDataset::record::2::cell::sex::00155","AU","allowsRole","asd","eyJlbmRfbGFiZWwiOiAiQWNjZXNzUm9sZSIsICJzdGFydF9sYWJlbCI6ICJQcml2YWN5QW5ub3RhdGlvbiJ9"
"PA::prop::DataCellArtifact::D10_TestDataset::record::2::cell::sex::00155","CL","allowsRole","asd","eyJlbmRfbGFiZWwiOiAiQWNjZXNzUm9sZSIsICJzdGFydF9sYWJlbCI6ICJQcml2YWN5QW5ub3RhdGlvbiJ9"
"PA::prop::DataCellArtifact::D10_TestDataset::record::2::cell::sex::00155","DPO","allowsRole","asd","eyJlbmRfbGFiZWwiOiAiQWNjZXNzUm9sZSIsICJzdGFydF9sYWJlbCI6ICJQcml2YWN5QW5ub3RhdGlvbiJ9"
"PA::prop::DataCellArtifact::D10_TestDataset::record::2::cell::sex::00155","DS","allowsRole","asd","eyJlbmRfbGFiZWwiOiAiQWNjZXNzUm9sZSIsICJzdGFydF9sYWJlbCI6ICJQcml2YWN5QW5ub3RhdGlvbiJ9"
"PA::prop::DataCellArtifact::D10_TestDataset::record::3::cell::HR_norm::00156","D10_TestDataset::record::3::cell::HR_norm","annotates","asd","eyJlbmRfbGFiZWwiOiAiRGF0YUNlbGxBcnRpZmFjdCIsICJzdGFydF9sYWJlbCI6ICJQcml2YWN5QW5ub3RhdGlvbiJ9"
"asd_run_001::003::S7_split_train_test","PA::prop::DataCellArtifact::D10_TestDataset::record::3::cell::HR_norm::00156","generatedPrivacyAnnotation","asd","eyJlbmRfbGFiZWwiOiAiUHJpdmFjeUFubm90YXRpb24iLCAic3RhcnRfbGFiZWwiOiAiU3RlcFJ1biJ9"
"PA::prop::DataCellArtifact::D10_TestDataset::record::3::cell::HR_norm::00156","asd_run_001::003::S7_split_train_test","wasGeneratedBy","asd","eyJlbmRfbGFiZWwiOiAiU3RlcFJ1biIsICJzdGFydF9sYWJlbCI6ICJQcml2YWN5QW5ub3RhdGlvbiJ9"
"PA::prop::DataCellArtifact::D10_TestDataset::record::3::cell::HR_norm::00156","S7_split_train_test_policy","usedPolicy","asd","eyJlbmRfbGFiZWwiOiAiT3BlcmF0aW9uUG9saWN5IiwgInN0YXJ0X2xhYmVsIjogIlByaXZhY3lBbm5vdGF0aW9uIn0="
"PA::prop::DataCellArtifact::D10_TestDataset::record::3::cell::HR_norm::00156","biometric","hasCategory","asd","eyJlbmRfbGFiZWwiOiAiU2Vuc2l0aXZpdHlDYXRlZ29yeSIsICJleHBsaWNpdCI6IHRydWUsICJzdGFydF9sYWJlbCI6ICJQcml2YWN5QW5ub3RhdGlvbiJ9"
"PA::prop::DataCellArtifact::D10_TestDataset::record::3::cell::HR_norm::00156","health","hasCategory","asd","eyJlbmRfbGFiZWwiOiAiU2Vuc2l0aXZpdHlDYXRlZ29yeSIsICJleHBsaWNpdCI6IHRydWUsICJzdGFydF9sYWJlbCI6ICJQcml2YWN5QW5ub3RhdGlvbiJ9"
"PA::prop::DataCellArtifact::D10_TestDataset::record::3::cell::HR_norm::00156","sensitive_personal_data","hasCategory","asd","eyJlbmRfbGFiZWwiOiAiU2Vuc2l0aXZpdHlDYXRlZ29yeSIsICJleHBsaWNpdCI6IGZhbHNlLCAic3RhcnRfbGFiZWwiOiAiUHJpdmFjeUFubm90YXRpb24ifQ=="
"PA::prop::DataCellArtifact::D10_TestDataset::record::3::cell::HR_norm::00156","clinical_research","hasUsage","asd","eyJlbmRfbGFiZWwiOiAiVXNhZ2VDb25zdHJhaW50IiwgInN0YXJ0X2xhYmVsIjogIlByaXZhY3lBbm5vdGF0aW9uIn0="
"PA::prop::DataCellArtifact::D10_TestDataset::record::3::cell::HR_norm::00156","delete_on_request","hasErasure","asd","eyJlbmRfbGFiZWwiOiAiRXJhc3VyZUNvbnN0cmFpbnQiLCAic3RhcnRfbGFiZWwiOiAiUHJpdmFjeUFubm90YXRpb24ifQ=="
"PA::prop::DataCellArtifact::D10_TestDataset::record::3::cell::HR_norm::00156","retention_5y","hasErasure","asd","eyJlbmRfbGFiZWwiOiAiRXJhc3VyZUNvbnN0cmFpbnQiLCAic3RhcnRfbGFiZWwiOiAiUHJpdmFjeUFubm90YXRpb24ifQ=="
"PA::prop::DataCellArtifact::D10_TestDataset::record::3::cell::HR_norm::00156","AU","allowsRole","asd","eyJlbmRfbGFiZWwiOiAiQWNjZXNzUm9sZSIsICJzdGFydF9sYWJlbCI6ICJQcml2YWN5QW5ub3RhdGlvbiJ9"
"PA::prop::DataCellArtifact::D10_TestDataset::record::3::cell::HR_norm::00156","CL","allowsRole","asd","eyJlbmRfbGFiZWwiOiAiQWNjZXNzUm9sZSIsICJzdGFydF9sYWJlbCI6ICJQcml2YWN5QW5ub3RhdGlvbiJ9"
"PA::prop::DataCellArtifact::D10_TestDataset::record::3::cell::HR_norm::00156","DPO","allowsRole","asd","eyJlbmRfbGFiZWwiOiAiQWNjZXNzUm9sZSIsICJzdGFydF9sYWJlbCI6ICJQcml2YWN5QW5ub3RhdGlvbiJ9"
"PA::prop::DataCellArtifact::D10_TestDataset::record::3::cell::HR_norm::00156","DS","allowsRole","asd","eyJlbmRfbGFiZWwiOiAiQWNjZXNzUm9sZSIsICJzdGFydF9sYWJlbCI6ICJQcml2YWN5QW5ub3RhdGlvbiJ9"
"PA::prop::DataCellArtifact::D10_TestDataset::record::3::cell::EDA_norm::00157","D10_TestDataset::record::3::cell::EDA_norm","annotates","asd","eyJlbmRfbGFiZWwiOiAiRGF0YUNlbGxBcnRpZmFjdCIsICJzdGFydF9sYWJlbCI6ICJQcml2YWN5QW5ub3RhdGlvbiJ9"
"asd_run_001::003::S7_split_train_test","PA::prop::DataCellArtifact::D10_TestDataset::record::3::cell::EDA_norm::00157","generatedPrivacyAnnotation","asd","eyJlbmRfbGFiZWwiOiAiUHJpdmFjeUFubm90YXRpb24iLCAic3RhcnRfbGFiZWwiOiAiU3RlcFJ1biJ9"
"PA::prop::DataCellArtifact::D10_TestDataset::record::3::cell::EDA_norm::00157","asd_run_001::003::S7_split_train_test","wasGeneratedBy","asd","eyJlbmRfbGFiZWwiOiAiU3RlcFJ1biIsICJzdGFydF9sYWJlbCI6ICJQcml2YWN5QW5ub3RhdGlvbiJ9"
"PA::prop::DataCellArtifact::D10_TestDataset::record::3::cell::EDA_norm::00157","S7_split_train_test_policy","usedPolicy","asd","eyJlbmRfbGFiZWwiOiAiT3BlcmF0aW9uUG9saWN5IiwgInN0YXJ0X2xhYmVsIjogIlByaXZhY3lBbm5vdGF0aW9uIn0="
"PA::prop::DataCellArtifact::D10_TestDataset::record::3::cell::EDA_norm::00157","biometric","hasCategory","asd","eyJlbmRfbGFiZWwiOiAiU2Vuc2l0aXZpdHlDYXRlZ29yeSIsICJleHBsaWNpdCI6IHRydWUsICJzdGFydF9sYWJlbCI6ICJQcml2YWN5QW5ub3RhdGlvbiJ9"
"PA::prop::DataCellArtifact::D10_TestDataset::record::3::cell::EDA_norm::00157","health","hasCategory","asd","eyJlbmRfbGFiZWwiOiAiU2Vuc2l0aXZpdHlDYXRlZ29yeSIsICJleHBsaWNpdCI6IHRydWUsICJzdGFydF9sYWJlbCI6ICJQcml2YWN5QW5ub3RhdGlvbiJ9"
"PA::prop::DataCellArtifact::D10_TestDataset::record::3::cell::EDA_norm::00157","sensitive_personal_data","hasCategory","asd","eyJlbmRfbGFiZWwiOiAiU2Vuc2l0aXZpdHlDYXRlZ29yeSIsICJleHBsaWNpdCI6IGZhbHNlLCAic3RhcnRfbGFiZWwiOiAiUHJpdmFjeUFubm90YXRpb24ifQ=="
"PA::prop::DataCellArtifact::D10_TestDataset::record::3::cell::EDA_norm::00157","clinical_research","hasUsage","asd","eyJlbmRfbGFiZWwiOiAiVXNhZ2VDb25zdHJhaW50IiwgInN0YXJ0X2xhYmVsIjogIlByaXZhY3lBbm5vdGF0aW9uIn0="
"PA::prop::DataCellArtifact::D10_TestDataset::record::3::cell::EDA_norm::00157","delete_on_request","hasErasure","asd","eyJlbmRfbGFiZWwiOiAiRXJhc3VyZUNvbnN0cmFpbnQiLCAic3RhcnRfbGFiZWwiOiAiUHJpdmFjeUFubm90YXRpb24ifQ=="
"PA::prop::DataCellArtifact::D10_TestDataset::record::3::cell::EDA_norm::00157","retention_5y","hasErasure","asd","eyJlbmRfbGFiZWwiOiAiRXJhc3VyZUNvbnN0cmFpbnQiLCAic3RhcnRfbGFiZWwiOiAiUHJpdmFjeUFubm90YXRpb24ifQ=="
"PA::prop::DataCellArtifact::D10_TestDataset::record::3::cell::EDA_norm::00157","AU","allowsRole","asd","eyJlbmRfbGFiZWwiOiAiQWNjZXNzUm9sZSIsICJzdGFydF9sYWJlbCI6ICJQcml2YWN5QW5ub3RhdGlvbiJ9"
"PA::prop::DataCellArtifact::D10_TestDataset::record::3::cell::EDA_norm::00157","CL","allowsRole","asd","eyJlbmRfbGFiZWwiOiAiQWNjZXNzUm9sZSIsICJzdGFydF9sYWJlbCI6ICJQcml2YWN5QW5ub3RhdGlvbiJ9"
"PA::prop::DataCellArtifact::D10_TestDataset::record::3::cell::EDA_norm::00157","DPO","allowsRole","asd","eyJlbmRfbGFiZWwiOiAiQWNjZXNzUm9sZSIsICJzdGFydF9sYWJlbCI6ICJQcml2YWN5QW5ub3RhdGlvbiJ9"
"PA::prop::DataCellArtifact::D10_TestDataset::record::3::cell::EDA_norm::00157","DS","allowsRole","asd","eyJlbmRfbGFiZWwiOiAiQWNjZXNzUm9sZSIsICJzdGFydF9sYWJlbCI6ICJQcml2YWN5QW5ub3RhdGlvbiJ9"
"PA::prop::DataCellArtifact::D10_TestDataset::record::3::cell::ACC_norm::00158","D10_TestDataset::record::3::cell::ACC_norm","annotates","asd","eyJlbmRfbGFiZWwiOiAiRGF0YUNlbGxBcnRpZmFjdCIsICJzdGFydF9sYWJlbCI6ICJQcml2YWN5QW5ub3RhdGlvbiJ9"
"asd_run_001::003::S7_split_train_test","PA::prop::DataCellArtifact::D10_TestDataset::record::3::cell::ACC_norm::00158","generatedPrivacyAnnotation","asd","eyJlbmRfbGFiZWwiOiAiUHJpdmFjeUFubm90YXRpb24iLCAic3RhcnRfbGFiZWwiOiAiU3RlcFJ1biJ9"
"PA::prop::DataCellArtifact::D10_TestDataset::record::3::cell::ACC_norm::00158","asd_run_001::003::S7_split_train_test","wasGeneratedBy","asd","eyJlbmRfbGFiZWwiOiAiU3RlcFJ1biIsICJzdGFydF9sYWJlbCI6ICJQcml2YWN5QW5ub3RhdGlvbiJ9"
"PA::prop::DataCellArtifact::D10_TestDataset::record::3::cell::ACC_norm::00158","S7_split_train_test_policy","usedPolicy","asd","eyJlbmRfbGFiZWwiOiAiT3BlcmF0aW9uUG9saWN5IiwgInN0YXJ0X2xhYmVsIjogIlByaXZhY3lBbm5vdGF0aW9uIn0="
"PA::prop::DataCellArtifact::D10_TestDataset::record::3::cell::ACC_norm::00158","behavioural_sensor_data","hasCategory","asd","eyJlbmRfbGFiZWwiOiAiU2Vuc2l0aXZpdHlDYXRlZ29yeSIsICJleHBsaWNpdCI6IHRydWUsICJzdGFydF9sYWJlbCI6ICJQcml2YWN5QW5ub3RhdGlvbiJ9"
"PA::prop::DataCellArtifact::D10_TestDataset::record::3::cell::ACC_norm::00158","clinical_research","hasUsage","asd","eyJlbmRfbGFiZWwiOiAiVXNhZ2VDb25zdHJhaW50IiwgInN0YXJ0X2xhYmVsIjogIlByaXZhY3lBbm5vdGF0aW9uIn0="
"PA::prop::DataCellArtifact::D10_TestDataset::record::3::cell::ACC_norm::00158","delete_on_request","hasErasure","asd","eyJlbmRfbGFiZWwiOiAiRXJhc3VyZUNvbnN0cmFpbnQiLCAic3RhcnRfbGFiZWwiOiAiUHJpdmFjeUFubm90YXRpb24ifQ=="
"PA::prop::DataCellArtifact::D10_TestDataset::record::3::cell::ACC_norm::00158","retention_5y","hasErasure","asd","eyJlbmRfbGFiZWwiOiAiRXJhc3VyZUNvbnN0cmFpbnQiLCAic3RhcnRfbGFiZWwiOiAiUHJpdmFjeUFubm90YXRpb24ifQ=="
"PA::prop::DataCellArtifact::D10_TestDataset::record::3::cell::ACC_norm::00158","AU","allowsRole","asd","eyJlbmRfbGFiZWwiOiAiQWNjZXNzUm9sZSIsICJzdGFydF9sYWJlbCI6ICJQcml2YWN5QW5ub3RhdGlvbiJ9"
"PA::prop::DataCellArtifact::D10_TestDataset::record::3::cell::ACC_norm::00158","CL","allowsRole","asd","eyJlbmRfbGFiZWwiOiAiQWNjZXNzUm9sZSIsICJzdGFydF9sYWJlbCI6ICJQcml2YWN5QW5ub3RhdGlvbiJ9"
"PA::prop::DataCellArtifact::D10_TestDataset::record::3::cell::ACC_norm::00158","DPO","allowsRole","asd","eyJlbmRfbGFiZWwiOiAiQWNjZXNzUm9sZSIsICJzdGFydF9sYWJlbCI6ICJQcml2YWN5QW5ub3RhdGlvbiJ9"
"PA::prop::DataCellArtifact::D10_TestDataset::record::3::cell::ACC_norm::00158","DS","allowsRole","asd","eyJlbmRfbGFiZWwiOiAiQWNjZXNzUm9sZSIsICJzdGFydF9sYWJlbCI6ICJQcml2YWN5QW5ub3RhdGlvbiJ9"
"PA::prop::DataCellArtifact::D10_TestDataset::record::3::cell::chall_behav::00159","D10_TestDataset::record::3::cell::chall_behav","annotates","asd","eyJlbmRfbGFiZWwiOiAiRGF0YUNlbGxBcnRpZmFjdCIsICJzdGFydF9sYWJlbCI6ICJQcml2YWN5QW5ub3RhdGlvbiJ9"
"asd_run_001::003::S7_split_train_test","PA::prop::DataCellArtifact::D10_TestDataset::record::3::cell::chall_behav::00159","generatedPrivacyAnnotation","asd","eyJlbmRfbGFiZWwiOiAiUHJpdmFjeUFubm90YXRpb24iLCAic3RhcnRfbGFiZWwiOiAiU3RlcFJ1biJ9"
"PA::prop::DataCellArtifact::D10_TestDataset::record::3::cell::chall_behav::00159","asd_run_001::003::S7_split_train_test","wasGeneratedBy","asd","eyJlbmRfbGFiZWwiOiAiU3RlcFJ1biIsICJzdGFydF9sYWJlbCI6ICJQcml2YWN5QW5ub3RhdGlvbiJ9"
"PA::prop::DataCellArtifact::D10_TestDataset::record::3::cell::chall_behav::00159","S7_split_train_test_policy","usedPolicy","asd","eyJlbmRfbGFiZWwiOiAiT3BlcmF0aW9uUG9saWN5IiwgInN0YXJ0X2xhYmVsIjogIlByaXZhY3lBbm5vdGF0aW9uIn0="
"PA::prop::DataCellArtifact::D10_TestDataset::record::3::cell::chall_behav::00159","health","hasCategory","asd","eyJlbmRfbGFiZWwiOiAiU2Vuc2l0aXZpdHlDYXRlZ29yeSIsICJleHBsaWNpdCI6IHRydWUsICJzdGFydF9sYWJlbCI6ICJQcml2YWN5QW5ub3RhdGlvbiJ9"
"PA::prop::DataCellArtifact::D10_TestDataset::record::3::cell::chall_behav::00159","behavioural_sensitive","hasCategory","asd","eyJlbmRfbGFiZWwiOiAiU2Vuc2l0aXZpdHlDYXRlZ29yeSIsICJleHBsaWNpdCI6IHRydWUsICJzdGFydF9sYWJlbCI6ICJQcml2YWN5QW5ub3RhdGlvbiJ9"
"PA::prop::DataCellArtifact::D10_TestDataset::record::3::cell::chall_behav::00159","sensitive_personal_data","hasCategory","asd","eyJlbmRfbGFiZWwiOiAiU2Vuc2l0aXZpdHlDYXRlZ29yeSIsICJleHBsaWNpdCI6IGZhbHNlLCAic3RhcnRfbGFiZWwiOiAiUHJpdmFjeUFubm90YXRpb24ifQ=="
"PA::prop::DataCellArtifact::D10_TestDataset::record::3::cell::chall_behav::00159","clinical_research","hasUsage","asd","eyJlbmRfbGFiZWwiOiAiVXNhZ2VDb25zdHJhaW50IiwgInN0YXJ0X2xhYmVsIjogIlByaXZhY3lBbm5vdGF0aW9uIn0="
"PA::prop::DataCellArtifact::D10_TestDataset::record::3::cell::chall_behav::00159","delete_on_request","hasErasure","asd","eyJlbmRfbGFiZWwiOiAiRXJhc3VyZUNvbnN0cmFpbnQiLCAic3RhcnRfbGFiZWwiOiAiUHJpdmFjeUFubm90YXRpb24ifQ=="
"PA::prop::DataCellArtifact::D10_TestDataset::record::3::cell::chall_behav::00159","retention_5y","hasErasure","asd","eyJlbmRfbGFiZWwiOiAiRXJhc3VyZUNvbnN0cmFpbnQiLCAic3RhcnRfbGFiZWwiOiAiUHJpdmFjeUFubm90YXRpb24ifQ=="
"PA::prop::DataCellArtifact::D10_TestDataset::record::3::cell::chall_behav::00159","AU","allowsRole","asd","eyJlbmRfbGFiZWwiOiAiQWNjZXNzUm9sZSIsICJzdGFydF9sYWJlbCI6ICJQcml2YWN5QW5ub3RhdGlvbiJ9"
"PA::prop::DataCellArtifact::D10_TestDataset::record::3::cell::chall_behav::00159","CL","allowsRole","asd","eyJlbmRfbGFiZWwiOiAiQWNjZXNzUm9sZSIsICJzdGFydF9sYWJlbCI6ICJQcml2YWN5QW5ub3RhdGlvbiJ9"
"PA::prop::DataCellArtifact::D10_TestDataset::record::3::cell::chall_behav::00159","DPO","allowsRole","asd","eyJlbmRfbGFiZWwiOiAiQWNjZXNzUm9sZSIsICJzdGFydF9sYWJlbCI6ICJQcml2YWN5QW5ub3RhdGlvbiJ9"
"PA::prop::DataCellArtifact::D10_TestDataset::record::3::cell::chall_behav::00159","DS","allowsRole","asd","eyJlbmRfbGFiZWwiOiAiQWNjZXNzUm9sZSIsICJzdGFydF9sYWJlbCI6ICJQcml2YWN5QW5ub3RhdGlvbiJ9"
"PA::prop::DataCellArtifact::D10_TestDataset::record::3::cell::sev::00160","D10_TestDataset::record::3::cell::sev","annotates","asd","eyJlbmRfbGFiZWwiOiAiRGF0YUNlbGxBcnRpZmFjdCIsICJzdGFydF9sYWJlbCI6ICJQcml2YWN5QW5ub3RhdGlvbiJ9"
"asd_run_001::003::S7_split_train_test","PA::prop::DataCellArtifact::D10_TestDataset::record::3::cell::sev::00160","generatedPrivacyAnnotation","asd","eyJlbmRfbGFiZWwiOiAiUHJpdmFjeUFubm90YXRpb24iLCAic3RhcnRfbGFiZWwiOiAiU3RlcFJ1biJ9"
"PA::prop::DataCellArtifact::D10_TestDataset::record::3::cell::sev::00160","asd_run_001::003::S7_split_train_test","wasGeneratedBy","asd","eyJlbmRfbGFiZWwiOiAiU3RlcFJ1biIsICJzdGFydF9sYWJlbCI6ICJQcml2YWN5QW5ub3RhdGlvbiJ9"
"PA::prop::DataCellArtifact::D10_TestDataset::record::3::cell::sev::00160","S7_split_train_test_policy","usedPolicy","asd","eyJlbmRfbGFiZWwiOiAiT3BlcmF0aW9uUG9saWN5IiwgInN0YXJ0X2xhYmVsIjogIlByaXZhY3lBbm5vdGF0aW9uIn0="
"PA::prop::DataCellArtifact::D10_TestDataset::record::3::cell::sev::00160","health","hasCategory","asd","eyJlbmRfbGFiZWwiOiAiU2Vuc2l0aXZpdHlDYXRlZ29yeSIsICJleHBsaWNpdCI6IHRydWUsICJzdGFydF9sYWJlbCI6ICJQcml2YWN5QW5ub3RhdGlvbiJ9"
"PA::prop::DataCellArtifact::D10_TestDataset::record::3::cell::sev::00160","behavioural_sensitive","hasCategory","asd","eyJlbmRfbGFiZWwiOiAiU2Vuc2l0aXZpdHlDYXRlZ29yeSIsICJleHBsaWNpdCI6IHRydWUsICJzdGFydF9sYWJlbCI6ICJQcml2YWN5QW5ub3RhdGlvbiJ9"
"PA::prop::DataCellArtifact::D10_TestDataset::record::3::cell::sev::00160","sensitive_personal_data","hasCategory","asd","eyJlbmRfbGFiZWwiOiAiU2Vuc2l0aXZpdHlDYXRlZ29yeSIsICJleHBsaWNpdCI6IGZhbHNlLCAic3RhcnRfbGFiZWwiOiAiUHJpdmFjeUFubm90YXRpb24ifQ=="
"PA::prop::DataCellArtifact::D10_TestDataset::record::3::cell::sev::00160","clinical_research","hasUsage","asd","eyJlbmRfbGFiZWwiOiAiVXNhZ2VDb25zdHJhaW50IiwgInN0YXJ0X2xhYmVsIjogIlByaXZhY3lBbm5vdGF0aW9uIn0="
"PA::prop::DataCellArtifact::D10_TestDataset::record::3::cell::sev::00160","delete_on_request","hasErasure","asd","eyJlbmRfbGFiZWwiOiAiRXJhc3VyZUNvbnN0cmFpbnQiLCAic3RhcnRfbGFiZWwiOiAiUHJpdmFjeUFubm90YXRpb24ifQ=="
"PA::prop::DataCellArtifact::D10_TestDataset::record::3::cell::sev::00160","retention_5y","hasErasure","asd","eyJlbmRfbGFiZWwiOiAiRXJhc3VyZUNvbnN0cmFpbnQiLCAic3RhcnRfbGFiZWwiOiAiUHJpdmFjeUFubm90YXRpb24ifQ=="
"PA::prop::DataCellArtifact::D10_TestDataset::record::3::cell::sev::00160","AU","allowsRole","asd","eyJlbmRfbGFiZWwiOiAiQWNjZXNzUm9sZSIsICJzdGFydF9sYWJlbCI6ICJQcml2YWN5QW5ub3RhdGlvbiJ9"
"PA::prop::DataCellArtifact::D10_TestDataset::record::3::cell::sev::00160","CL","allowsRole","asd","eyJlbmRfbGFiZWwiOiAiQWNjZXNzUm9sZSIsICJzdGFydF9sYWJlbCI6ICJQcml2YWN5QW5ub3RhdGlvbiJ9"
"PA::prop::DataCellArtifact::D10_TestDataset::record::3::cell::sev::00160","DPO","allowsRole","asd","eyJlbmRfbGFiZWwiOiAiQWNjZXNzUm9sZSIsICJzdGFydF9sYWJlbCI6ICJQcml2YWN5QW5ub3RhdGlvbiJ9"
"PA::prop::DataCellArtifact::D10_TestDataset::record::3::cell::sev::00160","DS","allowsRole","asd","eyJlbmRfbGFiZWwiOiAiQWNjZXNzUm9sZSIsICJzdGFydF9sYWJlbCI6ICJQcml2YWN5QW5ub3RhdGlvbiJ9"
"PA::prop::DataCellArtifact::D10_TestDataset::record::3::cell::age_grp::00161","D10_TestDataset::record::3::cell::age_grp","annotates","asd","eyJlbmRfbGFiZWwiOiAiRGF0YUNlbGxBcnRpZmFjdCIsICJzdGFydF9sYWJlbCI6ICJQcml2YWN5QW5ub3RhdGlvbiJ9"
"asd_run_001::003::S7_split_train_test","PA::prop::DataCellArtifact::D10_TestDataset::record::3::cell::age_grp::00161","generatedPrivacyAnnotation","asd","eyJlbmRfbGFiZWwiOiAiUHJpdmFjeUFubm90YXRpb24iLCAic3RhcnRfbGFiZWwiOiAiU3RlcFJ1biJ9"
"PA::prop::DataCellArtifact::D10_TestDataset::record::3::cell::age_grp::00161","asd_run_001::003::S7_split_train_test","wasGeneratedBy","asd","eyJlbmRfbGFiZWwiOiAiU3RlcFJ1biIsICJzdGFydF9sYWJlbCI6ICJQcml2YWN5QW5ub3RhdGlvbiJ9"
"PA::prop::DataCellArtifact::D10_TestDataset::record::3::cell::age_grp::00161","S7_split_train_test_policy","usedPolicy","asd","eyJlbmRfbGFiZWwiOiAiT3BlcmF0aW9uUG9saWN5IiwgInN0YXJ0X2xhYmVsIjogIlByaXZhY3lBbm5vdGF0aW9uIn0="
"PA::prop::DataCellArtifact::D10_TestDataset::record::3::cell::age_grp::00161","quasi_identifier","hasCategory","asd","eyJlbmRfbGFiZWwiOiAiU2Vuc2l0aXZpdHlDYXRlZ29yeSIsICJleHBsaWNpdCI6IHRydWUsICJzdGFydF9sYWJlbCI6ICJQcml2YWN5QW5ub3RhdGlvbiJ9"
"PA::prop::DataCellArtifact::D10_TestDataset::record::3::cell::age_grp::00161","clinical_research","hasUsage","asd","eyJlbmRfbGFiZWwiOiAiVXNhZ2VDb25zdHJhaW50IiwgInN0YXJ0X2xhYmVsIjogIlByaXZhY3lBbm5vdGF0aW9uIn0="
"PA::prop::DataCellArtifact::D10_TestDataset::record::3::cell::age_grp::00161","delete_on_request","hasErasure","asd","eyJlbmRfbGFiZWwiOiAiRXJhc3VyZUNvbnN0cmFpbnQiLCAic3RhcnRfbGFiZWwiOiAiUHJpdmFjeUFubm90YXRpb24ifQ=="
"PA::prop::DataCellArtifact::D10_TestDataset::record::3::cell::age_grp::00161","retention_5y","hasErasure","asd","eyJlbmRfbGFiZWwiOiAiRXJhc3VyZUNvbnN0cmFpbnQiLCAic3RhcnRfbGFiZWwiOiAiUHJpdmFjeUFubm90YXRpb24ifQ=="
"PA::prop::DataCellArtifact::D10_TestDataset::record::3::cell::age_grp::00161","AU","allowsRole","asd","eyJlbmRfbGFiZWwiOiAiQWNjZXNzUm9sZSIsICJzdGFydF9sYWJlbCI6ICJQcml2YWN5QW5ub3RhdGlvbiJ9"
"PA::prop::DataCellArtifact::D10_TestDataset::record::3::cell::age_grp::00161","CL","allowsRole","asd","eyJlbmRfbGFiZWwiOiAiQWNjZXNzUm9sZSIsICJzdGFydF9sYWJlbCI6ICJQcml2YWN5QW5ub3RhdGlvbiJ9"
"PA::prop::DataCellArtifact::D10_TestDataset::record::3::cell::age_grp::00161","DPO","allowsRole","asd","eyJlbmRfbGFiZWwiOiAiQWNjZXNzUm9sZSIsICJzdGFydF9sYWJlbCI6ICJQcml2YWN5QW5ub3RhdGlvbiJ9"
"PA::prop::DataCellArtifact::D10_TestDataset::record::3::cell::age_grp::00161","DS","allowsRole","asd","eyJlbmRfbGFiZWwiOiAiQWNjZXNzUm9sZSIsICJzdGFydF9sYWJlbCI6ICJQcml2YWN5QW5ub3RhdGlvbiJ9"
"PA::prop::DataCellArtifact::D10_TestDataset::record::3::cell::sex::00162","D10_TestDataset::record::3::cell::sex","annotates","asd","eyJlbmRfbGFiZWwiOiAiRGF0YUNlbGxBcnRpZmFjdCIsICJzdGFydF9sYWJlbCI6ICJQcml2YWN5QW5ub3RhdGlvbiJ9"
"asd_run_001::003::S7_split_train_test","PA::prop::DataCellArtifact::D10_TestDataset::record::3::cell::sex::00162","generatedPrivacyAnnotation","asd","eyJlbmRfbGFiZWwiOiAiUHJpdmFjeUFubm90YXRpb24iLCAic3RhcnRfbGFiZWwiOiAiU3RlcFJ1biJ9"
"PA::prop::DataCellArtifact::D10_TestDataset::record::3::cell::sex::00162","asd_run_001::003::S7_split_train_test","wasGeneratedBy","asd","eyJlbmRfbGFiZWwiOiAiU3RlcFJ1biIsICJzdGFydF9sYWJlbCI6ICJQcml2YWN5QW5ub3RhdGlvbiJ9"
"PA::prop::DataCellArtifact::D10_TestDataset::record::3::cell::sex::00162","S7_split_train_test_policy","usedPolicy","asd","eyJlbmRfbGFiZWwiOiAiT3BlcmF0aW9uUG9saWN5IiwgInN0YXJ0X2xhYmVsIjogIlByaXZhY3lBbm5vdGF0aW9uIn0="
"PA::prop::DataCellArtifact::D10_TestDataset::record::3::cell::sex::00162","quasi_identifier","hasCategory","asd","eyJlbmRfbGFiZWwiOiAiU2Vuc2l0aXZpdHlDYXRlZ29yeSIsICJleHBsaWNpdCI6IHRydWUsICJzdGFydF9sYWJlbCI6ICJQcml2YWN5QW5ub3RhdGlvbiJ9"
"PA::prop::DataCellArtifact::D10_TestDataset::record::3::cell::sex::00162","clinical_research","hasUsage","asd","eyJlbmRfbGFiZWwiOiAiVXNhZ2VDb25zdHJhaW50IiwgInN0YXJ0X2xhYmVsIjogIlByaXZhY3lBbm5vdGF0aW9uIn0="
"PA::prop::DataCellArtifact::D10_TestDataset::record::3::cell::sex::00162","delete_on_request","hasErasure","asd","eyJlbmRfbGFiZWwiOiAiRXJhc3VyZUNvbnN0cmFpbnQiLCAic3RhcnRfbGFiZWwiOiAiUHJpdmFjeUFubm90YXRpb24ifQ=="
"PA::prop::DataCellArtifact::D10_TestDataset::record::3::cell::sex::00162","retention_5y","hasErasure","asd","eyJlbmRfbGFiZWwiOiAiRXJhc3VyZUNvbnN0cmFpbnQiLCAic3RhcnRfbGFiZWwiOiAiUHJpdmFjeUFubm90YXRpb24ifQ=="
"PA::prop::DataCellArtifact::D10_TestDataset::record::3::cell::sex::00162","AU","allowsRole","asd","eyJlbmRfbGFiZWwiOiAiQWNjZXNzUm9sZSIsICJzdGFydF9sYWJlbCI6ICJQcml2YWN5QW5ub3RhdGlvbiJ9"
"PA::prop::DataCellArtifact::D10_TestDataset::record::3::cell::sex::00162","CL","allowsRole","asd","eyJlbmRfbGFiZWwiOiAiQWNjZXNzUm9sZSIsICJzdGFydF9sYWJlbCI6ICJQcml2YWN5QW5ub3RhdGlvbiJ9"
"PA::prop::DataCellArtifact::D10_TestDataset::record::3::cell::sex::00162","DPO","allowsRole","asd","eyJlbmRfbGFiZWwiOiAiQWNjZXNzUm9sZSIsICJzdGFydF9sYWJlbCI6ICJQcml2YWN5QW5ub3RhdGlvbiJ9"
"PA::prop::DataCellArtifact::D10_TestDataset::record::3::cell::sex::00162","DS","allowsRole","asd","eyJlbmRfbGFiZWwiOiAiQWNjZXNzUm9sZSIsICJzdGFydF9sYWJlbCI6ICJQcml2YWN5QW5ub3RhdGlvbiJ9"
"PA::prop::DataRecordArtifact::D10_TestDataset::record::2::00163","D10_TestDataset::record::2","annotates","asd","eyJlbmRfbGFiZWwiOiAiRGF0YVJlY29yZEFydGlmYWN0IiwgInN0YXJ0X2xhYmVsIjogIlByaXZhY3lBbm5vdGF0aW9uIn0="
"asd_run_001::003::S7_split_train_test","PA::prop::DataRecordArtifact::D10_TestDataset::record::2::00163","generatedPrivacyAnnotation","asd","eyJlbmRfbGFiZWwiOiAiUHJpdmFjeUFubm90YXRpb24iLCAic3RhcnRfbGFiZWwiOiAiU3RlcFJ1biJ9"
"PA::prop::DataRecordArtifact::D10_TestDataset::record::2::00163","asd_run_001::003::S7_split_train_test","wasGeneratedBy","asd","eyJlbmRfbGFiZWwiOiAiU3RlcFJ1biIsICJzdGFydF9sYWJlbCI6ICJQcml2YWN5QW5ub3RhdGlvbiJ9"
"PA::prop::DataRecordArtifact::D10_TestDataset::record::2::00163","S7_split_train_test_policy","usedPolicy","asd","eyJlbmRfbGFiZWwiOiAiT3BlcmF0aW9uUG9saWN5IiwgInN0YXJ0X2xhYmVsIjogIlByaXZhY3lBbm5vdGF0aW9uIn0="
"PA::prop::DataRecordArtifact::D10_TestDataset::record::2::00163","biometric","hasCategory","asd","eyJlbmRfbGFiZWwiOiAiU2Vuc2l0aXZpdHlDYXRlZ29yeSIsICJleHBsaWNpdCI6IHRydWUsICJzdGFydF9sYWJlbCI6ICJQcml2YWN5QW5ub3RhdGlvbiJ9"
"PA::prop::DataRecordArtifact::D10_TestDataset::record::2::00163","health","hasCategory","asd","eyJlbmRfbGFiZWwiOiAiU2Vuc2l0aXZpdHlDYXRlZ29yeSIsICJleHBsaWNpdCI6IHRydWUsICJzdGFydF9sYWJlbCI6ICJQcml2YWN5QW5ub3RhdGlvbiJ9"
"PA::prop::DataRecordArtifact::D10_TestDataset::record::2::00163","behavioural_sensor_data","hasCategory","asd","eyJlbmRfbGFiZWwiOiAiU2Vuc2l0aXZpdHlDYXRlZ29yeSIsICJleHBsaWNpdCI6IHRydWUsICJzdGFydF9sYWJlbCI6ICJQcml2YWN5QW5ub3RhdGlvbiJ9"
"PA::prop::DataRecordArtifact::D10_TestDataset::record::2::00163","behavioural_sensitive","hasCategory","asd","eyJlbmRfbGFiZWwiOiAiU2Vuc2l0aXZpdHlDYXRlZ29yeSIsICJleHBsaWNpdCI6IHRydWUsICJzdGFydF9sYWJlbCI6ICJQcml2YWN5QW5ub3RhdGlvbiJ9"
"PA::prop::DataRecordArtifact::D10_TestDataset::record::2::00163","quasi_identifier","hasCategory","asd","eyJlbmRfbGFiZWwiOiAiU2Vuc2l0aXZpdHlDYXRlZ29yeSIsICJleHBsaWNpdCI6IHRydWUsICJzdGFydF9sYWJlbCI6ICJQcml2YWN5QW5ub3RhdGlvbiJ9"
"PA::prop::DataRecordArtifact::D10_TestDataset::record::2::00163","sensitive_personal_data","hasCategory","asd","eyJlbmRfbGFiZWwiOiAiU2Vuc2l0aXZpdHlDYXRlZ29yeSIsICJleHBsaWNpdCI6IGZhbHNlLCAic3RhcnRfbGFiZWwiOiAiUHJpdmFjeUFubm90YXRpb24ifQ=="
"PA::prop::DataRecordArtifact::D10_TestDataset::record::2::00163","clinical_research","hasUsage","asd","eyJlbmRfbGFiZWwiOiAiVXNhZ2VDb25zdHJhaW50IiwgInN0YXJ0X2xhYmVsIjogIlByaXZhY3lBbm5vdGF0aW9uIn0="
"PA::prop::DataRecordArtifact::D10_TestDataset::record::2::00163","delete_on_request","hasErasure","asd","eyJlbmRfbGFiZWwiOiAiRXJhc3VyZUNvbnN0cmFpbnQiLCAic3RhcnRfbGFiZWwiOiAiUHJpdmFjeUFubm90YXRpb24ifQ=="
"PA::prop::DataRecordArtifact::D10_TestDataset::record::2::00163","retention_5y","hasErasure","asd","eyJlbmRfbGFiZWwiOiAiRXJhc3VyZUNvbnN0cmFpbnQiLCAic3RhcnRfbGFiZWwiOiAiUHJpdmFjeUFubm90YXRpb24ifQ=="
"PA::prop::DataRecordArtifact::D10_TestDataset::record::2::00163","AU","allowsRole","asd","eyJlbmRfbGFiZWwiOiAiQWNjZXNzUm9sZSIsICJzdGFydF9sYWJlbCI6ICJQcml2YWN5QW5ub3RhdGlvbiJ9"
"PA::prop::DataRecordArtifact::D10_TestDataset::record::2::00163","CL","allowsRole","asd","eyJlbmRfbGFiZWwiOiAiQWNjZXNzUm9sZSIsICJzdGFydF9sYWJlbCI6ICJQcml2YWN5QW5ub3RhdGlvbiJ9"
"PA::prop::DataRecordArtifact::D10_TestDataset::record::2::00163","DPO","allowsRole","asd","eyJlbmRfbGFiZWwiOiAiQWNjZXNzUm9sZSIsICJzdGFydF9sYWJlbCI6ICJQcml2YWN5QW5ub3RhdGlvbiJ9"
"PA::prop::DataRecordArtifact::D10_TestDataset::record::2::00163","DS","allowsRole","asd","eyJlbmRfbGFiZWwiOiAiQWNjZXNzUm9sZSIsICJzdGFydF9sYWJlbCI6ICJQcml2YWN5QW5ub3RhdGlvbiJ9"
"PA::prop::DataRecordArtifact::D10_TestDataset::record::3::00164","D10_TestDataset::record::3","annotates","asd","eyJlbmRfbGFiZWwiOiAiRGF0YVJlY29yZEFydGlmYWN0IiwgInN0YXJ0X2xhYmVsIjogIlByaXZhY3lBbm5vdGF0aW9uIn0="
"asd_run_001::003::S7_split_train_test","PA::prop::DataRecordArtifact::D10_TestDataset::record::3::00164","generatedPrivacyAnnotation","asd","eyJlbmRfbGFiZWwiOiAiUHJpdmFjeUFubm90YXRpb24iLCAic3RhcnRfbGFiZWwiOiAiU3RlcFJ1biJ9"
"PA::prop::DataRecordArtifact::D10_TestDataset::record::3::00164","asd_run_001::003::S7_split_train_test","wasGeneratedBy","asd","eyJlbmRfbGFiZWwiOiAiU3RlcFJ1biIsICJzdGFydF9sYWJlbCI6ICJQcml2YWN5QW5ub3RhdGlvbiJ9"
"PA::prop::DataRecordArtifact::D10_TestDataset::record::3::00164","S7_split_train_test_policy","usedPolicy","asd","eyJlbmRfbGFiZWwiOiAiT3BlcmF0aW9uUG9saWN5IiwgInN0YXJ0X2xhYmVsIjogIlByaXZhY3lBbm5vdGF0aW9uIn0="
"PA::prop::DataRecordArtifact::D10_TestDataset::record::3::00164","biometric","hasCategory","asd","eyJlbmRfbGFiZWwiOiAiU2Vuc2l0aXZpdHlDYXRlZ29yeSIsICJleHBsaWNpdCI6IHRydWUsICJzdGFydF9sYWJlbCI6ICJQcml2YWN5QW5ub3RhdGlvbiJ9"
"PA::prop::DataRecordArtifact::D10_TestDataset::record::3::00164","health","hasCategory","asd","eyJlbmRfbGFiZWwiOiAiU2Vuc2l0aXZpdHlDYXRlZ29yeSIsICJleHBsaWNpdCI6IHRydWUsICJzdGFydF9sYWJlbCI6ICJQcml2YWN5QW5ub3RhdGlvbiJ9"
"PA::prop::DataRecordArtifact::D10_TestDataset::record::3::00164","behavioural_sensor_data","hasCategory","asd","eyJlbmRfbGFiZWwiOiAiU2Vuc2l0aXZpdHlDYXRlZ29yeSIsICJleHBsaWNpdCI6IHRydWUsICJzdGFydF9sYWJlbCI6ICJQcml2YWN5QW5ub3RhdGlvbiJ9"
"PA::prop::DataRecordArtifact::D10_TestDataset::record::3::00164","behavioural_sensitive","hasCategory","asd","eyJlbmRfbGFiZWwiOiAiU2Vuc2l0aXZpdHlDYXRlZ29yeSIsICJleHBsaWNpdCI6IHRydWUsICJzdGFydF9sYWJlbCI6ICJQcml2YWN5QW5ub3RhdGlvbiJ9"
"PA::prop::DataRecordArtifact::D10_TestDataset::record::3::00164","quasi_identifier","hasCategory","asd","eyJlbmRfbGFiZWwiOiAiU2Vuc2l0aXZpdHlDYXRlZ29yeSIsICJleHBsaWNpdCI6IHRydWUsICJzdGFydF9sYWJlbCI6ICJQcml2YWN5QW5ub3RhdGlvbiJ9"
"PA::prop::DataRecordArtifact::D10_TestDataset::record::3::00164","sensitive_personal_data","hasCategory","asd","eyJlbmRfbGFiZWwiOiAiU2Vuc2l0aXZpdHlDYXRlZ29yeSIsICJleHBsaWNpdCI6IGZhbHNlLCAic3RhcnRfbGFiZWwiOiAiUHJpdmFjeUFubm90YXRpb24ifQ=="
"PA::prop::DataRecordArtifact::D10_TestDataset::record::3::00164","clinical_research","hasUsage","asd","eyJlbmRfbGFiZWwiOiAiVXNhZ2VDb25zdHJhaW50IiwgInN0YXJ0X2xhYmVsIjogIlByaXZhY3lBbm5vdGF0aW9uIn0="
"PA::prop::DataRecordArtifact::D10_TestDataset::record::3::00164","delete_on_request","hasErasure","asd","eyJlbmRfbGFiZWwiOiAiRXJhc3VyZUNvbnN0cmFpbnQiLCAic3RhcnRfbGFiZWwiOiAiUHJpdmFjeUFubm90YXRpb24ifQ=="
"PA::prop::DataRecordArtifact::D10_TestDataset::record::3::00164","retention_5y","hasErasure","asd","eyJlbmRfbGFiZWwiOiAiRXJhc3VyZUNvbnN0cmFpbnQiLCAic3RhcnRfbGFiZWwiOiAiUHJpdmFjeUFubm90YXRpb24ifQ=="
"PA::prop::DataRecordArtifact::D10_TestDataset::record::3::00164","AU","allowsRole","asd","eyJlbmRfbGFiZWwiOiAiQWNjZXNzUm9sZSIsICJzdGFydF9sYWJlbCI6ICJQcml2YWN5QW5ub3RhdGlvbiJ9"
"PA::prop::DataRecordArtifact::D10_TestDataset::record::3::00164","CL","allowsRole","asd","eyJlbmRfbGFiZWwiOiAiQWNjZXNzUm9sZSIsICJzdGFydF9sYWJlbCI6ICJQcml2YWN5QW5ub3RhdGlvbiJ9"
"PA::prop::DataRecordArtifact::D10_TestDataset::record::3::00164","DPO","allowsRole","asd","eyJlbmRfbGFiZWwiOiAiQWNjZXNzUm9sZSIsICJzdGFydF9sYWJlbCI6ICJQcml2YWN5QW5ub3RhdGlvbiJ9"
"PA::prop::DataRecordArtifact::D10_TestDataset::record::3::00164","DS","allowsRole","asd","eyJlbmRfbGFiZWwiOiAiQWNjZXNzUm9sZSIsICJzdGFydF9sYWJlbCI6ICJQcml2YWN5QW5ub3RhdGlvbiJ9"
"PA::prop::DatasetArtifact::D10_TestDataset::00165","D10_TestDataset","annotates","asd","eyJlbmRfbGFiZWwiOiAiRGF0YXNldEFydGlmYWN0IiwgInN0YXJ0X2xhYmVsIjogIlByaXZhY3lBbm5vdGF0aW9uIn0="
"asd_run_001::003::S7_split_train_test","PA::prop::DatasetArtifact::D10_TestDataset::00165","generatedPrivacyAnnotation","asd","eyJlbmRfbGFiZWwiOiAiUHJpdmFjeUFubm90YXRpb24iLCAic3RhcnRfbGFiZWwiOiAiU3RlcFJ1biJ9"
"PA::prop::DatasetArtifact::D10_TestDataset::00165","asd_run_001::003::S7_split_train_test","wasGeneratedBy","asd","eyJlbmRfbGFiZWwiOiAiU3RlcFJ1biIsICJzdGFydF9sYWJlbCI6ICJQcml2YWN5QW5ub3RhdGlvbiJ9"
"PA::prop::DatasetArtifact::D10_TestDataset::00165","S7_split_train_test_policy","usedPolicy","asd","eyJlbmRfbGFiZWwiOiAiT3BlcmF0aW9uUG9saWN5IiwgInN0YXJ0X2xhYmVsIjogIlByaXZhY3lBbm5vdGF0aW9uIn0="
"PA::prop::DatasetArtifact::D10_TestDataset::00165","biometric","hasCategory","asd","eyJlbmRfbGFiZWwiOiAiU2Vuc2l0aXZpdHlDYXRlZ29yeSIsICJleHBsaWNpdCI6IHRydWUsICJzdGFydF9sYWJlbCI6ICJQcml2YWN5QW5ub3RhdGlvbiJ9"
"PA::prop::DatasetArtifact::D10_TestDataset::00165","health","hasCategory","asd","eyJlbmRfbGFiZWwiOiAiU2Vuc2l0aXZpdHlDYXRlZ29yeSIsICJleHBsaWNpdCI6IHRydWUsICJzdGFydF9sYWJlbCI6ICJQcml2YWN5QW5ub3RhdGlvbiJ9"
"PA::prop::DatasetArtifact::D10_TestDataset::00165","behavioural_sensor_data","hasCategory","asd","eyJlbmRfbGFiZWwiOiAiU2Vuc2l0aXZpdHlDYXRlZ29yeSIsICJleHBsaWNpdCI6IHRydWUsICJzdGFydF9sYWJlbCI6ICJQcml2YWN5QW5ub3RhdGlvbiJ9"
"PA::prop::DatasetArtifact::D10_TestDataset::00165","behavioural_sensitive","hasCategory","asd","eyJlbmRfbGFiZWwiOiAiU2Vuc2l0aXZpdHlDYXRlZ29yeSIsICJleHBsaWNpdCI6IHRydWUsICJzdGFydF9sYWJlbCI6ICJQcml2YWN5QW5ub3RhdGlvbiJ9"
"PA::prop::DatasetArtifact::D10_TestDataset::00165","quasi_identifier","hasCategory","asd","eyJlbmRfbGFiZWwiOiAiU2Vuc2l0aXZpdHlDYXRlZ29yeSIsICJleHBsaWNpdCI6IHRydWUsICJzdGFydF9sYWJlbCI6ICJQcml2YWN5QW5ub3RhdGlvbiJ9"
"PA::prop::DatasetArtifact::D10_TestDataset::00165","sensitive_personal_data","hasCategory","asd","eyJlbmRfbGFiZWwiOiAiU2Vuc2l0aXZpdHlDYXRlZ29yeSIsICJleHBsaWNpdCI6IGZhbHNlLCAic3RhcnRfbGFiZWwiOiAiUHJpdmFjeUFubm90YXRpb24ifQ=="
"PA::prop::DatasetArtifact::D10_TestDataset::00165","clinical_research","hasUsage","asd","eyJlbmRfbGFiZWwiOiAiVXNhZ2VDb25zdHJhaW50IiwgInN0YXJ0X2xhYmVsIjogIlByaXZhY3lBbm5vdGF0aW9uIn0="
"PA::prop::DatasetArtifact::D10_TestDataset::00165","delete_on_request","hasErasure","asd","eyJlbmRfbGFiZWwiOiAiRXJhc3VyZUNvbnN0cmFpbnQiLCAic3RhcnRfbGFiZWwiOiAiUHJpdmFjeUFubm90YXRpb24ifQ=="
"PA::prop::DatasetArtifact::D10_TestDataset::00165","retention_5y","hasErasure","asd","eyJlbmRfbGFiZWwiOiAiRXJhc3VyZUNvbnN0cmFpbnQiLCAic3RhcnRfbGFiZWwiOiAiUHJpdmFjeUFubm90YXRpb24ifQ=="
"PA::prop::DatasetArtifact::D10_TestDataset::00165","AU","allowsRole","asd","eyJlbmRfbGFiZWwiOiAiQWNjZXNzUm9sZSIsICJzdGFydF9sYWJlbCI6ICJQcml2YWN5QW5ub3RhdGlvbiJ9"
"PA::prop::DatasetArtifact::D10_TestDataset::00165","CL","allowsRole","asd","eyJlbmRfbGFiZWwiOiAiQWNjZXNzUm9sZSIsICJzdGFydF9sYWJlbCI6ICJQcml2YWN5QW5ub3RhdGlvbiJ9"
"PA::prop::DatasetArtifact::D10_TestDataset::00165","DPO","allowsRole","asd","eyJlbmRfbGFiZWwiOiAiQWNjZXNzUm9sZSIsICJzdGFydF9sYWJlbCI6ICJQcml2YWN5QW5ub3RhdGlvbiJ9"
"PA::prop::DatasetArtifact::D10_TestDataset::00165","DS","allowsRole","asd","eyJlbmRfbGFiZWwiOiAiQWNjZXNzUm9sZSIsICJzdGFydF9sYWJlbCI6ICJQcml2YWN5QW5ub3RhdGlvbiJ9"
"PA::prop::ModelArtifact::M1_ChallengingBehaviourClassifier::00166","M1_ChallengingBehaviourClassifier","annotates","asd","eyJlbmRfbGFiZWwiOiAiTW9kZWxBcnRpZmFjdCIsICJzdGFydF9sYWJlbCI6ICJQcml2YWN5QW5ub3RhdGlvbiJ9"
"asd_run_001::004::S8_train_classifier","PA::prop::ModelArtifact::M1_ChallengingBehaviourClassifier::00166","generatedPrivacyAnnotation","asd","eyJlbmRfbGFiZWwiOiAiUHJpdmFjeUFubm90YXRpb24iLCAic3RhcnRfbGFiZWwiOiAiU3RlcFJ1biJ9"
"PA::prop::ModelArtifact::M1_ChallengingBehaviourClassifier::00166","asd_run_001::004::S8_train_classifier","wasGeneratedBy","asd","eyJlbmRfbGFiZWwiOiAiU3RlcFJ1biIsICJzdGFydF9sYWJlbCI6ICJQcml2YWN5QW5ub3RhdGlvbiJ9"
"PA::prop::ModelArtifact::M1_ChallengingBehaviourClassifier::00166","S8_train_classifier_policy","usedPolicy","asd","eyJlbmRfbGFiZWwiOiAiT3BlcmF0aW9uUG9saWN5IiwgInN0YXJ0X2xhYmVsIjogIlByaXZhY3lBbm5vdGF0aW9uIn0="
"PA::prop::ModelArtifact::M1_ChallengingBehaviourClassifier::00166","model_exposed_to_biometric_data","hasCategory","asd","eyJlbmRfbGFiZWwiOiAiU2Vuc2l0aXZpdHlDYXRlZ29yeSIsICJleHBsaWNpdCI6IHRydWUsICJzdGFydF9sYWJlbCI6ICJQcml2YWN5QW5ub3RhdGlvbiJ9"
"PA::prop::ModelArtifact::M1_ChallengingBehaviourClassifier::00166","model_exposed_to_health_data","hasCategory","asd","eyJlbmRfbGFiZWwiOiAiU2Vuc2l0aXZpdHlDYXRlZ29yeSIsICJleHBsaWNpdCI6IHRydWUsICJzdGFydF9sYWJlbCI6ICJQcml2YWN5QW5ub3RhdGlvbiJ9"
"PA::prop::ModelArtifact::M1_ChallengingBehaviourClassifier::00166","model_exposed_to_behavioural_sensor_data","hasCategory","asd","eyJlbmRfbGFiZWwiOiAiU2Vuc2l0aXZpdHlDYXRlZ29yeSIsICJleHBsaWNpdCI6IHRydWUsICJzdGFydF9sYWJlbCI6ICJQcml2YWN5QW5ub3RhdGlvbiJ9"
"PA::prop::ModelArtifact::M1_ChallengingBehaviourClassifier::00166","model_exposed_to_behavioural_sensitive_label","hasCategory","asd","eyJlbmRfbGFiZWwiOiAiU2Vuc2l0aXZpdHlDYXRlZ29yeSIsICJleHBsaWNpdCI6IHRydWUsICJzdGFydF9sYWJlbCI6ICJQcml2YWN5QW5ub3RhdGlvbiJ9"
"PA::prop::ModelArtifact::M1_ChallengingBehaviourClassifier::00166","model_exposed_to_quasi_identifier_features","hasCategory","asd","eyJlbmRfbGFiZWwiOiAiU2Vuc2l0aXZpdHlDYXRlZ29yeSIsICJleHBsaWNpdCI6IHRydWUsICJzdGFydF9sYWJlbCI6ICJQcml2YWN5QW5ub3RhdGlvbiJ9"
"PA::prop::ModelArtifact::M1_ChallengingBehaviourClassifier::00166","small_training_set_model_disclosure_risk","hasCategory","asd","eyJlbmRfbGFiZWwiOiAiU2Vuc2l0aXZpdHlDYXRlZ29yeSIsICJleHBsaWNpdCI6IHRydWUsICJzdGFydF9sYWJlbCI6ICJQcml2YWN5QW5ub3RhdGlvbiJ9"
"PA::prop::ModelArtifact::M1_ChallengingBehaviourClassifier::00166","clinical_research","hasUsage","asd","eyJlbmRfbGFiZWwiOiAiVXNhZ2VDb25zdHJhaW50IiwgInN0YXJ0X2xhYmVsIjogIlByaXZhY3lBbm5vdGF0aW9uIn0="
"PA::prop::ModelArtifact::M1_ChallengingBehaviourClassifier::00166","retrain_or_review_on_erasure","hasErasure","asd","eyJlbmRfbGFiZWwiOiAiRXJhc3VyZUNvbnN0cmFpbnQiLCAic3RhcnRfbGFiZWwiOiAiUHJpdmFjeUFubm90YXRpb24ifQ=="
"PA::prop::ModelArtifact::M1_ChallengingBehaviourClassifier::00166","retention_5y","hasErasure","asd","eyJlbmRfbGFiZWwiOiAiRXJhc3VyZUNvbnN0cmFpbnQiLCAic3RhcnRfbGFiZWwiOiAiUHJpdmFjeUFubm90YXRpb24ifQ=="
"PA::prop::ModelArtifact::M1_ChallengingBehaviourClassifier::00166","DS","allowsRole","asd","eyJlbmRfbGFiZWwiOiAiQWNjZXNzUm9sZSIsICJzdGFydF9sYWJlbCI6ICJQcml2YWN5QW5ub3RhdGlvbiJ9"
"PA::prop::ModelArtifact::M1_ChallengingBehaviourClassifier::00166","CL","allowsRole","asd","eyJlbmRfbGFiZWwiOiAiQWNjZXNzUm9sZSIsICJzdGFydF9sYWJlbCI6ICJQcml2YWN5QW5ub3RhdGlvbiJ9"
"PA::prop::ModelArtifact::M1_ChallengingBehaviourClassifier::00166","AU","allowsRole","asd","eyJlbmRfbGFiZWwiOiAiQWNjZXNzUm9sZSIsICJzdGFydF9sYWJlbCI6ICJQcml2YWN5QW5ub3RhdGlvbiJ9"
"PA::prop::ModelArtifact::M1_ChallengingBehaviourClassifier::00166","DPO","allowsRole","asd","eyJlbmRfbGFiZWwiOiAiQWNjZXNzUm9sZSIsICJzdGFydF9sYWJlbCI6ICJQcml2YWN5QW5ub3RhdGlvbiJ9"
