"ID","LABEL","key","props_json"
"Pipeline|compas_recidivism_pipeline","Pipeline","compas_recidivism_pipeline","{""key"": ""compas_recidivism_pipeline"", ""name"": ""compas_recidivism_pipeline""}"
"PipelineRun|run_fc7d525c22","PipelineRun","run_fc7d525c22","{""key"": ""run_fc7d525c22"", ""Pipeline_id"": ""compas_recidivism_pipeline"", ""purpose"": ""criminal_justice_research"", ""started_at"": 1780834722.4412344}"
"DatasetArtifact|D0_COMPASRaw","DatasetArtifact","D0_COMPASRaw","{""key"": ""D0_COMPASRaw"", ""name"": ""D0_COMPASRaw"", ""role"": ""raw_compas"", ""source"": ""manual_register"", ""n_rows"": 6, ""n_cols"": 10, ""columns"": [""age"", ""c_charge_degree"", ""race"", ""sex"", ""priors_count"", ""days_b_screening_arrest"", ""two_year_recid"", ""c_jail_in"", ""c_jail_out"", ""irrelevant_col""], ""record_id_col"": null, ""artifact_kind"": ""DatasetArtifact"", ""privacy_categories"": [], ""privacy_categories_explicit"": [], ""privacy_usages"": [""research"", ""criminal_justice_research""], ""privacy_erasures"": [""delete_on_request"", ""retention_5y""], ""privacy_roles"": [""DS"", ""AU"", ""DPO""], ""privacy_annotation_sources"": [""manual""]}"
"DataRecordArtifact|D0_COMPASRaw::record::0","DataRecordArtifact","D0_COMPASRaw::record::0","{""key"": ""D0_COMPASRaw::record::0"", ""record_id"": ""0"", ""dataset_id"": ""D0_COMPASRaw"", ""artifact_kind"": ""DataRecordArtifact"", ""privacy_categories"": [], ""privacy_categories_explicit"": [], ""privacy_usages"": [""research"", ""criminal_justice_research""], ""privacy_erasures"": [""delete_on_request"", ""retention_5y""], ""privacy_roles"": [""DS"", ""AU"", ""DPO""], ""privacy_annotation_sources"": [""manual""]}"
"DataCellArtifact|D0_COMPASRaw::record::0::cell::age","DataCellArtifact","D0_COMPASRaw::record::0::cell::age","{""key"": ""D0_COMPASRaw::record::0::cell::age"", ""record_id"": ""0"", ""dataset_id"": ""D0_COMPASRaw"", ""attribute"": ""age"", ""value"": 25, ""dtype"": ""int64"", ""artifact_kind"": ""DataCellArtifact"", ""privacy_categories"": [""quasi_identifier"", ""personal_data""], ""privacy_categories_explicit"": [""quasi_identifier""], ""privacy_usages"": [""research"", ""criminal_justice_research""], ""privacy_erasures"": [""delete_on_request"", ""retention_5y""], ""privacy_roles"": [""DS"", ""AU"", ""DPO""], ""privacy_annotation_sources"": [""manual""]}"
"DataCellArtifact|D0_COMPASRaw::record::0::cell::c_charge_degree","DataCellArtifact","D0_COMPASRaw::record::0::cell::c_charge_degree","{""key"": ""D0_COMPASRaw::record::0::cell::c_charge_degree"", ""record_id"": ""0"", ""dataset_id"": ""D0_COMPASRaw"", ""attribute"": ""c_charge_degree"", ""value"": ""F"", ""dtype"": ""str"", ""artifact_kind"": ""DataCellArtifact"", ""privacy_categories"": [""criminal_justice_sensitive"", ""sensitive_personal_data""], ""privacy_categories_explicit"": [""criminal_justice_sensitive""], ""privacy_usages"": [""research"", ""criminal_justice_research""], ""privacy_erasures"": [""delete_on_request"", ""retention_5y""], ""privacy_roles"": [""DS"", ""AU"", ""DPO""], ""privacy_annotation_sources"": [""manual""]}"
"DataCellArtifact|D0_COMPASRaw::record::0::cell::race","DataCellArtifact","D0_COMPASRaw::record::0::cell::race","{""key"": ""D0_COMPASRaw::record::0::cell::race"", ""record_id"": ""0"", ""dataset_id"": ""D0_COMPASRaw"", ""attribute"": ""race"", ""value"": ""African-American"", ""dtype"": ""str"", ""artifact_kind"": ""DataCellArtifact"", ""privacy_categories"": [""race_ethnicity"", ""protected_attribute"", ""sensitive_personal_data""], ""privacy_categories_explicit"": [""race_ethnicity"", ""protected_attribute""], ""privacy_usages"": [""research"", ""criminal_justice_research""], ""privacy_erasures"": [""delete_on_request"", ""retention_5y""], ""privacy_roles"": [""DS"", ""AU"", ""DPO""], ""privacy_annotation_sources"": [""manual""]}"
"DataCellArtifact|D0_COMPASRaw::record::0::cell::sex","DataCellArtifact","D0_COMPASRaw::record::0::cell::sex","{""key"": ""D0_COMPASRaw::record::0::cell::sex"", ""record_id"": ""0"", ""dataset_id"": ""D0_COMPASRaw"", ""attribute"": ""sex"", ""value"": ""Male"", ""dtype"": ""str"", ""artifact_kind"": ""DataCellArtifact"", ""privacy_categories"": [""gender"", ""protected_attribute"", ""sensitive_personal_data""], ""privacy_categories_explicit"": [""gender"", ""protected_attribute""], ""privacy_usages"": [""research"", ""criminal_justice_research""], ""privacy_erasures"": [""delete_on_request"", ""retention_5y""], ""privacy_roles"": [""DS"", ""AU"", ""DPO""], ""privacy_annotation_sources"": [""manual""]}"
"DataCellArtifact|D0_COMPASRaw::record::0::cell::priors_count","DataCellArtifact","D0_COMPASRaw::record::0::cell::priors_count","{""key"": ""D0_COMPASRaw::record::0::cell::priors_count"", ""record_id"": ""0"", ""dataset_id"": ""D0_COMPASRaw"", ""attribute"": ""priors_count"", ""value"": 2, ""dtype"": ""int64"", ""artifact_kind"": ""DataCellArtifact"", ""privacy_categories"": [""criminal_justice_sensitive"", ""sensitive_personal_data""], ""privacy_categories_explicit"": [""criminal_justice_sensitive""], ""privacy_usages"": [""research"", ""criminal_justice_research""], ""privacy_erasures"": [""delete_on_request"", ""retention_5y""], ""privacy_roles"": [""DS"", ""AU"", ""DPO""], ""privacy_annotation_sources"": [""manual""]}"
"DataCellArtifact|D0_COMPASRaw::record::0::cell::days_b_screening_arrest","DataCellArtifact","D0_COMPASRaw::record::0::cell::days_b_screening_arrest","{""key"": ""D0_COMPASRaw::record::0::cell::days_b_screening_arrest"", ""record_id"": ""0"", ""dataset_id"": ""D0_COMPASRaw"", ""attribute"": ""days_b_screening_arrest"", ""value"": -1.0, ""dtype"": ""float64"", ""artifact_kind"": ""DataCellArtifact"", ""privacy_categories"": [""criminal_justice_sensitive"", ""temporal_quasi_identifier"", ""sensitive_personal_data""], ""privacy_categories_explicit"": [""criminal_justice_sensitive"", ""temporal_quasi_identifier""], ""privacy_usages"": [""research"", ""criminal_justice_research""], ""privacy_erasures"": [""delete_on_request"", ""retention_5y""], ""privacy_roles"": [""DS"", ""AU"", ""DPO""], ""privacy_annotation_sources"": [""manual""]}"
"DataCellArtifact|D0_COMPASRaw::record::0::cell::two_year_recid","DataCellArtifact","D0_COMPASRaw::record::0::cell::two_year_recid","{""key"": ""D0_COMPASRaw::record::0::cell::two_year_recid"", ""record_id"": ""0"", ""dataset_id"": ""D0_COMPASRaw"", ""attribute"": ""two_year_recid"", ""value"": 1, ""dtype"": ""int64"", ""artifact_kind"": ""DataCellArtifact"", ""privacy_categories"": [""criminal_justice_sensitive"", ""behavioural_sensitive"", ""sensitive_personal_data""], ""privacy_categories_explicit"": [""criminal_justice_sensitive"", ""behavioural_sensitive""], ""privacy_usages"": [""research"", ""criminal_justice_research""], ""privacy_erasures"": [""delete_on_request"", ""retention_5y""], ""privacy_roles"": [""DS"", ""AU"", ""DPO""], ""privacy_annotation_sources"": [""manual""]}"
"DataCellArtifact|D0_COMPASRaw::record::0::cell::c_jail_in","DataCellArtifact","D0_COMPASRaw::record::0::cell::c_jail_in","{""key"": ""D0_COMPASRaw::record::0::cell::c_jail_in"", ""record_id"": ""0"", ""dataset_id"": ""D0_COMPASRaw"", ""attribute"": ""c_jail_in"", ""value"": ""2013-01-01"", ""dtype"": ""str"", ""artifact_kind"": ""DataCellArtifact"", ""privacy_categories"": [""criminal_justice_sensitive"", ""temporal_quasi_identifier"", ""sensitive_personal_data""], ""privacy_categories_explicit"": [""criminal_justice_sensitive"", ""temporal_quasi_identifier""], ""privacy_usages"": [""research"", ""criminal_justice_research""], ""privacy_erasures"": [""delete_on_request"", ""retention_5y""], ""privacy_roles"": [""DS"", ""AU"", ""DPO""], ""privacy_annotation_sources"": [""manual""]}"
"DataCellArtifact|D0_COMPASRaw::record::0::cell::c_jail_out","DataCellArtifact","D0_COMPASRaw::record::0::cell::c_jail_out","{""key"": ""D0_COMPASRaw::record::0::cell::c_jail_out"", ""record_id"": ""0"", ""dataset_id"": ""D0_COMPASRaw"", ""attribute"": ""c_jail_out"", ""value"": ""2013-01-10"", ""dtype"": ""str"", ""artifact_kind"": ""DataCellArtifact"", ""privacy_categories"": [""criminal_justice_sensitive"", ""temporal_quasi_identifier"", ""sensitive_personal_data""], ""privacy_categories_explicit"": [""criminal_justice_sensitive"", ""temporal_quasi_identifier""], ""privacy_usages"": [""research"", ""criminal_justice_research""], ""privacy_erasures"": [""delete_on_request"", ""retention_5y""], ""privacy_roles"": [""DS"", ""AU"", ""DPO""], ""privacy_annotation_sources"": [""manual""]}"
"DataCellArtifact|D0_COMPASRaw::record::0::cell::irrelevant_col","DataCellArtifact","D0_COMPASRaw::record::0::cell::irrelevant_col","{""key"": ""D0_COMPASRaw::record::0::cell::irrelevant_col"", ""record_id"": ""0"", ""dataset_id"": ""D0_COMPASRaw"", ""attribute"": ""irrelevant_col"", ""value"": ""x"", ""dtype"": ""str"", ""artifact_kind"": ""DataCellArtifact""}"
"DataRecordArtifact|D0_COMPASRaw::record::1","DataRecordArtifact","D0_COMPASRaw::record::1","{""key"": ""D0_COMPASRaw::record::1"", ""record_id"": ""1"", ""dataset_id"": ""D0_COMPASRaw"", ""artifact_kind"": ""DataRecordArtifact"", ""privacy_categories"": [], ""privacy_categories_explicit"": [], ""privacy_usages"": [""research"", ""criminal_justice_research""], ""privacy_erasures"": [""delete_on_request"", ""retention_5y""], ""privacy_roles"": [""DS"", ""AU"", ""DPO""], ""privacy_annotation_sources"": [""manual""]}"
"DataCellArtifact|D0_COMPASRaw::record::1::cell::age","DataCellArtifact","D0_COMPASRaw::record::1::cell::age","{""key"": ""D0_COMPASRaw::record::1::cell::age"", ""record_id"": ""1"", ""dataset_id"": ""D0_COMPASRaw"", ""attribute"": ""age"", ""value"": 34, ""dtype"": ""int64"", ""artifact_kind"": ""DataCellArtifact"", ""privacy_categories"": [""quasi_identifier"", ""personal_data""], ""privacy_categories_explicit"": [""quasi_identifier""], ""privacy_usages"": [""research"", ""criminal_justice_research""], ""privacy_erasures"": [""delete_on_request"", ""retention_5y""], ""privacy_roles"": [""DS"", ""AU"", ""DPO""], ""privacy_annotation_sources"": [""manual""]}"
"DataCellArtifact|D0_COMPASRaw::record::1::cell::c_charge_degree","DataCellArtifact","D0_COMPASRaw::record::1::cell::c_charge_degree","{""key"": ""D0_COMPASRaw::record::1::cell::c_charge_degree"", ""record_id"": ""1"", ""dataset_id"": ""D0_COMPASRaw"", ""attribute"": ""c_charge_degree"", ""value"": ""M"", ""dtype"": ""str"", ""artifact_kind"": ""DataCellArtifact"", ""privacy_categories"": [""criminal_justice_sensitive"", ""sensitive_personal_data""], ""privacy_categories_explicit"": [""criminal_justice_sensitive""], ""privacy_usages"": [""research"", ""criminal_justice_research""], ""privacy_erasures"": [""delete_on_request"", ""retention_5y""], ""privacy_roles"": [""DS"", ""AU"", ""DPO""], ""privacy_annotation_sources"": [""manual""]}"
"DataCellArtifact|D0_COMPASRaw::record::1::cell::race","DataCellArtifact","D0_COMPASRaw::record::1::cell::race","{""key"": ""D0_COMPASRaw::record::1::cell::race"", ""record_id"": ""1"", ""dataset_id"": ""D0_COMPASRaw"", ""attribute"": ""race"", ""value"": ""Caucasian"", ""dtype"": ""str"", ""artifact_kind"": ""DataCellArtifact"", ""privacy_categories"": [""race_ethnicity"", ""protected_attribute"", ""sensitive_personal_data""], ""privacy_categories_explicit"": [""race_ethnicity"", ""protected_attribute""], ""privacy_usages"": [""research"", ""criminal_justice_research""], ""privacy_erasures"": [""delete_on_request"", ""retention_5y""], ""privacy_roles"": [""DS"", ""AU"", ""DPO""], ""privacy_annotation_sources"": [""manual""]}"
"DataCellArtifact|D0_COMPASRaw::record::1::cell::sex","DataCellArtifact","D0_COMPASRaw::record::1::cell::sex","{""key"": ""D0_COMPASRaw::record::1::cell::sex"", ""record_id"": ""1"", ""dataset_id"": ""D0_COMPASRaw"", ""attribute"": ""sex"", ""value"": ""Female"", ""dtype"": ""str"", ""artifact_kind"": ""DataCellArtifact"", ""privacy_categories"": [""gender"", ""protected_attribute"", ""sensitive_personal_data""], ""privacy_categories_explicit"": [""gender"", ""protected_attribute""], ""privacy_usages"": [""research"", ""criminal_justice_research""], ""privacy_erasures"": [""delete_on_request"", ""retention_5y""], ""privacy_roles"": [""DS"", ""AU"", ""DPO""], ""privacy_annotation_sources"": [""manual""]}"
"DataCellArtifact|D0_COMPASRaw::record::1::cell::priors_count","DataCellArtifact","D0_COMPASRaw::record::1::cell::priors_count","{""key"": ""D0_COMPASRaw::record::1::cell::priors_count"", ""record_id"": ""1"", ""dataset_id"": ""D0_COMPASRaw"", ""attribute"": ""priors_count"", ""value"": 0, ""dtype"": ""int64"", ""artifact_kind"": ""DataCellArtifact"", ""privacy_categories"": [""criminal_justice_sensitive"", ""sensitive_personal_data""], ""privacy_categories_explicit"": [""criminal_justice_sensitive""], ""privacy_usages"": [""research"", ""criminal_justice_research""], ""privacy_erasures"": [""delete_on_request"", ""retention_5y""], ""privacy_roles"": [""DS"", ""AU"", ""DPO""], ""privacy_annotation_sources"": [""manual""]}"
"DataCellArtifact|D0_COMPASRaw::record::1::cell::days_b_screening_arrest","DataCellArtifact","D0_COMPASRaw::record::1::cell::days_b_screening_arrest","{""key"": ""D0_COMPASRaw::record::1::cell::days_b_screening_arrest"", ""record_id"": ""1"", ""dataset_id"": ""D0_COMPASRaw"", ""attribute"": ""days_b_screening_arrest"", ""value"": 0.0, ""dtype"": ""float64"", ""artifact_kind"": ""DataCellArtifact"", ""privacy_categories"": [""criminal_justice_sensitive"", ""temporal_quasi_identifier"", ""sensitive_personal_data""], ""privacy_categories_explicit"": [""criminal_justice_sensitive"", ""temporal_quasi_identifier""], ""privacy_usages"": [""research"", ""criminal_justice_research""], ""privacy_erasures"": [""delete_on_request"", ""retention_5y""], ""privacy_roles"": [""DS"", ""AU"", ""DPO""], ""privacy_annotation_sources"": [""manual""]}"
"DataCellArtifact|D0_COMPASRaw::record::1::cell::two_year_recid","DataCellArtifact","D0_COMPASRaw::record::1::cell::two_year_recid","{""key"": ""D0_COMPASRaw::record::1::cell::two_year_recid"", ""record_id"": ""1"", ""dataset_id"": ""D0_COMPASRaw"", ""attribute"": ""two_year_recid"", ""value"": 0, ""dtype"": ""int64"", ""artifact_kind"": ""DataCellArtifact"", ""privacy_categories"": [""criminal_justice_sensitive"", ""behavioural_sensitive"", ""sensitive_personal_data""], ""privacy_categories_explicit"": [""criminal_justice_sensitive"", ""behavioural_sensitive""], ""privacy_usages"": [""research"", ""criminal_justice_research""], ""privacy_erasures"": [""delete_on_request"", ""retention_5y""], ""privacy_roles"": [""DS"", ""AU"", ""DPO""], ""privacy_annotation_sources"": [""manual""]}"
"DataCellArtifact|D0_COMPASRaw::record::1::cell::c_jail_in","DataCellArtifact","D0_COMPASRaw::record::1::cell::c_jail_in","{""key"": ""D0_COMPASRaw::record::1::cell::c_jail_in"", ""record_id"": ""1"", ""dataset_id"": ""D0_COMPASRaw"", ""attribute"": ""c_jail_in"", ""value"": ""2013-02-01"", ""dtype"": ""str"", ""artifact_kind"": ""DataCellArtifact"", ""privacy_categories"": [""criminal_justice_sensitive"", ""temporal_quasi_identifier"", ""sensitive_personal_data""], ""privacy_categories_explicit"": [""criminal_justice_sensitive"", ""temporal_quasi_identifier""], ""privacy_usages"": [""research"", ""criminal_justice_research""], ""privacy_erasures"": [""delete_on_request"", ""retention_5y""], ""privacy_roles"": [""DS"", ""AU"", ""DPO""], ""privacy_annotation_sources"": [""manual""]}"
"DataCellArtifact|D0_COMPASRaw::record::1::cell::c_jail_out","DataCellArtifact","D0_COMPASRaw::record::1::cell::c_jail_out","{""key"": ""D0_COMPASRaw::record::1::cell::c_jail_out"", ""record_id"": ""1"", ""dataset_id"": ""D0_COMPASRaw"", ""attribute"": ""c_jail_out"", ""value"": ""2013-02-02"", ""dtype"": ""str"", ""artifact_kind"": ""DataCellArtifact"", ""privacy_categories"": [""criminal_justice_sensitive"", ""temporal_quasi_identifier"", ""sensitive_personal_data""], ""privacy_categories_explicit"": [""criminal_justice_sensitive"", ""temporal_quasi_identifier""], ""privacy_usages"": [""research"", ""criminal_justice_research""], ""privacy_erasures"": [""delete_on_request"", ""retention_5y""], ""privacy_roles"": [""DS"", ""AU"", ""DPO""], ""privacy_annotation_sources"": [""manual""]}"
"DataCellArtifact|D0_COMPASRaw::record::1::cell::irrelevant_col","DataCellArtifact","D0_COMPASRaw::record::1::cell::irrelevant_col","{""key"": ""D0_COMPASRaw::record::1::cell::irrelevant_col"", ""record_id"": ""1"", ""dataset_id"": ""D0_COMPASRaw"", ""attribute"": ""irrelevant_col"", ""value"": ""y"", ""dtype"": ""str"", ""artifact_kind"": ""DataCellArtifact""}"
"DataRecordArtifact|D0_COMPASRaw::record::2","DataRecordArtifact","D0_COMPASRaw::record::2","{""key"": ""D0_COMPASRaw::record::2"", ""record_id"": ""2"", ""dataset_id"": ""D0_COMPASRaw"", ""artifact_kind"": ""DataRecordArtifact"", ""privacy_categories"": [], ""privacy_categories_explicit"": [], ""privacy_usages"": [""research"", ""criminal_justice_research""], ""privacy_erasures"": [""delete_on_request"", ""retention_5y""], ""privacy_roles"": [""DS"", ""AU"", ""DPO""], ""privacy_annotation_sources"": [""manual""]}"
"DataCellArtifact|D0_COMPASRaw::record::2::cell::age","DataCellArtifact","D0_COMPASRaw::record::2::cell::age","{""key"": ""D0_COMPASRaw::record::2::cell::age"", ""record_id"": ""2"", ""dataset_id"": ""D0_COMPASRaw"", ""attribute"": ""age"", ""value"": 45, ""dtype"": ""int64"", ""artifact_kind"": ""DataCellArtifact"", ""privacy_categories"": [""quasi_identifier"", ""personal_data""], ""privacy_categories_explicit"": [""quasi_identifier""], ""privacy_usages"": [""research"", ""criminal_justice_research""], ""privacy_erasures"": [""delete_on_request"", ""retention_5y""], ""privacy_roles"": [""DS"", ""AU"", ""DPO""], ""privacy_annotation_sources"": [""manual""]}"
"DataCellArtifact|D0_COMPASRaw::record::2::cell::c_charge_degree","DataCellArtifact","D0_COMPASRaw::record::2::cell::c_charge_degree","{""key"": ""D0_COMPASRaw::record::2::cell::c_charge_degree"", ""record_id"": ""2"", ""dataset_id"": ""D0_COMPASRaw"", ""attribute"": ""c_charge_degree"", ""value"": ""F"", ""dtype"": ""str"", ""artifact_kind"": ""DataCellArtifact"", ""privacy_categories"": [""criminal_justice_sensitive"", ""sensitive_personal_data""], ""privacy_categories_explicit"": [""criminal_justice_sensitive""], ""privacy_usages"": [""research"", ""criminal_justice_research""], ""privacy_erasures"": [""delete_on_request"", ""retention_5y""], ""privacy_roles"": [""DS"", ""AU"", ""DPO""], ""privacy_annotation_sources"": [""manual""]}"
"DataCellArtifact|D0_COMPASRaw::record::2::cell::race","DataCellArtifact","D0_COMPASRaw::record::2::cell::race","{""key"": ""D0_COMPASRaw::record::2::cell::race"", ""record_id"": ""2"", ""dataset_id"": ""D0_COMPASRaw"", ""attribute"": ""race"", ""value"": ""Hispanic"", ""dtype"": ""str"", ""artifact_kind"": ""DataCellArtifact"", ""privacy_categories"": [""race_ethnicity"", ""protected_attribute"", ""sensitive_personal_data""], ""privacy_categories_explicit"": [""race_ethnicity"", ""protected_attribute""], ""privacy_usages"": [""research"", ""criminal_justice_research""], ""privacy_erasures"": [""delete_on_request"", ""retention_5y""], ""privacy_roles"": [""DS"", ""AU"", ""DPO""], ""privacy_annotation_sources"": [""manual""]}"
"DataCellArtifact|D0_COMPASRaw::record::2::cell::sex","DataCellArtifact","D0_COMPASRaw::record::2::cell::sex","{""key"": ""D0_COMPASRaw::record::2::cell::sex"", ""record_id"": ""2"", ""dataset_id"": ""D0_COMPASRaw"", ""attribute"": ""sex"", ""value"": ""Male"", ""dtype"": ""str"", ""artifact_kind"": ""DataCellArtifact"", ""privacy_categories"": [""gender"", ""protected_attribute"", ""sensitive_personal_data""], ""privacy_categories_explicit"": [""gender"", ""protected_attribute""], ""privacy_usages"": [""research"", ""criminal_justice_research""], ""privacy_erasures"": [""delete_on_request"", ""retention_5y""], ""privacy_roles"": [""DS"", ""AU"", ""DPO""], ""privacy_annotation_sources"": [""manual""]}"
"DataCellArtifact|D0_COMPASRaw::record::2::cell::priors_count","DataCellArtifact","D0_COMPASRaw::record::2::cell::priors_count","{""key"": ""D0_COMPASRaw::record::2::cell::priors_count"", ""record_id"": ""2"", ""dataset_id"": ""D0_COMPASRaw"", ""attribute"": ""priors_count"", ""value"": 5, ""dtype"": ""int64"", ""artifact_kind"": ""DataCellArtifact"", ""privacy_categories"": [""criminal_justice_sensitive"", ""sensitive_personal_data""], ""privacy_categories_explicit"": [""criminal_justice_sensitive""], ""privacy_usages"": [""research"", ""criminal_justice_research""], ""privacy_erasures"": [""delete_on_request"", ""retention_5y""], ""privacy_roles"": [""DS"", ""AU"", ""DPO""], ""privacy_annotation_sources"": [""manual""]}"
"DataCellArtifact|D0_COMPASRaw::record::2::cell::days_b_screening_arrest","DataCellArtifact","D0_COMPASRaw::record::2::cell::days_b_screening_arrest","{""key"": ""D0_COMPASRaw::record::2::cell::days_b_screening_arrest"", ""record_id"": ""2"", ""dataset_id"": ""D0_COMPASRaw"", ""attribute"": ""days_b_screening_arrest"", ""value"": 2.0, ""dtype"": ""float64"", ""artifact_kind"": ""DataCellArtifact"", ""privacy_categories"": [""criminal_justice_sensitive"", ""temporal_quasi_identifier"", ""sensitive_personal_data""], ""privacy_categories_explicit"": [""criminal_justice_sensitive"", ""temporal_quasi_identifier""], ""privacy_usages"": [""research"", ""criminal_justice_research""], ""privacy_erasures"": [""delete_on_request"", ""retention_5y""], ""privacy_roles"": [""DS"", ""AU"", ""DPO""], ""privacy_annotation_sources"": [""manual""]}"
"DataCellArtifact|D0_COMPASRaw::record::2::cell::two_year_recid","DataCellArtifact","D0_COMPASRaw::record::2::cell::two_year_recid","{""key"": ""D0_COMPASRaw::record::2::cell::two_year_recid"", ""record_id"": ""2"", ""dataset_id"": ""D0_COMPASRaw"", ""attribute"": ""two_year_recid"", ""value"": 1, ""dtype"": ""int64"", ""artifact_kind"": ""DataCellArtifact"", ""privacy_categories"": [""criminal_justice_sensitive"", ""behavioural_sensitive"", ""sensitive_personal_data""], ""privacy_categories_explicit"": [""criminal_justice_sensitive"", ""behavioural_sensitive""], ""privacy_usages"": [""research"", ""criminal_justice_research""], ""privacy_erasures"": [""delete_on_request"", ""retention_5y""], ""privacy_roles"": [""DS"", ""AU"", ""DPO""], ""privacy_annotation_sources"": [""manual""]}"
"DataCellArtifact|D0_COMPASRaw::record::2::cell::c_jail_in","DataCellArtifact","D0_COMPASRaw::record::2::cell::c_jail_in","{""key"": ""D0_COMPASRaw::record::2::cell::c_jail_in"", ""record_id"": ""2"", ""dataset_id"": ""D0_COMPASRaw"", ""attribute"": ""c_jail_in"", ""value"": ""2013-03-05"", ""dtype"": ""str"", ""artifact_kind"": ""DataCellArtifact"", ""privacy_categories"": [""criminal_justice_sensitive"", ""temporal_quasi_identifier"", ""sensitive_personal_data""], ""privacy_categories_explicit"": [""criminal_justice_sensitive"", ""temporal_quasi_identifier""], ""privacy_usages"": [""research"", ""criminal_justice_research""], ""privacy_erasures"": [""delete_on_request"", ""retention_5y""], ""privacy_roles"": [""DS"", ""AU"", ""DPO""], ""privacy_annotation_sources"": [""manual""]}"
"DataCellArtifact|D0_COMPASRaw::record::2::cell::c_jail_out","DataCellArtifact","D0_COMPASRaw::record::2::cell::c_jail_out","{""key"": ""D0_COMPASRaw::record::2::cell::c_jail_out"", ""record_id"": ""2"", ""dataset_id"": ""D0_COMPASRaw"", ""attribute"": ""c_jail_out"", ""value"": ""2013-03-20"", ""dtype"": ""str"", ""artifact_kind"": ""DataCellArtifact"", ""privacy_categories"": [""criminal_justice_sensitive"", ""temporal_quasi_identifier"", ""sensitive_personal_data""], ""privacy_categories_explicit"": [""criminal_justice_sensitive"", ""temporal_quasi_identifier""], ""privacy_usages"": [""research"", ""criminal_justice_research""], ""privacy_erasures"": [""delete_on_request"", ""retention_5y""], ""privacy_roles"": [""DS"", ""AU"", ""DPO""], ""privacy_annotation_sources"": [""manual""]}"
"DataCellArtifact|D0_COMPASRaw::record::2::cell::irrelevant_col","DataCellArtifact","D0_COMPASRaw::record::2::cell::irrelevant_col","{""key"": ""D0_COMPASRaw::record::2::cell::irrelevant_col"", ""record_id"": ""2"", ""dataset_id"": ""D0_COMPASRaw"", ""attribute"": ""irrelevant_col"", ""value"": ""z"", ""dtype"": ""str"", ""artifact_kind"": ""DataCellArtifact""}"
"DataRecordArtifact|D0_COMPASRaw::record::3","DataRecordArtifact","D0_COMPASRaw::record::3","{""key"": ""D0_COMPASRaw::record::3"", ""record_id"": ""3"", ""dataset_id"": ""D0_COMPASRaw"", ""artifact_kind"": ""DataRecordArtifact"", ""privacy_categories"": [], ""privacy_categories_explicit"": [], ""privacy_usages"": [""research"", ""criminal_justice_research""], ""privacy_erasures"": [""delete_on_request"", ""retention_5y""], ""privacy_roles"": [""DS"", ""AU"", ""DPO""], ""privacy_annotation_sources"": [""manual""]}"
"DataCellArtifact|D0_COMPASRaw::record::3::cell::age","DataCellArtifact","D0_COMPASRaw::record::3::cell::age","{""key"": ""D0_COMPASRaw::record::3::cell::age"", ""record_id"": ""3"", ""dataset_id"": ""D0_COMPASRaw"", ""attribute"": ""age"", ""value"": 22, ""dtype"": ""int64"", ""artifact_kind"": ""DataCellArtifact"", ""privacy_categories"": [""quasi_identifier"", ""personal_data""], ""privacy_categories_explicit"": [""quasi_identifier""], ""privacy_usages"": [""research"", ""criminal_justice_research""], ""privacy_erasures"": [""delete_on_request"", ""retention_5y""], ""privacy_roles"": [""DS"", ""AU"", ""DPO""], ""privacy_annotation_sources"": [""manual""]}"
"DataCellArtifact|D0_COMPASRaw::record::3::cell::c_charge_degree","DataCellArtifact","D0_COMPASRaw::record::3::cell::c_charge_degree","{""key"": ""D0_COMPASRaw::record::3::cell::c_charge_degree"", ""record_id"": ""3"", ""dataset_id"": ""D0_COMPASRaw"", ""attribute"": ""c_charge_degree"", ""value"": ""M"", ""dtype"": ""str"", ""artifact_kind"": ""DataCellArtifact"", ""privacy_categories"": [""criminal_justice_sensitive"", ""sensitive_personal_data""], ""privacy_categories_explicit"": [""criminal_justice_sensitive""], ""privacy_usages"": [""research"", ""criminal_justice_research""], ""privacy_erasures"": [""delete_on_request"", ""retention_5y""], ""privacy_roles"": [""DS"", ""AU"", ""DPO""], ""privacy_annotation_sources"": [""manual""]}"
"DataCellArtifact|D0_COMPASRaw::record::3::cell::race","DataCellArtifact","D0_COMPASRaw::record::3::cell::race","{""key"": ""D0_COMPASRaw::record::3::cell::race"", ""record_id"": ""3"", ""dataset_id"": ""D0_COMPASRaw"", ""attribute"": ""race"", ""value"": ""Caucasian"", ""dtype"": ""str"", ""artifact_kind"": ""DataCellArtifact"", ""privacy_categories"": [""race_ethnicity"", ""protected_attribute"", ""sensitive_personal_data""], ""privacy_categories_explicit"": [""race_ethnicity"", ""protected_attribute""], ""privacy_usages"": [""research"", ""criminal_justice_research""], ""privacy_erasures"": [""delete_on_request"", ""retention_5y""], ""privacy_roles"": [""DS"", ""AU"", ""DPO""], ""privacy_annotation_sources"": [""manual""]}"
"DataCellArtifact|D0_COMPASRaw::record::3::cell::sex","DataCellArtifact","D0_COMPASRaw::record::3::cell::sex","{""key"": ""D0_COMPASRaw::record::3::cell::sex"", ""record_id"": ""3"", ""dataset_id"": ""D0_COMPASRaw"", ""attribute"": ""sex"", ""value"": ""Male"", ""dtype"": ""str"", ""artifact_kind"": ""DataCellArtifact"", ""privacy_categories"": [""gender"", ""protected_attribute"", ""sensitive_personal_data""], ""privacy_categories_explicit"": [""gender"", ""protected_attribute""], ""privacy_usages"": [""research"", ""criminal_justice_research""], ""privacy_erasures"": [""delete_on_request"", ""retention_5y""], ""privacy_roles"": [""DS"", ""AU"", ""DPO""], ""privacy_annotation_sources"": [""manual""]}"
"DataCellArtifact|D0_COMPASRaw::record::3::cell::priors_count","DataCellArtifact","D0_COMPASRaw::record::3::cell::priors_count","{""key"": ""D0_COMPASRaw::record::3::cell::priors_count"", ""record_id"": ""3"", ""dataset_id"": ""D0_COMPASRaw"", ""attribute"": ""priors_count"", ""value"": 1, ""dtype"": ""int64"", ""artifact_kind"": ""DataCellArtifact"", ""privacy_categories"": [""criminal_justice_sensitive"", ""sensitive_personal_data""], ""privacy_categories_explicit"": [""criminal_justice_sensitive""], ""privacy_usages"": [""research"", ""criminal_justice_research""], ""privacy_erasures"": [""delete_on_request"", ""retention_5y""], ""privacy_roles"": [""DS"", ""AU"", ""DPO""], ""privacy_annotation_sources"": [""manual""]}"
"DataCellArtifact|D0_COMPASRaw::record::3::cell::days_b_screening_arrest","DataCellArtifact","D0_COMPASRaw::record::3::cell::days_b_screening_arrest","{""key"": ""D0_COMPASRaw::record::3::cell::days_b_screening_arrest"", ""record_id"": ""3"", ""dataset_id"": ""D0_COMPASRaw"", ""attribute"": ""days_b_screening_arrest"", ""value"": NaN, ""dtype"": ""float64"", ""artifact_kind"": ""DataCellArtifact"", ""privacy_categories"": [""criminal_justice_sensitive"", ""temporal_quasi_identifier"", ""sensitive_personal_data""], ""privacy_categories_explicit"": [""criminal_justice_sensitive"", ""temporal_quasi_identifier""], ""privacy_usages"": [""research"", ""criminal_justice_research""], ""privacy_erasures"": [""delete_on_request"", ""retention_5y""], ""privacy_roles"": [""DS"", ""AU"", ""DPO""], ""privacy_annotation_sources"": [""manual""]}"
"DataCellArtifact|D0_COMPASRaw::record::3::cell::two_year_recid","DataCellArtifact","D0_COMPASRaw::record::3::cell::two_year_recid","{""key"": ""D0_COMPASRaw::record::3::cell::two_year_recid"", ""record_id"": ""3"", ""dataset_id"": ""D0_COMPASRaw"", ""attribute"": ""two_year_recid"", ""value"": 0, ""dtype"": ""int64"", ""artifact_kind"": ""DataCellArtifact"", ""privacy_categories"": [""criminal_justice_sensitive"", ""behavioural_sensitive"", ""sensitive_personal_data""], ""privacy_categories_explicit"": [""criminal_justice_sensitive"", ""behavioural_sensitive""], ""privacy_usages"": [""research"", ""criminal_justice_research""], ""privacy_erasures"": [""delete_on_request"", ""retention_5y""], ""privacy_roles"": [""DS"", ""AU"", ""DPO""], ""privacy_annotation_sources"": [""manual""]}"
"DataCellArtifact|D0_COMPASRaw::record::3::cell::c_jail_in","DataCellArtifact","D0_COMPASRaw::record::3::cell::c_jail_in","{""key"": ""D0_COMPASRaw::record::3::cell::c_jail_in"", ""record_id"": ""3"", ""dataset_id"": ""D0_COMPASRaw"", ""attribute"": ""c_jail_in"", ""value"": ""2013-04-10"", ""dtype"": ""str"", ""artifact_kind"": ""DataCellArtifact"", ""privacy_categories"": [""criminal_justice_sensitive"", ""temporal_quasi_identifier"", ""sensitive_personal_data""], ""privacy_categories_explicit"": [""criminal_justice_sensitive"", ""temporal_quasi_identifier""], ""privacy_usages"": [""research"", ""criminal_justice_research""], ""privacy_erasures"": [""delete_on_request"", ""retention_5y""], ""privacy_roles"": [""DS"", ""AU"", ""DPO""], ""privacy_annotation_sources"": [""manual""]}"
"DataCellArtifact|D0_COMPASRaw::record::3::cell::c_jail_out","DataCellArtifact","D0_COMPASRaw::record::3::cell::c_jail_out","{""key"": ""D0_COMPASRaw::record::3::cell::c_jail_out"", ""record_id"": ""3"", ""dataset_id"": ""D0_COMPASRaw"", ""attribute"": ""c_jail_out"", ""value"": ""2013-04-12"", ""dtype"": ""str"", ""artifact_kind"": ""DataCellArtifact"", ""privacy_categories"": [""criminal_justice_sensitive"", ""temporal_quasi_identifier"", ""sensitive_personal_data""], ""privacy_categories_explicit"": [""criminal_justice_sensitive"", ""temporal_quasi_identifier""], ""privacy_usages"": [""research"", ""criminal_justice_research""], ""privacy_erasures"": [""delete_on_request"", ""retention_5y""], ""privacy_roles"": [""DS"", ""AU"", ""DPO""], ""privacy_annotation_sources"": [""manual""]}"
"DataCellArtifact|D0_COMPASRaw::record::3::cell::irrelevant_col","DataCellArtifact","D0_COMPASRaw::record::3::cell::irrelevant_col","{""key"": ""D0_COMPASRaw::record::3::cell::irrelevant_col"", ""record_id"": ""3"", ""dataset_id"": ""D0_COMPASRaw"", ""attribute"": ""irrelevant_col"", ""value"": ""q"", ""dtype"": ""str"", ""artifact_kind"": ""DataCellArtifact""}"
"DataRecordArtifact|D0_COMPASRaw::record::4","DataRecordArtifact","D0_COMPASRaw::record::4","{""key"": ""D0_COMPASRaw::record::4"", ""record_id"": ""4"", ""dataset_id"": ""D0_COMPASRaw"", ""artifact_kind"": ""DataRecordArtifact"", ""privacy_categories"": [], ""privacy_categories_explicit"": [], ""privacy_usages"": [""research"", ""criminal_justice_research""], ""privacy_erasures"": [""delete_on_request"", ""retention_5y""], ""privacy_roles"": [""DS"", ""AU"", ""DPO""], ""privacy_annotation_sources"": [""manual""]}"
"DataCellArtifact|D0_COMPASRaw::record::4::cell::age","DataCellArtifact","D0_COMPASRaw::record::4::cell::age","{""key"": ""D0_COMPASRaw::record::4::cell::age"", ""record_id"": ""4"", ""dataset_id"": ""D0_COMPASRaw"", ""attribute"": ""age"", ""value"": 51, ""dtype"": ""int64"", ""artifact_kind"": ""DataCellArtifact"", ""privacy_categories"": [""quasi_identifier"", ""personal_data""], ""privacy_categories_explicit"": [""quasi_identifier""], ""privacy_usages"": [""research"", ""criminal_justice_research""], ""privacy_erasures"": [""delete_on_request"", ""retention_5y""], ""privacy_roles"": [""DS"", ""AU"", ""DPO""], ""privacy_annotation_sources"": [""manual""]}"
"DataCellArtifact|D0_COMPASRaw::record::4::cell::c_charge_degree","DataCellArtifact","D0_COMPASRaw::record::4::cell::c_charge_degree","{""key"": ""D0_COMPASRaw::record::4::cell::c_charge_degree"", ""record_id"": ""4"", ""dataset_id"": ""D0_COMPASRaw"", ""attribute"": ""c_charge_degree"", ""value"": ""F"", ""dtype"": ""str"", ""artifact_kind"": ""DataCellArtifact"", ""privacy_categories"": [""criminal_justice_sensitive"", ""sensitive_personal_data""], ""privacy_categories_explicit"": [""criminal_justice_sensitive""], ""privacy_usages"": [""research"", ""criminal_justice_research""], ""privacy_erasures"": [""delete_on_request"", ""retention_5y""], ""privacy_roles"": [""DS"", ""AU"", ""DPO""], ""privacy_annotation_sources"": [""manual""]}"
"DataCellArtifact|D0_COMPASRaw::record::4::cell::race","DataCellArtifact","D0_COMPASRaw::record::4::cell::race","{""key"": ""D0_COMPASRaw::record::4::cell::race"", ""record_id"": ""4"", ""dataset_id"": ""D0_COMPASRaw"", ""attribute"": ""race"", ""value"": ""African-American"", ""dtype"": ""str"", ""artifact_kind"": ""DataCellArtifact"", ""privacy_categories"": [""race_ethnicity"", ""protected_attribute"", ""sensitive_personal_data""], ""privacy_categories_explicit"": [""race_ethnicity"", ""protected_attribute""], ""privacy_usages"": [""research"", ""criminal_justice_research""], ""privacy_erasures"": [""delete_on_request"", ""retention_5y""], ""privacy_roles"": [""DS"", ""AU"", ""DPO""], ""privacy_annotation_sources"": [""manual""]}"
"DataCellArtifact|D0_COMPASRaw::record::4::cell::sex","DataCellArtifact","D0_COMPASRaw::record::4::cell::sex","{""key"": ""D0_COMPASRaw::record::4::cell::sex"", ""record_id"": ""4"", ""dataset_id"": ""D0_COMPASRaw"", ""attribute"": ""sex"", ""value"": ""Female"", ""dtype"": ""str"", ""artifact_kind"": ""DataCellArtifact"", ""privacy_categories"": [""gender"", ""protected_attribute"", ""sensitive_personal_data""], ""privacy_categories_explicit"": [""gender"", ""protected_attribute""], ""privacy_usages"": [""research"", ""criminal_justice_research""], ""privacy_erasures"": [""delete_on_request"", ""retention_5y""], ""privacy_roles"": [""DS"", ""AU"", ""DPO""], ""privacy_annotation_sources"": [""manual""]}"
"DataCellArtifact|D0_COMPASRaw::record::4::cell::priors_count","DataCellArtifact","D0_COMPASRaw::record::4::cell::priors_count","{""key"": ""D0_COMPASRaw::record::4::cell::priors_count"", ""record_id"": ""4"", ""dataset_id"": ""D0_COMPASRaw"", ""attribute"": ""priors_count"", ""value"": 3, ""dtype"": ""int64"", ""artifact_kind"": ""DataCellArtifact"", ""privacy_categories"": [""criminal_justice_sensitive"", ""sensitive_personal_data""], ""privacy_categories_explicit"": [""criminal_justice_sensitive""], ""privacy_usages"": [""research"", ""criminal_justice_research""], ""privacy_erasures"": [""delete_on_request"", ""retention_5y""], ""privacy_roles"": [""DS"", ""AU"", ""DPO""], ""privacy_annotation_sources"": [""manual""]}"
"DataCellArtifact|D0_COMPASRaw::record::4::cell::days_b_screening_arrest","DataCellArtifact","D0_COMPASRaw::record::4::cell::days_b_screening_arrest","{""key"": ""D0_COMPASRaw::record::4::cell::days_b_screening_arrest"", ""record_id"": ""4"", ""dataset_id"": ""D0_COMPASRaw"", ""attribute"": ""days_b_screening_arrest"", ""value"": -3.0, ""dtype"": ""float64"", ""artifact_kind"": ""DataCellArtifact"", ""privacy_categories"": [""criminal_justice_sensitive"", ""temporal_quasi_identifier"", ""sensitive_personal_data""], ""privacy_categories_explicit"": [""criminal_justice_sensitive"", ""temporal_quasi_identifier""], ""privacy_usages"": [""research"", ""criminal_justice_research""], ""privacy_erasures"": [""delete_on_request"", ""retention_5y""], ""privacy_roles"": [""DS"", ""AU"", ""DPO""], ""privacy_annotation_sources"": [""manual""]}"
"DataCellArtifact|D0_COMPASRaw::record::4::cell::two_year_recid","DataCellArtifact","D0_COMPASRaw::record::4::cell::two_year_recid","{""key"": ""D0_COMPASRaw::record::4::cell::two_year_recid"", ""record_id"": ""4"", ""dataset_id"": ""D0_COMPASRaw"", ""attribute"": ""two_year_recid"", ""value"": 1, ""dtype"": ""int64"", ""artifact_kind"": ""DataCellArtifact"", ""privacy_categories"": [""criminal_justice_sensitive"", ""behavioural_sensitive"", ""sensitive_personal_data""], ""privacy_categories_explicit"": [""criminal_justice_sensitive"", ""behavioural_sensitive""], ""privacy_usages"": [""research"", ""criminal_justice_research""], ""privacy_erasures"": [""delete_on_request"", ""retention_5y""], ""privacy_roles"": [""DS"", ""AU"", ""DPO""], ""privacy_annotation_sources"": [""manual""]}"
"DataCellArtifact|D0_COMPASRaw::record::4::cell::c_jail_in","DataCellArtifact","D0_COMPASRaw::record::4::cell::c_jail_in","{""key"": ""D0_COMPASRaw::record::4::cell::c_jail_in"", ""record_id"": ""4"", ""dataset_id"": ""D0_COMPASRaw"", ""attribute"": ""c_jail_in"", ""value"": ""2013-05-01"", ""dtype"": ""str"", ""artifact_kind"": ""DataCellArtifact"", ""privacy_categories"": [""criminal_justice_sensitive"", ""temporal_quasi_identifier"", ""sensitive_personal_data""], ""privacy_categories_explicit"": [""criminal_justice_sensitive"", ""temporal_quasi_identifier""], ""privacy_usages"": [""research"", ""criminal_justice_research""], ""privacy_erasures"": [""delete_on_request"", ""retention_5y""], ""privacy_roles"": [""DS"", ""AU"", ""DPO""], ""privacy_annotation_sources"": [""manual""]}"
"DataCellArtifact|D0_COMPASRaw::record::4::cell::c_jail_out","DataCellArtifact","D0_COMPASRaw::record::4::cell::c_jail_out","{""key"": ""D0_COMPASRaw::record::4::cell::c_jail_out"", ""record_id"": ""4"", ""dataset_id"": ""D0_COMPASRaw"", ""attribute"": ""c_jail_out"", ""value"": ""2013-05-20"", ""dtype"": ""str"", ""artifact_kind"": ""DataCellArtifact"", ""privacy_categories"": [""criminal_justice_sensitive"", ""temporal_quasi_identifier"", ""sensitive_personal_data""], ""privacy_categories_explicit"": [""criminal_justice_sensitive"", ""temporal_quasi_identifier""], ""privacy_usages"": [""research"", ""criminal_justice_research""], ""privacy_erasures"": [""delete_on_request"", ""retention_5y""], ""privacy_roles"": [""DS"", ""AU"", ""DPO""], ""privacy_annotation_sources"": [""manual""]}"
"DataCellArtifact|D0_COMPASRaw::record::4::cell::irrelevant_col","DataCellArtifact","D0_COMPASRaw::record::4::cell::irrelevant_col","{""key"": ""D0_COMPASRaw::record::4::cell::irrelevant_col"", ""record_id"": ""4"", ""dataset_id"": ""D0_COMPASRaw"", ""attribute"": ""irrelevant_col"", ""value"": ""r"", ""dtype"": ""str"", ""artifact_kind"": ""DataCellArtifact""}"
"DataRecordArtifact|D0_COMPASRaw::record::5","DataRecordArtifact","D0_COMPASRaw::record::5","{""key"": ""D0_COMPASRaw::record::5"", ""record_id"": ""5"", ""dataset_id"": ""D0_COMPASRaw"", ""artifact_kind"": ""DataRecordArtifact"", ""privacy_categories"": [], ""privacy_categories_explicit"": [], ""privacy_usages"": [""research"", ""criminal_justice_research""], ""privacy_erasures"": [""delete_on_request"", ""retention_5y""], ""privacy_roles"": [""DS"", ""AU"", ""DPO""], ""privacy_annotation_sources"": [""manual""]}"
"DataCellArtifact|D0_COMPASRaw::record::5::cell::age","DataCellArtifact","D0_COMPASRaw::record::5::cell::age","{""key"": ""D0_COMPASRaw::record::5::cell::age"", ""record_id"": ""5"", ""dataset_id"": ""D0_COMPASRaw"", ""attribute"": ""age"", ""value"": 29, ""dtype"": ""int64"", ""artifact_kind"": ""DataCellArtifact"", ""privacy_categories"": [""quasi_identifier"", ""personal_data""], ""privacy_categories_explicit"": [""quasi_identifier""], ""privacy_usages"": [""research"", ""criminal_justice_research""], ""privacy_erasures"": [""delete_on_request"", ""retention_5y""], ""privacy_roles"": [""DS"", ""AU"", ""DPO""], ""privacy_annotation_sources"": [""manual""]}"
"DataCellArtifact|D0_COMPASRaw::record::5::cell::c_charge_degree","DataCellArtifact","D0_COMPASRaw::record::5::cell::c_charge_degree","{""key"": ""D0_COMPASRaw::record::5::cell::c_charge_degree"", ""record_id"": ""5"", ""dataset_id"": ""D0_COMPASRaw"", ""attribute"": ""c_charge_degree"", ""value"": ""M"", ""dtype"": ""str"", ""artifact_kind"": ""DataCellArtifact"", ""privacy_categories"": [""criminal_justice_sensitive"", ""sensitive_personal_data""], ""privacy_categories_explicit"": [""criminal_justice_sensitive""], ""privacy_usages"": [""research"", ""criminal_justice_research""], ""privacy_erasures"": [""delete_on_request"", ""retention_5y""], ""privacy_roles"": [""DS"", ""AU"", ""DPO""], ""privacy_annotation_sources"": [""manual""]}"
"DataCellArtifact|D0_COMPASRaw::record::5::cell::race","DataCellArtifact","D0_COMPASRaw::record::5::cell::race","{""key"": ""D0_COMPASRaw::record::5::cell::race"", ""record_id"": ""5"", ""dataset_id"": ""D0_COMPASRaw"", ""attribute"": ""race"", ""value"": ""Other"", ""dtype"": ""str"", ""artifact_kind"": ""DataCellArtifact"", ""privacy_categories"": [""race_ethnicity"", ""protected_attribute"", ""sensitive_personal_data""], ""privacy_categories_explicit"": [""race_ethnicity"", ""protected_attribute""], ""privacy_usages"": [""research"", ""criminal_justice_research""], ""privacy_erasures"": [""delete_on_request"", ""retention_5y""], ""privacy_roles"": [""DS"", ""AU"", ""DPO""], ""privacy_annotation_sources"": [""manual""]}"
"DataCellArtifact|D0_COMPASRaw::record::5::cell::sex","DataCellArtifact","D0_COMPASRaw::record::5::cell::sex","{""key"": ""D0_COMPASRaw::record::5::cell::sex"", ""record_id"": ""5"", ""dataset_id"": ""D0_COMPASRaw"", ""attribute"": ""sex"", ""value"": ""Male"", ""dtype"": ""str"", ""artifact_kind"": ""DataCellArtifact"", ""privacy_categories"": [""gender"", ""protected_attribute"", ""sensitive_personal_data""], ""privacy_categories_explicit"": [""gender"", ""protected_attribute""], ""privacy_usages"": [""research"", ""criminal_justice_research""], ""privacy_erasures"": [""delete_on_request"", ""retention_5y""], ""privacy_roles"": [""DS"", ""AU"", ""DPO""], ""privacy_annotation_sources"": [""manual""]}"
"DataCellArtifact|D0_COMPASRaw::record::5::cell::priors_count","DataCellArtifact","D0_COMPASRaw::record::5::cell::priors_count","{""key"": ""D0_COMPASRaw::record::5::cell::priors_count"", ""record_id"": ""5"", ""dataset_id"": ""D0_COMPASRaw"", ""attribute"": ""priors_count"", ""value"": 0, ""dtype"": ""int64"", ""artifact_kind"": ""DataCellArtifact"", ""privacy_categories"": [""criminal_justice_sensitive"", ""sensitive_personal_data""], ""privacy_categories_explicit"": [""criminal_justice_sensitive""], ""privacy_usages"": [""research"", ""criminal_justice_research""], ""privacy_erasures"": [""delete_on_request"", ""retention_5y""], ""privacy_roles"": [""DS"", ""AU"", ""DPO""], ""privacy_annotation_sources"": [""manual""]}"
"DataCellArtifact|D0_COMPASRaw::record::5::cell::days_b_screening_arrest","DataCellArtifact","D0_COMPASRaw::record::5::cell::days_b_screening_arrest","{""key"": ""D0_COMPASRaw::record::5::cell::days_b_screening_arrest"", ""record_id"": ""5"", ""dataset_id"": ""D0_COMPASRaw"", ""attribute"": ""days_b_screening_arrest"", ""value"": 1.0, ""dtype"": ""float64"", ""artifact_kind"": ""DataCellArtifact"", ""privacy_categories"": [""criminal_justice_sensitive"", ""temporal_quasi_identifier"", ""sensitive_personal_data""], ""privacy_categories_explicit"": [""criminal_justice_sensitive"", ""temporal_quasi_identifier""], ""privacy_usages"": [""research"", ""criminal_justice_research""], ""privacy_erasures"": [""delete_on_request"", ""retention_5y""], ""privacy_roles"": [""DS"", ""AU"", ""DPO""], ""privacy_annotation_sources"": [""manual""]}"
"DataCellArtifact|D0_COMPASRaw::record::5::cell::two_year_recid","DataCellArtifact","D0_COMPASRaw::record::5::cell::two_year_recid","{""key"": ""D0_COMPASRaw::record::5::cell::two_year_recid"", ""record_id"": ""5"", ""dataset_id"": ""D0_COMPASRaw"", ""attribute"": ""two_year_recid"", ""value"": 0, ""dtype"": ""int64"", ""artifact_kind"": ""DataCellArtifact"", ""privacy_categories"": [""criminal_justice_sensitive"", ""behavioural_sensitive"", ""sensitive_personal_data""], ""privacy_categories_explicit"": [""criminal_justice_sensitive"", ""behavioural_sensitive""], ""privacy_usages"": [""research"", ""criminal_justice_research""], ""privacy_erasures"": [""delete_on_request"", ""retention_5y""], ""privacy_roles"": [""DS"", ""AU"", ""DPO""], ""privacy_annotation_sources"": [""manual""]}"
"DataCellArtifact|D0_COMPASRaw::record::5::cell::c_jail_in","DataCellArtifact","D0_COMPASRaw::record::5::cell::c_jail_in","{""key"": ""D0_COMPASRaw::record::5::cell::c_jail_in"", ""record_id"": ""5"", ""dataset_id"": ""D0_COMPASRaw"", ""attribute"": ""c_jail_in"", ""value"": ""2013-06-15"", ""dtype"": ""str"", ""artifact_kind"": ""DataCellArtifact"", ""privacy_categories"": [""criminal_justice_sensitive"", ""temporal_quasi_identifier"", ""sensitive_personal_data""], ""privacy_categories_explicit"": [""criminal_justice_sensitive"", ""temporal_quasi_identifier""], ""privacy_usages"": [""research"", ""criminal_justice_research""], ""privacy_erasures"": [""delete_on_request"", ""retention_5y""], ""privacy_roles"": [""DS"", ""AU"", ""DPO""], ""privacy_annotation_sources"": [""manual""]}"
"DataCellArtifact|D0_COMPASRaw::record::5::cell::c_jail_out","DataCellArtifact","D0_COMPASRaw::record::5::cell::c_jail_out","{""key"": ""D0_COMPASRaw::record::5::cell::c_jail_out"", ""record_id"": ""5"", ""dataset_id"": ""D0_COMPASRaw"", ""attribute"": ""c_jail_out"", ""value"": ""2013-06-17"", ""dtype"": ""str"", ""artifact_kind"": ""DataCellArtifact"", ""privacy_categories"": [""criminal_justice_sensitive"", ""temporal_quasi_identifier"", ""sensitive_personal_data""], ""privacy_categories_explicit"": [""criminal_justice_sensitive"", ""temporal_quasi_identifier""], ""privacy_usages"": [""research"", ""criminal_justice_research""], ""privacy_erasures"": [""delete_on_request"", ""retention_5y""], ""privacy_roles"": [""DS"", ""AU"", ""DPO""], ""privacy_annotation_sources"": [""manual""]}"
"DataCellArtifact|D0_COMPASRaw::record::5::cell::irrelevant_col","DataCellArtifact","D0_COMPASRaw::record::5::cell::irrelevant_col","{""key"": ""D0_COMPASRaw::record::5::cell::irrelevant_col"", ""record_id"": ""5"", ""dataset_id"": ""D0_COMPASRaw"", ""attribute"": ""irrelevant_col"", ""value"": ""s"", ""dtype"": ""str"", ""artifact_kind"": ""DataCellArtifact""}"
"Step|B0_select_columns","Step","B0_select_columns","{""key"": ""B0_select_columns"", ""name"": ""B0_select_columns"", ""phase"": ""DataPreparation"", ""operator"": ""RED"", ""policy_id"": ""B0_select_columns_policy"", ""function"": ""__main__.select_columns"", ""operation_policy_id"": ""B0_select_columns_policy"", ""contributorGranularity"": ""cell"", ""selectedAttributes"": [""age"", ""c_charge_degree"", ""race"", ""sex"", ""priors_count"", ""days_b_screening_arrest"", ""two_year_recid"", ""c_jail_in"", ""c_jail_out""], ""removedAttributes"": [], ""features"": [], ""target"": null}"
"Step|B1_drop_missing","Step","B1_drop_missing","{""key"": ""B1_drop_missing"", ""name"": ""B1_drop_missing"", ""phase"": ""DataPreparation"", ""operator"": ""RED"", ""policy_id"": ""B1_drop_missing_policy"", ""function"": ""__main__.drop_missing"", ""operation_policy_id"": ""B1_drop_missing_policy"", ""contributorGranularity"": ""record"", ""selectedAttributes"": [], ""removedAttributes"": [], ""features"": [], ""target"": null}"
"Step|B2_binary_race","Step","B2_binary_race","{""key"": ""B2_binary_race"", ""name"": ""B2_binary_race"", ""phase"": ""FeatureEngineering"", ""operator"": ""TR"", ""policy_id"": ""B2_binary_race_policy"", ""function"": ""__main__.binary_race"", ""operation_policy_id"": ""B2_binary_race_policy"", ""contributorGranularity"": ""cell"", ""selectedAttributes"": [], ""removedAttributes"": [], ""features"": [], ""target"": null}"
"Step|B3_label_transform","Step","B3_label_transform","{""key"": ""B3_label_transform"", ""name"": ""B3_label_transform"", ""phase"": ""FeatureEngineering"", ""operator"": ""TR"", ""policy_id"": ""B3_label_transform_policy"", ""function"": ""__main__.label_transform"", ""operation_policy_id"": ""B3_label_transform_policy"", ""contributorGranularity"": ""cell"", ""selectedAttributes"": [], ""removedAttributes"": [], ""features"": [], ""target"": null}"
"Step|B4_create_jailtime","Step","B4_create_jailtime","{""key"": ""B4_create_jailtime"", ""name"": ""B4_create_jailtime"", ""phase"": ""FeatureEngineering"", ""operator"": ""TR"", ""policy_id"": ""B4_create_jailtime_policy"", ""function"": ""__main__.create_jailtime"", ""operation_policy_id"": ""B4_create_jailtime_policy"", ""contributorGranularity"": ""cell"", ""selectedAttributes"": [], ""removedAttributes"": [], ""features"": [], ""target"": null}"
"Step|B5_drop_jail_dates","Step","B5_drop_jail_dates","{""key"": ""B5_drop_jail_dates"", ""name"": ""B5_drop_jail_dates"", ""phase"": ""FeatureSelection"", ""operator"": ""RED"", ""policy_id"": ""B5_drop_jail_dates_policy"", ""function"": ""__main__.drop_jail_dates"", ""operation_policy_id"": ""B5_drop_jail_dates_policy"", ""contributorGranularity"": ""cell"", ""selectedAttributes"": [], ""removedAttributes"": [], ""features"": [], ""target"": null}"
"Step|B6_charge_degree_binary","Step","B6_charge_degree_binary","{""key"": ""B6_charge_degree_binary"", ""name"": ""B6_charge_degree_binary"", ""phase"": ""FeatureEngineering"", ""operator"": ""TR"", ""policy_id"": ""B6_charge_degree_binary_policy"", ""function"": ""__main__.charge_degree_binary"", ""operation_policy_id"": ""B6_charge_degree_binary_policy"", ""contributorGranularity"": ""cell"", ""selectedAttributes"": [], ""removedAttributes"": [], ""features"": [], ""target"": null}"
"Step|B7_split_train_test","Step","B7_split_train_test","{""key"": ""B7_split_train_test"", ""name"": ""B7_split_train_test"", ""phase"": ""LearningPreparation"", ""operator"": ""RED"", ""policy_id"": ""B7_split_train_test_policy"", ""function"": ""__main__.split_train_test"", ""operation_policy_id"": ""B7_split_train_test_policy"", ""contributorGranularity"": ""record"", ""selectedAttributes"": [], ""removedAttributes"": [], ""features"": [], ""target"": null}"
"Step|B8_train_classifier","Step","B8_train_classifier","{""key"": ""B8_train_classifier"", ""name"": ""B8_train_classifier"", ""phase"": ""Learning"", ""operator"": ""LEARN"", ""policy_id"": ""B8_train_classifier_policy"", ""function"": ""__main__.train_classifier"", ""operation_policy_id"": ""B8_train_classifier_policy"", ""contributorGranularity"": ""record_and_attribute"", ""selectedAttributes"": [], ""removedAttributes"": [], ""features"": [""*""], ""target"": ""label""}"
"Step|B9_evaluate_classifier","Step","B9_evaluate_classifier","{""key"": ""B9_evaluate_classifier"", ""name"": ""B9_evaluate_classifier"", ""phase"": ""Evaluation"", ""operator"": ""EVAL"", ""policy_id"": ""B9_evaluate_classifier_policy"", ""function"": ""__main__.evaluate_classifier"", ""operation_policy_id"": ""B9_evaluate_classifier_policy"", ""contributorGranularity"": ""model_and_test"", ""selectedAttributes"": [], ""removedAttributes"": [], ""features"": [], ""target"": null}"
"StepRun|run_fc7d525c22::001::B0_select_columns","StepRun","run_fc7d525c22::001::B0_select_columns","{""key"": ""run_fc7d525c22::001::B0_select_columns"", ""step_id"": ""B0_select_columns"", ""phase"": ""DataPreparation"", ""framework"": ""python"", ""operatorType"": ""RED"", ""policy_id"": ""B0_select_columns_policy"", ""input_artifacts"": [""D0_COMPASRaw""], ""output_artifacts"": [""D1_COMPASSelected""], ""duration_seconds"": 0.00140380859375, ""status"": ""success"", ""operation_policy_id"": ""B0_select_columns_policy"", ""contributorGranularity"": ""cell""}"
"DatasetArtifact|D1_COMPASSelected","DatasetArtifact","D1_COMPASSelected","{""key"": ""D1_COMPASSelected"", ""name"": ""D1_COMPASSelected"", ""role"": ""derived"", ""source"": ""step:B0_select_columns"", ""n_rows"": 6, ""n_cols"": 9, ""columns"": [""age"", ""c_charge_degree"", ""race"", ""sex"", ""priors_count"", ""days_b_screening_arrest"", ""two_year_recid"", ""c_jail_in"", ""c_jail_out""], ""record_id_col"": null, ""artifact_kind"": ""DatasetArtifact"", ""privacy_categories"": [""quasi_identifier"", ""criminal_justice_sensitive"", ""race_ethnicity"", ""protected_attribute"", ""gender"", ""temporal_quasi_identifier"", ""behavioural_sensitive"", ""personal_data"", ""sensitive_personal_data""], ""privacy_categories_explicit"": [""quasi_identifier"", ""criminal_justice_sensitive"", ""race_ethnicity"", ""protected_attribute"", ""gender"", ""temporal_quasi_identifier"", ""behavioural_sensitive""], ""privacy_usages"": [""criminal_justice_research"", ""research""], ""privacy_erasures"": [""delete_on_request"", ""retention_5y""], ""privacy_roles"": [""AU"", ""DPO"", ""DS""], ""privacy_annotation_sources"": [""propagated:RED""]}"
"DataRecordArtifact|D1_COMPASSelected::record::0","DataRecordArtifact","D1_COMPASSelected::record::0","{""key"": ""D1_COMPASSelected::record::0"", ""record_id"": ""0"", ""dataset_id"": ""D1_COMPASSelected"", ""artifact_kind"": ""DataRecordArtifact"", ""privacy_categories"": [""quasi_identifier"", ""criminal_justice_sensitive"", ""race_ethnicity"", ""protected_attribute"", ""gender"", ""temporal_quasi_identifier"", ""behavioural_sensitive"", ""personal_data"", ""sensitive_personal_data""], ""privacy_categories_explicit"": [""quasi_identifier"", ""criminal_justice_sensitive"", ""race_ethnicity"", ""protected_attribute"", ""gender"", ""temporal_quasi_identifier"", ""behavioural_sensitive""], ""privacy_usages"": [""criminal_justice_research"", ""research""], ""privacy_erasures"": [""delete_on_request"", ""retention_5y""], ""privacy_roles"": [""AU"", ""DPO"", ""DS""], ""privacy_annotation_sources"": [""propagated:RED""]}"
"DataCellArtifact|D1_COMPASSelected::record::0::cell::age","DataCellArtifact","D1_COMPASSelected::record::0::cell::age","{""key"": ""D1_COMPASSelected::record::0::cell::age"", ""record_id"": ""0"", ""dataset_id"": ""D1_COMPASSelected"", ""attribute"": ""age"", ""value"": 25, ""dtype"": ""int64"", ""artifact_kind"": ""DataCellArtifact"", ""privacy_categories"": [""quasi_identifier"", ""personal_data""], ""privacy_categories_explicit"": [""quasi_identifier""], ""privacy_usages"": [""criminal_justice_research"", ""research""], ""privacy_erasures"": [""delete_on_request"", ""retention_5y""], ""privacy_roles"": [""AU"", ""DPO"", ""DS""], ""privacy_annotation_sources"": [""propagated:RED""]}"
"DataCellArtifact|D1_COMPASSelected::record::0::cell::c_charge_degree","DataCellArtifact","D1_COMPASSelected::record::0::cell::c_charge_degree","{""key"": ""D1_COMPASSelected::record::0::cell::c_charge_degree"", ""record_id"": ""0"", ""dataset_id"": ""D1_COMPASSelected"", ""attribute"": ""c_charge_degree"", ""value"": ""F"", ""dtype"": ""str"", ""artifact_kind"": ""DataCellArtifact"", ""privacy_categories"": [""criminal_justice_sensitive"", ""sensitive_personal_data""], ""privacy_categories_explicit"": [""criminal_justice_sensitive""], ""privacy_usages"": [""criminal_justice_research"", ""research""], ""privacy_erasures"": [""delete_on_request"", ""retention_5y""], ""privacy_roles"": [""AU"", ""DPO"", ""DS""], ""privacy_annotation_sources"": [""propagated:RED""]}"
"DataCellArtifact|D1_COMPASSelected::record::0::cell::race","DataCellArtifact","D1_COMPASSelected::record::0::cell::race","{""key"": ""D1_COMPASSelected::record::0::cell::race"", ""record_id"": ""0"", ""dataset_id"": ""D1_COMPASSelected"", ""attribute"": ""race"", ""value"": ""African-American"", ""dtype"": ""str"", ""artifact_kind"": ""DataCellArtifact"", ""privacy_categories"": [""race_ethnicity"", ""protected_attribute"", ""sensitive_personal_data""], ""privacy_categories_explicit"": [""race_ethnicity"", ""protected_attribute""], ""privacy_usages"": [""criminal_justice_research"", ""research""], ""privacy_erasures"": [""delete_on_request"", ""retention_5y""], ""privacy_roles"": [""AU"", ""DPO"", ""DS""], ""privacy_annotation_sources"": [""propagated:RED""]}"
"DataCellArtifact|D1_COMPASSelected::record::0::cell::sex","DataCellArtifact","D1_COMPASSelected::record::0::cell::sex","{""key"": ""D1_COMPASSelected::record::0::cell::sex"", ""record_id"": ""0"", ""dataset_id"": ""D1_COMPASSelected"", ""attribute"": ""sex"", ""value"": ""Male"", ""dtype"": ""str"", ""artifact_kind"": ""DataCellArtifact"", ""privacy_categories"": [""gender"", ""protected_attribute"", ""sensitive_personal_data""], ""privacy_categories_explicit"": [""gender"", ""protected_attribute""], ""privacy_usages"": [""criminal_justice_research"", ""research""], ""privacy_erasures"": [""delete_on_request"", ""retention_5y""], ""privacy_roles"": [""AU"", ""DPO"", ""DS""], ""privacy_annotation_sources"": [""propagated:RED""]}"
"DataCellArtifact|D1_COMPASSelected::record::0::cell::priors_count","DataCellArtifact","D1_COMPASSelected::record::0::cell::priors_count","{""key"": ""D1_COMPASSelected::record::0::cell::priors_count"", ""record_id"": ""0"", ""dataset_id"": ""D1_COMPASSelected"", ""attribute"": ""priors_count"", ""value"": 2, ""dtype"": ""int64"", ""artifact_kind"": ""DataCellArtifact"", ""privacy_categories"": [""criminal_justice_sensitive"", ""sensitive_personal_data""], ""privacy_categories_explicit"": [""criminal_justice_sensitive""], ""privacy_usages"": [""criminal_justice_research"", ""research""], ""privacy_erasures"": [""delete_on_request"", ""retention_5y""], ""privacy_roles"": [""AU"", ""DPO"", ""DS""], ""privacy_annotation_sources"": [""propagated:RED""]}"
"DataCellArtifact|D1_COMPASSelected::record::0::cell::days_b_screening_arrest","DataCellArtifact","D1_COMPASSelected::record::0::cell::days_b_screening_arrest","{""key"": ""D1_COMPASSelected::record::0::cell::days_b_screening_arrest"", ""record_id"": ""0"", ""dataset_id"": ""D1_COMPASSelected"", ""attribute"": ""days_b_screening_arrest"", ""value"": -1.0, ""dtype"": ""float64"", ""artifact_kind"": ""DataCellArtifact"", ""privacy_categories"": [""criminal_justice_sensitive"", ""temporal_quasi_identifier"", ""sensitive_personal_data""], ""privacy_categories_explicit"": [""criminal_justice_sensitive"", ""temporal_quasi_identifier""], ""privacy_usages"": [""criminal_justice_research"", ""research""], ""privacy_erasures"": [""delete_on_request"", ""retention_5y""], ""privacy_roles"": [""AU"", ""DPO"", ""DS""], ""privacy_annotation_sources"": [""propagated:RED""]}"
"DataCellArtifact|D1_COMPASSelected::record::0::cell::two_year_recid","DataCellArtifact","D1_COMPASSelected::record::0::cell::two_year_recid","{""key"": ""D1_COMPASSelected::record::0::cell::two_year_recid"", ""record_id"": ""0"", ""dataset_id"": ""D1_COMPASSelected"", ""attribute"": ""two_year_recid"", ""value"": 1, ""dtype"": ""int64"", ""artifact_kind"": ""DataCellArtifact"", ""privacy_categories"": [""criminal_justice_sensitive"", ""behavioural_sensitive"", ""sensitive_personal_data""], ""privacy_categories_explicit"": [""criminal_justice_sensitive"", ""behavioural_sensitive""], ""privacy_usages"": [""criminal_justice_research"", ""research""], ""privacy_erasures"": [""delete_on_request"", ""retention_5y""], ""privacy_roles"": [""AU"", ""DPO"", ""DS""], ""privacy_annotation_sources"": [""propagated:RED""]}"
"DataCellArtifact|D1_COMPASSelected::record::0::cell::c_jail_in","DataCellArtifact","D1_COMPASSelected::record::0::cell::c_jail_in","{""key"": ""D1_COMPASSelected::record::0::cell::c_jail_in"", ""record_id"": ""0"", ""dataset_id"": ""D1_COMPASSelected"", ""attribute"": ""c_jail_in"", ""value"": ""2013-01-01"", ""dtype"": ""str"", ""artifact_kind"": ""DataCellArtifact"", ""privacy_categories"": [""criminal_justice_sensitive"", ""temporal_quasi_identifier"", ""sensitive_personal_data""], ""privacy_categories_explicit"": [""criminal_justice_sensitive"", ""temporal_quasi_identifier""], ""privacy_usages"": [""criminal_justice_research"", ""research""], ""privacy_erasures"": [""delete_on_request"", ""retention_5y""], ""privacy_roles"": [""AU"", ""DPO"", ""DS""], ""privacy_annotation_sources"": [""propagated:RED""]}"
"DataCellArtifact|D1_COMPASSelected::record::0::cell::c_jail_out","DataCellArtifact","D1_COMPASSelected::record::0::cell::c_jail_out","{""key"": ""D1_COMPASSelected::record::0::cell::c_jail_out"", ""record_id"": ""0"", ""dataset_id"": ""D1_COMPASSelected"", ""attribute"": ""c_jail_out"", ""value"": ""2013-01-10"", ""dtype"": ""str"", ""artifact_kind"": ""DataCellArtifact"", ""privacy_categories"": [""criminal_justice_sensitive"", ""temporal_quasi_identifier"", ""sensitive_personal_data""], ""privacy_categories_explicit"": [""criminal_justice_sensitive"", ""temporal_quasi_identifier""], ""privacy_usages"": [""criminal_justice_research"", ""research""], ""privacy_erasures"": [""delete_on_request"", ""retention_5y""], ""privacy_roles"": [""AU"", ""DPO"", ""DS""], ""privacy_annotation_sources"": [""propagated:RED""]}"
"DataRecordArtifact|D1_COMPASSelected::record::1","DataRecordArtifact","D1_COMPASSelected::record::1","{""key"": ""D1_COMPASSelected::record::1"", ""record_id"": ""1"", ""dataset_id"": ""D1_COMPASSelected"", ""artifact_kind"": ""DataRecordArtifact"", ""privacy_categories"": [""quasi_identifier"", ""criminal_justice_sensitive"", ""race_ethnicity"", ""protected_attribute"", ""gender"", ""temporal_quasi_identifier"", ""behavioural_sensitive"", ""personal_data"", ""sensitive_personal_data""], ""privacy_categories_explicit"": [""quasi_identifier"", ""criminal_justice_sensitive"", ""race_ethnicity"", ""protected_attribute"", ""gender"", ""temporal_quasi_identifier"", ""behavioural_sensitive""], ""privacy_usages"": [""criminal_justice_research"", ""research""], ""privacy_erasures"": [""delete_on_request"", ""retention_5y""], ""privacy_roles"": [""AU"", ""DPO"", ""DS""], ""privacy_annotation_sources"": [""propagated:RED""]}"
"DataCellArtifact|D1_COMPASSelected::record::1::cell::age","DataCellArtifact","D1_COMPASSelected::record::1::cell::age","{""key"": ""D1_COMPASSelected::record::1::cell::age"", ""record_id"": ""1"", ""dataset_id"": ""D1_COMPASSelected"", ""attribute"": ""age"", ""value"": 34, ""dtype"": ""int64"", ""artifact_kind"": ""DataCellArtifact"", ""privacy_categories"": [""quasi_identifier"", ""personal_data""], ""privacy_categories_explicit"": [""quasi_identifier""], ""privacy_usages"": [""criminal_justice_research"", ""research""], ""privacy_erasures"": [""delete_on_request"", ""retention_5y""], ""privacy_roles"": [""AU"", ""DPO"", ""DS""], ""privacy_annotation_sources"": [""propagated:RED""]}"
"DataCellArtifact|D1_COMPASSelected::record::1::cell::c_charge_degree","DataCellArtifact","D1_COMPASSelected::record::1::cell::c_charge_degree","{""key"": ""D1_COMPASSelected::record::1::cell::c_charge_degree"", ""record_id"": ""1"", ""dataset_id"": ""D1_COMPASSelected"", ""attribute"": ""c_charge_degree"", ""value"": ""M"", ""dtype"": ""str"", ""artifact_kind"": ""DataCellArtifact"", ""privacy_categories"": [""criminal_justice_sensitive"", ""sensitive_personal_data""], ""privacy_categories_explicit"": [""criminal_justice_sensitive""], ""privacy_usages"": [""criminal_justice_research"", ""research""], ""privacy_erasures"": [""delete_on_request"", ""retention_5y""], ""privacy_roles"": [""AU"", ""DPO"", ""DS""], ""privacy_annotation_sources"": [""propagated:RED""]}"
"DataCellArtifact|D1_COMPASSelected::record::1::cell::race","DataCellArtifact","D1_COMPASSelected::record::1::cell::race","{""key"": ""D1_COMPASSelected::record::1::cell::race"", ""record_id"": ""1"", ""dataset_id"": ""D1_COMPASSelected"", ""attribute"": ""race"", ""value"": ""Caucasian"", ""dtype"": ""str"", ""artifact_kind"": ""DataCellArtifact"", ""privacy_categories"": [""race_ethnicity"", ""protected_attribute"", ""sensitive_personal_data""], ""privacy_categories_explicit"": [""race_ethnicity"", ""protected_attribute""], ""privacy_usages"": [""criminal_justice_research"", ""research""], ""privacy_erasures"": [""delete_on_request"", ""retention_5y""], ""privacy_roles"": [""AU"", ""DPO"", ""DS""], ""privacy_annotation_sources"": [""propagated:RED""]}"
"DataCellArtifact|D1_COMPASSelected::record::1::cell::sex","DataCellArtifact","D1_COMPASSelected::record::1::cell::sex","{""key"": ""D1_COMPASSelected::record::1::cell::sex"", ""record_id"": ""1"", ""dataset_id"": ""D1_COMPASSelected"", ""attribute"": ""sex"", ""value"": ""Female"", ""dtype"": ""str"", ""artifact_kind"": ""DataCellArtifact"", ""privacy_categories"": [""gender"", ""protected_attribute"", ""sensitive_personal_data""], ""privacy_categories_explicit"": [""gender"", ""protected_attribute""], ""privacy_usages"": [""criminal_justice_research"", ""research""], ""privacy_erasures"": [""delete_on_request"", ""retention_5y""], ""privacy_roles"": [""AU"", ""DPO"", ""DS""], ""privacy_annotation_sources"": [""propagated:RED""]}"
"DataCellArtifact|D1_COMPASSelected::record::1::cell::priors_count","DataCellArtifact","D1_COMPASSelected::record::1::cell::priors_count","{""key"": ""D1_COMPASSelected::record::1::cell::priors_count"", ""record_id"": ""1"", ""dataset_id"": ""D1_COMPASSelected"", ""attribute"": ""priors_count"", ""value"": 0, ""dtype"": ""int64"", ""artifact_kind"": ""DataCellArtifact"", ""privacy_categories"": [""criminal_justice_sensitive"", ""sensitive_personal_data""], ""privacy_categories_explicit"": [""criminal_justice_sensitive""], ""privacy_usages"": [""criminal_justice_research"", ""research""], ""privacy_erasures"": [""delete_on_request"", ""retention_5y""], ""privacy_roles"": [""AU"", ""DPO"", ""DS""], ""privacy_annotation_sources"": [""propagated:RED""]}"
"DataCellArtifact|D1_COMPASSelected::record::1::cell::days_b_screening_arrest","DataCellArtifact","D1_COMPASSelected::record::1::cell::days_b_screening_arrest","{""key"": ""D1_COMPASSelected::record::1::cell::days_b_screening_arrest"", ""record_id"": ""1"", ""dataset_id"": ""D1_COMPASSelected"", ""attribute"": ""days_b_screening_arrest"", ""value"": 0.0, ""dtype"": ""float64"", ""artifact_kind"": ""DataCellArtifact"", ""privacy_categories"": [""criminal_justice_sensitive"", ""temporal_quasi_identifier"", ""sensitive_personal_data""], ""privacy_categories_explicit"": [""criminal_justice_sensitive"", ""temporal_quasi_identifier""], ""privacy_usages"": [""criminal_justice_research"", ""research""], ""privacy_erasures"": [""delete_on_request"", ""retention_5y""], ""privacy_roles"": [""AU"", ""DPO"", ""DS""], ""privacy_annotation_sources"": [""propagated:RED""]}"
"DataCellArtifact|D1_COMPASSelected::record::1::cell::two_year_recid","DataCellArtifact","D1_COMPASSelected::record::1::cell::two_year_recid","{""key"": ""D1_COMPASSelected::record::1::cell::two_year_recid"", ""record_id"": ""1"", ""dataset_id"": ""D1_COMPASSelected"", ""attribute"": ""two_year_recid"", ""value"": 0, ""dtype"": ""int64"", ""artifact_kind"": ""DataCellArtifact"", ""privacy_categories"": [""criminal_justice_sensitive"", ""behavioural_sensitive"", ""sensitive_personal_data""], ""privacy_categories_explicit"": [""criminal_justice_sensitive"", ""behavioural_sensitive""], ""privacy_usages"": [""criminal_justice_research"", ""research""], ""privacy_erasures"": [""delete_on_request"", ""retention_5y""], ""privacy_roles"": [""AU"", ""DPO"", ""DS""], ""privacy_annotation_sources"": [""propagated:RED""]}"
"DataCellArtifact|D1_COMPASSelected::record::1::cell::c_jail_in","DataCellArtifact","D1_COMPASSelected::record::1::cell::c_jail_in","{""key"": ""D1_COMPASSelected::record::1::cell::c_jail_in"", ""record_id"": ""1"", ""dataset_id"": ""D1_COMPASSelected"", ""attribute"": ""c_jail_in"", ""value"": ""2013-02-01"", ""dtype"": ""str"", ""artifact_kind"": ""DataCellArtifact"", ""privacy_categories"": [""criminal_justice_sensitive"", ""temporal_quasi_identifier"", ""sensitive_personal_data""], ""privacy_categories_explicit"": [""criminal_justice_sensitive"", ""temporal_quasi_identifier""], ""privacy_usages"": [""criminal_justice_research"", ""research""], ""privacy_erasures"": [""delete_on_request"", ""retention_5y""], ""privacy_roles"": [""AU"", ""DPO"", ""DS""], ""privacy_annotation_sources"": [""propagated:RED""]}"
"DataCellArtifact|D1_COMPASSelected::record::1::cell::c_jail_out","DataCellArtifact","D1_COMPASSelected::record::1::cell::c_jail_out","{""key"": ""D1_COMPASSelected::record::1::cell::c_jail_out"", ""record_id"": ""1"", ""dataset_id"": ""D1_COMPASSelected"", ""attribute"": ""c_jail_out"", ""value"": ""2013-02-02"", ""dtype"": ""str"", ""artifact_kind"": ""DataCellArtifact"", ""privacy_categories"": [""criminal_justice_sensitive"", ""temporal_quasi_identifier"", ""sensitive_personal_data""], ""privacy_categories_explicit"": [""criminal_justice_sensitive"", ""temporal_quasi_identifier""], ""privacy_usages"": [""criminal_justice_research"", ""research""], ""privacy_erasures"": [""delete_on_request"", ""retention_5y""], ""privacy_roles"": [""AU"", ""DPO"", ""DS""], ""privacy_annotation_sources"": [""propagated:RED""]}"
"DataRecordArtifact|D1_COMPASSelected::record::2","DataRecordArtifact","D1_COMPASSelected::record::2","{""key"": ""D1_COMPASSelected::record::2"", ""record_id"": ""2"", ""dataset_id"": ""D1_COMPASSelected"", ""artifact_kind"": ""DataRecordArtifact"", ""privacy_categories"": [""quasi_identifier"", ""criminal_justice_sensitive"", ""race_ethnicity"", ""protected_attribute"", ""gender"", ""temporal_quasi_identifier"", ""behavioural_sensitive"", ""personal_data"", ""sensitive_personal_data""], ""privacy_categories_explicit"": [""quasi_identifier"", ""criminal_justice_sensitive"", ""race_ethnicity"", ""protected_attribute"", ""gender"", ""temporal_quasi_identifier"", ""behavioural_sensitive""], ""privacy_usages"": [""criminal_justice_research"", ""research""], ""privacy_erasures"": [""delete_on_request"", ""retention_5y""], ""privacy_roles"": [""AU"", ""DPO"", ""DS""], ""privacy_annotation_sources"": [""propagated:RED""]}"
"DataCellArtifact|D1_COMPASSelected::record::2::cell::age","DataCellArtifact","D1_COMPASSelected::record::2::cell::age","{""key"": ""D1_COMPASSelected::record::2::cell::age"", ""record_id"": ""2"", ""dataset_id"": ""D1_COMPASSelected"", ""attribute"": ""age"", ""value"": 45, ""dtype"": ""int64"", ""artifact_kind"": ""DataCellArtifact"", ""privacy_categories"": [""quasi_identifier"", ""personal_data""], ""privacy_categories_explicit"": [""quasi_identifier""], ""privacy_usages"": [""criminal_justice_research"", ""research""], ""privacy_erasures"": [""delete_on_request"", ""retention_5y""], ""privacy_roles"": [""AU"", ""DPO"", ""DS""], ""privacy_annotation_sources"": [""propagated:RED""]}"
"DataCellArtifact|D1_COMPASSelected::record::2::cell::c_charge_degree","DataCellArtifact","D1_COMPASSelected::record::2::cell::c_charge_degree","{""key"": ""D1_COMPASSelected::record::2::cell::c_charge_degree"", ""record_id"": ""2"", ""dataset_id"": ""D1_COMPASSelected"", ""attribute"": ""c_charge_degree"", ""value"": ""F"", ""dtype"": ""str"", ""artifact_kind"": ""DataCellArtifact"", ""privacy_categories"": [""criminal_justice_sensitive"", ""sensitive_personal_data""], ""privacy_categories_explicit"": [""criminal_justice_sensitive""], ""privacy_usages"": [""criminal_justice_research"", ""research""], ""privacy_erasures"": [""delete_on_request"", ""retention_5y""], ""privacy_roles"": [""AU"", ""DPO"", ""DS""], ""privacy_annotation_sources"": [""propagated:RED""]}"
"DataCellArtifact|D1_COMPASSelected::record::2::cell::race","DataCellArtifact","D1_COMPASSelected::record::2::cell::race","{""key"": ""D1_COMPASSelected::record::2::cell::race"", ""record_id"": ""2"", ""dataset_id"": ""D1_COMPASSelected"", ""attribute"": ""race"", ""value"": ""Hispanic"", ""dtype"": ""str"", ""artifact_kind"": ""DataCellArtifact"", ""privacy_categories"": [""race_ethnicity"", ""protected_attribute"", ""sensitive_personal_data""], ""privacy_categories_explicit"": [""race_ethnicity"", ""protected_attribute""], ""privacy_usages"": [""criminal_justice_research"", ""research""], ""privacy_erasures"": [""delete_on_request"", ""retention_5y""], ""privacy_roles"": [""AU"", ""DPO"", ""DS""], ""privacy_annotation_sources"": [""propagated:RED""]}"
"DataCellArtifact|D1_COMPASSelected::record::2::cell::sex","DataCellArtifact","D1_COMPASSelected::record::2::cell::sex","{""key"": ""D1_COMPASSelected::record::2::cell::sex"", ""record_id"": ""2"", ""dataset_id"": ""D1_COMPASSelected"", ""attribute"": ""sex"", ""value"": ""Male"", ""dtype"": ""str"", ""artifact_kind"": ""DataCellArtifact"", ""privacy_categories"": [""gender"", ""protected_attribute"", ""sensitive_personal_data""], ""privacy_categories_explicit"": [""gender"", ""protected_attribute""], ""privacy_usages"": [""criminal_justice_research"", ""research""], ""privacy_erasures"": [""delete_on_request"", ""retention_5y""], ""privacy_roles"": [""AU"", ""DPO"", ""DS""], ""privacy_annotation_sources"": [""propagated:RED""]}"
"DataCellArtifact|D1_COMPASSelected::record::2::cell::priors_count","DataCellArtifact","D1_COMPASSelected::record::2::cell::priors_count","{""key"": ""D1_COMPASSelected::record::2::cell::priors_count"", ""record_id"": ""2"", ""dataset_id"": ""D1_COMPASSelected"", ""attribute"": ""priors_count"", ""value"": 5, ""dtype"": ""int64"", ""artifact_kind"": ""DataCellArtifact"", ""privacy_categories"": [""criminal_justice_sensitive"", ""sensitive_personal_data""], ""privacy_categories_explicit"": [""criminal_justice_sensitive""], ""privacy_usages"": [""criminal_justice_research"", ""research""], ""privacy_erasures"": [""delete_on_request"", ""retention_5y""], ""privacy_roles"": [""AU"", ""DPO"", ""DS""], ""privacy_annotation_sources"": [""propagated:RED""]}"
"DataCellArtifact|D1_COMPASSelected::record::2::cell::days_b_screening_arrest","DataCellArtifact","D1_COMPASSelected::record::2::cell::days_b_screening_arrest","{""key"": ""D1_COMPASSelected::record::2::cell::days_b_screening_arrest"", ""record_id"": ""2"", ""dataset_id"": ""D1_COMPASSelected"", ""attribute"": ""days_b_screening_arrest"", ""value"": 2.0, ""dtype"": ""float64"", ""artifact_kind"": ""DataCellArtifact"", ""privacy_categories"": [""criminal_justice_sensitive"", ""temporal_quasi_identifier"", ""sensitive_personal_data""], ""privacy_categories_explicit"": [""criminal_justice_sensitive"", ""temporal_quasi_identifier""], ""privacy_usages"": [""criminal_justice_research"", ""research""], ""privacy_erasures"": [""delete_on_request"", ""retention_5y""], ""privacy_roles"": [""AU"", ""DPO"", ""DS""], ""privacy_annotation_sources"": [""propagated:RED""]}"
"DataCellArtifact|D1_COMPASSelected::record::2::cell::two_year_recid","DataCellArtifact","D1_COMPASSelected::record::2::cell::two_year_recid","{""key"": ""D1_COMPASSelected::record::2::cell::two_year_recid"", ""record_id"": ""2"", ""dataset_id"": ""D1_COMPASSelected"", ""attribute"": ""two_year_recid"", ""value"": 1, ""dtype"": ""int64"", ""artifact_kind"": ""DataCellArtifact"", ""privacy_categories"": [""criminal_justice_sensitive"", ""behavioural_sensitive"", ""sensitive_personal_data""], ""privacy_categories_explicit"": [""criminal_justice_sensitive"", ""behavioural_sensitive""], ""privacy_usages"": [""criminal_justice_research"", ""research""], ""privacy_erasures"": [""delete_on_request"", ""retention_5y""], ""privacy_roles"": [""AU"", ""DPO"", ""DS""], ""privacy_annotation_sources"": [""propagated:RED""]}"
"DataCellArtifact|D1_COMPASSelected::record::2::cell::c_jail_in","DataCellArtifact","D1_COMPASSelected::record::2::cell::c_jail_in","{""key"": ""D1_COMPASSelected::record::2::cell::c_jail_in"", ""record_id"": ""2"", ""dataset_id"": ""D1_COMPASSelected"", ""attribute"": ""c_jail_in"", ""value"": ""2013-03-05"", ""dtype"": ""str"", ""artifact_kind"": ""DataCellArtifact"", ""privacy_categories"": [""criminal_justice_sensitive"", ""temporal_quasi_identifier"", ""sensitive_personal_data""], ""privacy_categories_explicit"": [""criminal_justice_sensitive"", ""temporal_quasi_identifier""], ""privacy_usages"": [""criminal_justice_research"", ""research""], ""privacy_erasures"": [""delete_on_request"", ""retention_5y""], ""privacy_roles"": [""AU"", ""DPO"", ""DS""], ""privacy_annotation_sources"": [""propagated:RED""]}"
"DataCellArtifact|D1_COMPASSelected::record::2::cell::c_jail_out","DataCellArtifact","D1_COMPASSelected::record::2::cell::c_jail_out","{""key"": ""D1_COMPASSelected::record::2::cell::c_jail_out"", ""record_id"": ""2"", ""dataset_id"": ""D1_COMPASSelected"", ""attribute"": ""c_jail_out"", ""value"": ""2013-03-20"", ""dtype"": ""str"", ""artifact_kind"": ""DataCellArtifact"", ""privacy_categories"": [""criminal_justice_sensitive"", ""temporal_quasi_identifier"", ""sensitive_personal_data""], ""privacy_categories_explicit"": [""criminal_justice_sensitive"", ""temporal_quasi_identifier""], ""privacy_usages"": [""criminal_justice_research"", ""research""], ""privacy_erasures"": [""delete_on_request"", ""retention_5y""], ""privacy_roles"": [""AU"", ""DPO"", ""DS""], ""privacy_annotation_sources"": [""propagated:RED""]}"
"DataRecordArtifact|D1_COMPASSelected::record::3","DataRecordArtifact","D1_COMPASSelected::record::3","{""key"": ""D1_COMPASSelected::record::3"", ""record_id"": ""3"", ""dataset_id"": ""D1_COMPASSelected"", ""artifact_kind"": ""DataRecordArtifact"", ""privacy_categories"": [""quasi_identifier"", ""criminal_justice_sensitive"", ""race_ethnicity"", ""protected_attribute"", ""gender"", ""temporal_quasi_identifier"", ""behavioural_sensitive"", ""personal_data"", ""sensitive_personal_data""], ""privacy_categories_explicit"": [""quasi_identifier"", ""criminal_justice_sensitive"", ""race_ethnicity"", ""protected_attribute"", ""gender"", ""temporal_quasi_identifier"", ""behavioural_sensitive""], ""privacy_usages"": [""criminal_justice_research"", ""research""], ""privacy_erasures"": [""delete_on_request"", ""retention_5y""], ""privacy_roles"": [""AU"", ""DPO"", ""DS""], ""privacy_annotation_sources"": [""propagated:RED""]}"
"DataCellArtifact|D1_COMPASSelected::record::3::cell::age","DataCellArtifact","D1_COMPASSelected::record::3::cell::age","{""key"": ""D1_COMPASSelected::record::3::cell::age"", ""record_id"": ""3"", ""dataset_id"": ""D1_COMPASSelected"", ""attribute"": ""age"", ""value"": 22, ""dtype"": ""int64"", ""artifact_kind"": ""DataCellArtifact"", ""privacy_categories"": [""quasi_identifier"", ""personal_data""], ""privacy_categories_explicit"": [""quasi_identifier""], ""privacy_usages"": [""criminal_justice_research"", ""research""], ""privacy_erasures"": [""delete_on_request"", ""retention_5y""], ""privacy_roles"": [""AU"", ""DPO"", ""DS""], ""privacy_annotation_sources"": [""propagated:RED""]}"
"DataCellArtifact|D1_COMPASSelected::record::3::cell::c_charge_degree","DataCellArtifact","D1_COMPASSelected::record::3::cell::c_charge_degree","{""key"": ""D1_COMPASSelected::record::3::cell::c_charge_degree"", ""record_id"": ""3"", ""dataset_id"": ""D1_COMPASSelected"", ""attribute"": ""c_charge_degree"", ""value"": ""M"", ""dtype"": ""str"", ""artifact_kind"": ""DataCellArtifact"", ""privacy_categories"": [""criminal_justice_sensitive"", ""sensitive_personal_data""], ""privacy_categories_explicit"": [""criminal_justice_sensitive""], ""privacy_usages"": [""criminal_justice_research"", ""research""], ""privacy_erasures"": [""delete_on_request"", ""retention_5y""], ""privacy_roles"": [""AU"", ""DPO"", ""DS""], ""privacy_annotation_sources"": [""propagated:RED""]}"
"DataCellArtifact|D1_COMPASSelected::record::3::cell::race","DataCellArtifact","D1_COMPASSelected::record::3::cell::race","{""key"": ""D1_COMPASSelected::record::3::cell::race"", ""record_id"": ""3"", ""dataset_id"": ""D1_COMPASSelected"", ""attribute"": ""race"", ""value"": ""Caucasian"", ""dtype"": ""str"", ""artifact_kind"": ""DataCellArtifact"", ""privacy_categories"": [""race_ethnicity"", ""protected_attribute"", ""sensitive_personal_data""], ""privacy_categories_explicit"": [""race_ethnicity"", ""protected_attribute""], ""privacy_usages"": [""criminal_justice_research"", ""research""], ""privacy_erasures"": [""delete_on_request"", ""retention_5y""], ""privacy_roles"": [""AU"", ""DPO"", ""DS""], ""privacy_annotation_sources"": [""propagated:RED""]}"
"DataCellArtifact|D1_COMPASSelected::record::3::cell::sex","DataCellArtifact","D1_COMPASSelected::record::3::cell::sex","{""key"": ""D1_COMPASSelected::record::3::cell::sex"", ""record_id"": ""3"", ""dataset_id"": ""D1_COMPASSelected"", ""attribute"": ""sex"", ""value"": ""Male"", ""dtype"": ""str"", ""artifact_kind"": ""DataCellArtifact"", ""privacy_categories"": [""gender"", ""protected_attribute"", ""sensitive_personal_data""], ""privacy_categories_explicit"": [""gender"", ""protected_attribute""], ""privacy_usages"": [""criminal_justice_research"", ""research""], ""privacy_erasures"": [""delete_on_request"", ""retention_5y""], ""privacy_roles"": [""AU"", ""DPO"", ""DS""], ""privacy_annotation_sources"": [""propagated:RED""]}"
"DataCellArtifact|D1_COMPASSelected::record::3::cell::priors_count","DataCellArtifact","D1_COMPASSelected::record::3::cell::priors_count","{""key"": ""D1_COMPASSelected::record::3::cell::priors_count"", ""record_id"": ""3"", ""dataset_id"": ""D1_COMPASSelected"", ""attribute"": ""priors_count"", ""value"": 1, ""dtype"": ""int64"", ""artifact_kind"": ""DataCellArtifact"", ""privacy_categories"": [""criminal_justice_sensitive"", ""sensitive_personal_data""], ""privacy_categories_explicit"": [""criminal_justice_sensitive""], ""privacy_usages"": [""criminal_justice_research"", ""research""], ""privacy_erasures"": [""delete_on_request"", ""retention_5y""], ""privacy_roles"": [""AU"", ""DPO"", ""DS""], ""privacy_annotation_sources"": [""propagated:RED""]}"
"DataCellArtifact|D1_COMPASSelected::record::3::cell::days_b_screening_arrest","DataCellArtifact","D1_COMPASSelected::record::3::cell::days_b_screening_arrest","{""key"": ""D1_COMPASSelected::record::3::cell::days_b_screening_arrest"", ""record_id"": ""3"", ""dataset_id"": ""D1_COMPASSelected"", ""attribute"": ""days_b_screening_arrest"", ""value"": NaN, ""dtype"": ""float64"", ""artifact_kind"": ""DataCellArtifact"", ""privacy_categories"": [""criminal_justice_sensitive"", ""temporal_quasi_identifier"", ""sensitive_personal_data""], ""privacy_categories_explicit"": [""criminal_justice_sensitive"", ""temporal_quasi_identifier""], ""privacy_usages"": [""criminal_justice_research"", ""research""], ""privacy_erasures"": [""delete_on_request"", ""retention_5y""], ""privacy_roles"": [""AU"", ""DPO"", ""DS""], ""privacy_annotation_sources"": [""propagated:RED""]}"
"DataCellArtifact|D1_COMPASSelected::record::3::cell::two_year_recid","DataCellArtifact","D1_COMPASSelected::record::3::cell::two_year_recid","{""key"": ""D1_COMPASSelected::record::3::cell::two_year_recid"", ""record_id"": ""3"", ""dataset_id"": ""D1_COMPASSelected"", ""attribute"": ""two_year_recid"", ""value"": 0, ""dtype"": ""int64"", ""artifact_kind"": ""DataCellArtifact"", ""privacy_categories"": [""criminal_justice_sensitive"", ""behavioural_sensitive"", ""sensitive_personal_data""], ""privacy_categories_explicit"": [""criminal_justice_sensitive"", ""behavioural_sensitive""], ""privacy_usages"": [""criminal_justice_research"", ""research""], ""privacy_erasures"": [""delete_on_request"", ""retention_5y""], ""privacy_roles"": [""AU"", ""DPO"", ""DS""], ""privacy_annotation_sources"": [""propagated:RED""]}"
"DataCellArtifact|D1_COMPASSelected::record::3::cell::c_jail_in","DataCellArtifact","D1_COMPASSelected::record::3::cell::c_jail_in","{""key"": ""D1_COMPASSelected::record::3::cell::c_jail_in"", ""record_id"": ""3"", ""dataset_id"": ""D1_COMPASSelected"", ""attribute"": ""c_jail_in"", ""value"": ""2013-04-10"", ""dtype"": ""str"", ""artifact_kind"": ""DataCellArtifact"", ""privacy_categories"": [""criminal_justice_sensitive"", ""temporal_quasi_identifier"", ""sensitive_personal_data""], ""privacy_categories_explicit"": [""criminal_justice_sensitive"", ""temporal_quasi_identifier""], ""privacy_usages"": [""criminal_justice_research"", ""research""], ""privacy_erasures"": [""delete_on_request"", ""retention_5y""], ""privacy_roles"": [""AU"", ""DPO"", ""DS""], ""privacy_annotation_sources"": [""propagated:RED""]}"
"DataCellArtifact|D1_COMPASSelected::record::3::cell::c_jail_out","DataCellArtifact","D1_COMPASSelected::record::3::cell::c_jail_out","{""key"": ""D1_COMPASSelected::record::3::cell::c_jail_out"", ""record_id"": ""3"", ""dataset_id"": ""D1_COMPASSelected"", ""attribute"": ""c_jail_out"", ""value"": ""2013-04-12"", ""dtype"": ""str"", ""artifact_kind"": ""DataCellArtifact"", ""privacy_categories"": [""criminal_justice_sensitive"", ""temporal_quasi_identifier"", ""sensitive_personal_data""], ""privacy_categories_explicit"": [""criminal_justice_sensitive"", ""temporal_quasi_identifier""], ""privacy_usages"": [""criminal_justice_research"", ""research""], ""privacy_erasures"": [""delete_on_request"", ""retention_5y""], ""privacy_roles"": [""AU"", ""DPO"", ""DS""], ""privacy_annotation_sources"": [""propagated:RED""]}"
"DataRecordArtifact|D1_COMPASSelected::record::4","DataRecordArtifact","D1_COMPASSelected::record::4","{""key"": ""D1_COMPASSelected::record::4"", ""record_id"": ""4"", ""dataset_id"": ""D1_COMPASSelected"", ""artifact_kind"": ""DataRecordArtifact"", ""privacy_categories"": [""quasi_identifier"", ""criminal_justice_sensitive"", ""race_ethnicity"", ""protected_attribute"", ""gender"", ""temporal_quasi_identifier"", ""behavioural_sensitive"", ""personal_data"", ""sensitive_personal_data""], ""privacy_categories_explicit"": [""quasi_identifier"", ""criminal_justice_sensitive"", ""race_ethnicity"", ""protected_attribute"", ""gender"", ""temporal_quasi_identifier"", ""behavioural_sensitive""], ""privacy_usages"": [""criminal_justice_research"", ""research""], ""privacy_erasures"": [""delete_on_request"", ""retention_5y""], ""privacy_roles"": [""AU"", ""DPO"", ""DS""], ""privacy_annotation_sources"": [""propagated:RED""]}"
"DataCellArtifact|D1_COMPASSelected::record::4::cell::age","DataCellArtifact","D1_COMPASSelected::record::4::cell::age","{""key"": ""D1_COMPASSelected::record::4::cell::age"", ""record_id"": ""4"", ""dataset_id"": ""D1_COMPASSelected"", ""attribute"": ""age"", ""value"": 51, ""dtype"": ""int64"", ""artifact_kind"": ""DataCellArtifact"", ""privacy_categories"": [""quasi_identifier"", ""personal_data""], ""privacy_categories_explicit"": [""quasi_identifier""], ""privacy_usages"": [""criminal_justice_research"", ""research""], ""privacy_erasures"": [""delete_on_request"", ""retention_5y""], ""privacy_roles"": [""AU"", ""DPO"", ""DS""], ""privacy_annotation_sources"": [""propagated:RED""]}"
"DataCellArtifact|D1_COMPASSelected::record::4::cell::c_charge_degree","DataCellArtifact","D1_COMPASSelected::record::4::cell::c_charge_degree","{""key"": ""D1_COMPASSelected::record::4::cell::c_charge_degree"", ""record_id"": ""4"", ""dataset_id"": ""D1_COMPASSelected"", ""attribute"": ""c_charge_degree"", ""value"": ""F"", ""dtype"": ""str"", ""artifact_kind"": ""DataCellArtifact"", ""privacy_categories"": [""criminal_justice_sensitive"", ""sensitive_personal_data""], ""privacy_categories_explicit"": [""criminal_justice_sensitive""], ""privacy_usages"": [""criminal_justice_research"", ""research""], ""privacy_erasures"": [""delete_on_request"", ""retention_5y""], ""privacy_roles"": [""AU"", ""DPO"", ""DS""], ""privacy_annotation_sources"": [""propagated:RED""]}"
"DataCellArtifact|D1_COMPASSelected::record::4::cell::race","DataCellArtifact","D1_COMPASSelected::record::4::cell::race","{""key"": ""D1_COMPASSelected::record::4::cell::race"", ""record_id"": ""4"", ""dataset_id"": ""D1_COMPASSelected"", ""attribute"": ""race"", ""value"": ""African-American"", ""dtype"": ""str"", ""artifact_kind"": ""DataCellArtifact"", ""privacy_categories"": [""race_ethnicity"", ""protected_attribute"", ""sensitive_personal_data""], ""privacy_categories_explicit"": [""race_ethnicity"", ""protected_attribute""], ""privacy_usages"": [""criminal_justice_research"", ""research""], ""privacy_erasures"": [""delete_on_request"", ""retention_5y""], ""privacy_roles"": [""AU"", ""DPO"", ""DS""], ""privacy_annotation_sources"": [""propagated:RED""]}"
"DataCellArtifact|D1_COMPASSelected::record::4::cell::sex","DataCellArtifact","D1_COMPASSelected::record::4::cell::sex","{""key"": ""D1_COMPASSelected::record::4::cell::sex"", ""record_id"": ""4"", ""dataset_id"": ""D1_COMPASSelected"", ""attribute"": ""sex"", ""value"": ""Female"", ""dtype"": ""str"", ""artifact_kind"": ""DataCellArtifact"", ""privacy_categories"": [""gender"", ""protected_attribute"", ""sensitive_personal_data""], ""privacy_categories_explicit"": [""gender"", ""protected_attribute""], ""privacy_usages"": [""criminal_justice_research"", ""research""], ""privacy_erasures"": [""delete_on_request"", ""retention_5y""], ""privacy_roles"": [""AU"", ""DPO"", ""DS""], ""privacy_annotation_sources"": [""propagated:RED""]}"
"DataCellArtifact|D1_COMPASSelected::record::4::cell::priors_count","DataCellArtifact","D1_COMPASSelected::record::4::cell::priors_count","{""key"": ""D1_COMPASSelected::record::4::cell::priors_count"", ""record_id"": ""4"", ""dataset_id"": ""D1_COMPASSelected"", ""attribute"": ""priors_count"", ""value"": 3, ""dtype"": ""int64"", ""artifact_kind"": ""DataCellArtifact"", ""privacy_categories"": [""criminal_justice_sensitive"", ""sensitive_personal_data""], ""privacy_categories_explicit"": [""criminal_justice_sensitive""], ""privacy_usages"": [""criminal_justice_research"", ""research""], ""privacy_erasures"": [""delete_on_request"", ""retention_5y""], ""privacy_roles"": [""AU"", ""DPO"", ""DS""], ""privacy_annotation_sources"": [""propagated:RED""]}"
"DataCellArtifact|D1_COMPASSelected::record::4::cell::days_b_screening_arrest","DataCellArtifact","D1_COMPASSelected::record::4::cell::days_b_screening_arrest","{""key"": ""D1_COMPASSelected::record::4::cell::days_b_screening_arrest"", ""record_id"": ""4"", ""dataset_id"": ""D1_COMPASSelected"", ""attribute"": ""days_b_screening_arrest"", ""value"": -3.0, ""dtype"": ""float64"", ""artifact_kind"": ""DataCellArtifact"", ""privacy_categories"": [""criminal_justice_sensitive"", ""temporal_quasi_identifier"", ""sensitive_personal_data""], ""privacy_categories_explicit"": [""criminal_justice_sensitive"", ""temporal_quasi_identifier""], ""privacy_usages"": [""criminal_justice_research"", ""research""], ""privacy_erasures"": [""delete_on_request"", ""retention_5y""], ""privacy_roles"": [""AU"", ""DPO"", ""DS""], ""privacy_annotation_sources"": [""propagated:RED""]}"
"DataCellArtifact|D1_COMPASSelected::record::4::cell::two_year_recid","DataCellArtifact","D1_COMPASSelected::record::4::cell::two_year_recid","{""key"": ""D1_COMPASSelected::record::4::cell::two_year_recid"", ""record_id"": ""4"", ""dataset_id"": ""D1_COMPASSelected"", ""attribute"": ""two_year_recid"", ""value"": 1, ""dtype"": ""int64"", ""artifact_kind"": ""DataCellArtifact"", ""privacy_categories"": [""criminal_justice_sensitive"", ""behavioural_sensitive"", ""sensitive_personal_data""], ""privacy_categories_explicit"": [""criminal_justice_sensitive"", ""behavioural_sensitive""], ""privacy_usages"": [""criminal_justice_research"", ""research""], ""privacy_erasures"": [""delete_on_request"", ""retention_5y""], ""privacy_roles"": [""AU"", ""DPO"", ""DS""], ""privacy_annotation_sources"": [""propagated:RED""]}"
"DataCellArtifact|D1_COMPASSelected::record::4::cell::c_jail_in","DataCellArtifact","D1_COMPASSelected::record::4::cell::c_jail_in","{""key"": ""D1_COMPASSelected::record::4::cell::c_jail_in"", ""record_id"": ""4"", ""dataset_id"": ""D1_COMPASSelected"", ""attribute"": ""c_jail_in"", ""value"": ""2013-05-01"", ""dtype"": ""str"", ""artifact_kind"": ""DataCellArtifact"", ""privacy_categories"": [""criminal_justice_sensitive"", ""temporal_quasi_identifier"", ""sensitive_personal_data""], ""privacy_categories_explicit"": [""criminal_justice_sensitive"", ""temporal_quasi_identifier""], ""privacy_usages"": [""criminal_justice_research"", ""research""], ""privacy_erasures"": [""delete_on_request"", ""retention_5y""], ""privacy_roles"": [""AU"", ""DPO"", ""DS""], ""privacy_annotation_sources"": [""propagated:RED""]}"
"DataCellArtifact|D1_COMPASSelected::record::4::cell::c_jail_out","DataCellArtifact","D1_COMPASSelected::record::4::cell::c_jail_out","{""key"": ""D1_COMPASSelected::record::4::cell::c_jail_out"", ""record_id"": ""4"", ""dataset_id"": ""D1_COMPASSelected"", ""attribute"": ""c_jail_out"", ""value"": ""2013-05-20"", ""dtype"": ""str"", ""artifact_kind"": ""DataCellArtifact"", ""privacy_categories"": [""criminal_justice_sensitive"", ""temporal_quasi_identifier"", ""sensitive_personal_data""], ""privacy_categories_explicit"": [""criminal_justice_sensitive"", ""temporal_quasi_identifier""], ""privacy_usages"": [""criminal_justice_research"", ""research""], ""privacy_erasures"": [""delete_on_request"", ""retention_5y""], ""privacy_roles"": [""AU"", ""DPO"", ""DS""], ""privacy_annotation_sources"": [""propagated:RED""]}"
"DataRecordArtifact|D1_COMPASSelected::record::5","DataRecordArtifact","D1_COMPASSelected::record::5","{""key"": ""D1_COMPASSelected::record::5"", ""record_id"": ""5"", ""dataset_id"": ""D1_COMPASSelected"", ""artifact_kind"": ""DataRecordArtifact"", ""privacy_categories"": [""quasi_identifier"", ""criminal_justice_sensitive"", ""race_ethnicity"", ""protected_attribute"", ""gender"", ""temporal_quasi_identifier"", ""behavioural_sensitive"", ""personal_data"", ""sensitive_personal_data""], ""privacy_categories_explicit"": [""quasi_identifier"", ""criminal_justice_sensitive"", ""race_ethnicity"", ""protected_attribute"", ""gender"", ""temporal_quasi_identifier"", ""behavioural_sensitive""], ""privacy_usages"": [""criminal_justice_research"", ""research""], ""privacy_erasures"": [""delete_on_request"", ""retention_5y""], ""privacy_roles"": [""AU"", ""DPO"", ""DS""], ""privacy_annotation_sources"": [""propagated:RED""]}"
"DataCellArtifact|D1_COMPASSelected::record::5::cell::age","DataCellArtifact","D1_COMPASSelected::record::5::cell::age","{""key"": ""D1_COMPASSelected::record::5::cell::age"", ""record_id"": ""5"", ""dataset_id"": ""D1_COMPASSelected"", ""attribute"": ""age"", ""value"": 29, ""dtype"": ""int64"", ""artifact_kind"": ""DataCellArtifact"", ""privacy_categories"": [""quasi_identifier"", ""personal_data""], ""privacy_categories_explicit"": [""quasi_identifier""], ""privacy_usages"": [""criminal_justice_research"", ""research""], ""privacy_erasures"": [""delete_on_request"", ""retention_5y""], ""privacy_roles"": [""AU"", ""DPO"", ""DS""], ""privacy_annotation_sources"": [""propagated:RED""]}"
"DataCellArtifact|D1_COMPASSelected::record::5::cell::c_charge_degree","DataCellArtifact","D1_COMPASSelected::record::5::cell::c_charge_degree","{""key"": ""D1_COMPASSelected::record::5::cell::c_charge_degree"", ""record_id"": ""5"", ""dataset_id"": ""D1_COMPASSelected"", ""attribute"": ""c_charge_degree"", ""value"": ""M"", ""dtype"": ""str"", ""artifact_kind"": ""DataCellArtifact"", ""privacy_categories"": [""criminal_justice_sensitive"", ""sensitive_personal_data""], ""privacy_categories_explicit"": [""criminal_justice_sensitive""], ""privacy_usages"": [""criminal_justice_research"", ""research""], ""privacy_erasures"": [""delete_on_request"", ""retention_5y""], ""privacy_roles"": [""AU"", ""DPO"", ""DS""], ""privacy_annotation_sources"": [""propagated:RED""]}"
"DataCellArtifact|D1_COMPASSelected::record::5::cell::race","DataCellArtifact","D1_COMPASSelected::record::5::cell::race","{""key"": ""D1_COMPASSelected::record::5::cell::race"", ""record_id"": ""5"", ""dataset_id"": ""D1_COMPASSelected"", ""attribute"": ""race"", ""value"": ""Other"", ""dtype"": ""str"", ""artifact_kind"": ""DataCellArtifact"", ""privacy_categories"": [""race_ethnicity"", ""protected_attribute"", ""sensitive_personal_data""], ""privacy_categories_explicit"": [""race_ethnicity"", ""protected_attribute""], ""privacy_usages"": [""criminal_justice_research"", ""research""], ""privacy_erasures"": [""delete_on_request"", ""retention_5y""], ""privacy_roles"": [""AU"", ""DPO"", ""DS""], ""privacy_annotation_sources"": [""propagated:RED""]}"
"DataCellArtifact|D1_COMPASSelected::record::5::cell::sex","DataCellArtifact","D1_COMPASSelected::record::5::cell::sex","{""key"": ""D1_COMPASSelected::record::5::cell::sex"", ""record_id"": ""5"", ""dataset_id"": ""D1_COMPASSelected"", ""attribute"": ""sex"", ""value"": ""Male"", ""dtype"": ""str"", ""artifact_kind"": ""DataCellArtifact"", ""privacy_categories"": [""gender"", ""protected_attribute"", ""sensitive_personal_data""], ""privacy_categories_explicit"": [""gender"", ""protected_attribute""], ""privacy_usages"": [""criminal_justice_research"", ""research""], ""privacy_erasures"": [""delete_on_request"", ""retention_5y""], ""privacy_roles"": [""AU"", ""DPO"", ""DS""], ""privacy_annotation_sources"": [""propagated:RED""]}"
"DataCellArtifact|D1_COMPASSelected::record::5::cell::priors_count","DataCellArtifact","D1_COMPASSelected::record::5::cell::priors_count","{""key"": ""D1_COMPASSelected::record::5::cell::priors_count"", ""record_id"": ""5"", ""dataset_id"": ""D1_COMPASSelected"", ""attribute"": ""priors_count"", ""value"": 0, ""dtype"": ""int64"", ""artifact_kind"": ""DataCellArtifact"", ""privacy_categories"": [""criminal_justice_sensitive"", ""sensitive_personal_data""], ""privacy_categories_explicit"": [""criminal_justice_sensitive""], ""privacy_usages"": [""criminal_justice_research"", ""research""], ""privacy_erasures"": [""delete_on_request"", ""retention_5y""], ""privacy_roles"": [""AU"", ""DPO"", ""DS""], ""privacy_annotation_sources"": [""propagated:RED""]}"
"DataCellArtifact|D1_COMPASSelected::record::5::cell::days_b_screening_arrest","DataCellArtifact","D1_COMPASSelected::record::5::cell::days_b_screening_arrest","{""key"": ""D1_COMPASSelected::record::5::cell::days_b_screening_arrest"", ""record_id"": ""5"", ""dataset_id"": ""D1_COMPASSelected"", ""attribute"": ""days_b_screening_arrest"", ""value"": 1.0, ""dtype"": ""float64"", ""artifact_kind"": ""DataCellArtifact"", ""privacy_categories"": [""criminal_justice_sensitive"", ""temporal_quasi_identifier"", ""sensitive_personal_data""], ""privacy_categories_explicit"": [""criminal_justice_sensitive"", ""temporal_quasi_identifier""], ""privacy_usages"": [""criminal_justice_research"", ""research""], ""privacy_erasures"": [""delete_on_request"", ""retention_5y""], ""privacy_roles"": [""AU"", ""DPO"", ""DS""], ""privacy_annotation_sources"": [""propagated:RED""]}"
"DataCellArtifact|D1_COMPASSelected::record::5::cell::two_year_recid","DataCellArtifact","D1_COMPASSelected::record::5::cell::two_year_recid","{""key"": ""D1_COMPASSelected::record::5::cell::two_year_recid"", ""record_id"": ""5"", ""dataset_id"": ""D1_COMPASSelected"", ""attribute"": ""two_year_recid"", ""value"": 0, ""dtype"": ""int64"", ""artifact_kind"": ""DataCellArtifact"", ""privacy_categories"": [""criminal_justice_sensitive"", ""behavioural_sensitive"", ""sensitive_personal_data""], ""privacy_categories_explicit"": [""criminal_justice_sensitive"", ""behavioural_sensitive""], ""privacy_usages"": [""criminal_justice_research"", ""research""], ""privacy_erasures"": [""delete_on_request"", ""retention_5y""], ""privacy_roles"": [""AU"", ""DPO"", ""DS""], ""privacy_annotation_sources"": [""propagated:RED""]}"
"DataCellArtifact|D1_COMPASSelected::record::5::cell::c_jail_in","DataCellArtifact","D1_COMPASSelected::record::5::cell::c_jail_in","{""key"": ""D1_COMPASSelected::record::5::cell::c_jail_in"", ""record_id"": ""5"", ""dataset_id"": ""D1_COMPASSelected"", ""attribute"": ""c_jail_in"", ""value"": ""2013-06-15"", ""dtype"": ""str"", ""artifact_kind"": ""DataCellArtifact"", ""privacy_categories"": [""criminal_justice_sensitive"", ""temporal_quasi_identifier"", ""sensitive_personal_data""], ""privacy_categories_explicit"": [""criminal_justice_sensitive"", ""temporal_quasi_identifier""], ""privacy_usages"": [""criminal_justice_research"", ""research""], ""privacy_erasures"": [""delete_on_request"", ""retention_5y""], ""privacy_roles"": [""AU"", ""DPO"", ""DS""], ""privacy_annotation_sources"": [""propagated:RED""]}"
"DataCellArtifact|D1_COMPASSelected::record::5::cell::c_jail_out","DataCellArtifact","D1_COMPASSelected::record::5::cell::c_jail_out","{""key"": ""D1_COMPASSelected::record::5::cell::c_jail_out"", ""record_id"": ""5"", ""dataset_id"": ""D1_COMPASSelected"", ""attribute"": ""c_jail_out"", ""value"": ""2013-06-17"", ""dtype"": ""str"", ""artifact_kind"": ""DataCellArtifact"", ""privacy_categories"": [""criminal_justice_sensitive"", ""temporal_quasi_identifier"", ""sensitive_personal_data""], ""privacy_categories_explicit"": [""criminal_justice_sensitive"", ""temporal_quasi_identifier""], ""privacy_usages"": [""criminal_justice_research"", ""research""], ""privacy_erasures"": [""delete_on_request"", ""retention_5y""], ""privacy_roles"": [""AU"", ""DPO"", ""DS""], ""privacy_annotation_sources"": [""propagated:RED""]}"
"StepRun|run_fc7d525c22::002::B1_drop_missing","StepRun","run_fc7d525c22::002::B1_drop_missing","{""key"": ""run_fc7d525c22::002::B1_drop_missing"", ""step_id"": ""B1_drop_missing"", ""phase"": ""DataPreparation"", ""framework"": ""python"", ""operatorType"": ""RED"", ""policy_id"": ""B1_drop_missing_policy"", ""input_artifacts"": [""D1_COMPASSelected""], ""output_artifacts"": [""D2_COMPASNoMissing""], ""duration_seconds"": 0.0012955665588378906, ""status"": ""success"", ""operation_policy_id"": ""B1_drop_missing_policy"", ""contributorGranularity"": ""record""}"
"DatasetArtifact|D2_COMPASNoMissing","DatasetArtifact","D2_COMPASNoMissing","{""key"": ""D2_COMPASNoMissing"", ""name"": ""D2_COMPASNoMissing"", ""role"": ""derived"", ""source"": ""step:B1_drop_missing"", ""n_rows"": 5, ""n_cols"": 9, ""columns"": [""age"", ""c_charge_degree"", ""race"", ""sex"", ""priors_count"", ""days_b_screening_arrest"", ""two_year_recid"", ""c_jail_in"", ""c_jail_out""], ""record_id_col"": null, ""artifact_kind"": ""DatasetArtifact"", ""privacy_categories"": [""quasi_identifier"", ""criminal_justice_sensitive"", ""race_ethnicity"", ""protected_attribute"", ""gender"", ""temporal_quasi_identifier"", ""behavioural_sensitive"", ""personal_data"", ""sensitive_personal_data""], ""privacy_categories_explicit"": [""quasi_identifier"", ""criminal_justice_sensitive"", ""race_ethnicity"", ""protected_attribute"", ""gender"", ""temporal_quasi_identifier"", ""behavioural_sensitive""], ""privacy_usages"": [""criminal_justice_research"", ""research""], ""privacy_erasures"": [""delete_on_request"", ""retention_5y""], ""privacy_roles"": [""AU"", ""DPO"", ""DS""], ""privacy_annotation_sources"": [""propagated:RED""]}"
"DataRecordArtifact|D2_COMPASNoMissing::record::0","DataRecordArtifact","D2_COMPASNoMissing::record::0","{""key"": ""D2_COMPASNoMissing::record::0"", ""record_id"": ""0"", ""dataset_id"": ""D2_COMPASNoMissing"", ""artifact_kind"": ""DataRecordArtifact"", ""privacy_categories"": [""quasi_identifier"", ""criminal_justice_sensitive"", ""race_ethnicity"", ""protected_attribute"", ""gender"", ""temporal_quasi_identifier"", ""behavioural_sensitive"", ""personal_data"", ""sensitive_personal_data""], ""privacy_categories_explicit"": [""quasi_identifier"", ""criminal_justice_sensitive"", ""race_ethnicity"", ""protected_attribute"", ""gender"", ""temporal_quasi_identifier"", ""behavioural_sensitive""], ""privacy_usages"": [""criminal_justice_research"", ""research""], ""privacy_erasures"": [""delete_on_request"", ""retention_5y""], ""privacy_roles"": [""AU"", ""DPO"", ""DS""], ""privacy_annotation_sources"": [""propagated:RED""]}"
"DataCellArtifact|D2_COMPASNoMissing::record::0::cell::age","DataCellArtifact","D2_COMPASNoMissing::record::0::cell::age","{""key"": ""D2_COMPASNoMissing::record::0::cell::age"", ""record_id"": ""0"", ""dataset_id"": ""D2_COMPASNoMissing"", ""attribute"": ""age"", ""value"": 25, ""dtype"": ""int64"", ""artifact_kind"": ""DataCellArtifact"", ""privacy_categories"": [""quasi_identifier"", ""personal_data""], ""privacy_categories_explicit"": [""quasi_identifier""], ""privacy_usages"": [""criminal_justice_research"", ""research""], ""privacy_erasures"": [""delete_on_request"", ""retention_5y""], ""privacy_roles"": [""AU"", ""DPO"", ""DS""], ""privacy_annotation_sources"": [""propagated:RED""]}"
"DataCellArtifact|D2_COMPASNoMissing::record::0::cell::c_charge_degree","DataCellArtifact","D2_COMPASNoMissing::record::0::cell::c_charge_degree","{""key"": ""D2_COMPASNoMissing::record::0::cell::c_charge_degree"", ""record_id"": ""0"", ""dataset_id"": ""D2_COMPASNoMissing"", ""attribute"": ""c_charge_degree"", ""value"": ""F"", ""dtype"": ""str"", ""artifact_kind"": ""DataCellArtifact"", ""privacy_categories"": [""criminal_justice_sensitive"", ""sensitive_personal_data""], ""privacy_categories_explicit"": [""criminal_justice_sensitive""], ""privacy_usages"": [""criminal_justice_research"", ""research""], ""privacy_erasures"": [""delete_on_request"", ""retention_5y""], ""privacy_roles"": [""AU"", ""DPO"", ""DS""], ""privacy_annotation_sources"": [""propagated:RED""]}"
"DataCellArtifact|D2_COMPASNoMissing::record::0::cell::race","DataCellArtifact","D2_COMPASNoMissing::record::0::cell::race","{""key"": ""D2_COMPASNoMissing::record::0::cell::race"", ""record_id"": ""0"", ""dataset_id"": ""D2_COMPASNoMissing"", ""attribute"": ""race"", ""value"": ""African-American"", ""dtype"": ""str"", ""artifact_kind"": ""DataCellArtifact"", ""privacy_categories"": [""race_ethnicity"", ""protected_attribute"", ""sensitive_personal_data""], ""privacy_categories_explicit"": [""race_ethnicity"", ""protected_attribute""], ""privacy_usages"": [""criminal_justice_research"", ""research""], ""privacy_erasures"": [""delete_on_request"", ""retention_5y""], ""privacy_roles"": [""AU"", ""DPO"", ""DS""], ""privacy_annotation_sources"": [""propagated:RED""]}"
"DataCellArtifact|D2_COMPASNoMissing::record::0::cell::sex","DataCellArtifact","D2_COMPASNoMissing::record::0::cell::sex","{""key"": ""D2_COMPASNoMissing::record::0::cell::sex"", ""record_id"": ""0"", ""dataset_id"": ""D2_COMPASNoMissing"", ""attribute"": ""sex"", ""value"": ""Male"", ""dtype"": ""str"", ""artifact_kind"": ""DataCellArtifact"", ""privacy_categories"": [""gender"", ""protected_attribute"", ""sensitive_personal_data""], ""privacy_categories_explicit"": [""gender"", ""protected_attribute""], ""privacy_usages"": [""criminal_justice_research"", ""research""], ""privacy_erasures"": [""delete_on_request"", ""retention_5y""], ""privacy_roles"": [""AU"", ""DPO"", ""DS""], ""privacy_annotation_sources"": [""propagated:RED""]}"
"DataCellArtifact|D2_COMPASNoMissing::record::0::cell::priors_count","DataCellArtifact","D2_COMPASNoMissing::record::0::cell::priors_count","{""key"": ""D2_COMPASNoMissing::record::0::cell::priors_count"", ""record_id"": ""0"", ""dataset_id"": ""D2_COMPASNoMissing"", ""attribute"": ""priors_count"", ""value"": 2, ""dtype"": ""int64"", ""artifact_kind"": ""DataCellArtifact"", ""privacy_categories"": [""criminal_justice_sensitive"", ""sensitive_personal_data""], ""privacy_categories_explicit"": [""criminal_justice_sensitive""], ""privacy_usages"": [""criminal_justice_research"", ""research""], ""privacy_erasures"": [""delete_on_request"", ""retention_5y""], ""privacy_roles"": [""AU"", ""DPO"", ""DS""], ""privacy_annotation_sources"": [""propagated:RED""]}"
"DataCellArtifact|D2_COMPASNoMissing::record::0::cell::days_b_screening_arrest","DataCellArtifact","D2_COMPASNoMissing::record::0::cell::days_b_screening_arrest","{""key"": ""D2_COMPASNoMissing::record::0::cell::days_b_screening_arrest"", ""record_id"": ""0"", ""dataset_id"": ""D2_COMPASNoMissing"", ""attribute"": ""days_b_screening_arrest"", ""value"": -1.0, ""dtype"": ""float64"", ""artifact_kind"": ""DataCellArtifact"", ""privacy_categories"": [""criminal_justice_sensitive"", ""temporal_quasi_identifier"", ""sensitive_personal_data""], ""privacy_categories_explicit"": [""criminal_justice_sensitive"", ""temporal_quasi_identifier""], ""privacy_usages"": [""criminal_justice_research"", ""research""], ""privacy_erasures"": [""delete_on_request"", ""retention_5y""], ""privacy_roles"": [""AU"", ""DPO"", ""DS""], ""privacy_annotation_sources"": [""propagated:RED""]}"
"DataCellArtifact|D2_COMPASNoMissing::record::0::cell::two_year_recid","DataCellArtifact","D2_COMPASNoMissing::record::0::cell::two_year_recid","{""key"": ""D2_COMPASNoMissing::record::0::cell::two_year_recid"", ""record_id"": ""0"", ""dataset_id"": ""D2_COMPASNoMissing"", ""attribute"": ""two_year_recid"", ""value"": 1, ""dtype"": ""int64"", ""artifact_kind"": ""DataCellArtifact"", ""privacy_categories"": [""criminal_justice_sensitive"", ""behavioural_sensitive"", ""sensitive_personal_data""], ""privacy_categories_explicit"": [""criminal_justice_sensitive"", ""behavioural_sensitive""], ""privacy_usages"": [""criminal_justice_research"", ""research""], ""privacy_erasures"": [""delete_on_request"", ""retention_5y""], ""privacy_roles"": [""AU"", ""DPO"", ""DS""], ""privacy_annotation_sources"": [""propagated:RED""]}"
"DataCellArtifact|D2_COMPASNoMissing::record::0::cell::c_jail_in","DataCellArtifact","D2_COMPASNoMissing::record::0::cell::c_jail_in","{""key"": ""D2_COMPASNoMissing::record::0::cell::c_jail_in"", ""record_id"": ""0"", ""dataset_id"": ""D2_COMPASNoMissing"", ""attribute"": ""c_jail_in"", ""value"": ""2013-01-01"", ""dtype"": ""str"", ""artifact_kind"": ""DataCellArtifact"", ""privacy_categories"": [""criminal_justice_sensitive"", ""temporal_quasi_identifier"", ""sensitive_personal_data""], ""privacy_categories_explicit"": [""criminal_justice_sensitive"", ""temporal_quasi_identifier""], ""privacy_usages"": [""criminal_justice_research"", ""research""], ""privacy_erasures"": [""delete_on_request"", ""retention_5y""], ""privacy_roles"": [""AU"", ""DPO"", ""DS""], ""privacy_annotation_sources"": [""propagated:RED""]}"
"DataCellArtifact|D2_COMPASNoMissing::record::0::cell::c_jail_out","DataCellArtifact","D2_COMPASNoMissing::record::0::cell::c_jail_out","{""key"": ""D2_COMPASNoMissing::record::0::cell::c_jail_out"", ""record_id"": ""0"", ""dataset_id"": ""D2_COMPASNoMissing"", ""attribute"": ""c_jail_out"", ""value"": ""2013-01-10"", ""dtype"": ""str"", ""artifact_kind"": ""DataCellArtifact"", ""privacy_categories"": [""criminal_justice_sensitive"", ""temporal_quasi_identifier"", ""sensitive_personal_data""], ""privacy_categories_explicit"": [""criminal_justice_sensitive"", ""temporal_quasi_identifier""], ""privacy_usages"": [""criminal_justice_research"", ""research""], ""privacy_erasures"": [""delete_on_request"", ""retention_5y""], ""privacy_roles"": [""AU"", ""DPO"", ""DS""], ""privacy_annotation_sources"": [""propagated:RED""]}"
"DataRecordArtifact|D2_COMPASNoMissing::record::1","DataRecordArtifact","D2_COMPASNoMissing::record::1","{""key"": ""D2_COMPASNoMissing::record::1"", ""record_id"": ""1"", ""dataset_id"": ""D2_COMPASNoMissing"", ""artifact_kind"": ""DataRecordArtifact"", ""privacy_categories"": [""quasi_identifier"", ""criminal_justice_sensitive"", ""race_ethnicity"", ""protected_attribute"", ""gender"", ""temporal_quasi_identifier"", ""behavioural_sensitive"", ""personal_data"", ""sensitive_personal_data""], ""privacy_categories_explicit"": [""quasi_identifier"", ""criminal_justice_sensitive"", ""race_ethnicity"", ""protected_attribute"", ""gender"", ""temporal_quasi_identifier"", ""behavioural_sensitive""], ""privacy_usages"": [""criminal_justice_research"", ""research""], ""privacy_erasures"": [""delete_on_request"", ""retention_5y""], ""privacy_roles"": [""AU"", ""DPO"", ""DS""], ""privacy_annotation_sources"": [""propagated:RED""]}"
"DataCellArtifact|D2_COMPASNoMissing::record::1::cell::age","DataCellArtifact","D2_COMPASNoMissing::record::1::cell::age","{""key"": ""D2_COMPASNoMissing::record::1::cell::age"", ""record_id"": ""1"", ""dataset_id"": ""D2_COMPASNoMissing"", ""attribute"": ""age"", ""value"": 34, ""dtype"": ""int64"", ""artifact_kind"": ""DataCellArtifact"", ""privacy_categories"": [""quasi_identifier"", ""personal_data""], ""privacy_categories_explicit"": [""quasi_identifier""], ""privacy_usages"": [""criminal_justice_research"", ""research""], ""privacy_erasures"": [""delete_on_request"", ""retention_5y""], ""privacy_roles"": [""AU"", ""DPO"", ""DS""], ""privacy_annotation_sources"": [""propagated:RED""]}"
"DataCellArtifact|D2_COMPASNoMissing::record::1::cell::c_charge_degree","DataCellArtifact","D2_COMPASNoMissing::record::1::cell::c_charge_degree","{""key"": ""D2_COMPASNoMissing::record::1::cell::c_charge_degree"", ""record_id"": ""1"", ""dataset_id"": ""D2_COMPASNoMissing"", ""attribute"": ""c_charge_degree"", ""value"": ""M"", ""dtype"": ""str"", ""artifact_kind"": ""DataCellArtifact"", ""privacy_categories"": [""criminal_justice_sensitive"", ""sensitive_personal_data""], ""privacy_categories_explicit"": [""criminal_justice_sensitive""], ""privacy_usages"": [""criminal_justice_research"", ""research""], ""privacy_erasures"": [""delete_on_request"", ""retention_5y""], ""privacy_roles"": [""AU"", ""DPO"", ""DS""], ""privacy_annotation_sources"": [""propagated:RED""]}"
"DataCellArtifact|D2_COMPASNoMissing::record::1::cell::race","DataCellArtifact","D2_COMPASNoMissing::record::1::cell::race","{""key"": ""D2_COMPASNoMissing::record::1::cell::race"", ""record_id"": ""1"", ""dataset_id"": ""D2_COMPASNoMissing"", ""attribute"": ""race"", ""value"": ""Caucasian"", ""dtype"": ""str"", ""artifact_kind"": ""DataCellArtifact"", ""privacy_categories"": [""race_ethnicity"", ""protected_attribute"", ""sensitive_personal_data""], ""privacy_categories_explicit"": [""race_ethnicity"", ""protected_attribute""], ""privacy_usages"": [""criminal_justice_research"", ""research""], ""privacy_erasures"": [""delete_on_request"", ""retention_5y""], ""privacy_roles"": [""AU"", ""DPO"", ""DS""], ""privacy_annotation_sources"": [""propagated:RED""]}"
"DataCellArtifact|D2_COMPASNoMissing::record::1::cell::sex","DataCellArtifact","D2_COMPASNoMissing::record::1::cell::sex","{""key"": ""D2_COMPASNoMissing::record::1::cell::sex"", ""record_id"": ""1"", ""dataset_id"": ""D2_COMPASNoMissing"", ""attribute"": ""sex"", ""value"": ""Female"", ""dtype"": ""str"", ""artifact_kind"": ""DataCellArtifact"", ""privacy_categories"": [""gender"", ""protected_attribute"", ""sensitive_personal_data""], ""privacy_categories_explicit"": [""gender"", ""protected_attribute""], ""privacy_usages"": [""criminal_justice_research"", ""research""], ""privacy_erasures"": [""delete_on_request"", ""retention_5y""], ""privacy_roles"": [""AU"", ""DPO"", ""DS""], ""privacy_annotation_sources"": [""propagated:RED""]}"
"DataCellArtifact|D2_COMPASNoMissing::record::1::cell::priors_count","DataCellArtifact","D2_COMPASNoMissing::record::1::cell::priors_count","{""key"": ""D2_COMPASNoMissing::record::1::cell::priors_count"", ""record_id"": ""1"", ""dataset_id"": ""D2_COMPASNoMissing"", ""attribute"": ""priors_count"", ""value"": 0, ""dtype"": ""int64"", ""artifact_kind"": ""DataCellArtifact"", ""privacy_categories"": [""criminal_justice_sensitive"", ""sensitive_personal_data""], ""privacy_categories_explicit"": [""criminal_justice_sensitive""], ""privacy_usages"": [""criminal_justice_research"", ""research""], ""privacy_erasures"": [""delete_on_request"", ""retention_5y""], ""privacy_roles"": [""AU"", ""DPO"", ""DS""], ""privacy_annotation_sources"": [""propagated:RED""]}"
"DataCellArtifact|D2_COMPASNoMissing::record::1::cell::days_b_screening_arrest","DataCellArtifact","D2_COMPASNoMissing::record::1::cell::days_b_screening_arrest","{""key"": ""D2_COMPASNoMissing::record::1::cell::days_b_screening_arrest"", ""record_id"": ""1"", ""dataset_id"": ""D2_COMPASNoMissing"", ""attribute"": ""days_b_screening_arrest"", ""value"": 0.0, ""dtype"": ""float64"", ""artifact_kind"": ""DataCellArtifact"", ""privacy_categories"": [""criminal_justice_sensitive"", ""temporal_quasi_identifier"", ""sensitive_personal_data""], ""privacy_categories_explicit"": [""criminal_justice_sensitive"", ""temporal_quasi_identifier""], ""privacy_usages"": [""criminal_justice_research"", ""research""], ""privacy_erasures"": [""delete_on_request"", ""retention_5y""], ""privacy_roles"": [""AU"", ""DPO"", ""DS""], ""privacy_annotation_sources"": [""propagated:RED""]}"
"DataCellArtifact|D2_COMPASNoMissing::record::1::cell::two_year_recid","DataCellArtifact","D2_COMPASNoMissing::record::1::cell::two_year_recid","{""key"": ""D2_COMPASNoMissing::record::1::cell::two_year_recid"", ""record_id"": ""1"", ""dataset_id"": ""D2_COMPASNoMissing"", ""attribute"": ""two_year_recid"", ""value"": 0, ""dtype"": ""int64"", ""artifact_kind"": ""DataCellArtifact"", ""privacy_categories"": [""criminal_justice_sensitive"", ""behavioural_sensitive"", ""sensitive_personal_data""], ""privacy_categories_explicit"": [""criminal_justice_sensitive"", ""behavioural_sensitive""], ""privacy_usages"": [""criminal_justice_research"", ""research""], ""privacy_erasures"": [""delete_on_request"", ""retention_5y""], ""privacy_roles"": [""AU"", ""DPO"", ""DS""], ""privacy_annotation_sources"": [""propagated:RED""]}"
"DataCellArtifact|D2_COMPASNoMissing::record::1::cell::c_jail_in","DataCellArtifact","D2_COMPASNoMissing::record::1::cell::c_jail_in","{""key"": ""D2_COMPASNoMissing::record::1::cell::c_jail_in"", ""record_id"": ""1"", ""dataset_id"": ""D2_COMPASNoMissing"", ""attribute"": ""c_jail_in"", ""value"": ""2013-02-01"", ""dtype"": ""str"", ""artifact_kind"": ""DataCellArtifact"", ""privacy_categories"": [""criminal_justice_sensitive"", ""temporal_quasi_identifier"", ""sensitive_personal_data""], ""privacy_categories_explicit"": [""criminal_justice_sensitive"", ""temporal_quasi_identifier""], ""privacy_usages"": [""criminal_justice_research"", ""research""], ""privacy_erasures"": [""delete_on_request"", ""retention_5y""], ""privacy_roles"": [""AU"", ""DPO"", ""DS""], ""privacy_annotation_sources"": [""propagated:RED""]}"
"DataCellArtifact|D2_COMPASNoMissing::record::1::cell::c_jail_out","DataCellArtifact","D2_COMPASNoMissing::record::1::cell::c_jail_out","{""key"": ""D2_COMPASNoMissing::record::1::cell::c_jail_out"", ""record_id"": ""1"", ""dataset_id"": ""D2_COMPASNoMissing"", ""attribute"": ""c_jail_out"", ""value"": ""2013-02-02"", ""dtype"": ""str"", ""artifact_kind"": ""DataCellArtifact"", ""privacy_categories"": [""criminal_justice_sensitive"", ""temporal_quasi_identifier"", ""sensitive_personal_data""], ""privacy_categories_explicit"": [""criminal_justice_sensitive"", ""temporal_quasi_identifier""], ""privacy_usages"": [""criminal_justice_research"", ""research""], ""privacy_erasures"": [""delete_on_request"", ""retention_5y""], ""privacy_roles"": [""AU"", ""DPO"", ""DS""], ""privacy_annotation_sources"": [""propagated:RED""]}"
"DataRecordArtifact|D2_COMPASNoMissing::record::2","DataRecordArtifact","D2_COMPASNoMissing::record::2","{""key"": ""D2_COMPASNoMissing::record::2"", ""record_id"": ""2"", ""dataset_id"": ""D2_COMPASNoMissing"", ""artifact_kind"": ""DataRecordArtifact"", ""privacy_categories"": [""quasi_identifier"", ""criminal_justice_sensitive"", ""race_ethnicity"", ""protected_attribute"", ""gender"", ""temporal_quasi_identifier"", ""behavioural_sensitive"", ""personal_data"", ""sensitive_personal_data""], ""privacy_categories_explicit"": [""quasi_identifier"", ""criminal_justice_sensitive"", ""race_ethnicity"", ""protected_attribute"", ""gender"", ""temporal_quasi_identifier"", ""behavioural_sensitive""], ""privacy_usages"": [""criminal_justice_research"", ""research""], ""privacy_erasures"": [""delete_on_request"", ""retention_5y""], ""privacy_roles"": [""AU"", ""DPO"", ""DS""], ""privacy_annotation_sources"": [""propagated:RED""]}"
"DataCellArtifact|D2_COMPASNoMissing::record::2::cell::age","DataCellArtifact","D2_COMPASNoMissing::record::2::cell::age","{""key"": ""D2_COMPASNoMissing::record::2::cell::age"", ""record_id"": ""2"", ""dataset_id"": ""D2_COMPASNoMissing"", ""attribute"": ""age"", ""value"": 45, ""dtype"": ""int64"", ""artifact_kind"": ""DataCellArtifact"", ""privacy_categories"": [""quasi_identifier"", ""personal_data""], ""privacy_categories_explicit"": [""quasi_identifier""], ""privacy_usages"": [""criminal_justice_research"", ""research""], ""privacy_erasures"": [""delete_on_request"", ""retention_5y""], ""privacy_roles"": [""AU"", ""DPO"", ""DS""], ""privacy_annotation_sources"": [""propagated:RED""]}"
"DataCellArtifact|D2_COMPASNoMissing::record::2::cell::c_charge_degree","DataCellArtifact","D2_COMPASNoMissing::record::2::cell::c_charge_degree","{""key"": ""D2_COMPASNoMissing::record::2::cell::c_charge_degree"", ""record_id"": ""2"", ""dataset_id"": ""D2_COMPASNoMissing"", ""attribute"": ""c_charge_degree"", ""value"": ""F"", ""dtype"": ""str"", ""artifact_kind"": ""DataCellArtifact"", ""privacy_categories"": [""criminal_justice_sensitive"", ""sensitive_personal_data""], ""privacy_categories_explicit"": [""criminal_justice_sensitive""], ""privacy_usages"": [""criminal_justice_research"", ""research""], ""privacy_erasures"": [""delete_on_request"", ""retention_5y""], ""privacy_roles"": [""AU"", ""DPO"", ""DS""], ""privacy_annotation_sources"": [""propagated:RED""]}"
"DataCellArtifact|D2_COMPASNoMissing::record::2::cell::race","DataCellArtifact","D2_COMPASNoMissing::record::2::cell::race","{""key"": ""D2_COMPASNoMissing::record::2::cell::race"", ""record_id"": ""2"", ""dataset_id"": ""D2_COMPASNoMissing"", ""attribute"": ""race"", ""value"": ""Hispanic"", ""dtype"": ""str"", ""artifact_kind"": ""DataCellArtifact"", ""privacy_categories"": [""race_ethnicity"", ""protected_attribute"", ""sensitive_personal_data""], ""privacy_categories_explicit"": [""race_ethnicity"", ""protected_attribute""], ""privacy_usages"": [""criminal_justice_research"", ""research""], ""privacy_erasures"": [""delete_on_request"", ""retention_5y""], ""privacy_roles"": [""AU"", ""DPO"", ""DS""], ""privacy_annotation_sources"": [""propagated:RED""]}"
"DataCellArtifact|D2_COMPASNoMissing::record::2::cell::sex","DataCellArtifact","D2_COMPASNoMissing::record::2::cell::sex","{""key"": ""D2_COMPASNoMissing::record::2::cell::sex"", ""record_id"": ""2"", ""dataset_id"": ""D2_COMPASNoMissing"", ""attribute"": ""sex"", ""value"": ""Male"", ""dtype"": ""str"", ""artifact_kind"": ""DataCellArtifact"", ""privacy_categories"": [""gender"", ""protected_attribute"", ""sensitive_personal_data""], ""privacy_categories_explicit"": [""gender"", ""protected_attribute""], ""privacy_usages"": [""criminal_justice_research"", ""research""], ""privacy_erasures"": [""delete_on_request"", ""retention_5y""], ""privacy_roles"": [""AU"", ""DPO"", ""DS""], ""privacy_annotation_sources"": [""propagated:RED""]}"
"DataCellArtifact|D2_COMPASNoMissing::record::2::cell::priors_count","DataCellArtifact","D2_COMPASNoMissing::record::2::cell::priors_count","{""key"": ""D2_COMPASNoMissing::record::2::cell::priors_count"", ""record_id"": ""2"", ""dataset_id"": ""D2_COMPASNoMissing"", ""attribute"": ""priors_count"", ""value"": 5, ""dtype"": ""int64"", ""artifact_kind"": ""DataCellArtifact"", ""privacy_categories"": [""criminal_justice_sensitive"", ""sensitive_personal_data""], ""privacy_categories_explicit"": [""criminal_justice_sensitive""], ""privacy_usages"": [""criminal_justice_research"", ""research""], ""privacy_erasures"": [""delete_on_request"", ""retention_5y""], ""privacy_roles"": [""AU"", ""DPO"", ""DS""], ""privacy_annotation_sources"": [""propagated:RED""]}"
"DataCellArtifact|D2_COMPASNoMissing::record::2::cell::days_b_screening_arrest","DataCellArtifact","D2_COMPASNoMissing::record::2::cell::days_b_screening_arrest","{""key"": ""D2_COMPASNoMissing::record::2::cell::days_b_screening_arrest"", ""record_id"": ""2"", ""dataset_id"": ""D2_COMPASNoMissing"", ""attribute"": ""days_b_screening_arrest"", ""value"": 2.0, ""dtype"": ""float64"", ""artifact_kind"": ""DataCellArtifact"", ""privacy_categories"": [""criminal_justice_sensitive"", ""temporal_quasi_identifier"", ""sensitive_personal_data""], ""privacy_categories_explicit"": [""criminal_justice_sensitive"", ""temporal_quasi_identifier""], ""privacy_usages"": [""criminal_justice_research"", ""research""], ""privacy_erasures"": [""delete_on_request"", ""retention_5y""], ""privacy_roles"": [""AU"", ""DPO"", ""DS""], ""privacy_annotation_sources"": [""propagated:RED""]}"
"DataCellArtifact|D2_COMPASNoMissing::record::2::cell::two_year_recid","DataCellArtifact","D2_COMPASNoMissing::record::2::cell::two_year_recid","{""key"": ""D2_COMPASNoMissing::record::2::cell::two_year_recid"", ""record_id"": ""2"", ""dataset_id"": ""D2_COMPASNoMissing"", ""attribute"": ""two_year_recid"", ""value"": 1, ""dtype"": ""int64"", ""artifact_kind"": ""DataCellArtifact"", ""privacy_categories"": [""criminal_justice_sensitive"", ""behavioural_sensitive"", ""sensitive_personal_data""], ""privacy_categories_explicit"": [""criminal_justice_sensitive"", ""behavioural_sensitive""], ""privacy_usages"": [""criminal_justice_research"", ""research""], ""privacy_erasures"": [""delete_on_request"", ""retention_5y""], ""privacy_roles"": [""AU"", ""DPO"", ""DS""], ""privacy_annotation_sources"": [""propagated:RED""]}"
"DataCellArtifact|D2_COMPASNoMissing::record::2::cell::c_jail_in","DataCellArtifact","D2_COMPASNoMissing::record::2::cell::c_jail_in","{""key"": ""D2_COMPASNoMissing::record::2::cell::c_jail_in"", ""record_id"": ""2"", ""dataset_id"": ""D2_COMPASNoMissing"", ""attribute"": ""c_jail_in"", ""value"": ""2013-03-05"", ""dtype"": ""str"", ""artifact_kind"": ""DataCellArtifact"", ""privacy_categories"": [""criminal_justice_sensitive"", ""temporal_quasi_identifier"", ""sensitive_personal_data""], ""privacy_categories_explicit"": [""criminal_justice_sensitive"", ""temporal_quasi_identifier""], ""privacy_usages"": [""criminal_justice_research"", ""research""], ""privacy_erasures"": [""delete_on_request"", ""retention_5y""], ""privacy_roles"": [""AU"", ""DPO"", ""DS""], ""privacy_annotation_sources"": [""propagated:RED""]}"
"DataCellArtifact|D2_COMPASNoMissing::record::2::cell::c_jail_out","DataCellArtifact","D2_COMPASNoMissing::record::2::cell::c_jail_out","{""key"": ""D2_COMPASNoMissing::record::2::cell::c_jail_out"", ""record_id"": ""2"", ""dataset_id"": ""D2_COMPASNoMissing"", ""attribute"": ""c_jail_out"", ""value"": ""2013-03-20"", ""dtype"": ""str"", ""artifact_kind"": ""DataCellArtifact"", ""privacy_categories"": [""criminal_justice_sensitive"", ""temporal_quasi_identifier"", ""sensitive_personal_data""], ""privacy_categories_explicit"": [""criminal_justice_sensitive"", ""temporal_quasi_identifier""], ""privacy_usages"": [""criminal_justice_research"", ""research""], ""privacy_erasures"": [""delete_on_request"", ""retention_5y""], ""privacy_roles"": [""AU"", ""DPO"", ""DS""], ""privacy_annotation_sources"": [""propagated:RED""]}"
"DataRecordArtifact|D2_COMPASNoMissing::record::4","DataRecordArtifact","D2_COMPASNoMissing::record::4","{""key"": ""D2_COMPASNoMissing::record::4"", ""record_id"": ""4"", ""dataset_id"": ""D2_COMPASNoMissing"", ""artifact_kind"": ""DataRecordArtifact"", ""privacy_categories"": [""quasi_identifier"", ""criminal_justice_sensitive"", ""race_ethnicity"", ""protected_attribute"", ""gender"", ""temporal_quasi_identifier"", ""behavioural_sensitive"", ""personal_data"", ""sensitive_personal_data""], ""privacy_categories_explicit"": [""quasi_identifier"", ""criminal_justice_sensitive"", ""race_ethnicity"", ""protected_attribute"", ""gender"", ""temporal_quasi_identifier"", ""behavioural_sensitive""], ""privacy_usages"": [""criminal_justice_research"", ""research""], ""privacy_erasures"": [""delete_on_request"", ""retention_5y""], ""privacy_roles"": [""AU"", ""DPO"", ""DS""], ""privacy_annotation_sources"": [""propagated:RED""]}"
"DataCellArtifact|D2_COMPASNoMissing::record::4::cell::age","DataCellArtifact","D2_COMPASNoMissing::record::4::cell::age","{""key"": ""D2_COMPASNoMissing::record::4::cell::age"", ""record_id"": ""4"", ""dataset_id"": ""D2_COMPASNoMissing"", ""attribute"": ""age"", ""value"": 51, ""dtype"": ""int64"", ""artifact_kind"": ""DataCellArtifact"", ""privacy_categories"": [""quasi_identifier"", ""personal_data""], ""privacy_categories_explicit"": [""quasi_identifier""], ""privacy_usages"": [""criminal_justice_research"", ""research""], ""privacy_erasures"": [""delete_on_request"", ""retention_5y""], ""privacy_roles"": [""AU"", ""DPO"", ""DS""], ""privacy_annotation_sources"": [""propagated:RED""]}"
"DataCellArtifact|D2_COMPASNoMissing::record::4::cell::c_charge_degree","DataCellArtifact","D2_COMPASNoMissing::record::4::cell::c_charge_degree","{""key"": ""D2_COMPASNoMissing::record::4::cell::c_charge_degree"", ""record_id"": ""4"", ""dataset_id"": ""D2_COMPASNoMissing"", ""attribute"": ""c_charge_degree"", ""value"": ""F"", ""dtype"": ""str"", ""artifact_kind"": ""DataCellArtifact"", ""privacy_categories"": [""criminal_justice_sensitive"", ""sensitive_personal_data""], ""privacy_categories_explicit"": [""criminal_justice_sensitive""], ""privacy_usages"": [""criminal_justice_research"", ""research""], ""privacy_erasures"": [""delete_on_request"", ""retention_5y""], ""privacy_roles"": [""AU"", ""DPO"", ""DS""], ""privacy_annotation_sources"": [""propagated:RED""]}"
"DataCellArtifact|D2_COMPASNoMissing::record::4::cell::race","DataCellArtifact","D2_COMPASNoMissing::record::4::cell::race","{""key"": ""D2_COMPASNoMissing::record::4::cell::race"", ""record_id"": ""4"", ""dataset_id"": ""D2_COMPASNoMissing"", ""attribute"": ""race"", ""value"": ""African-American"", ""dtype"": ""str"", ""artifact_kind"": ""DataCellArtifact"", ""privacy_categories"": [""race_ethnicity"", ""protected_attribute"", ""sensitive_personal_data""], ""privacy_categories_explicit"": [""race_ethnicity"", ""protected_attribute""], ""privacy_usages"": [""criminal_justice_research"", ""research""], ""privacy_erasures"": [""delete_on_request"", ""retention_5y""], ""privacy_roles"": [""AU"", ""DPO"", ""DS""], ""privacy_annotation_sources"": [""propagated:RED""]}"
"DataCellArtifact|D2_COMPASNoMissing::record::4::cell::sex","DataCellArtifact","D2_COMPASNoMissing::record::4::cell::sex","{""key"": ""D2_COMPASNoMissing::record::4::cell::sex"", ""record_id"": ""4"", ""dataset_id"": ""D2_COMPASNoMissing"", ""attribute"": ""sex"", ""value"": ""Female"", ""dtype"": ""str"", ""artifact_kind"": ""DataCellArtifact"", ""privacy_categories"": [""gender"", ""protected_attribute"", ""sensitive_personal_data""], ""privacy_categories_explicit"": [""gender"", ""protected_attribute""], ""privacy_usages"": [""criminal_justice_research"", ""research""], ""privacy_erasures"": [""delete_on_request"", ""retention_5y""], ""privacy_roles"": [""AU"", ""DPO"", ""DS""], ""privacy_annotation_sources"": [""propagated:RED""]}"
"DataCellArtifact|D2_COMPASNoMissing::record::4::cell::priors_count","DataCellArtifact","D2_COMPASNoMissing::record::4::cell::priors_count","{""key"": ""D2_COMPASNoMissing::record::4::cell::priors_count"", ""record_id"": ""4"", ""dataset_id"": ""D2_COMPASNoMissing"", ""attribute"": ""priors_count"", ""value"": 3, ""dtype"": ""int64"", ""artifact_kind"": ""DataCellArtifact"", ""privacy_categories"": [""criminal_justice_sensitive"", ""sensitive_personal_data""], ""privacy_categories_explicit"": [""criminal_justice_sensitive""], ""privacy_usages"": [""criminal_justice_research"", ""research""], ""privacy_erasures"": [""delete_on_request"", ""retention_5y""], ""privacy_roles"": [""AU"", ""DPO"", ""DS""], ""privacy_annotation_sources"": [""propagated:RED""]}"
"DataCellArtifact|D2_COMPASNoMissing::record::4::cell::days_b_screening_arrest","DataCellArtifact","D2_COMPASNoMissing::record::4::cell::days_b_screening_arrest","{""key"": ""D2_COMPASNoMissing::record::4::cell::days_b_screening_arrest"", ""record_id"": ""4"", ""dataset_id"": ""D2_COMPASNoMissing"", ""attribute"": ""days_b_screening_arrest"", ""value"": -3.0, ""dtype"": ""float64"", ""artifact_kind"": ""DataCellArtifact"", ""privacy_categories"": [""criminal_justice_sensitive"", ""temporal_quasi_identifier"", ""sensitive_personal_data""], ""privacy_categories_explicit"": [""criminal_justice_sensitive"", ""temporal_quasi_identifier""], ""privacy_usages"": [""criminal_justice_research"", ""research""], ""privacy_erasures"": [""delete_on_request"", ""retention_5y""], ""privacy_roles"": [""AU"", ""DPO"", ""DS""], ""privacy_annotation_sources"": [""propagated:RED""]}"
"DataCellArtifact|D2_COMPASNoMissing::record::4::cell::two_year_recid","DataCellArtifact","D2_COMPASNoMissing::record::4::cell::two_year_recid","{""key"": ""D2_COMPASNoMissing::record::4::cell::two_year_recid"", ""record_id"": ""4"", ""dataset_id"": ""D2_COMPASNoMissing"", ""attribute"": ""two_year_recid"", ""value"": 1, ""dtype"": ""int64"", ""artifact_kind"": ""DataCellArtifact"", ""privacy_categories"": [""criminal_justice_sensitive"", ""behavioural_sensitive"", ""sensitive_personal_data""], ""privacy_categories_explicit"": [""criminal_justice_sensitive"", ""behavioural_sensitive""], ""privacy_usages"": [""criminal_justice_research"", ""research""], ""privacy_erasures"": [""delete_on_request"", ""retention_5y""], ""privacy_roles"": [""AU"", ""DPO"", ""DS""], ""privacy_annotation_sources"": [""propagated:RED""]}"
"DataCellArtifact|D2_COMPASNoMissing::record::4::cell::c_jail_in","DataCellArtifact","D2_COMPASNoMissing::record::4::cell::c_jail_in","{""key"": ""D2_COMPASNoMissing::record::4::cell::c_jail_in"", ""record_id"": ""4"", ""dataset_id"": ""D2_COMPASNoMissing"", ""attribute"": ""c_jail_in"", ""value"": ""2013-05-01"", ""dtype"": ""str"", ""artifact_kind"": ""DataCellArtifact"", ""privacy_categories"": [""criminal_justice_sensitive"", ""temporal_quasi_identifier"", ""sensitive_personal_data""], ""privacy_categories_explicit"": [""criminal_justice_sensitive"", ""temporal_quasi_identifier""], ""privacy_usages"": [""criminal_justice_research"", ""research""], ""privacy_erasures"": [""delete_on_request"", ""retention_5y""], ""privacy_roles"": [""AU"", ""DPO"", ""DS""], ""privacy_annotation_sources"": [""propagated:RED""]}"
"DataCellArtifact|D2_COMPASNoMissing::record::4::cell::c_jail_out","DataCellArtifact","D2_COMPASNoMissing::record::4::cell::c_jail_out","{""key"": ""D2_COMPASNoMissing::record::4::cell::c_jail_out"", ""record_id"": ""4"", ""dataset_id"": ""D2_COMPASNoMissing"", ""attribute"": ""c_jail_out"", ""value"": ""2013-05-20"", ""dtype"": ""str"", ""artifact_kind"": ""DataCellArtifact"", ""privacy_categories"": [""criminal_justice_sensitive"", ""temporal_quasi_identifier"", ""sensitive_personal_data""], ""privacy_categories_explicit"": [""criminal_justice_sensitive"", ""temporal_quasi_identifier""], ""privacy_usages"": [""criminal_justice_research"", ""research""], ""privacy_erasures"": [""delete_on_request"", ""retention_5y""], ""privacy_roles"": [""AU"", ""DPO"", ""DS""], ""privacy_annotation_sources"": [""propagated:RED""]}"
"DataRecordArtifact|D2_COMPASNoMissing::record::5","DataRecordArtifact","D2_COMPASNoMissing::record::5","{""key"": ""D2_COMPASNoMissing::record::5"", ""record_id"": ""5"", ""dataset_id"": ""D2_COMPASNoMissing"", ""artifact_kind"": ""DataRecordArtifact"", ""privacy_categories"": [""quasi_identifier"", ""criminal_justice_sensitive"", ""race_ethnicity"", ""protected_attribute"", ""gender"", ""temporal_quasi_identifier"", ""behavioural_sensitive"", ""personal_data"", ""sensitive_personal_data""], ""privacy_categories_explicit"": [""quasi_identifier"", ""criminal_justice_sensitive"", ""race_ethnicity"", ""protected_attribute"", ""gender"", ""temporal_quasi_identifier"", ""behavioural_sensitive""], ""privacy_usages"": [""criminal_justice_research"", ""research""], ""privacy_erasures"": [""delete_on_request"", ""retention_5y""], ""privacy_roles"": [""AU"", ""DPO"", ""DS""], ""privacy_annotation_sources"": [""propagated:RED""]}"
"DataCellArtifact|D2_COMPASNoMissing::record::5::cell::age","DataCellArtifact","D2_COMPASNoMissing::record::5::cell::age","{""key"": ""D2_COMPASNoMissing::record::5::cell::age"", ""record_id"": ""5"", ""dataset_id"": ""D2_COMPASNoMissing"", ""attribute"": ""age"", ""value"": 29, ""dtype"": ""int64"", ""artifact_kind"": ""DataCellArtifact"", ""privacy_categories"": [""quasi_identifier"", ""personal_data""], ""privacy_categories_explicit"": [""quasi_identifier""], ""privacy_usages"": [""criminal_justice_research"", ""research""], ""privacy_erasures"": [""delete_on_request"", ""retention_5y""], ""privacy_roles"": [""AU"", ""DPO"", ""DS""], ""privacy_annotation_sources"": [""propagated:RED""]}"
"DataCellArtifact|D2_COMPASNoMissing::record::5::cell::c_charge_degree","DataCellArtifact","D2_COMPASNoMissing::record::5::cell::c_charge_degree","{""key"": ""D2_COMPASNoMissing::record::5::cell::c_charge_degree"", ""record_id"": ""5"", ""dataset_id"": ""D2_COMPASNoMissing"", ""attribute"": ""c_charge_degree"", ""value"": ""M"", ""dtype"": ""str"", ""artifact_kind"": ""DataCellArtifact"", ""privacy_categories"": [""criminal_justice_sensitive"", ""sensitive_personal_data""], ""privacy_categories_explicit"": [""criminal_justice_sensitive""], ""privacy_usages"": [""criminal_justice_research"", ""research""], ""privacy_erasures"": [""delete_on_request"", ""retention_5y""], ""privacy_roles"": [""AU"", ""DPO"", ""DS""], ""privacy_annotation_sources"": [""propagated:RED""]}"
"DataCellArtifact|D2_COMPASNoMissing::record::5::cell::race","DataCellArtifact","D2_COMPASNoMissing::record::5::cell::race","{""key"": ""D2_COMPASNoMissing::record::5::cell::race"", ""record_id"": ""5"", ""dataset_id"": ""D2_COMPASNoMissing"", ""attribute"": ""race"", ""value"": ""Other"", ""dtype"": ""str"", ""artifact_kind"": ""DataCellArtifact"", ""privacy_categories"": [""race_ethnicity"", ""protected_attribute"", ""sensitive_personal_data""], ""privacy_categories_explicit"": [""race_ethnicity"", ""protected_attribute""], ""privacy_usages"": [""criminal_justice_research"", ""research""], ""privacy_erasures"": [""delete_on_request"", ""retention_5y""], ""privacy_roles"": [""AU"", ""DPO"", ""DS""], ""privacy_annotation_sources"": [""propagated:RED""]}"
"DataCellArtifact|D2_COMPASNoMissing::record::5::cell::sex","DataCellArtifact","D2_COMPASNoMissing::record::5::cell::sex","{""key"": ""D2_COMPASNoMissing::record::5::cell::sex"", ""record_id"": ""5"", ""dataset_id"": ""D2_COMPASNoMissing"", ""attribute"": ""sex"", ""value"": ""Male"", ""dtype"": ""str"", ""artifact_kind"": ""DataCellArtifact"", ""privacy_categories"": [""gender"", ""protected_attribute"", ""sensitive_personal_data""], ""privacy_categories_explicit"": [""gender"", ""protected_attribute""], ""privacy_usages"": [""criminal_justice_research"", ""research""], ""privacy_erasures"": [""delete_on_request"", ""retention_5y""], ""privacy_roles"": [""AU"", ""DPO"", ""DS""], ""privacy_annotation_sources"": [""propagated:RED""]}"
"DataCellArtifact|D2_COMPASNoMissing::record::5::cell::priors_count","DataCellArtifact","D2_COMPASNoMissing::record::5::cell::priors_count","{""key"": ""D2_COMPASNoMissing::record::5::cell::priors_count"", ""record_id"": ""5"", ""dataset_id"": ""D2_COMPASNoMissing"", ""attribute"": ""priors_count"", ""value"": 0, ""dtype"": ""int64"", ""artifact_kind"": ""DataCellArtifact"", ""privacy_categories"": [""criminal_justice_sensitive"", ""sensitive_personal_data""], ""privacy_categories_explicit"": [""criminal_justice_sensitive""], ""privacy_usages"": [""criminal_justice_research"", ""research""], ""privacy_erasures"": [""delete_on_request"", ""retention_5y""], ""privacy_roles"": [""AU"", ""DPO"", ""DS""], ""privacy_annotation_sources"": [""propagated:RED""]}"
"DataCellArtifact|D2_COMPASNoMissing::record::5::cell::days_b_screening_arrest","DataCellArtifact","D2_COMPASNoMissing::record::5::cell::days_b_screening_arrest","{""key"": ""D2_COMPASNoMissing::record::5::cell::days_b_screening_arrest"", ""record_id"": ""5"", ""dataset_id"": ""D2_COMPASNoMissing"", ""attribute"": ""days_b_screening_arrest"", ""value"": 1.0, ""dtype"": ""float64"", ""artifact_kind"": ""DataCellArtifact"", ""privacy_categories"": [""criminal_justice_sensitive"", ""temporal_quasi_identifier"", ""sensitive_personal_data""], ""privacy_categories_explicit"": [""criminal_justice_sensitive"", ""temporal_quasi_identifier""], ""privacy_usages"": [""criminal_justice_research"", ""research""], ""privacy_erasures"": [""delete_on_request"", ""retention_5y""], ""privacy_roles"": [""AU"", ""DPO"", ""DS""], ""privacy_annotation_sources"": [""propagated:RED""]}"
"DataCellArtifact|D2_COMPASNoMissing::record::5::cell::two_year_recid","DataCellArtifact","D2_COMPASNoMissing::record::5::cell::two_year_recid","{""key"": ""D2_COMPASNoMissing::record::5::cell::two_year_recid"", ""record_id"": ""5"", ""dataset_id"": ""D2_COMPASNoMissing"", ""attribute"": ""two_year_recid"", ""value"": 0, ""dtype"": ""int64"", ""artifact_kind"": ""DataCellArtifact"", ""privacy_categories"": [""criminal_justice_sensitive"", ""behavioural_sensitive"", ""sensitive_personal_data""], ""privacy_categories_explicit"": [""criminal_justice_sensitive"", ""behavioural_sensitive""], ""privacy_usages"": [""criminal_justice_research"", ""research""], ""privacy_erasures"": [""delete_on_request"", ""retention_5y""], ""privacy_roles"": [""AU"", ""DPO"", ""DS""], ""privacy_annotation_sources"": [""propagated:RED""]}"
"DataCellArtifact|D2_COMPASNoMissing::record::5::cell::c_jail_in","DataCellArtifact","D2_COMPASNoMissing::record::5::cell::c_jail_in","{""key"": ""D2_COMPASNoMissing::record::5::cell::c_jail_in"", ""record_id"": ""5"", ""dataset_id"": ""D2_COMPASNoMissing"", ""attribute"": ""c_jail_in"", ""value"": ""2013-06-15"", ""dtype"": ""str"", ""artifact_kind"": ""DataCellArtifact"", ""privacy_categories"": [""criminal_justice_sensitive"", ""temporal_quasi_identifier"", ""sensitive_personal_data""], ""privacy_categories_explicit"": [""criminal_justice_sensitive"", ""temporal_quasi_identifier""], ""privacy_usages"": [""criminal_justice_research"", ""research""], ""privacy_erasures"": [""delete_on_request"", ""retention_5y""], ""privacy_roles"": [""AU"", ""DPO"", ""DS""], ""privacy_annotation_sources"": [""propagated:RED""]}"
"DataCellArtifact|D2_COMPASNoMissing::record::5::cell::c_jail_out","DataCellArtifact","D2_COMPASNoMissing::record::5::cell::c_jail_out","{""key"": ""D2_COMPASNoMissing::record::5::cell::c_jail_out"", ""record_id"": ""5"", ""dataset_id"": ""D2_COMPASNoMissing"", ""attribute"": ""c_jail_out"", ""value"": ""2013-06-17"", ""dtype"": ""str"", ""artifact_kind"": ""DataCellArtifact"", ""privacy_categories"": [""criminal_justice_sensitive"", ""temporal_quasi_identifier"", ""sensitive_personal_data""], ""privacy_categories_explicit"": [""criminal_justice_sensitive"", ""temporal_quasi_identifier""], ""privacy_usages"": [""criminal_justice_research"", ""research""], ""privacy_erasures"": [""delete_on_request"", ""retention_5y""], ""privacy_roles"": [""AU"", ""DPO"", ""DS""], ""privacy_annotation_sources"": [""propagated:RED""]}"
"StepRun|run_fc7d525c22::003::B2_binary_race","StepRun","run_fc7d525c22::003::B2_binary_race","{""key"": ""run_fc7d525c22::003::B2_binary_race"", ""step_id"": ""B2_binary_race"", ""phase"": ""FeatureEngineering"", ""framework"": ""python"", ""operatorType"": ""TR"", ""policy_id"": ""B2_binary_race_policy"", ""input_artifacts"": [""D2_COMPASNoMissing""], ""output_artifacts"": [""D3_COMPASRaceBinary""], ""duration_seconds"": 0.0008885860443115234, ""status"": ""success"", ""operation_policy_id"": ""B2_binary_race_policy"", ""contributorGranularity"": ""cell""}"
"DatasetArtifact|D3_COMPASRaceBinary","DatasetArtifact","D3_COMPASRaceBinary","{""key"": ""D3_COMPASRaceBinary"", ""name"": ""D3_COMPASRaceBinary"", ""role"": ""derived"", ""source"": ""step:B2_binary_race"", ""n_rows"": 5, ""n_cols"": 9, ""columns"": [""age"", ""c_charge_degree"", ""race"", ""sex"", ""priors_count"", ""days_b_screening_arrest"", ""two_year_recid"", ""c_jail_in"", ""c_jail_out""], ""record_id_col"": null, ""artifact_kind"": ""DatasetArtifact"", ""privacy_categories"": [""quasi_identifier"", ""criminal_justice_sensitive"", ""race_ethnicity"", ""protected_attribute"", ""gender"", ""temporal_quasi_identifier"", ""behavioural_sensitive"", ""personal_data"", ""sensitive_personal_data""], ""privacy_categories_explicit"": [""quasi_identifier"", ""criminal_justice_sensitive"", ""race_ethnicity"", ""protected_attribute"", ""gender"", ""temporal_quasi_identifier"", ""behavioural_sensitive""], ""privacy_usages"": [""criminal_justice_research"", ""research""], ""privacy_erasures"": [""delete_on_request"", ""retention_5y""], ""privacy_roles"": [""AU"", ""DPO"", ""DS""], ""privacy_annotation_sources"": [""propagated:TR""]}"
"DataRecordArtifact|D3_COMPASRaceBinary::record::0","DataRecordArtifact","D3_COMPASRaceBinary::record::0","{""key"": ""D3_COMPASRaceBinary::record::0"", ""record_id"": ""0"", ""dataset_id"": ""D3_COMPASRaceBinary"", ""artifact_kind"": ""DataRecordArtifact"", ""privacy_categories"": [""quasi_identifier"", ""criminal_justice_sensitive"", ""race_ethnicity"", ""protected_attribute"", ""gender"", ""temporal_quasi_identifier"", ""behavioural_sensitive"", ""personal_data"", ""sensitive_personal_data""], ""privacy_categories_explicit"": [""quasi_identifier"", ""criminal_justice_sensitive"", ""race_ethnicity"", ""protected_attribute"", ""gender"", ""temporal_quasi_identifier"", ""behavioural_sensitive""], ""privacy_usages"": [""criminal_justice_research"", ""research""], ""privacy_erasures"": [""delete_on_request"", ""retention_5y""], ""privacy_roles"": [""AU"", ""DPO"", ""DS""], ""privacy_annotation_sources"": [""propagated:TR""]}"
"DataCellArtifact|D3_COMPASRaceBinary::record::0::cell::age","DataCellArtifact","D3_COMPASRaceBinary::record::0::cell::age","{""key"": ""D3_COMPASRaceBinary::record::0::cell::age"", ""record_id"": ""0"", ""dataset_id"": ""D3_COMPASRaceBinary"", ""attribute"": ""age"", ""value"": 25, ""dtype"": ""int64"", ""artifact_kind"": ""DataCellArtifact"", ""privacy_categories"": [""quasi_identifier"", ""personal_data""], ""privacy_categories_explicit"": [""quasi_identifier""], ""privacy_usages"": [""criminal_justice_research"", ""research""], ""privacy_erasures"": [""delete_on_request"", ""retention_5y""], ""privacy_roles"": [""AU"", ""DPO"", ""DS""], ""privacy_annotation_sources"": [""propagated:TR""]}"
"DataCellArtifact|D3_COMPASRaceBinary::record::0::cell::c_charge_degree","DataCellArtifact","D3_COMPASRaceBinary::record::0::cell::c_charge_degree","{""key"": ""D3_COMPASRaceBinary::record::0::cell::c_charge_degree"", ""record_id"": ""0"", ""dataset_id"": ""D3_COMPASRaceBinary"", ""attribute"": ""c_charge_degree"", ""value"": ""F"", ""dtype"": ""str"", ""artifact_kind"": ""DataCellArtifact"", ""privacy_categories"": [""criminal_justice_sensitive"", ""sensitive_personal_data""], ""privacy_categories_explicit"": [""criminal_justice_sensitive""], ""privacy_usages"": [""criminal_justice_research"", ""research""], ""privacy_erasures"": [""delete_on_request"", ""retention_5y""], ""privacy_roles"": [""AU"", ""DPO"", ""DS""], ""privacy_annotation_sources"": [""propagated:TR""]}"
"DataCellArtifact|D3_COMPASRaceBinary::record::0::cell::race","DataCellArtifact","D3_COMPASRaceBinary::record::0::cell::race","{""key"": ""D3_COMPASRaceBinary::record::0::cell::race"", ""record_id"": ""0"", ""dataset_id"": ""D3_COMPASRaceBinary"", ""attribute"": ""race"", ""value"": 0, ""dtype"": ""int64"", ""artifact_kind"": ""DataCellArtifact"", ""privacy_categories"": [""race_ethnicity"", ""protected_attribute"", ""sensitive_personal_data""], ""privacy_categories_explicit"": [""race_ethnicity"", ""protected_attribute""], ""privacy_usages"": [""criminal_justice_research"", ""research""], ""privacy_erasures"": [""delete_on_request"", ""retention_5y""], ""privacy_roles"": [""AU"", ""DPO"", ""DS""], ""privacy_annotation_sources"": [""propagated:TR""]}"
"DataCellArtifact|D3_COMPASRaceBinary::record::0::cell::sex","DataCellArtifact","D3_COMPASRaceBinary::record::0::cell::sex","{""key"": ""D3_COMPASRaceBinary::record::0::cell::sex"", ""record_id"": ""0"", ""dataset_id"": ""D3_COMPASRaceBinary"", ""attribute"": ""sex"", ""value"": ""Male"", ""dtype"": ""str"", ""artifact_kind"": ""DataCellArtifact"", ""privacy_categories"": [""gender"", ""protected_attribute"", ""sensitive_personal_data""], ""privacy_categories_explicit"": [""gender"", ""protected_attribute""], ""privacy_usages"": [""criminal_justice_research"", ""research""], ""privacy_erasures"": [""delete_on_request"", ""retention_5y""], ""privacy_roles"": [""AU"", ""DPO"", ""DS""], ""privacy_annotation_sources"": [""propagated:TR""]}"
"DataCellArtifact|D3_COMPASRaceBinary::record::0::cell::priors_count","DataCellArtifact","D3_COMPASRaceBinary::record::0::cell::priors_count","{""key"": ""D3_COMPASRaceBinary::record::0::cell::priors_count"", ""record_id"": ""0"", ""dataset_id"": ""D3_COMPASRaceBinary"", ""attribute"": ""priors_count"", ""value"": 2, ""dtype"": ""int64"", ""artifact_kind"": ""DataCellArtifact"", ""privacy_categories"": [""criminal_justice_sensitive"", ""sensitive_personal_data""], ""privacy_categories_explicit"": [""criminal_justice_sensitive""], ""privacy_usages"": [""criminal_justice_research"", ""research""], ""privacy_erasures"": [""delete_on_request"", ""retention_5y""], ""privacy_roles"": [""AU"", ""DPO"", ""DS""], ""privacy_annotation_sources"": [""propagated:TR""]}"
"DataCellArtifact|D3_COMPASRaceBinary::record::0::cell::days_b_screening_arrest","DataCellArtifact","D3_COMPASRaceBinary::record::0::cell::days_b_screening_arrest","{""key"": ""D3_COMPASRaceBinary::record::0::cell::days_b_screening_arrest"", ""record_id"": ""0"", ""dataset_id"": ""D3_COMPASRaceBinary"", ""attribute"": ""days_b_screening_arrest"", ""value"": -1.0, ""dtype"": ""float64"", ""artifact_kind"": ""DataCellArtifact"", ""privacy_categories"": [""criminal_justice_sensitive"", ""temporal_quasi_identifier"", ""sensitive_personal_data""], ""privacy_categories_explicit"": [""criminal_justice_sensitive"", ""temporal_quasi_identifier""], ""privacy_usages"": [""criminal_justice_research"", ""research""], ""privacy_erasures"": [""delete_on_request"", ""retention_5y""], ""privacy_roles"": [""AU"", ""DPO"", ""DS""], ""privacy_annotation_sources"": [""propagated:TR""]}"
"DataCellArtifact|D3_COMPASRaceBinary::record::0::cell::two_year_recid","DataCellArtifact","D3_COMPASRaceBinary::record::0::cell::two_year_recid","{""key"": ""D3_COMPASRaceBinary::record::0::cell::two_year_recid"", ""record_id"": ""0"", ""dataset_id"": ""D3_COMPASRaceBinary"", ""attribute"": ""two_year_recid"", ""value"": 1, ""dtype"": ""int64"", ""artifact_kind"": ""DataCellArtifact"", ""privacy_categories"": [""criminal_justice_sensitive"", ""behavioural_sensitive"", ""sensitive_personal_data""], ""privacy_categories_explicit"": [""criminal_justice_sensitive"", ""behavioural_sensitive""], ""privacy_usages"": [""criminal_justice_research"", ""research""], ""privacy_erasures"": [""delete_on_request"", ""retention_5y""], ""privacy_roles"": [""AU"", ""DPO"", ""DS""], ""privacy_annotation_sources"": [""propagated:TR""]}"
"DataCellArtifact|D3_COMPASRaceBinary::record::0::cell::c_jail_in","DataCellArtifact","D3_COMPASRaceBinary::record::0::cell::c_jail_in","{""key"": ""D3_COMPASRaceBinary::record::0::cell::c_jail_in"", ""record_id"": ""0"", ""dataset_id"": ""D3_COMPASRaceBinary"", ""attribute"": ""c_jail_in"", ""value"": ""2013-01-01"", ""dtype"": ""str"", ""artifact_kind"": ""DataCellArtifact"", ""privacy_categories"": [""criminal_justice_sensitive"", ""temporal_quasi_identifier"", ""sensitive_personal_data""], ""privacy_categories_explicit"": [""criminal_justice_sensitive"", ""temporal_quasi_identifier""], ""privacy_usages"": [""criminal_justice_research"", ""research""], ""privacy_erasures"": [""delete_on_request"", ""retention_5y""], ""privacy_roles"": [""AU"", ""DPO"", ""DS""], ""privacy_annotation_sources"": [""propagated:TR""]}"
"DataCellArtifact|D3_COMPASRaceBinary::record::0::cell::c_jail_out","DataCellArtifact","D3_COMPASRaceBinary::record::0::cell::c_jail_out","{""key"": ""D3_COMPASRaceBinary::record::0::cell::c_jail_out"", ""record_id"": ""0"", ""dataset_id"": ""D3_COMPASRaceBinary"", ""attribute"": ""c_jail_out"", ""value"": ""2013-01-10"", ""dtype"": ""str"", ""artifact_kind"": ""DataCellArtifact"", ""privacy_categories"": [""criminal_justice_sensitive"", ""temporal_quasi_identifier"", ""sensitive_personal_data""], ""privacy_categories_explicit"": [""criminal_justice_sensitive"", ""temporal_quasi_identifier""], ""privacy_usages"": [""criminal_justice_research"", ""research""], ""privacy_erasures"": [""delete_on_request"", ""retention_5y""], ""privacy_roles"": [""AU"", ""DPO"", ""DS""], ""privacy_annotation_sources"": [""propagated:TR""]}"
"DataRecordArtifact|D3_COMPASRaceBinary::record::1","DataRecordArtifact","D3_COMPASRaceBinary::record::1","{""key"": ""D3_COMPASRaceBinary::record::1"", ""record_id"": ""1"", ""dataset_id"": ""D3_COMPASRaceBinary"", ""artifact_kind"": ""DataRecordArtifact"", ""privacy_categories"": [""quasi_identifier"", ""criminal_justice_sensitive"", ""race_ethnicity"", ""protected_attribute"", ""gender"", ""temporal_quasi_identifier"", ""behavioural_sensitive"", ""personal_data"", ""sensitive_personal_data""], ""privacy_categories_explicit"": [""quasi_identifier"", ""criminal_justice_sensitive"", ""race_ethnicity"", ""protected_attribute"", ""gender"", ""temporal_quasi_identifier"", ""behavioural_sensitive""], ""privacy_usages"": [""criminal_justice_research"", ""research""], ""privacy_erasures"": [""delete_on_request"", ""retention_5y""], ""privacy_roles"": [""AU"", ""DPO"", ""DS""], ""privacy_annotation_sources"": [""propagated:TR""]}"
"DataCellArtifact|D3_COMPASRaceBinary::record::1::cell::age","DataCellArtifact","D3_COMPASRaceBinary::record::1::cell::age","{""key"": ""D3_COMPASRaceBinary::record::1::cell::age"", ""record_id"": ""1"", ""dataset_id"": ""D3_COMPASRaceBinary"", ""attribute"": ""age"", ""value"": 34, ""dtype"": ""int64"", ""artifact_kind"": ""DataCellArtifact"", ""privacy_categories"": [""quasi_identifier"", ""personal_data""], ""privacy_categories_explicit"": [""quasi_identifier""], ""privacy_usages"": [""criminal_justice_research"", ""research""], ""privacy_erasures"": [""delete_on_request"", ""retention_5y""], ""privacy_roles"": [""AU"", ""DPO"", ""DS""], ""privacy_annotation_sources"": [""propagated:TR""]}"
"DataCellArtifact|D3_COMPASRaceBinary::record::1::cell::c_charge_degree","DataCellArtifact","D3_COMPASRaceBinary::record::1::cell::c_charge_degree","{""key"": ""D3_COMPASRaceBinary::record::1::cell::c_charge_degree"", ""record_id"": ""1"", ""dataset_id"": ""D3_COMPASRaceBinary"", ""attribute"": ""c_charge_degree"", ""value"": ""M"", ""dtype"": ""str"", ""artifact_kind"": ""DataCellArtifact"", ""privacy_categories"": [""criminal_justice_sensitive"", ""sensitive_personal_data""], ""privacy_categories_explicit"": [""criminal_justice_sensitive""], ""privacy_usages"": [""criminal_justice_research"", ""research""], ""privacy_erasures"": [""delete_on_request"", ""retention_5y""], ""privacy_roles"": [""AU"", ""DPO"", ""DS""], ""privacy_annotation_sources"": [""propagated:TR""]}"
"DataCellArtifact|D3_COMPASRaceBinary::record::1::cell::race","DataCellArtifact","D3_COMPASRaceBinary::record::1::cell::race","{""key"": ""D3_COMPASRaceBinary::record::1::cell::race"", ""record_id"": ""1"", ""dataset_id"": ""D3_COMPASRaceBinary"", ""attribute"": ""race"", ""value"": 1, ""dtype"": ""int64"", ""artifact_kind"": ""DataCellArtifact"", ""privacy_categories"": [""race_ethnicity"", ""protected_attribute"", ""sensitive_personal_data""], ""privacy_categories_explicit"": [""race_ethnicity"", ""protected_attribute""], ""privacy_usages"": [""criminal_justice_research"", ""research""], ""privacy_erasures"": [""delete_on_request"", ""retention_5y""], ""privacy_roles"": [""AU"", ""DPO"", ""DS""], ""privacy_annotation_sources"": [""propagated:TR""]}"
"DataCellArtifact|D3_COMPASRaceBinary::record::1::cell::sex","DataCellArtifact","D3_COMPASRaceBinary::record::1::cell::sex","{""key"": ""D3_COMPASRaceBinary::record::1::cell::sex"", ""record_id"": ""1"", ""dataset_id"": ""D3_COMPASRaceBinary"", ""attribute"": ""sex"", ""value"": ""Female"", ""dtype"": ""str"", ""artifact_kind"": ""DataCellArtifact"", ""privacy_categories"": [""gender"", ""protected_attribute"", ""sensitive_personal_data""], ""privacy_categories_explicit"": [""gender"", ""protected_attribute""], ""privacy_usages"": [""criminal_justice_research"", ""research""], ""privacy_erasures"": [""delete_on_request"", ""retention_5y""], ""privacy_roles"": [""AU"", ""DPO"", ""DS""], ""privacy_annotation_sources"": [""propagated:TR""]}"
"DataCellArtifact|D3_COMPASRaceBinary::record::1::cell::priors_count","DataCellArtifact","D3_COMPASRaceBinary::record::1::cell::priors_count","{""key"": ""D3_COMPASRaceBinary::record::1::cell::priors_count"", ""record_id"": ""1"", ""dataset_id"": ""D3_COMPASRaceBinary"", ""attribute"": ""priors_count"", ""value"": 0, ""dtype"": ""int64"", ""artifact_kind"": ""DataCellArtifact"", ""privacy_categories"": [""criminal_justice_sensitive"", ""sensitive_personal_data""], ""privacy_categories_explicit"": [""criminal_justice_sensitive""], ""privacy_usages"": [""criminal_justice_research"", ""research""], ""privacy_erasures"": [""delete_on_request"", ""retention_5y""], ""privacy_roles"": [""AU"", ""DPO"", ""DS""], ""privacy_annotation_sources"": [""propagated:TR""]}"
"DataCellArtifact|D3_COMPASRaceBinary::record::1::cell::days_b_screening_arrest","DataCellArtifact","D3_COMPASRaceBinary::record::1::cell::days_b_screening_arrest","{""key"": ""D3_COMPASRaceBinary::record::1::cell::days_b_screening_arrest"", ""record_id"": ""1"", ""dataset_id"": ""D3_COMPASRaceBinary"", ""attribute"": ""days_b_screening_arrest"", ""value"": 0.0, ""dtype"": ""float64"", ""artifact_kind"": ""DataCellArtifact"", ""privacy_categories"": [""criminal_justice_sensitive"", ""temporal_quasi_identifier"", ""sensitive_personal_data""], ""privacy_categories_explicit"": [""criminal_justice_sensitive"", ""temporal_quasi_identifier""], ""privacy_usages"": [""criminal_justice_research"", ""research""], ""privacy_erasures"": [""delete_on_request"", ""retention_5y""], ""privacy_roles"": [""AU"", ""DPO"", ""DS""], ""privacy_annotation_sources"": [""propagated:TR""]}"
"DataCellArtifact|D3_COMPASRaceBinary::record::1::cell::two_year_recid","DataCellArtifact","D3_COMPASRaceBinary::record::1::cell::two_year_recid","{""key"": ""D3_COMPASRaceBinary::record::1::cell::two_year_recid"", ""record_id"": ""1"", ""dataset_id"": ""D3_COMPASRaceBinary"", ""attribute"": ""two_year_recid"", ""value"": 0, ""dtype"": ""int64"", ""artifact_kind"": ""DataCellArtifact"", ""privacy_categories"": [""criminal_justice_sensitive"", ""behavioural_sensitive"", ""sensitive_personal_data""], ""privacy_categories_explicit"": [""criminal_justice_sensitive"", ""behavioural_sensitive""], ""privacy_usages"": [""criminal_justice_research"", ""research""], ""privacy_erasures"": [""delete_on_request"", ""retention_5y""], ""privacy_roles"": [""AU"", ""DPO"", ""DS""], ""privacy_annotation_sources"": [""propagated:TR""]}"
"DataCellArtifact|D3_COMPASRaceBinary::record::1::cell::c_jail_in","DataCellArtifact","D3_COMPASRaceBinary::record::1::cell::c_jail_in","{""key"": ""D3_COMPASRaceBinary::record::1::cell::c_jail_in"", ""record_id"": ""1"", ""dataset_id"": ""D3_COMPASRaceBinary"", ""attribute"": ""c_jail_in"", ""value"": ""2013-02-01"", ""dtype"": ""str"", ""artifact_kind"": ""DataCellArtifact"", ""privacy_categories"": [""criminal_justice_sensitive"", ""temporal_quasi_identifier"", ""sensitive_personal_data""], ""privacy_categories_explicit"": [""criminal_justice_sensitive"", ""temporal_quasi_identifier""], ""privacy_usages"": [""criminal_justice_research"", ""research""], ""privacy_erasures"": [""delete_on_request"", ""retention_5y""], ""privacy_roles"": [""AU"", ""DPO"", ""DS""], ""privacy_annotation_sources"": [""propagated:TR""]}"
"DataCellArtifact|D3_COMPASRaceBinary::record::1::cell::c_jail_out","DataCellArtifact","D3_COMPASRaceBinary::record::1::cell::c_jail_out","{""key"": ""D3_COMPASRaceBinary::record::1::cell::c_jail_out"", ""record_id"": ""1"", ""dataset_id"": ""D3_COMPASRaceBinary"", ""attribute"": ""c_jail_out"", ""value"": ""2013-02-02"", ""dtype"": ""str"", ""artifact_kind"": ""DataCellArtifact"", ""privacy_categories"": [""criminal_justice_sensitive"", ""temporal_quasi_identifier"", ""sensitive_personal_data""], ""privacy_categories_explicit"": [""criminal_justice_sensitive"", ""temporal_quasi_identifier""], ""privacy_usages"": [""criminal_justice_research"", ""research""], ""privacy_erasures"": [""delete_on_request"", ""retention_5y""], ""privacy_roles"": [""AU"", ""DPO"", ""DS""], ""privacy_annotation_sources"": [""propagated:TR""]}"
"DataRecordArtifact|D3_COMPASRaceBinary::record::2","DataRecordArtifact","D3_COMPASRaceBinary::record::2","{""key"": ""D3_COMPASRaceBinary::record::2"", ""record_id"": ""2"", ""dataset_id"": ""D3_COMPASRaceBinary"", ""artifact_kind"": ""DataRecordArtifact"", ""privacy_categories"": [""quasi_identifier"", ""criminal_justice_sensitive"", ""race_ethnicity"", ""protected_attribute"", ""gender"", ""temporal_quasi_identifier"", ""behavioural_sensitive"", ""personal_data"", ""sensitive_personal_data""], ""privacy_categories_explicit"": [""quasi_identifier"", ""criminal_justice_sensitive"", ""race_ethnicity"", ""protected_attribute"", ""gender"", ""temporal_quasi_identifier"", ""behavioural_sensitive""], ""privacy_usages"": [""criminal_justice_research"", ""research""], ""privacy_erasures"": [""delete_on_request"", ""retention_5y""], ""privacy_roles"": [""AU"", ""DPO"", ""DS""], ""privacy_annotation_sources"": [""propagated:TR""]}"
"DataCellArtifact|D3_COMPASRaceBinary::record::2::cell::age","DataCellArtifact","D3_COMPASRaceBinary::record::2::cell::age","{""key"": ""D3_COMPASRaceBinary::record::2::cell::age"", ""record_id"": ""2"", ""dataset_id"": ""D3_COMPASRaceBinary"", ""attribute"": ""age"", ""value"": 45, ""dtype"": ""int64"", ""artifact_kind"": ""DataCellArtifact"", ""privacy_categories"": [""quasi_identifier"", ""personal_data""], ""privacy_categories_explicit"": [""quasi_identifier""], ""privacy_usages"": [""criminal_justice_research"", ""research""], ""privacy_erasures"": [""delete_on_request"", ""retention_5y""], ""privacy_roles"": [""AU"", ""DPO"", ""DS""], ""privacy_annotation_sources"": [""propagated:TR""]}"
"DataCellArtifact|D3_COMPASRaceBinary::record::2::cell::c_charge_degree","DataCellArtifact","D3_COMPASRaceBinary::record::2::cell::c_charge_degree","{""key"": ""D3_COMPASRaceBinary::record::2::cell::c_charge_degree"", ""record_id"": ""2"", ""dataset_id"": ""D3_COMPASRaceBinary"", ""attribute"": ""c_charge_degree"", ""value"": ""F"", ""dtype"": ""str"", ""artifact_kind"": ""DataCellArtifact"", ""privacy_categories"": [""criminal_justice_sensitive"", ""sensitive_personal_data""], ""privacy_categories_explicit"": [""criminal_justice_sensitive""], ""privacy_usages"": [""criminal_justice_research"", ""research""], ""privacy_erasures"": [""delete_on_request"", ""retention_5y""], ""privacy_roles"": [""AU"", ""DPO"", ""DS""], ""privacy_annotation_sources"": [""propagated:TR""]}"
"DataCellArtifact|D3_COMPASRaceBinary::record::2::cell::race","DataCellArtifact","D3_COMPASRaceBinary::record::2::cell::race","{""key"": ""D3_COMPASRaceBinary::record::2::cell::race"", ""record_id"": ""2"", ""dataset_id"": ""D3_COMPASRaceBinary"", ""attribute"": ""race"", ""value"": 0, ""dtype"": ""int64"", ""artifact_kind"": ""DataCellArtifact"", ""privacy_categories"": [""race_ethnicity"", ""protected_attribute"", ""sensitive_personal_data""], ""privacy_categories_explicit"": [""race_ethnicity"", ""protected_attribute""], ""privacy_usages"": [""criminal_justice_research"", ""research""], ""privacy_erasures"": [""delete_on_request"", ""retention_5y""], ""privacy_roles"": [""AU"", ""DPO"", ""DS""], ""privacy_annotation_sources"": [""propagated:TR""]}"
"DataCellArtifact|D3_COMPASRaceBinary::record::2::cell::sex","DataCellArtifact","D3_COMPASRaceBinary::record::2::cell::sex","{""key"": ""D3_COMPASRaceBinary::record::2::cell::sex"", ""record_id"": ""2"", ""dataset_id"": ""D3_COMPASRaceBinary"", ""attribute"": ""sex"", ""value"": ""Male"", ""dtype"": ""str"", ""artifact_kind"": ""DataCellArtifact"", ""privacy_categories"": [""gender"", ""protected_attribute"", ""sensitive_personal_data""], ""privacy_categories_explicit"": [""gender"", ""protected_attribute""], ""privacy_usages"": [""criminal_justice_research"", ""research""], ""privacy_erasures"": [""delete_on_request"", ""retention_5y""], ""privacy_roles"": [""AU"", ""DPO"", ""DS""], ""privacy_annotation_sources"": [""propagated:TR""]}"
"DataCellArtifact|D3_COMPASRaceBinary::record::2::cell::priors_count","DataCellArtifact","D3_COMPASRaceBinary::record::2::cell::priors_count","{""key"": ""D3_COMPASRaceBinary::record::2::cell::priors_count"", ""record_id"": ""2"", ""dataset_id"": ""D3_COMPASRaceBinary"", ""attribute"": ""priors_count"", ""value"": 5, ""dtype"": ""int64"", ""artifact_kind"": ""DataCellArtifact"", ""privacy_categories"": [""criminal_justice_sensitive"", ""sensitive_personal_data""], ""privacy_categories_explicit"": [""criminal_justice_sensitive""], ""privacy_usages"": [""criminal_justice_research"", ""research""], ""privacy_erasures"": [""delete_on_request"", ""retention_5y""], ""privacy_roles"": [""AU"", ""DPO"", ""DS""], ""privacy_annotation_sources"": [""propagated:TR""]}"
"DataCellArtifact|D3_COMPASRaceBinary::record::2::cell::days_b_screening_arrest","DataCellArtifact","D3_COMPASRaceBinary::record::2::cell::days_b_screening_arrest","{""key"": ""D3_COMPASRaceBinary::record::2::cell::days_b_screening_arrest"", ""record_id"": ""2"", ""dataset_id"": ""D3_COMPASRaceBinary"", ""attribute"": ""days_b_screening_arrest"", ""value"": 2.0, ""dtype"": ""float64"", ""artifact_kind"": ""DataCellArtifact"", ""privacy_categories"": [""criminal_justice_sensitive"", ""temporal_quasi_identifier"", ""sensitive_personal_data""], ""privacy_categories_explicit"": [""criminal_justice_sensitive"", ""temporal_quasi_identifier""], ""privacy_usages"": [""criminal_justice_research"", ""research""], ""privacy_erasures"": [""delete_on_request"", ""retention_5y""], ""privacy_roles"": [""AU"", ""DPO"", ""DS""], ""privacy_annotation_sources"": [""propagated:TR""]}"
"DataCellArtifact|D3_COMPASRaceBinary::record::2::cell::two_year_recid","DataCellArtifact","D3_COMPASRaceBinary::record::2::cell::two_year_recid","{""key"": ""D3_COMPASRaceBinary::record::2::cell::two_year_recid"", ""record_id"": ""2"", ""dataset_id"": ""D3_COMPASRaceBinary"", ""attribute"": ""two_year_recid"", ""value"": 1, ""dtype"": ""int64"", ""artifact_kind"": ""DataCellArtifact"", ""privacy_categories"": [""criminal_justice_sensitive"", ""behavioural_sensitive"", ""sensitive_personal_data""], ""privacy_categories_explicit"": [""criminal_justice_sensitive"", ""behavioural_sensitive""], ""privacy_usages"": [""criminal_justice_research"", ""research""], ""privacy_erasures"": [""delete_on_request"", ""retention_5y""], ""privacy_roles"": [""AU"", ""DPO"", ""DS""], ""privacy_annotation_sources"": [""propagated:TR""]}"
"DataCellArtifact|D3_COMPASRaceBinary::record::2::cell::c_jail_in","DataCellArtifact","D3_COMPASRaceBinary::record::2::cell::c_jail_in","{""key"": ""D3_COMPASRaceBinary::record::2::cell::c_jail_in"", ""record_id"": ""2"", ""dataset_id"": ""D3_COMPASRaceBinary"", ""attribute"": ""c_jail_in"", ""value"": ""2013-03-05"", ""dtype"": ""str"", ""artifact_kind"": ""DataCellArtifact"", ""privacy_categories"": [""criminal_justice_sensitive"", ""temporal_quasi_identifier"", ""sensitive_personal_data""], ""privacy_categories_explicit"": [""criminal_justice_sensitive"", ""temporal_quasi_identifier""], ""privacy_usages"": [""criminal_justice_research"", ""research""], ""privacy_erasures"": [""delete_on_request"", ""retention_5y""], ""privacy_roles"": [""AU"", ""DPO"", ""DS""], ""privacy_annotation_sources"": [""propagated:TR""]}"
"DataCellArtifact|D3_COMPASRaceBinary::record::2::cell::c_jail_out","DataCellArtifact","D3_COMPASRaceBinary::record::2::cell::c_jail_out","{""key"": ""D3_COMPASRaceBinary::record::2::cell::c_jail_out"", ""record_id"": ""2"", ""dataset_id"": ""D3_COMPASRaceBinary"", ""attribute"": ""c_jail_out"", ""value"": ""2013-03-20"", ""dtype"": ""str"", ""artifact_kind"": ""DataCellArtifact"", ""privacy_categories"": [""criminal_justice_sensitive"", ""temporal_quasi_identifier"", ""sensitive_personal_data""], ""privacy_categories_explicit"": [""criminal_justice_sensitive"", ""temporal_quasi_identifier""], ""privacy_usages"": [""criminal_justice_research"", ""research""], ""privacy_erasures"": [""delete_on_request"", ""retention_5y""], ""privacy_roles"": [""AU"", ""DPO"", ""DS""], ""privacy_annotation_sources"": [""propagated:TR""]}"
"DataRecordArtifact|D3_COMPASRaceBinary::record::4","DataRecordArtifact","D3_COMPASRaceBinary::record::4","{""key"": ""D3_COMPASRaceBinary::record::4"", ""record_id"": ""4"", ""dataset_id"": ""D3_COMPASRaceBinary"", ""artifact_kind"": ""DataRecordArtifact"", ""privacy_categories"": [""quasi_identifier"", ""criminal_justice_sensitive"", ""race_ethnicity"", ""protected_attribute"", ""gender"", ""temporal_quasi_identifier"", ""behavioural_sensitive"", ""personal_data"", ""sensitive_personal_data""], ""privacy_categories_explicit"": [""quasi_identifier"", ""criminal_justice_sensitive"", ""race_ethnicity"", ""protected_attribute"", ""gender"", ""temporal_quasi_identifier"", ""behavioural_sensitive""], ""privacy_usages"": [""criminal_justice_research"", ""research""], ""privacy_erasures"": [""delete_on_request"", ""retention_5y""], ""privacy_roles"": [""AU"", ""DPO"", ""DS""], ""privacy_annotation_sources"": [""propagated:TR""]}"
"DataCellArtifact|D3_COMPASRaceBinary::record::4::cell::age","DataCellArtifact","D3_COMPASRaceBinary::record::4::cell::age","{""key"": ""D3_COMPASRaceBinary::record::4::cell::age"", ""record_id"": ""4"", ""dataset_id"": ""D3_COMPASRaceBinary"", ""attribute"": ""age"", ""value"": 51, ""dtype"": ""int64"", ""artifact_kind"": ""DataCellArtifact"", ""privacy_categories"": [""quasi_identifier"", ""personal_data""], ""privacy_categories_explicit"": [""quasi_identifier""], ""privacy_usages"": [""criminal_justice_research"", ""research""], ""privacy_erasures"": [""delete_on_request"", ""retention_5y""], ""privacy_roles"": [""AU"", ""DPO"", ""DS""], ""privacy_annotation_sources"": [""propagated:TR""]}"
"DataCellArtifact|D3_COMPASRaceBinary::record::4::cell::c_charge_degree","DataCellArtifact","D3_COMPASRaceBinary::record::4::cell::c_charge_degree","{""key"": ""D3_COMPASRaceBinary::record::4::cell::c_charge_degree"", ""record_id"": ""4"", ""dataset_id"": ""D3_COMPASRaceBinary"", ""attribute"": ""c_charge_degree"", ""value"": ""F"", ""dtype"": ""str"", ""artifact_kind"": ""DataCellArtifact"", ""privacy_categories"": [""criminal_justice_sensitive"", ""sensitive_personal_data""], ""privacy_categories_explicit"": [""criminal_justice_sensitive""], ""privacy_usages"": [""criminal_justice_research"", ""research""], ""privacy_erasures"": [""delete_on_request"", ""retention_5y""], ""privacy_roles"": [""AU"", ""DPO"", ""DS""], ""privacy_annotation_sources"": [""propagated:TR""]}"
"DataCellArtifact|D3_COMPASRaceBinary::record::4::cell::race","DataCellArtifact","D3_COMPASRaceBinary::record::4::cell::race","{""key"": ""D3_COMPASRaceBinary::record::4::cell::race"", ""record_id"": ""4"", ""dataset_id"": ""D3_COMPASRaceBinary"", ""attribute"": ""race"", ""value"": 0, ""dtype"": ""int64"", ""artifact_kind"": ""DataCellArtifact"", ""privacy_categories"": [""race_ethnicity"", ""protected_attribute"", ""sensitive_personal_data""], ""privacy_categories_explicit"": [""race_ethnicity"", ""protected_attribute""], ""privacy_usages"": [""criminal_justice_research"", ""research""], ""privacy_erasures"": [""delete_on_request"", ""retention_5y""], ""privacy_roles"": [""AU"", ""DPO"", ""DS""], ""privacy_annotation_sources"": [""propagated:TR""]}"
"DataCellArtifact|D3_COMPASRaceBinary::record::4::cell::sex","DataCellArtifact","D3_COMPASRaceBinary::record::4::cell::sex","{""key"": ""D3_COMPASRaceBinary::record::4::cell::sex"", ""record_id"": ""4"", ""dataset_id"": ""D3_COMPASRaceBinary"", ""attribute"": ""sex"", ""value"": ""Female"", ""dtype"": ""str"", ""artifact_kind"": ""DataCellArtifact"", ""privacy_categories"": [""gender"", ""protected_attribute"", ""sensitive_personal_data""], ""privacy_categories_explicit"": [""gender"", ""protected_attribute""], ""privacy_usages"": [""criminal_justice_research"", ""research""], ""privacy_erasures"": [""delete_on_request"", ""retention_5y""], ""privacy_roles"": [""AU"", ""DPO"", ""DS""], ""privacy_annotation_sources"": [""propagated:TR""]}"
"DataCellArtifact|D3_COMPASRaceBinary::record::4::cell::priors_count","DataCellArtifact","D3_COMPASRaceBinary::record::4::cell::priors_count","{""key"": ""D3_COMPASRaceBinary::record::4::cell::priors_count"", ""record_id"": ""4"", ""dataset_id"": ""D3_COMPASRaceBinary"", ""attribute"": ""priors_count"", ""value"": 3, ""dtype"": ""int64"", ""artifact_kind"": ""DataCellArtifact"", ""privacy_categories"": [""criminal_justice_sensitive"", ""sensitive_personal_data""], ""privacy_categories_explicit"": [""criminal_justice_sensitive""], ""privacy_usages"": [""criminal_justice_research"", ""research""], ""privacy_erasures"": [""delete_on_request"", ""retention_5y""], ""privacy_roles"": [""AU"", ""DPO"", ""DS""], ""privacy_annotation_sources"": [""propagated:TR""]}"
"DataCellArtifact|D3_COMPASRaceBinary::record::4::cell::days_b_screening_arrest","DataCellArtifact","D3_COMPASRaceBinary::record::4::cell::days_b_screening_arrest","{""key"": ""D3_COMPASRaceBinary::record::4::cell::days_b_screening_arrest"", ""record_id"": ""4"", ""dataset_id"": ""D3_COMPASRaceBinary"", ""attribute"": ""days_b_screening_arrest"", ""value"": -3.0, ""dtype"": ""float64"", ""artifact_kind"": ""DataCellArtifact"", ""privacy_categories"": [""criminal_justice_sensitive"", ""temporal_quasi_identifier"", ""sensitive_personal_data""], ""privacy_categories_explicit"": [""criminal_justice_sensitive"", ""temporal_quasi_identifier""], ""privacy_usages"": [""criminal_justice_research"", ""research""], ""privacy_erasures"": [""delete_on_request"", ""retention_5y""], ""privacy_roles"": [""AU"", ""DPO"", ""DS""], ""privacy_annotation_sources"": [""propagated:TR""]}"
"DataCellArtifact|D3_COMPASRaceBinary::record::4::cell::two_year_recid","DataCellArtifact","D3_COMPASRaceBinary::record::4::cell::two_year_recid","{""key"": ""D3_COMPASRaceBinary::record::4::cell::two_year_recid"", ""record_id"": ""4"", ""dataset_id"": ""D3_COMPASRaceBinary"", ""attribute"": ""two_year_recid"", ""value"": 1, ""dtype"": ""int64"", ""artifact_kind"": ""DataCellArtifact"", ""privacy_categories"": [""criminal_justice_sensitive"", ""behavioural_sensitive"", ""sensitive_personal_data""], ""privacy_categories_explicit"": [""criminal_justice_sensitive"", ""behavioural_sensitive""], ""privacy_usages"": [""criminal_justice_research"", ""research""], ""privacy_erasures"": [""delete_on_request"", ""retention_5y""], ""privacy_roles"": [""AU"", ""DPO"", ""DS""], ""privacy_annotation_sources"": [""propagated:TR""]}"
"DataCellArtifact|D3_COMPASRaceBinary::record::4::cell::c_jail_in","DataCellArtifact","D3_COMPASRaceBinary::record::4::cell::c_jail_in","{""key"": ""D3_COMPASRaceBinary::record::4::cell::c_jail_in"", ""record_id"": ""4"", ""dataset_id"": ""D3_COMPASRaceBinary"", ""attribute"": ""c_jail_in"", ""value"": ""2013-05-01"", ""dtype"": ""str"", ""artifact_kind"": ""DataCellArtifact"", ""privacy_categories"": [""criminal_justice_sensitive"", ""temporal_quasi_identifier"", ""sensitive_personal_data""], ""privacy_categories_explicit"": [""criminal_justice_sensitive"", ""temporal_quasi_identifier""], ""privacy_usages"": [""criminal_justice_research"", ""research""], ""privacy_erasures"": [""delete_on_request"", ""retention_5y""], ""privacy_roles"": [""AU"", ""DPO"", ""DS""], ""privacy_annotation_sources"": [""propagated:TR""]}"
"DataCellArtifact|D3_COMPASRaceBinary::record::4::cell::c_jail_out","DataCellArtifact","D3_COMPASRaceBinary::record::4::cell::c_jail_out","{""key"": ""D3_COMPASRaceBinary::record::4::cell::c_jail_out"", ""record_id"": ""4"", ""dataset_id"": ""D3_COMPASRaceBinary"", ""attribute"": ""c_jail_out"", ""value"": ""2013-05-20"", ""dtype"": ""str"", ""artifact_kind"": ""DataCellArtifact"", ""privacy_categories"": [""criminal_justice_sensitive"", ""temporal_quasi_identifier"", ""sensitive_personal_data""], ""privacy_categories_explicit"": [""criminal_justice_sensitive"", ""temporal_quasi_identifier""], ""privacy_usages"": [""criminal_justice_research"", ""research""], ""privacy_erasures"": [""delete_on_request"", ""retention_5y""], ""privacy_roles"": [""AU"", ""DPO"", ""DS""], ""privacy_annotation_sources"": [""propagated:TR""]}"
"DataRecordArtifact|D3_COMPASRaceBinary::record::5","DataRecordArtifact","D3_COMPASRaceBinary::record::5","{""key"": ""D3_COMPASRaceBinary::record::5"", ""record_id"": ""5"", ""dataset_id"": ""D3_COMPASRaceBinary"", ""artifact_kind"": ""DataRecordArtifact"", ""privacy_categories"": [""quasi_identifier"", ""criminal_justice_sensitive"", ""race_ethnicity"", ""protected_attribute"", ""gender"", ""temporal_quasi_identifier"", ""behavioural_sensitive"", ""personal_data"", ""sensitive_personal_data""], ""privacy_categories_explicit"": [""quasi_identifier"", ""criminal_justice_sensitive"", ""race_ethnicity"", ""protected_attribute"", ""gender"", ""temporal_quasi_identifier"", ""behavioural_sensitive""], ""privacy_usages"": [""criminal_justice_research"", ""research""], ""privacy_erasures"": [""delete_on_request"", ""retention_5y""], ""privacy_roles"": [""AU"", ""DPO"", ""DS""], ""privacy_annotation_sources"": [""propagated:TR""]}"
"DataCellArtifact|D3_COMPASRaceBinary::record::5::cell::age","DataCellArtifact","D3_COMPASRaceBinary::record::5::cell::age","{""key"": ""D3_COMPASRaceBinary::record::5::cell::age"", ""record_id"": ""5"", ""dataset_id"": ""D3_COMPASRaceBinary"", ""attribute"": ""age"", ""value"": 29, ""dtype"": ""int64"", ""artifact_kind"": ""DataCellArtifact"", ""privacy_categories"": [""quasi_identifier"", ""personal_data""], ""privacy_categories_explicit"": [""quasi_identifier""], ""privacy_usages"": [""criminal_justice_research"", ""research""], ""privacy_erasures"": [""delete_on_request"", ""retention_5y""], ""privacy_roles"": [""AU"", ""DPO"", ""DS""], ""privacy_annotation_sources"": [""propagated:TR""]}"
"DataCellArtifact|D3_COMPASRaceBinary::record::5::cell::c_charge_degree","DataCellArtifact","D3_COMPASRaceBinary::record::5::cell::c_charge_degree","{""key"": ""D3_COMPASRaceBinary::record::5::cell::c_charge_degree"", ""record_id"": ""5"", ""dataset_id"": ""D3_COMPASRaceBinary"", ""attribute"": ""c_charge_degree"", ""value"": ""M"", ""dtype"": ""str"", ""artifact_kind"": ""DataCellArtifact"", ""privacy_categories"": [""criminal_justice_sensitive"", ""sensitive_personal_data""], ""privacy_categories_explicit"": [""criminal_justice_sensitive""], ""privacy_usages"": [""criminal_justice_research"", ""research""], ""privacy_erasures"": [""delete_on_request"", ""retention_5y""], ""privacy_roles"": [""AU"", ""DPO"", ""DS""], ""privacy_annotation_sources"": [""propagated:TR""]}"
"DataCellArtifact|D3_COMPASRaceBinary::record::5::cell::race","DataCellArtifact","D3_COMPASRaceBinary::record::5::cell::race","{""key"": ""D3_COMPASRaceBinary::record::5::cell::race"", ""record_id"": ""5"", ""dataset_id"": ""D3_COMPASRaceBinary"", ""attribute"": ""race"", ""value"": 0, ""dtype"": ""int64"", ""artifact_kind"": ""DataCellArtifact"", ""privacy_categories"": [""race_ethnicity"", ""protected_attribute"", ""sensitive_personal_data""], ""privacy_categories_explicit"": [""race_ethnicity"", ""protected_attribute""], ""privacy_usages"": [""criminal_justice_research"", ""research""], ""privacy_erasures"": [""delete_on_request"", ""retention_5y""], ""privacy_roles"": [""AU"", ""DPO"", ""DS""], ""privacy_annotation_sources"": [""propagated:TR""]}"
"DataCellArtifact|D3_COMPASRaceBinary::record::5::cell::sex","DataCellArtifact","D3_COMPASRaceBinary::record::5::cell::sex","{""key"": ""D3_COMPASRaceBinary::record::5::cell::sex"", ""record_id"": ""5"", ""dataset_id"": ""D3_COMPASRaceBinary"", ""attribute"": ""sex"", ""value"": ""Male"", ""dtype"": ""str"", ""artifact_kind"": ""DataCellArtifact"", ""privacy_categories"": [""gender"", ""protected_attribute"", ""sensitive_personal_data""], ""privacy_categories_explicit"": [""gender"", ""protected_attribute""], ""privacy_usages"": [""criminal_justice_research"", ""research""], ""privacy_erasures"": [""delete_on_request"", ""retention_5y""], ""privacy_roles"": [""AU"", ""DPO"", ""DS""], ""privacy_annotation_sources"": [""propagated:TR""]}"
"DataCellArtifact|D3_COMPASRaceBinary::record::5::cell::priors_count","DataCellArtifact","D3_COMPASRaceBinary::record::5::cell::priors_count","{""key"": ""D3_COMPASRaceBinary::record::5::cell::priors_count"", ""record_id"": ""5"", ""dataset_id"": ""D3_COMPASRaceBinary"", ""attribute"": ""priors_count"", ""value"": 0, ""dtype"": ""int64"", ""artifact_kind"": ""DataCellArtifact"", ""privacy_categories"": [""criminal_justice_sensitive"", ""sensitive_personal_data""], ""privacy_categories_explicit"": [""criminal_justice_sensitive""], ""privacy_usages"": [""criminal_justice_research"", ""research""], ""privacy_erasures"": [""delete_on_request"", ""retention_5y""], ""privacy_roles"": [""AU"", ""DPO"", ""DS""], ""privacy_annotation_sources"": [""propagated:TR""]}"
"DataCellArtifact|D3_COMPASRaceBinary::record::5::cell::days_b_screening_arrest","DataCellArtifact","D3_COMPASRaceBinary::record::5::cell::days_b_screening_arrest","{""key"": ""D3_COMPASRaceBinary::record::5::cell::days_b_screening_arrest"", ""record_id"": ""5"", ""dataset_id"": ""D3_COMPASRaceBinary"", ""attribute"": ""days_b_screening_arrest"", ""value"": 1.0, ""dtype"": ""float64"", ""artifact_kind"": ""DataCellArtifact"", ""privacy_categories"": [""criminal_justice_sensitive"", ""temporal_quasi_identifier"", ""sensitive_personal_data""], ""privacy_categories_explicit"": [""criminal_justice_sensitive"", ""temporal_quasi_identifier""], ""privacy_usages"": [""criminal_justice_research"", ""research""], ""privacy_erasures"": [""delete_on_request"", ""retention_5y""], ""privacy_roles"": [""AU"", ""DPO"", ""DS""], ""privacy_annotation_sources"": [""propagated:TR""]}"
"DataCellArtifact|D3_COMPASRaceBinary::record::5::cell::two_year_recid","DataCellArtifact","D3_COMPASRaceBinary::record::5::cell::two_year_recid","{""key"": ""D3_COMPASRaceBinary::record::5::cell::two_year_recid"", ""record_id"": ""5"", ""dataset_id"": ""D3_COMPASRaceBinary"", ""attribute"": ""two_year_recid"", ""value"": 0, ""dtype"": ""int64"", ""artifact_kind"": ""DataCellArtifact"", ""privacy_categories"": [""criminal_justice_sensitive"", ""behavioural_sensitive"", ""sensitive_personal_data""], ""privacy_categories_explicit"": [""criminal_justice_sensitive"", ""behavioural_sensitive""], ""privacy_usages"": [""criminal_justice_research"", ""research""], ""privacy_erasures"": [""delete_on_request"", ""retention_5y""], ""privacy_roles"": [""AU"", ""DPO"", ""DS""], ""privacy_annotation_sources"": [""propagated:TR""]}"
"DataCellArtifact|D3_COMPASRaceBinary::record::5::cell::c_jail_in","DataCellArtifact","D3_COMPASRaceBinary::record::5::cell::c_jail_in","{""key"": ""D3_COMPASRaceBinary::record::5::cell::c_jail_in"", ""record_id"": ""5"", ""dataset_id"": ""D3_COMPASRaceBinary"", ""attribute"": ""c_jail_in"", ""value"": ""2013-06-15"", ""dtype"": ""str"", ""artifact_kind"": ""DataCellArtifact"", ""privacy_categories"": [""criminal_justice_sensitive"", ""temporal_quasi_identifier"", ""sensitive_personal_data""], ""privacy_categories_explicit"": [""criminal_justice_sensitive"", ""temporal_quasi_identifier""], ""privacy_usages"": [""criminal_justice_research"", ""research""], ""privacy_erasures"": [""delete_on_request"", ""retention_5y""], ""privacy_roles"": [""AU"", ""DPO"", ""DS""], ""privacy_annotation_sources"": [""propagated:TR""]}"
"DataCellArtifact|D3_COMPASRaceBinary::record::5::cell::c_jail_out","DataCellArtifact","D3_COMPASRaceBinary::record::5::cell::c_jail_out","{""key"": ""D3_COMPASRaceBinary::record::5::cell::c_jail_out"", ""record_id"": ""5"", ""dataset_id"": ""D3_COMPASRaceBinary"", ""attribute"": ""c_jail_out"", ""value"": ""2013-06-17"", ""dtype"": ""str"", ""artifact_kind"": ""DataCellArtifact"", ""privacy_categories"": [""criminal_justice_sensitive"", ""temporal_quasi_identifier"", ""sensitive_personal_data""], ""privacy_categories_explicit"": [""criminal_justice_sensitive"", ""temporal_quasi_identifier""], ""privacy_usages"": [""criminal_justice_research"", ""research""], ""privacy_erasures"": [""delete_on_request"", ""retention_5y""], ""privacy_roles"": [""AU"", ""DPO"", ""DS""], ""privacy_annotation_sources"": [""propagated:TR""]}"
"StepRun|run_fc7d525c22::004::B3_label_transform","StepRun","run_fc7d525c22::004::B3_label_transform","{""key"": ""run_fc7d525c22::004::B3_label_transform"", ""step_id"": ""B3_label_transform"", ""phase"": ""FeatureEngineering"", ""framework"": ""python"", ""operatorType"": ""TR"", ""policy_id"": ""B3_label_transform_policy"", ""input_artifacts"": [""D3_COMPASRaceBinary""], ""output_artifacts"": [""D4_COMPASLabelTransformed""], ""duration_seconds"": 0.0011572837829589844, ""status"": ""success"", ""operation_policy_id"": ""B3_label_transform_policy"", ""contributorGranularity"": ""cell""}"
"DatasetArtifact|D4_COMPASLabelTransformed","DatasetArtifact","D4_COMPASLabelTransformed","{""key"": ""D4_COMPASLabelTransformed"", ""name"": ""D4_COMPASLabelTransformed"", ""role"": ""derived"", ""source"": ""step:B3_label_transform"", ""n_rows"": 5, ""n_cols"": 9, ""columns"": [""age"", ""c_charge_degree"", ""race"", ""sex"", ""priors_count"", ""days_b_screening_arrest"", ""label"", ""c_jail_in"", ""c_jail_out""], ""record_id_col"": null, ""artifact_kind"": ""DatasetArtifact"", ""privacy_categories"": [""quasi_identifier"", ""criminal_justice_sensitive"", ""race_ethnicity"", ""protected_attribute"", ""gender"", ""temporal_quasi_identifier"", ""behavioural_sensitive"", ""personal_data"", ""sensitive_personal_data""], ""privacy_categories_explicit"": [""quasi_identifier"", ""criminal_justice_sensitive"", ""race_ethnicity"", ""protected_attribute"", ""gender"", ""temporal_quasi_identifier"", ""behavioural_sensitive""], ""privacy_usages"": [""criminal_justice_research"", ""research""], ""privacy_erasures"": [""delete_on_request"", ""retention_5y""], ""privacy_roles"": [""AU"", ""DPO"", ""DS""], ""privacy_annotation_sources"": [""propagated:TR""]}"
"DataRecordArtifact|D4_COMPASLabelTransformed::record::0","DataRecordArtifact","D4_COMPASLabelTransformed::record::0","{""key"": ""D4_COMPASLabelTransformed::record::0"", ""record_id"": ""0"", ""dataset_id"": ""D4_COMPASLabelTransformed"", ""artifact_kind"": ""DataRecordArtifact"", ""privacy_categories"": [""quasi_identifier"", ""criminal_justice_sensitive"", ""race_ethnicity"", ""protected_attribute"", ""gender"", ""temporal_quasi_identifier"", ""behavioural_sensitive"", ""personal_data"", ""sensitive_personal_data""], ""privacy_categories_explicit"": [""quasi_identifier"", ""criminal_justice_sensitive"", ""race_ethnicity"", ""protected_attribute"", ""gender"", ""temporal_quasi_identifier"", ""behavioural_sensitive""], ""privacy_usages"": [""criminal_justice_research"", ""research""], ""privacy_erasures"": [""delete_on_request"", ""retention_5y""], ""privacy_roles"": [""AU"", ""DPO"", ""DS""], ""privacy_annotation_sources"": [""propagated:TR""]}"
"DataCellArtifact|D4_COMPASLabelTransformed::record::0::cell::age","DataCellArtifact","D4_COMPASLabelTransformed::record::0::cell::age","{""key"": ""D4_COMPASLabelTransformed::record::0::cell::age"", ""record_id"": ""0"", ""dataset_id"": ""D4_COMPASLabelTransformed"", ""attribute"": ""age"", ""value"": 25, ""dtype"": ""int64"", ""artifact_kind"": ""DataCellArtifact"", ""privacy_categories"": [""quasi_identifier"", ""personal_data""], ""privacy_categories_explicit"": [""quasi_identifier""], ""privacy_usages"": [""criminal_justice_research"", ""research""], ""privacy_erasures"": [""delete_on_request"", ""retention_5y""], ""privacy_roles"": [""AU"", ""DPO"", ""DS""], ""privacy_annotation_sources"": [""propagated:TR""]}"
"DataCellArtifact|D4_COMPASLabelTransformed::record::0::cell::c_charge_degree","DataCellArtifact","D4_COMPASLabelTransformed::record::0::cell::c_charge_degree","{""key"": ""D4_COMPASLabelTransformed::record::0::cell::c_charge_degree"", ""record_id"": ""0"", ""dataset_id"": ""D4_COMPASLabelTransformed"", ""attribute"": ""c_charge_degree"", ""value"": ""F"", ""dtype"": ""str"", ""artifact_kind"": ""DataCellArtifact"", ""privacy_categories"": [""criminal_justice_sensitive"", ""sensitive_personal_data""], ""privacy_categories_explicit"": [""criminal_justice_sensitive""], ""privacy_usages"": [""criminal_justice_research"", ""research""], ""privacy_erasures"": [""delete_on_request"", ""retention_5y""], ""privacy_roles"": [""AU"", ""DPO"", ""DS""], ""privacy_annotation_sources"": [""propagated:TR""]}"
"DataCellArtifact|D4_COMPASLabelTransformed::record::0::cell::race","DataCellArtifact","D4_COMPASLabelTransformed::record::0::cell::race","{""key"": ""D4_COMPASLabelTransformed::record::0::cell::race"", ""record_id"": ""0"", ""dataset_id"": ""D4_COMPASLabelTransformed"", ""attribute"": ""race"", ""value"": 0, ""dtype"": ""int64"", ""artifact_kind"": ""DataCellArtifact"", ""privacy_categories"": [""race_ethnicity"", ""protected_attribute"", ""sensitive_personal_data""], ""privacy_categories_explicit"": [""race_ethnicity"", ""protected_attribute""], ""privacy_usages"": [""criminal_justice_research"", ""research""], ""privacy_erasures"": [""delete_on_request"", ""retention_5y""], ""privacy_roles"": [""AU"", ""DPO"", ""DS""], ""privacy_annotation_sources"": [""propagated:TR""]}"
"DataCellArtifact|D4_COMPASLabelTransformed::record::0::cell::sex","DataCellArtifact","D4_COMPASLabelTransformed::record::0::cell::sex","{""key"": ""D4_COMPASLabelTransformed::record::0::cell::sex"", ""record_id"": ""0"", ""dataset_id"": ""D4_COMPASLabelTransformed"", ""attribute"": ""sex"", ""value"": ""Male"", ""dtype"": ""str"", ""artifact_kind"": ""DataCellArtifact"", ""privacy_categories"": [""gender"", ""protected_attribute"", ""sensitive_personal_data""], ""privacy_categories_explicit"": [""gender"", ""protected_attribute""], ""privacy_usages"": [""criminal_justice_research"", ""research""], ""privacy_erasures"": [""delete_on_request"", ""retention_5y""], ""privacy_roles"": [""AU"", ""DPO"", ""DS""], ""privacy_annotation_sources"": [""propagated:TR""]}"
"DataCellArtifact|D4_COMPASLabelTransformed::record::0::cell::priors_count","DataCellArtifact","D4_COMPASLabelTransformed::record::0::cell::priors_count","{""key"": ""D4_COMPASLabelTransformed::record::0::cell::priors_count"", ""record_id"": ""0"", ""dataset_id"": ""D4_COMPASLabelTransformed"", ""attribute"": ""priors_count"", ""value"": 2, ""dtype"": ""int64"", ""artifact_kind"": ""DataCellArtifact"", ""privacy_categories"": [""criminal_justice_sensitive"", ""sensitive_personal_data""], ""privacy_categories_explicit"": [""criminal_justice_sensitive""], ""privacy_usages"": [""criminal_justice_research"", ""research""], ""privacy_erasures"": [""delete_on_request"", ""retention_5y""], ""privacy_roles"": [""AU"", ""DPO"", ""DS""], ""privacy_annotation_sources"": [""propagated:TR""]}"
"DataCellArtifact|D4_COMPASLabelTransformed::record::0::cell::days_b_screening_arrest","DataCellArtifact","D4_COMPASLabelTransformed::record::0::cell::days_b_screening_arrest","{""key"": ""D4_COMPASLabelTransformed::record::0::cell::days_b_screening_arrest"", ""record_id"": ""0"", ""dataset_id"": ""D4_COMPASLabelTransformed"", ""attribute"": ""days_b_screening_arrest"", ""value"": -1.0, ""dtype"": ""float64"", ""artifact_kind"": ""DataCellArtifact"", ""privacy_categories"": [""criminal_justice_sensitive"", ""temporal_quasi_identifier"", ""sensitive_personal_data""], ""privacy_categories_explicit"": [""criminal_justice_sensitive"", ""temporal_quasi_identifier""], ""privacy_usages"": [""criminal_justice_research"", ""research""], ""privacy_erasures"": [""delete_on_request"", ""retention_5y""], ""privacy_roles"": [""AU"", ""DPO"", ""DS""], ""privacy_annotation_sources"": [""propagated:TR""]}"
"DataCellArtifact|D4_COMPASLabelTransformed::record::0::cell::label","DataCellArtifact","D4_COMPASLabelTransformed::record::0::cell::label","{""key"": ""D4_COMPASLabelTransformed::record::0::cell::label"", ""record_id"": ""0"", ""dataset_id"": ""D4_COMPASLabelTransformed"", ""attribute"": ""label"", ""value"": 0, ""dtype"": ""int64"", ""artifact_kind"": ""DataCellArtifact"", ""privacy_categories"": [""criminal_justice_sensitive"", ""behavioural_sensitive"", ""sensitive_personal_data""], ""privacy_categories_explicit"": [""criminal_justice_sensitive"", ""behavioural_sensitive""], ""privacy_usages"": [""criminal_justice_research"", ""research""], ""privacy_erasures"": [""delete_on_request"", ""retention_5y""], ""privacy_roles"": [""AU"", ""DPO"", ""DS""], ""privacy_annotation_sources"": [""propagated:TR""]}"
"DataCellArtifact|D4_COMPASLabelTransformed::record::0::cell::c_jail_in","DataCellArtifact","D4_COMPASLabelTransformed::record::0::cell::c_jail_in","{""key"": ""D4_COMPASLabelTransformed::record::0::cell::c_jail_in"", ""record_id"": ""0"", ""dataset_id"": ""D4_COMPASLabelTransformed"", ""attribute"": ""c_jail_in"", ""value"": ""2013-01-01"", ""dtype"": ""str"", ""artifact_kind"": ""DataCellArtifact"", ""privacy_categories"": [""criminal_justice_sensitive"", ""temporal_quasi_identifier"", ""sensitive_personal_data""], ""privacy_categories_explicit"": [""criminal_justice_sensitive"", ""temporal_quasi_identifier""], ""privacy_usages"": [""criminal_justice_research"", ""research""], ""privacy_erasures"": [""delete_on_request"", ""retention_5y""], ""privacy_roles"": [""AU"", ""DPO"", ""DS""], ""privacy_annotation_sources"": [""propagated:TR""]}"
"DataCellArtifact|D4_COMPASLabelTransformed::record::0::cell::c_jail_out","DataCellArtifact","D4_COMPASLabelTransformed::record::0::cell::c_jail_out","{""key"": ""D4_COMPASLabelTransformed::record::0::cell::c_jail_out"", ""record_id"": ""0"", ""dataset_id"": ""D4_COMPASLabelTransformed"", ""attribute"": ""c_jail_out"", ""value"": ""2013-01-10"", ""dtype"": ""str"", ""artifact_kind"": ""DataCellArtifact"", ""privacy_categories"": [""criminal_justice_sensitive"", ""temporal_quasi_identifier"", ""sensitive_personal_data""], ""privacy_categories_explicit"": [""criminal_justice_sensitive"", ""temporal_quasi_identifier""], ""privacy_usages"": [""criminal_justice_research"", ""research""], ""privacy_erasures"": [""delete_on_request"", ""retention_5y""], ""privacy_roles"": [""AU"", ""DPO"", ""DS""], ""privacy_annotation_sources"": [""propagated:TR""]}"
"DataRecordArtifact|D4_COMPASLabelTransformed::record::1","DataRecordArtifact","D4_COMPASLabelTransformed::record::1","{""key"": ""D4_COMPASLabelTransformed::record::1"", ""record_id"": ""1"", ""dataset_id"": ""D4_COMPASLabelTransformed"", ""artifact_kind"": ""DataRecordArtifact"", ""privacy_categories"": [""quasi_identifier"", ""criminal_justice_sensitive"", ""race_ethnicity"", ""protected_attribute"", ""gender"", ""temporal_quasi_identifier"", ""behavioural_sensitive"", ""personal_data"", ""sensitive_personal_data""], ""privacy_categories_explicit"": [""quasi_identifier"", ""criminal_justice_sensitive"", ""race_ethnicity"", ""protected_attribute"", ""gender"", ""temporal_quasi_identifier"", ""behavioural_sensitive""], ""privacy_usages"": [""criminal_justice_research"", ""research""], ""privacy_erasures"": [""delete_on_request"", ""retention_5y""], ""privacy_roles"": [""AU"", ""DPO"", ""DS""], ""privacy_annotation_sources"": [""propagated:TR""]}"
"DataCellArtifact|D4_COMPASLabelTransformed::record::1::cell::age","DataCellArtifact","D4_COMPASLabelTransformed::record::1::cell::age","{""key"": ""D4_COMPASLabelTransformed::record::1::cell::age"", ""record_id"": ""1"", ""dataset_id"": ""D4_COMPASLabelTransformed"", ""attribute"": ""age"", ""value"": 34, ""dtype"": ""int64"", ""artifact_kind"": ""DataCellArtifact"", ""privacy_categories"": [""quasi_identifier"", ""personal_data""], ""privacy_categories_explicit"": [""quasi_identifier""], ""privacy_usages"": [""criminal_justice_research"", ""research""], ""privacy_erasures"": [""delete_on_request"", ""retention_5y""], ""privacy_roles"": [""AU"", ""DPO"", ""DS""], ""privacy_annotation_sources"": [""propagated:TR""]}"
"DataCellArtifact|D4_COMPASLabelTransformed::record::1::cell::c_charge_degree","DataCellArtifact","D4_COMPASLabelTransformed::record::1::cell::c_charge_degree","{""key"": ""D4_COMPASLabelTransformed::record::1::cell::c_charge_degree"", ""record_id"": ""1"", ""dataset_id"": ""D4_COMPASLabelTransformed"", ""attribute"": ""c_charge_degree"", ""value"": ""M"", ""dtype"": ""str"", ""artifact_kind"": ""DataCellArtifact"", ""privacy_categories"": [""criminal_justice_sensitive"", ""sensitive_personal_data""], ""privacy_categories_explicit"": [""criminal_justice_sensitive""], ""privacy_usages"": [""criminal_justice_research"", ""research""], ""privacy_erasures"": [""delete_on_request"", ""retention_5y""], ""privacy_roles"": [""AU"", ""DPO"", ""DS""], ""privacy_annotation_sources"": [""propagated:TR""]}"
"DataCellArtifact|D4_COMPASLabelTransformed::record::1::cell::race","DataCellArtifact","D4_COMPASLabelTransformed::record::1::cell::race","{""key"": ""D4_COMPASLabelTransformed::record::1::cell::race"", ""record_id"": ""1"", ""dataset_id"": ""D4_COMPASLabelTransformed"", ""attribute"": ""race"", ""value"": 1, ""dtype"": ""int64"", ""artifact_kind"": ""DataCellArtifact"", ""privacy_categories"": [""race_ethnicity"", ""protected_attribute"", ""sensitive_personal_data""], ""privacy_categories_explicit"": [""race_ethnicity"", ""protected_attribute""], ""privacy_usages"": [""criminal_justice_research"", ""research""], ""privacy_erasures"": [""delete_on_request"", ""retention_5y""], ""privacy_roles"": [""AU"", ""DPO"", ""DS""], ""privacy_annotation_sources"": [""propagated:TR""]}"
"DataCellArtifact|D4_COMPASLabelTransformed::record::1::cell::sex","DataCellArtifact","D4_COMPASLabelTransformed::record::1::cell::sex","{""key"": ""D4_COMPASLabelTransformed::record::1::cell::sex"", ""record_id"": ""1"", ""dataset_id"": ""D4_COMPASLabelTransformed"", ""attribute"": ""sex"", ""value"": ""Female"", ""dtype"": ""str"", ""artifact_kind"": ""DataCellArtifact"", ""privacy_categories"": [""gender"", ""protected_attribute"", ""sensitive_personal_data""], ""privacy_categories_explicit"": [""gender"", ""protected_attribute""], ""privacy_usages"": [""criminal_justice_research"", ""research""], ""privacy_erasures"": [""delete_on_request"", ""retention_5y""], ""privacy_roles"": [""AU"", ""DPO"", ""DS""], ""privacy_annotation_sources"": [""propagated:TR""]}"
"DataCellArtifact|D4_COMPASLabelTransformed::record::1::cell::priors_count","DataCellArtifact","D4_COMPASLabelTransformed::record::1::cell::priors_count","{""key"": ""D4_COMPASLabelTransformed::record::1::cell::priors_count"", ""record_id"": ""1"", ""dataset_id"": ""D4_COMPASLabelTransformed"", ""attribute"": ""priors_count"", ""value"": 0, ""dtype"": ""int64"", ""artifact_kind"": ""DataCellArtifact"", ""privacy_categories"": [""criminal_justice_sensitive"", ""sensitive_personal_data""], ""privacy_categories_explicit"": [""criminal_justice_sensitive""], ""privacy_usages"": [""criminal_justice_research"", ""research""], ""privacy_erasures"": [""delete_on_request"", ""retention_5y""], ""privacy_roles"": [""AU"", ""DPO"", ""DS""], ""privacy_annotation_sources"": [""propagated:TR""]}"
"DataCellArtifact|D4_COMPASLabelTransformed::record::1::cell::days_b_screening_arrest","DataCellArtifact","D4_COMPASLabelTransformed::record::1::cell::days_b_screening_arrest","{""key"": ""D4_COMPASLabelTransformed::record::1::cell::days_b_screening_arrest"", ""record_id"": ""1"", ""dataset_id"": ""D4_COMPASLabelTransformed"", ""attribute"": ""days_b_screening_arrest"", ""value"": 0.0, ""dtype"": ""float64"", ""artifact_kind"": ""DataCellArtifact"", ""privacy_categories"": [""criminal_justice_sensitive"", ""temporal_quasi_identifier"", ""sensitive_personal_data""], ""privacy_categories_explicit"": [""criminal_justice_sensitive"", ""temporal_quasi_identifier""], ""privacy_usages"": [""criminal_justice_research"", ""research""], ""privacy_erasures"": [""delete_on_request"", ""retention_5y""], ""privacy_roles"": [""AU"", ""DPO"", ""DS""], ""privacy_annotation_sources"": [""propagated:TR""]}"
"DataCellArtifact|D4_COMPASLabelTransformed::record::1::cell::label","DataCellArtifact","D4_COMPASLabelTransformed::record::1::cell::label","{""key"": ""D4_COMPASLabelTransformed::record::1::cell::label"", ""record_id"": ""1"", ""dataset_id"": ""D4_COMPASLabelTransformed"", ""attribute"": ""label"", ""value"": 1, ""dtype"": ""int64"", ""artifact_kind"": ""DataCellArtifact"", ""privacy_categories"": [""criminal_justice_sensitive"", ""behavioural_sensitive"", ""sensitive_personal_data""], ""privacy_categories_explicit"": [""criminal_justice_sensitive"", ""behavioural_sensitive""], ""privacy_usages"": [""criminal_justice_research"", ""research""], ""privacy_erasures"": [""delete_on_request"", ""retention_5y""], ""privacy_roles"": [""AU"", ""DPO"", ""DS""], ""privacy_annotation_sources"": [""propagated:TR""]}"
"DataCellArtifact|D4_COMPASLabelTransformed::record::1::cell::c_jail_in","DataCellArtifact","D4_COMPASLabelTransformed::record::1::cell::c_jail_in","{""key"": ""D4_COMPASLabelTransformed::record::1::cell::c_jail_in"", ""record_id"": ""1"", ""dataset_id"": ""D4_COMPASLabelTransformed"", ""attribute"": ""c_jail_in"", ""value"": ""2013-02-01"", ""dtype"": ""str"", ""artifact_kind"": ""DataCellArtifact"", ""privacy_categories"": [""criminal_justice_sensitive"", ""temporal_quasi_identifier"", ""sensitive_personal_data""], ""privacy_categories_explicit"": [""criminal_justice_sensitive"", ""temporal_quasi_identifier""], ""privacy_usages"": [""criminal_justice_research"", ""research""], ""privacy_erasures"": [""delete_on_request"", ""retention_5y""], ""privacy_roles"": [""AU"", ""DPO"", ""DS""], ""privacy_annotation_sources"": [""propagated:TR""]}"
"DataCellArtifact|D4_COMPASLabelTransformed::record::1::cell::c_jail_out","DataCellArtifact","D4_COMPASLabelTransformed::record::1::cell::c_jail_out","{""key"": ""D4_COMPASLabelTransformed::record::1::cell::c_jail_out"", ""record_id"": ""1"", ""dataset_id"": ""D4_COMPASLabelTransformed"", ""attribute"": ""c_jail_out"", ""value"": ""2013-02-02"", ""dtype"": ""str"", ""artifact_kind"": ""DataCellArtifact"", ""privacy_categories"": [""criminal_justice_sensitive"", ""temporal_quasi_identifier"", ""sensitive_personal_data""], ""privacy_categories_explicit"": [""criminal_justice_sensitive"", ""temporal_quasi_identifier""], ""privacy_usages"": [""criminal_justice_research"", ""research""], ""privacy_erasures"": [""delete_on_request"", ""retention_5y""], ""privacy_roles"": [""AU"", ""DPO"", ""DS""], ""privacy_annotation_sources"": [""propagated:TR""]}"
"DataRecordArtifact|D4_COMPASLabelTransformed::record::2","DataRecordArtifact","D4_COMPASLabelTransformed::record::2","{""key"": ""D4_COMPASLabelTransformed::record::2"", ""record_id"": ""2"", ""dataset_id"": ""D4_COMPASLabelTransformed"", ""artifact_kind"": ""DataRecordArtifact"", ""privacy_categories"": [""quasi_identifier"", ""criminal_justice_sensitive"", ""race_ethnicity"", ""protected_attribute"", ""gender"", ""temporal_quasi_identifier"", ""behavioural_sensitive"", ""personal_data"", ""sensitive_personal_data""], ""privacy_categories_explicit"": [""quasi_identifier"", ""criminal_justice_sensitive"", ""race_ethnicity"", ""protected_attribute"", ""gender"", ""temporal_quasi_identifier"", ""behavioural_sensitive""], ""privacy_usages"": [""criminal_justice_research"", ""research""], ""privacy_erasures"": [""delete_on_request"", ""retention_5y""], ""privacy_roles"": [""AU"", ""DPO"", ""DS""], ""privacy_annotation_sources"": [""propagated:TR""]}"
"DataCellArtifact|D4_COMPASLabelTransformed::record::2::cell::age","DataCellArtifact","D4_COMPASLabelTransformed::record::2::cell::age","{""key"": ""D4_COMPASLabelTransformed::record::2::cell::age"", ""record_id"": ""2"", ""dataset_id"": ""D4_COMPASLabelTransformed"", ""attribute"": ""age"", ""value"": 45, ""dtype"": ""int64"", ""artifact_kind"": ""DataCellArtifact"", ""privacy_categories"": [""quasi_identifier"", ""personal_data""], ""privacy_categories_explicit"": [""quasi_identifier""], ""privacy_usages"": [""criminal_justice_research"", ""research""], ""privacy_erasures"": [""delete_on_request"", ""retention_5y""], ""privacy_roles"": [""AU"", ""DPO"", ""DS""], ""privacy_annotation_sources"": [""propagated:TR""]}"
"DataCellArtifact|D4_COMPASLabelTransformed::record::2::cell::c_charge_degree","DataCellArtifact","D4_COMPASLabelTransformed::record::2::cell::c_charge_degree","{""key"": ""D4_COMPASLabelTransformed::record::2::cell::c_charge_degree"", ""record_id"": ""2"", ""dataset_id"": ""D4_COMPASLabelTransformed"", ""attribute"": ""c_charge_degree"", ""value"": ""F"", ""dtype"": ""str"", ""artifact_kind"": ""DataCellArtifact"", ""privacy_categories"": [""criminal_justice_sensitive"", ""sensitive_personal_data""], ""privacy_categories_explicit"": [""criminal_justice_sensitive""], ""privacy_usages"": [""criminal_justice_research"", ""research""], ""privacy_erasures"": [""delete_on_request"", ""retention_5y""], ""privacy_roles"": [""AU"", ""DPO"", ""DS""], ""privacy_annotation_sources"": [""propagated:TR""]}"
"DataCellArtifact|D4_COMPASLabelTransformed::record::2::cell::race","DataCellArtifact","D4_COMPASLabelTransformed::record::2::cell::race","{""key"": ""D4_COMPASLabelTransformed::record::2::cell::race"", ""record_id"": ""2"", ""dataset_id"": ""D4_COMPASLabelTransformed"", ""attribute"": ""race"", ""value"": 0, ""dtype"": ""int64"", ""artifact_kind"": ""DataCellArtifact"", ""privacy_categories"": [""race_ethnicity"", ""protected_attribute"", ""sensitive_personal_data""], ""privacy_categories_explicit"": [""race_ethnicity"", ""protected_attribute""], ""privacy_usages"": [""criminal_justice_research"", ""research""], ""privacy_erasures"": [""delete_on_request"", ""retention_5y""], ""privacy_roles"": [""AU"", ""DPO"", ""DS""], ""privacy_annotation_sources"": [""propagated:TR""]}"
"DataCellArtifact|D4_COMPASLabelTransformed::record::2::cell::sex","DataCellArtifact","D4_COMPASLabelTransformed::record::2::cell::sex","{""key"": ""D4_COMPASLabelTransformed::record::2::cell::sex"", ""record_id"": ""2"", ""dataset_id"": ""D4_COMPASLabelTransformed"", ""attribute"": ""sex"", ""value"": ""Male"", ""dtype"": ""str"", ""artifact_kind"": ""DataCellArtifact"", ""privacy_categories"": [""gender"", ""protected_attribute"", ""sensitive_personal_data""], ""privacy_categories_explicit"": [""gender"", ""protected_attribute""], ""privacy_usages"": [""criminal_justice_research"", ""research""], ""privacy_erasures"": [""delete_on_request"", ""retention_5y""], ""privacy_roles"": [""AU"", ""DPO"", ""DS""], ""privacy_annotation_sources"": [""propagated:TR""]}"
"DataCellArtifact|D4_COMPASLabelTransformed::record::2::cell::priors_count","DataCellArtifact","D4_COMPASLabelTransformed::record::2::cell::priors_count","{""key"": ""D4_COMPASLabelTransformed::record::2::cell::priors_count"", ""record_id"": ""2"", ""dataset_id"": ""D4_COMPASLabelTransformed"", ""attribute"": ""priors_count"", ""value"": 5, ""dtype"": ""int64"", ""artifact_kind"": ""DataCellArtifact"", ""privacy_categories"": [""criminal_justice_sensitive"", ""sensitive_personal_data""], ""privacy_categories_explicit"": [""criminal_justice_sensitive""], ""privacy_usages"": [""criminal_justice_research"", ""research""], ""privacy_erasures"": [""delete_on_request"", ""retention_5y""], ""privacy_roles"": [""AU"", ""DPO"", ""DS""], ""privacy_annotation_sources"": [""propagated:TR""]}"
"DataCellArtifact|D4_COMPASLabelTransformed::record::2::cell::days_b_screening_arrest","DataCellArtifact","D4_COMPASLabelTransformed::record::2::cell::days_b_screening_arrest","{""key"": ""D4_COMPASLabelTransformed::record::2::cell::days_b_screening_arrest"", ""record_id"": ""2"", ""dataset_id"": ""D4_COMPASLabelTransformed"", ""attribute"": ""days_b_screening_arrest"", ""value"": 2.0, ""dtype"": ""float64"", ""artifact_kind"": ""DataCellArtifact"", ""privacy_categories"": [""criminal_justice_sensitive"", ""temporal_quasi_identifier"", ""sensitive_personal_data""], ""privacy_categories_explicit"": [""criminal_justice_sensitive"", ""temporal_quasi_identifier""], ""privacy_usages"": [""criminal_justice_research"", ""research""], ""privacy_erasures"": [""delete_on_request"", ""retention_5y""], ""privacy_roles"": [""AU"", ""DPO"", ""DS""], ""privacy_annotation_sources"": [""propagated:TR""]}"
"DataCellArtifact|D4_COMPASLabelTransformed::record::2::cell::label","DataCellArtifact","D4_COMPASLabelTransformed::record::2::cell::label","{""key"": ""D4_COMPASLabelTransformed::record::2::cell::label"", ""record_id"": ""2"", ""dataset_id"": ""D4_COMPASLabelTransformed"", ""attribute"": ""label"", ""value"": 0, ""dtype"": ""int64"", ""artifact_kind"": ""DataCellArtifact"", ""privacy_categories"": [""criminal_justice_sensitive"", ""behavioural_sensitive"", ""sensitive_personal_data""], ""privacy_categories_explicit"": [""criminal_justice_sensitive"", ""behavioural_sensitive""], ""privacy_usages"": [""criminal_justice_research"", ""research""], ""privacy_erasures"": [""delete_on_request"", ""retention_5y""], ""privacy_roles"": [""AU"", ""DPO"", ""DS""], ""privacy_annotation_sources"": [""propagated:TR""]}"
"DataCellArtifact|D4_COMPASLabelTransformed::record::2::cell::c_jail_in","DataCellArtifact","D4_COMPASLabelTransformed::record::2::cell::c_jail_in","{""key"": ""D4_COMPASLabelTransformed::record::2::cell::c_jail_in"", ""record_id"": ""2"", ""dataset_id"": ""D4_COMPASLabelTransformed"", ""attribute"": ""c_jail_in"", ""value"": ""2013-03-05"", ""dtype"": ""str"", ""artifact_kind"": ""DataCellArtifact"", ""privacy_categories"": [""criminal_justice_sensitive"", ""temporal_quasi_identifier"", ""sensitive_personal_data""], ""privacy_categories_explicit"": [""criminal_justice_sensitive"", ""temporal_quasi_identifier""], ""privacy_usages"": [""criminal_justice_research"", ""research""], ""privacy_erasures"": [""delete_on_request"", ""retention_5y""], ""privacy_roles"": [""AU"", ""DPO"", ""DS""], ""privacy_annotation_sources"": [""propagated:TR""]}"
"DataCellArtifact|D4_COMPASLabelTransformed::record::2::cell::c_jail_out","DataCellArtifact","D4_COMPASLabelTransformed::record::2::cell::c_jail_out","{""key"": ""D4_COMPASLabelTransformed::record::2::cell::c_jail_out"", ""record_id"": ""2"", ""dataset_id"": ""D4_COMPASLabelTransformed"", ""attribute"": ""c_jail_out"", ""value"": ""2013-03-20"", ""dtype"": ""str"", ""artifact_kind"": ""DataCellArtifact"", ""privacy_categories"": [""criminal_justice_sensitive"", ""temporal_quasi_identifier"", ""sensitive_personal_data""], ""privacy_categories_explicit"": [""criminal_justice_sensitive"", ""temporal_quasi_identifier""], ""privacy_usages"": [""criminal_justice_research"", ""research""], ""privacy_erasures"": [""delete_on_request"", ""retention_5y""], ""privacy_roles"": [""AU"", ""DPO"", ""DS""], ""privacy_annotation_sources"": [""propagated:TR""]}"
"DataRecordArtifact|D4_COMPASLabelTransformed::record::4","DataRecordArtifact","D4_COMPASLabelTransformed::record::4","{""key"": ""D4_COMPASLabelTransformed::record::4"", ""record_id"": ""4"", ""dataset_id"": ""D4_COMPASLabelTransformed"", ""artifact_kind"": ""DataRecordArtifact"", ""privacy_categories"": [""quasi_identifier"", ""criminal_justice_sensitive"", ""race_ethnicity"", ""protected_attribute"", ""gender"", ""temporal_quasi_identifier"", ""behavioural_sensitive"", ""personal_data"", ""sensitive_personal_data""], ""privacy_categories_explicit"": [""quasi_identifier"", ""criminal_justice_sensitive"", ""race_ethnicity"", ""protected_attribute"", ""gender"", ""temporal_quasi_identifier"", ""behavioural_sensitive""], ""privacy_usages"": [""criminal_justice_research"", ""research""], ""privacy_erasures"": [""delete_on_request"", ""retention_5y""], ""privacy_roles"": [""AU"", ""DPO"", ""DS""], ""privacy_annotation_sources"": [""propagated:TR""]}"
"DataCellArtifact|D4_COMPASLabelTransformed::record::4::cell::age","DataCellArtifact","D4_COMPASLabelTransformed::record::4::cell::age","{""key"": ""D4_COMPASLabelTransformed::record::4::cell::age"", ""record_id"": ""4"", ""dataset_id"": ""D4_COMPASLabelTransformed"", ""attribute"": ""age"", ""value"": 51, ""dtype"": ""int64"", ""artifact_kind"": ""DataCellArtifact"", ""privacy_categories"": [""quasi_identifier"", ""personal_data""], ""privacy_categories_explicit"": [""quasi_identifier""], ""privacy_usages"": [""criminal_justice_research"", ""research""], ""privacy_erasures"": [""delete_on_request"", ""retention_5y""], ""privacy_roles"": [""AU"", ""DPO"", ""DS""], ""privacy_annotation_sources"": [""propagated:TR""]}"
"DataCellArtifact|D4_COMPASLabelTransformed::record::4::cell::c_charge_degree","DataCellArtifact","D4_COMPASLabelTransformed::record::4::cell::c_charge_degree","{""key"": ""D4_COMPASLabelTransformed::record::4::cell::c_charge_degree"", ""record_id"": ""4"", ""dataset_id"": ""D4_COMPASLabelTransformed"", ""attribute"": ""c_charge_degree"", ""value"": ""F"", ""dtype"": ""str"", ""artifact_kind"": ""DataCellArtifact"", ""privacy_categories"": [""criminal_justice_sensitive"", ""sensitive_personal_data""], ""privacy_categories_explicit"": [""criminal_justice_sensitive""], ""privacy_usages"": [""criminal_justice_research"", ""research""], ""privacy_erasures"": [""delete_on_request"", ""retention_5y""], ""privacy_roles"": [""AU"", ""DPO"", ""DS""], ""privacy_annotation_sources"": [""propagated:TR""]}"
"DataCellArtifact|D4_COMPASLabelTransformed::record::4::cell::race","DataCellArtifact","D4_COMPASLabelTransformed::record::4::cell::race","{""key"": ""D4_COMPASLabelTransformed::record::4::cell::race"", ""record_id"": ""4"", ""dataset_id"": ""D4_COMPASLabelTransformed"", ""attribute"": ""race"", ""value"": 0, ""dtype"": ""int64"", ""artifact_kind"": ""DataCellArtifact"", ""privacy_categories"": [""race_ethnicity"", ""protected_attribute"", ""sensitive_personal_data""], ""privacy_categories_explicit"": [""race_ethnicity"", ""protected_attribute""], ""privacy_usages"": [""criminal_justice_research"", ""research""], ""privacy_erasures"": [""delete_on_request"", ""retention_5y""], ""privacy_roles"": [""AU"", ""DPO"", ""DS""], ""privacy_annotation_sources"": [""propagated:TR""]}"
"DataCellArtifact|D4_COMPASLabelTransformed::record::4::cell::sex","DataCellArtifact","D4_COMPASLabelTransformed::record::4::cell::sex","{""key"": ""D4_COMPASLabelTransformed::record::4::cell::sex"", ""record_id"": ""4"", ""dataset_id"": ""D4_COMPASLabelTransformed"", ""attribute"": ""sex"", ""value"": ""Female"", ""dtype"": ""str"", ""artifact_kind"": ""DataCellArtifact"", ""privacy_categories"": [""gender"", ""protected_attribute"", ""sensitive_personal_data""], ""privacy_categories_explicit"": [""gender"", ""protected_attribute""], ""privacy_usages"": [""criminal_justice_research"", ""research""], ""privacy_erasures"": [""delete_on_request"", ""retention_5y""], ""privacy_roles"": [""AU"", ""DPO"", ""DS""], ""privacy_annotation_sources"": [""propagated:TR""]}"
"DataCellArtifact|D4_COMPASLabelTransformed::record::4::cell::priors_count","DataCellArtifact","D4_COMPASLabelTransformed::record::4::cell::priors_count","{""key"": ""D4_COMPASLabelTransformed::record::4::cell::priors_count"", ""record_id"": ""4"", ""dataset_id"": ""D4_COMPASLabelTransformed"", ""attribute"": ""priors_count"", ""value"": 3, ""dtype"": ""int64"", ""artifact_kind"": ""DataCellArtifact"", ""privacy_categories"": [""criminal_justice_sensitive"", ""sensitive_personal_data""], ""privacy_categories_explicit"": [""criminal_justice_sensitive""], ""privacy_usages"": [""criminal_justice_research"", ""research""], ""privacy_erasures"": [""delete_on_request"", ""retention_5y""], ""privacy_roles"": [""AU"", ""DPO"", ""DS""], ""privacy_annotation_sources"": [""propagated:TR""]}"
"DataCellArtifact|D4_COMPASLabelTransformed::record::4::cell::days_b_screening_arrest","DataCellArtifact","D4_COMPASLabelTransformed::record::4::cell::days_b_screening_arrest","{""key"": ""D4_COMPASLabelTransformed::record::4::cell::days_b_screening_arrest"", ""record_id"": ""4"", ""dataset_id"": ""D4_COMPASLabelTransformed"", ""attribute"": ""days_b_screening_arrest"", ""value"": -3.0, ""dtype"": ""float64"", ""artifact_kind"": ""DataCellArtifact"", ""privacy_categories"": [""criminal_justice_sensitive"", ""temporal_quasi_identifier"", ""sensitive_personal_data""], ""privacy_categories_explicit"": [""criminal_justice_sensitive"", ""temporal_quasi_identifier""], ""privacy_usages"": [""criminal_justice_research"", ""research""], ""privacy_erasures"": [""delete_on_request"", ""retention_5y""], ""privacy_roles"": [""AU"", ""DPO"", ""DS""], ""privacy_annotation_sources"": [""propagated:TR""]}"
"DataCellArtifact|D4_COMPASLabelTransformed::record::4::cell::label","DataCellArtifact","D4_COMPASLabelTransformed::record::4::cell::label","{""key"": ""D4_COMPASLabelTransformed::record::4::cell::label"", ""record_id"": ""4"", ""dataset_id"": ""D4_COMPASLabelTransformed"", ""attribute"": ""label"", ""value"": 0, ""dtype"": ""int64"", ""artifact_kind"": ""DataCellArtifact"", ""privacy_categories"": [""criminal_justice_sensitive"", ""behavioural_sensitive"", ""sensitive_personal_data""], ""privacy_categories_explicit"": [""criminal_justice_sensitive"", ""behavioural_sensitive""], ""privacy_usages"": [""criminal_justice_research"", ""research""], ""privacy_erasures"": [""delete_on_request"", ""retention_5y""], ""privacy_roles"": [""AU"", ""DPO"", ""DS""], ""privacy_annotation_sources"": [""propagated:TR""]}"
"DataCellArtifact|D4_COMPASLabelTransformed::record::4::cell::c_jail_in","DataCellArtifact","D4_COMPASLabelTransformed::record::4::cell::c_jail_in","{""key"": ""D4_COMPASLabelTransformed::record::4::cell::c_jail_in"", ""record_id"": ""4"", ""dataset_id"": ""D4_COMPASLabelTransformed"", ""attribute"": ""c_jail_in"", ""value"": ""2013-05-01"", ""dtype"": ""str"", ""artifact_kind"": ""DataCellArtifact"", ""privacy_categories"": [""criminal_justice_sensitive"", ""temporal_quasi_identifier"", ""sensitive_personal_data""], ""privacy_categories_explicit"": [""criminal_justice_sensitive"", ""temporal_quasi_identifier""], ""privacy_usages"": [""criminal_justice_research"", ""research""], ""privacy_erasures"": [""delete_on_request"", ""retention_5y""], ""privacy_roles"": [""AU"", ""DPO"", ""DS""], ""privacy_annotation_sources"": [""propagated:TR""]}"
"DataCellArtifact|D4_COMPASLabelTransformed::record::4::cell::c_jail_out","DataCellArtifact","D4_COMPASLabelTransformed::record::4::cell::c_jail_out","{""key"": ""D4_COMPASLabelTransformed::record::4::cell::c_jail_out"", ""record_id"": ""4"", ""dataset_id"": ""D4_COMPASLabelTransformed"", ""attribute"": ""c_jail_out"", ""value"": ""2013-05-20"", ""dtype"": ""str"", ""artifact_kind"": ""DataCellArtifact"", ""privacy_categories"": [""criminal_justice_sensitive"", ""temporal_quasi_identifier"", ""sensitive_personal_data""], ""privacy_categories_explicit"": [""criminal_justice_sensitive"", ""temporal_quasi_identifier""], ""privacy_usages"": [""criminal_justice_research"", ""research""], ""privacy_erasures"": [""delete_on_request"", ""retention_5y""], ""privacy_roles"": [""AU"", ""DPO"", ""DS""], ""privacy_annotation_sources"": [""propagated:TR""]}"
"DataRecordArtifact|D4_COMPASLabelTransformed::record::5","DataRecordArtifact","D4_COMPASLabelTransformed::record::5","{""key"": ""D4_COMPASLabelTransformed::record::5"", ""record_id"": ""5"", ""dataset_id"": ""D4_COMPASLabelTransformed"", ""artifact_kind"": ""DataRecordArtifact"", ""privacy_categories"": [""quasi_identifier"", ""criminal_justice_sensitive"", ""race_ethnicity"", ""protected_attribute"", ""gender"", ""temporal_quasi_identifier"", ""behavioural_sensitive"", ""personal_data"", ""sensitive_personal_data""], ""privacy_categories_explicit"": [""quasi_identifier"", ""criminal_justice_sensitive"", ""race_ethnicity"", ""protected_attribute"", ""gender"", ""temporal_quasi_identifier"", ""behavioural_sensitive""], ""privacy_usages"": [""criminal_justice_research"", ""research""], ""privacy_erasures"": [""delete_on_request"", ""retention_5y""], ""privacy_roles"": [""AU"", ""DPO"", ""DS""], ""privacy_annotation_sources"": [""propagated:TR""]}"
"DataCellArtifact|D4_COMPASLabelTransformed::record::5::cell::age","DataCellArtifact","D4_COMPASLabelTransformed::record::5::cell::age","{""key"": ""D4_COMPASLabelTransformed::record::5::cell::age"", ""record_id"": ""5"", ""dataset_id"": ""D4_COMPASLabelTransformed"", ""attribute"": ""age"", ""value"": 29, ""dtype"": ""int64"", ""artifact_kind"": ""DataCellArtifact"", ""privacy_categories"": [""quasi_identifier"", ""personal_data""], ""privacy_categories_explicit"": [""quasi_identifier""], ""privacy_usages"": [""criminal_justice_research"", ""research""], ""privacy_erasures"": [""delete_on_request"", ""retention_5y""], ""privacy_roles"": [""AU"", ""DPO"", ""DS""], ""privacy_annotation_sources"": [""propagated:TR""]}"
"DataCellArtifact|D4_COMPASLabelTransformed::record::5::cell::c_charge_degree","DataCellArtifact","D4_COMPASLabelTransformed::record::5::cell::c_charge_degree","{""key"": ""D4_COMPASLabelTransformed::record::5::cell::c_charge_degree"", ""record_id"": ""5"", ""dataset_id"": ""D4_COMPASLabelTransformed"", ""attribute"": ""c_charge_degree"", ""value"": ""M"", ""dtype"": ""str"", ""artifact_kind"": ""DataCellArtifact"", ""privacy_categories"": [""criminal_justice_sensitive"", ""sensitive_personal_data""], ""privacy_categories_explicit"": [""criminal_justice_sensitive""], ""privacy_usages"": [""criminal_justice_research"", ""research""], ""privacy_erasures"": [""delete_on_request"", ""retention_5y""], ""privacy_roles"": [""AU"", ""DPO"", ""DS""], ""privacy_annotation_sources"": [""propagated:TR""]}"
"DataCellArtifact|D4_COMPASLabelTransformed::record::5::cell::race","DataCellArtifact","D4_COMPASLabelTransformed::record::5::cell::race","{""key"": ""D4_COMPASLabelTransformed::record::5::cell::race"", ""record_id"": ""5"", ""dataset_id"": ""D4_COMPASLabelTransformed"", ""attribute"": ""race"", ""value"": 0, ""dtype"": ""int64"", ""artifact_kind"": ""DataCellArtifact"", ""privacy_categories"": [""race_ethnicity"", ""protected_attribute"", ""sensitive_personal_data""], ""privacy_categories_explicit"": [""race_ethnicity"", ""protected_attribute""], ""privacy_usages"": [""criminal_justice_research"", ""research""], ""privacy_erasures"": [""delete_on_request"", ""retention_5y""], ""privacy_roles"": [""AU"", ""DPO"", ""DS""], ""privacy_annotation_sources"": [""propagated:TR""]}"
"DataCellArtifact|D4_COMPASLabelTransformed::record::5::cell::sex","DataCellArtifact","D4_COMPASLabelTransformed::record::5::cell::sex","{""key"": ""D4_COMPASLabelTransformed::record::5::cell::sex"", ""record_id"": ""5"", ""dataset_id"": ""D4_COMPASLabelTransformed"", ""attribute"": ""sex"", ""value"": ""Male"", ""dtype"": ""str"", ""artifact_kind"": ""DataCellArtifact"", ""privacy_categories"": [""gender"", ""protected_attribute"", ""sensitive_personal_data""], ""privacy_categories_explicit"": [""gender"", ""protected_attribute""], ""privacy_usages"": [""criminal_justice_research"", ""research""], ""privacy_erasures"": [""delete_on_request"", ""retention_5y""], ""privacy_roles"": [""AU"", ""DPO"", ""DS""], ""privacy_annotation_sources"": [""propagated:TR""]}"
"DataCellArtifact|D4_COMPASLabelTransformed::record::5::cell::priors_count","DataCellArtifact","D4_COMPASLabelTransformed::record::5::cell::priors_count","{""key"": ""D4_COMPASLabelTransformed::record::5::cell::priors_count"", ""record_id"": ""5"", ""dataset_id"": ""D4_COMPASLabelTransformed"", ""attribute"": ""priors_count"", ""value"": 0, ""dtype"": ""int64"", ""artifact_kind"": ""DataCellArtifact"", ""privacy_categories"": [""criminal_justice_sensitive"", ""sensitive_personal_data""], ""privacy_categories_explicit"": [""criminal_justice_sensitive""], ""privacy_usages"": [""criminal_justice_research"", ""research""], ""privacy_erasures"": [""delete_on_request"", ""retention_5y""], ""privacy_roles"": [""AU"", ""DPO"", ""DS""], ""privacy_annotation_sources"": [""propagated:TR""]}"
"DataCellArtifact|D4_COMPASLabelTransformed::record::5::cell::days_b_screening_arrest","DataCellArtifact","D4_COMPASLabelTransformed::record::5::cell::days_b_screening_arrest","{""key"": ""D4_COMPASLabelTransformed::record::5::cell::days_b_screening_arrest"", ""record_id"": ""5"", ""dataset_id"": ""D4_COMPASLabelTransformed"", ""attribute"": ""days_b_screening_arrest"", ""value"": 1.0, ""dtype"": ""float64"", ""artifact_kind"": ""DataCellArtifact"", ""privacy_categories"": [""criminal_justice_sensitive"", ""temporal_quasi_identifier"", ""sensitive_personal_data""], ""privacy_categories_explicit"": [""criminal_justice_sensitive"", ""temporal_quasi_identifier""], ""privacy_usages"": [""criminal_justice_research"", ""research""], ""privacy_erasures"": [""delete_on_request"", ""retention_5y""], ""privacy_roles"": [""AU"", ""DPO"", ""DS""], ""privacy_annotation_sources"": [""propagated:TR""]}"
"DataCellArtifact|D4_COMPASLabelTransformed::record::5::cell::label","DataCellArtifact","D4_COMPASLabelTransformed::record::5::cell::label","{""key"": ""D4_COMPASLabelTransformed::record::5::cell::label"", ""record_id"": ""5"", ""dataset_id"": ""D4_COMPASLabelTransformed"", ""attribute"": ""label"", ""value"": 1, ""dtype"": ""int64"", ""artifact_kind"": ""DataCellArtifact"", ""privacy_categories"": [""criminal_justice_sensitive"", ""behavioural_sensitive"", ""sensitive_personal_data""], ""privacy_categories_explicit"": [""criminal_justice_sensitive"", ""behavioural_sensitive""], ""privacy_usages"": [""criminal_justice_research"", ""research""], ""privacy_erasures"": [""delete_on_request"", ""retention_5y""], ""privacy_roles"": [""AU"", ""DPO"", ""DS""], ""privacy_annotation_sources"": [""propagated:TR""]}"
"DataCellArtifact|D4_COMPASLabelTransformed::record::5::cell::c_jail_in","DataCellArtifact","D4_COMPASLabelTransformed::record::5::cell::c_jail_in","{""key"": ""D4_COMPASLabelTransformed::record::5::cell::c_jail_in"", ""record_id"": ""5"", ""dataset_id"": ""D4_COMPASLabelTransformed"", ""attribute"": ""c_jail_in"", ""value"": ""2013-06-15"", ""dtype"": ""str"", ""artifact_kind"": ""DataCellArtifact"", ""privacy_categories"": [""criminal_justice_sensitive"", ""temporal_quasi_identifier"", ""sensitive_personal_data""], ""privacy_categories_explicit"": [""criminal_justice_sensitive"", ""temporal_quasi_identifier""], ""privacy_usages"": [""criminal_justice_research"", ""research""], ""privacy_erasures"": [""delete_on_request"", ""retention_5y""], ""privacy_roles"": [""AU"", ""DPO"", ""DS""], ""privacy_annotation_sources"": [""propagated:TR""]}"
"DataCellArtifact|D4_COMPASLabelTransformed::record::5::cell::c_jail_out","DataCellArtifact","D4_COMPASLabelTransformed::record::5::cell::c_jail_out","{""key"": ""D4_COMPASLabelTransformed::record::5::cell::c_jail_out"", ""record_id"": ""5"", ""dataset_id"": ""D4_COMPASLabelTransformed"", ""attribute"": ""c_jail_out"", ""value"": ""2013-06-17"", ""dtype"": ""str"", ""artifact_kind"": ""DataCellArtifact"", ""privacy_categories"": [""criminal_justice_sensitive"", ""temporal_quasi_identifier"", ""sensitive_personal_data""], ""privacy_categories_explicit"": [""criminal_justice_sensitive"", ""temporal_quasi_identifier""], ""privacy_usages"": [""criminal_justice_research"", ""research""], ""privacy_erasures"": [""delete_on_request"", ""retention_5y""], ""privacy_roles"": [""AU"", ""DPO"", ""DS""], ""privacy_annotation_sources"": [""propagated:TR""]}"
"StepRun|run_fc7d525c22::005::B4_create_jailtime","StepRun","run_fc7d525c22::005::B4_create_jailtime","{""key"": ""run_fc7d525c22::005::B4_create_jailtime"", ""step_id"": ""B4_create_jailtime"", ""phase"": ""FeatureEngineering"", ""framework"": ""python"", ""operatorType"": ""TR"", ""policy_id"": ""B4_create_jailtime_policy"", ""input_artifacts"": [""D4_COMPASLabelTransformed""], ""output_artifacts"": [""D5_COMPASJailtime""], ""duration_seconds"": 0.002501249313354492, ""status"": ""success"", ""operation_policy_id"": ""B4_create_jailtime_policy"", ""contributorGranularity"": ""cell""}"
"DatasetArtifact|D5_COMPASJailtime","DatasetArtifact","D5_COMPASJailtime","{""key"": ""D5_COMPASJailtime"", ""name"": ""D5_COMPASJailtime"", ""role"": ""derived"", ""source"": ""step:B4_create_jailtime"", ""n_rows"": 5, ""n_cols"": 10, ""columns"": [""age"", ""c_charge_degree"", ""race"", ""sex"", ""priors_count"", ""days_b_screening_arrest"", ""label"", ""c_jail_in"", ""c_jail_out"", ""jailtime""], ""record_id_col"": null, ""artifact_kind"": ""DatasetArtifact"", ""privacy_categories"": [""quasi_identifier"", ""criminal_justice_sensitive"", ""race_ethnicity"", ""protected_attribute"", ""gender"", ""temporal_quasi_identifier"", ""behavioural_sensitive"", ""personal_data"", ""sensitive_personal_data""], ""privacy_categories_explicit"": [""quasi_identifier"", ""criminal_justice_sensitive"", ""race_ethnicity"", ""protected_attribute"", ""gender"", ""temporal_quasi_identifier"", ""behavioural_sensitive""], ""privacy_usages"": [""criminal_justice_research"", ""research""], ""privacy_erasures"": [""delete_on_request"", ""retention_5y""], ""privacy_roles"": [""AU"", ""DPO"", ""DS""], ""privacy_annotation_sources"": [""propagated:TR""]}"
"DataRecordArtifact|D5_COMPASJailtime::record::0","DataRecordArtifact","D5_COMPASJailtime::record::0","{""key"": ""D5_COMPASJailtime::record::0"", ""record_id"": ""0"", ""dataset_id"": ""D5_COMPASJailtime"", ""artifact_kind"": ""DataRecordArtifact"", ""privacy_categories"": [""quasi_identifier"", ""criminal_justice_sensitive"", ""race_ethnicity"", ""protected_attribute"", ""gender"", ""temporal_quasi_identifier"", ""behavioural_sensitive"", ""personal_data"", ""sensitive_personal_data""], ""privacy_categories_explicit"": [""quasi_identifier"", ""criminal_justice_sensitive"", ""race_ethnicity"", ""protected_attribute"", ""gender"", ""temporal_quasi_identifier"", ""behavioural_sensitive""], ""privacy_usages"": [""criminal_justice_research"", ""research""], ""privacy_erasures"": [""delete_on_request"", ""retention_5y""], ""privacy_roles"": [""AU"", ""DPO"", ""DS""], ""privacy_annotation_sources"": [""propagated:TR""]}"
"DataCellArtifact|D5_COMPASJailtime::record::0::cell::age","DataCellArtifact","D5_COMPASJailtime::record::0::cell::age","{""key"": ""D5_COMPASJailtime::record::0::cell::age"", ""record_id"": ""0"", ""dataset_id"": ""D5_COMPASJailtime"", ""attribute"": ""age"", ""value"": 25, ""dtype"": ""int64"", ""artifact_kind"": ""DataCellArtifact"", ""privacy_categories"": [""quasi_identifier"", ""personal_data""], ""privacy_categories_explicit"": [""quasi_identifier""], ""privacy_usages"": [""criminal_justice_research"", ""research""], ""privacy_erasures"": [""delete_on_request"", ""retention_5y""], ""privacy_roles"": [""AU"", ""DPO"", ""DS""], ""privacy_annotation_sources"": [""propagated:TR""]}"
"DataCellArtifact|D5_COMPASJailtime::record::0::cell::c_charge_degree","DataCellArtifact","D5_COMPASJailtime::record::0::cell::c_charge_degree","{""key"": ""D5_COMPASJailtime::record::0::cell::c_charge_degree"", ""record_id"": ""0"", ""dataset_id"": ""D5_COMPASJailtime"", ""attribute"": ""c_charge_degree"", ""value"": ""F"", ""dtype"": ""str"", ""artifact_kind"": ""DataCellArtifact"", ""privacy_categories"": [""criminal_justice_sensitive"", ""sensitive_personal_data""], ""privacy_categories_explicit"": [""criminal_justice_sensitive""], ""privacy_usages"": [""criminal_justice_research"", ""research""], ""privacy_erasures"": [""delete_on_request"", ""retention_5y""], ""privacy_roles"": [""AU"", ""DPO"", ""DS""], ""privacy_annotation_sources"": [""propagated:TR""]}"
"DataCellArtifact|D5_COMPASJailtime::record::0::cell::race","DataCellArtifact","D5_COMPASJailtime::record::0::cell::race","{""key"": ""D5_COMPASJailtime::record::0::cell::race"", ""record_id"": ""0"", ""dataset_id"": ""D5_COMPASJailtime"", ""attribute"": ""race"", ""value"": 0, ""dtype"": ""int64"", ""artifact_kind"": ""DataCellArtifact"", ""privacy_categories"": [""race_ethnicity"", ""protected_attribute"", ""sensitive_personal_data""], ""privacy_categories_explicit"": [""race_ethnicity"", ""protected_attribute""], ""privacy_usages"": [""criminal_justice_research"", ""research""], ""privacy_erasures"": [""delete_on_request"", ""retention_5y""], ""privacy_roles"": [""AU"", ""DPO"", ""DS""], ""privacy_annotation_sources"": [""propagated:TR""]}"
"DataCellArtifact|D5_COMPASJailtime::record::0::cell::sex","DataCellArtifact","D5_COMPASJailtime::record::0::cell::sex","{""key"": ""D5_COMPASJailtime::record::0::cell::sex"", ""record_id"": ""0"", ""dataset_id"": ""D5_COMPASJailtime"", ""attribute"": ""sex"", ""value"": ""Male"", ""dtype"": ""str"", ""artifact_kind"": ""DataCellArtifact"", ""privacy_categories"": [""gender"", ""protected_attribute"", ""sensitive_personal_data""], ""privacy_categories_explicit"": [""gender"", ""protected_attribute""], ""privacy_usages"": [""criminal_justice_research"", ""research""], ""privacy_erasures"": [""delete_on_request"", ""retention_5y""], ""privacy_roles"": [""AU"", ""DPO"", ""DS""], ""privacy_annotation_sources"": [""propagated:TR""]}"
"DataCellArtifact|D5_COMPASJailtime::record::0::cell::priors_count","DataCellArtifact","D5_COMPASJailtime::record::0::cell::priors_count","{""key"": ""D5_COMPASJailtime::record::0::cell::priors_count"", ""record_id"": ""0"", ""dataset_id"": ""D5_COMPASJailtime"", ""attribute"": ""priors_count"", ""value"": 2, ""dtype"": ""int64"", ""artifact_kind"": ""DataCellArtifact"", ""privacy_categories"": [""criminal_justice_sensitive"", ""sensitive_personal_data""], ""privacy_categories_explicit"": [""criminal_justice_sensitive""], ""privacy_usages"": [""criminal_justice_research"", ""research""], ""privacy_erasures"": [""delete_on_request"", ""retention_5y""], ""privacy_roles"": [""AU"", ""DPO"", ""DS""], ""privacy_annotation_sources"": [""propagated:TR""]}"
"DataCellArtifact|D5_COMPASJailtime::record::0::cell::days_b_screening_arrest","DataCellArtifact","D5_COMPASJailtime::record::0::cell::days_b_screening_arrest","{""key"": ""D5_COMPASJailtime::record::0::cell::days_b_screening_arrest"", ""record_id"": ""0"", ""dataset_id"": ""D5_COMPASJailtime"", ""attribute"": ""days_b_screening_arrest"", ""value"": -1.0, ""dtype"": ""float64"", ""artifact_kind"": ""DataCellArtifact"", ""privacy_categories"": [""criminal_justice_sensitive"", ""temporal_quasi_identifier"", ""sensitive_personal_data""], ""privacy_categories_explicit"": [""criminal_justice_sensitive"", ""temporal_quasi_identifier""], ""privacy_usages"": [""criminal_justice_research"", ""research""], ""privacy_erasures"": [""delete_on_request"", ""retention_5y""], ""privacy_roles"": [""AU"", ""DPO"", ""DS""], ""privacy_annotation_sources"": [""propagated:TR""]}"
"DataCellArtifact|D5_COMPASJailtime::record::0::cell::label","DataCellArtifact","D5_COMPASJailtime::record::0::cell::label","{""key"": ""D5_COMPASJailtime::record::0::cell::label"", ""record_id"": ""0"", ""dataset_id"": ""D5_COMPASJailtime"", ""attribute"": ""label"", ""value"": 0, ""dtype"": ""int64"", ""artifact_kind"": ""DataCellArtifact"", ""privacy_categories"": [""criminal_justice_sensitive"", ""behavioural_sensitive"", ""sensitive_personal_data""], ""privacy_categories_explicit"": [""criminal_justice_sensitive"", ""behavioural_sensitive""], ""privacy_usages"": [""criminal_justice_research"", ""research""], ""privacy_erasures"": [""delete_on_request"", ""retention_5y""], ""privacy_roles"": [""AU"", ""DPO"", ""DS""], ""privacy_annotation_sources"": [""propagated:TR""]}"
"DataCellArtifact|D5_COMPASJailtime::record::0::cell::c_jail_in","DataCellArtifact","D5_COMPASJailtime::record::0::cell::c_jail_in","{""key"": ""D5_COMPASJailtime::record::0::cell::c_jail_in"", ""record_id"": ""0"", ""dataset_id"": ""D5_COMPASJailtime"", ""attribute"": ""c_jail_in"", ""value"": ""2013-01-01"", ""dtype"": ""str"", ""artifact_kind"": ""DataCellArtifact"", ""privacy_categories"": [""criminal_justice_sensitive"", ""temporal_quasi_identifier"", ""sensitive_personal_data""], ""privacy_categories_explicit"": [""criminal_justice_sensitive"", ""temporal_quasi_identifier""], ""privacy_usages"": [""criminal_justice_research"", ""research""], ""privacy_erasures"": [""delete_on_request"", ""retention_5y""], ""privacy_roles"": [""AU"", ""DPO"", ""DS""], ""privacy_annotation_sources"": [""propagated:TR""]}"
"DataCellArtifact|D5_COMPASJailtime::record::0::cell::c_jail_out","DataCellArtifact","D5_COMPASJailtime::record::0::cell::c_jail_out","{""key"": ""D5_COMPASJailtime::record::0::cell::c_jail_out"", ""record_id"": ""0"", ""dataset_id"": ""D5_COMPASJailtime"", ""attribute"": ""c_jail_out"", ""value"": ""2013-01-10"", ""dtype"": ""str"", ""artifact_kind"": ""DataCellArtifact"", ""privacy_categories"": [""criminal_justice_sensitive"", ""temporal_quasi_identifier"", ""sensitive_personal_data""], ""privacy_categories_explicit"": [""criminal_justice_sensitive"", ""temporal_quasi_identifier""], ""privacy_usages"": [""criminal_justice_research"", ""research""], ""privacy_erasures"": [""delete_on_request"", ""retention_5y""], ""privacy_roles"": [""AU"", ""DPO"", ""DS""], ""privacy_annotation_sources"": [""propagated:TR""]}"
"DataCellArtifact|D5_COMPASJailtime::record::0::cell::jailtime","DataCellArtifact","D5_COMPASJailtime::record::0::cell::jailtime","{""key"": ""D5_COMPASJailtime::record::0::cell::jailtime"", ""record_id"": ""0"", ""dataset_id"": ""D5_COMPASJailtime"", ""attribute"": ""jailtime"", ""value"": 9, ""dtype"": ""int64"", ""artifact_kind"": ""DataCellArtifact"", ""privacy_categories"": [""criminal_justice_sensitive"", ""temporal_quasi_identifier"", ""sensitive_personal_data""], ""privacy_categories_explicit"": [""criminal_justice_sensitive"", ""temporal_quasi_identifier""], ""privacy_usages"": [""criminal_justice_research"", ""research""], ""privacy_erasures"": [""delete_on_request"", ""retention_5y""], ""privacy_roles"": [""AU"", ""DPO"", ""DS""], ""privacy_annotation_sources"": [""propagated:TR""]}"
"DataRecordArtifact|D5_COMPASJailtime::record::1","DataRecordArtifact","D5_COMPASJailtime::record::1","{""key"": ""D5_COMPASJailtime::record::1"", ""record_id"": ""1"", ""dataset_id"": ""D5_COMPASJailtime"", ""artifact_kind"": ""DataRecordArtifact"", ""privacy_categories"": [""quasi_identifier"", ""criminal_justice_sensitive"", ""race_ethnicity"", ""protected_attribute"", ""gender"", ""temporal_quasi_identifier"", ""behavioural_sensitive"", ""personal_data"", ""sensitive_personal_data""], ""privacy_categories_explicit"": [""quasi_identifier"", ""criminal_justice_sensitive"", ""race_ethnicity"", ""protected_attribute"", ""gender"", ""temporal_quasi_identifier"", ""behavioural_sensitive""], ""privacy_usages"": [""criminal_justice_research"", ""research""], ""privacy_erasures"": [""delete_on_request"", ""retention_5y""], ""privacy_roles"": [""AU"", ""DPO"", ""DS""], ""privacy_annotation_sources"": [""propagated:TR""]}"
"DataCellArtifact|D5_COMPASJailtime::record::1::cell::age","DataCellArtifact","D5_COMPASJailtime::record::1::cell::age","{""key"": ""D5_COMPASJailtime::record::1::cell::age"", ""record_id"": ""1"", ""dataset_id"": ""D5_COMPASJailtime"", ""attribute"": ""age"", ""value"": 34, ""dtype"": ""int64"", ""artifact_kind"": ""DataCellArtifact"", ""privacy_categories"": [""quasi_identifier"", ""personal_data""], ""privacy_categories_explicit"": [""quasi_identifier""], ""privacy_usages"": [""criminal_justice_research"", ""research""], ""privacy_erasures"": [""delete_on_request"", ""retention_5y""], ""privacy_roles"": [""AU"", ""DPO"", ""DS""], ""privacy_annotation_sources"": [""propagated:TR""]}"
"DataCellArtifact|D5_COMPASJailtime::record::1::cell::c_charge_degree","DataCellArtifact","D5_COMPASJailtime::record::1::cell::c_charge_degree","{""key"": ""D5_COMPASJailtime::record::1::cell::c_charge_degree"", ""record_id"": ""1"", ""dataset_id"": ""D5_COMPASJailtime"", ""attribute"": ""c_charge_degree"", ""value"": ""M"", ""dtype"": ""str"", ""artifact_kind"": ""DataCellArtifact"", ""privacy_categories"": [""criminal_justice_sensitive"", ""sensitive_personal_data""], ""privacy_categories_explicit"": [""criminal_justice_sensitive""], ""privacy_usages"": [""criminal_justice_research"", ""research""], ""privacy_erasures"": [""delete_on_request"", ""retention_5y""], ""privacy_roles"": [""AU"", ""DPO"", ""DS""], ""privacy_annotation_sources"": [""propagated:TR""]}"
"DataCellArtifact|D5_COMPASJailtime::record::1::cell::race","DataCellArtifact","D5_COMPASJailtime::record::1::cell::race","{""key"": ""D5_COMPASJailtime::record::1::cell::race"", ""record_id"": ""1"", ""dataset_id"": ""D5_COMPASJailtime"", ""attribute"": ""race"", ""value"": 1, ""dtype"": ""int64"", ""artifact_kind"": ""DataCellArtifact"", ""privacy_categories"": [""race_ethnicity"", ""protected_attribute"", ""sensitive_personal_data""], ""privacy_categories_explicit"": [""race_ethnicity"", ""protected_attribute""], ""privacy_usages"": [""criminal_justice_research"", ""research""], ""privacy_erasures"": [""delete_on_request"", ""retention_5y""], ""privacy_roles"": [""AU"", ""DPO"", ""DS""], ""privacy_annotation_sources"": [""propagated:TR""]}"
"DataCellArtifact|D5_COMPASJailtime::record::1::cell::sex","DataCellArtifact","D5_COMPASJailtime::record::1::cell::sex","{""key"": ""D5_COMPASJailtime::record::1::cell::sex"", ""record_id"": ""1"", ""dataset_id"": ""D5_COMPASJailtime"", ""attribute"": ""sex"", ""value"": ""Female"", ""dtype"": ""str"", ""artifact_kind"": ""DataCellArtifact"", ""privacy_categories"": [""gender"", ""protected_attribute"", ""sensitive_personal_data""], ""privacy_categories_explicit"": [""gender"", ""protected_attribute""], ""privacy_usages"": [""criminal_justice_research"", ""research""], ""privacy_erasures"": [""delete_on_request"", ""retention_5y""], ""privacy_roles"": [""AU"", ""DPO"", ""DS""], ""privacy_annotation_sources"": [""propagated:TR""]}"
"DataCellArtifact|D5_COMPASJailtime::record::1::cell::priors_count","DataCellArtifact","D5_COMPASJailtime::record::1::cell::priors_count","{""key"": ""D5_COMPASJailtime::record::1::cell::priors_count"", ""record_id"": ""1"", ""dataset_id"": ""D5_COMPASJailtime"", ""attribute"": ""priors_count"", ""value"": 0, ""dtype"": ""int64"", ""artifact_kind"": ""DataCellArtifact"", ""privacy_categories"": [""criminal_justice_sensitive"", ""sensitive_personal_data""], ""privacy_categories_explicit"": [""criminal_justice_sensitive""], ""privacy_usages"": [""criminal_justice_research"", ""research""], ""privacy_erasures"": [""delete_on_request"", ""retention_5y""], ""privacy_roles"": [""AU"", ""DPO"", ""DS""], ""privacy_annotation_sources"": [""propagated:TR""]}"
"DataCellArtifact|D5_COMPASJailtime::record::1::cell::days_b_screening_arrest","DataCellArtifact","D5_COMPASJailtime::record::1::cell::days_b_screening_arrest","{""key"": ""D5_COMPASJailtime::record::1::cell::days_b_screening_arrest"", ""record_id"": ""1"", ""dataset_id"": ""D5_COMPASJailtime"", ""attribute"": ""days_b_screening_arrest"", ""value"": 0.0, ""dtype"": ""float64"", ""artifact_kind"": ""DataCellArtifact"", ""privacy_categories"": [""criminal_justice_sensitive"", ""temporal_quasi_identifier"", ""sensitive_personal_data""], ""privacy_categories_explicit"": [""criminal_justice_sensitive"", ""temporal_quasi_identifier""], ""privacy_usages"": [""criminal_justice_research"", ""research""], ""privacy_erasures"": [""delete_on_request"", ""retention_5y""], ""privacy_roles"": [""AU"", ""DPO"", ""DS""], ""privacy_annotation_sources"": [""propagated:TR""]}"
"DataCellArtifact|D5_COMPASJailtime::record::1::cell::label","DataCellArtifact","D5_COMPASJailtime::record::1::cell::label","{""key"": ""D5_COMPASJailtime::record::1::cell::label"", ""record_id"": ""1"", ""dataset_id"": ""D5_COMPASJailtime"", ""attribute"": ""label"", ""value"": 1, ""dtype"": ""int64"", ""artifact_kind"": ""DataCellArtifact"", ""privacy_categories"": [""criminal_justice_sensitive"", ""behavioural_sensitive"", ""sensitive_personal_data""], ""privacy_categories_explicit"": [""criminal_justice_sensitive"", ""behavioural_sensitive""], ""privacy_usages"": [""criminal_justice_research"", ""research""], ""privacy_erasures"": [""delete_on_request"", ""retention_5y""], ""privacy_roles"": [""AU"", ""DPO"", ""DS""], ""privacy_annotation_sources"": [""propagated:TR""]}"
"DataCellArtifact|D5_COMPASJailtime::record::1::cell::c_jail_in","DataCellArtifact","D5_COMPASJailtime::record::1::cell::c_jail_in","{""key"": ""D5_COMPASJailtime::record::1::cell::c_jail_in"", ""record_id"": ""1"", ""dataset_id"": ""D5_COMPASJailtime"", ""attribute"": ""c_jail_in"", ""value"": ""2013-02-01"", ""dtype"": ""str"", ""artifact_kind"": ""DataCellArtifact"", ""privacy_categories"": [""criminal_justice_sensitive"", ""temporal_quasi_identifier"", ""sensitive_personal_data""], ""privacy_categories_explicit"": [""criminal_justice_sensitive"", ""temporal_quasi_identifier""], ""privacy_usages"": [""criminal_justice_research"", ""research""], ""privacy_erasures"": [""delete_on_request"", ""retention_5y""], ""privacy_roles"": [""AU"", ""DPO"", ""DS""], ""privacy_annotation_sources"": [""propagated:TR""]}"
"DataCellArtifact|D5_COMPASJailtime::record::1::cell::c_jail_out","DataCellArtifact","D5_COMPASJailtime::record::1::cell::c_jail_out","{""key"": ""D5_COMPASJailtime::record::1::cell::c_jail_out"", ""record_id"": ""1"", ""dataset_id"": ""D5_COMPASJailtime"", ""attribute"": ""c_jail_out"", ""value"": ""2013-02-02"", ""dtype"": ""str"", ""artifact_kind"": ""DataCellArtifact"", ""privacy_categories"": [""criminal_justice_sensitive"", ""temporal_quasi_identifier"", ""sensitive_personal_data""], ""privacy_categories_explicit"": [""criminal_justice_sensitive"", ""temporal_quasi_identifier""], ""privacy_usages"": [""criminal_justice_research"", ""research""], ""privacy_erasures"": [""delete_on_request"", ""retention_5y""], ""privacy_roles"": [""AU"", ""DPO"", ""DS""], ""privacy_annotation_sources"": [""propagated:TR""]}"
"DataCellArtifact|D5_COMPASJailtime::record::1::cell::jailtime","DataCellArtifact","D5_COMPASJailtime::record::1::cell::jailtime","{""key"": ""D5_COMPASJailtime::record::1::cell::jailtime"", ""record_id"": ""1"", ""dataset_id"": ""D5_COMPASJailtime"", ""attribute"": ""jailtime"", ""value"": 1, ""dtype"": ""int64"", ""artifact_kind"": ""DataCellArtifact"", ""privacy_categories"": [""criminal_justice_sensitive"", ""temporal_quasi_identifier"", ""sensitive_personal_data""], ""privacy_categories_explicit"": [""criminal_justice_sensitive"", ""temporal_quasi_identifier""], ""privacy_usages"": [""criminal_justice_research"", ""research""], ""privacy_erasures"": [""delete_on_request"", ""retention_5y""], ""privacy_roles"": [""AU"", ""DPO"", ""DS""], ""privacy_annotation_sources"": [""propagated:TR""]}"
"DataRecordArtifact|D5_COMPASJailtime::record::2","DataRecordArtifact","D5_COMPASJailtime::record::2","{""key"": ""D5_COMPASJailtime::record::2"", ""record_id"": ""2"", ""dataset_id"": ""D5_COMPASJailtime"", ""artifact_kind"": ""DataRecordArtifact"", ""privacy_categories"": [""quasi_identifier"", ""criminal_justice_sensitive"", ""race_ethnicity"", ""protected_attribute"", ""gender"", ""temporal_quasi_identifier"", ""behavioural_sensitive"", ""personal_data"", ""sensitive_personal_data""], ""privacy_categories_explicit"": [""quasi_identifier"", ""criminal_justice_sensitive"", ""race_ethnicity"", ""protected_attribute"", ""gender"", ""temporal_quasi_identifier"", ""behavioural_sensitive""], ""privacy_usages"": [""criminal_justice_research"", ""research""], ""privacy_erasures"": [""delete_on_request"", ""retention_5y""], ""privacy_roles"": [""AU"", ""DPO"", ""DS""], ""privacy_annotation_sources"": [""propagated:TR""]}"
"DataCellArtifact|D5_COMPASJailtime::record::2::cell::age","DataCellArtifact","D5_COMPASJailtime::record::2::cell::age","{""key"": ""D5_COMPASJailtime::record::2::cell::age"", ""record_id"": ""2"", ""dataset_id"": ""D5_COMPASJailtime"", ""attribute"": ""age"", ""value"": 45, ""dtype"": ""int64"", ""artifact_kind"": ""DataCellArtifact"", ""privacy_categories"": [""quasi_identifier"", ""personal_data""], ""privacy_categories_explicit"": [""quasi_identifier""], ""privacy_usages"": [""criminal_justice_research"", ""research""], ""privacy_erasures"": [""delete_on_request"", ""retention_5y""], ""privacy_roles"": [""AU"", ""DPO"", ""DS""], ""privacy_annotation_sources"": [""propagated:TR""]}"
"DataCellArtifact|D5_COMPASJailtime::record::2::cell::c_charge_degree","DataCellArtifact","D5_COMPASJailtime::record::2::cell::c_charge_degree","{""key"": ""D5_COMPASJailtime::record::2::cell::c_charge_degree"", ""record_id"": ""2"", ""dataset_id"": ""D5_COMPASJailtime"", ""attribute"": ""c_charge_degree"", ""value"": ""F"", ""dtype"": ""str"", ""artifact_kind"": ""DataCellArtifact"", ""privacy_categories"": [""criminal_justice_sensitive"", ""sensitive_personal_data""], ""privacy_categories_explicit"": [""criminal_justice_sensitive""], ""privacy_usages"": [""criminal_justice_research"", ""research""], ""privacy_erasures"": [""delete_on_request"", ""retention_5y""], ""privacy_roles"": [""AU"", ""DPO"", ""DS""], ""privacy_annotation_sources"": [""propagated:TR""]}"
"DataCellArtifact|D5_COMPASJailtime::record::2::cell::race","DataCellArtifact","D5_COMPASJailtime::record::2::cell::race","{""key"": ""D5_COMPASJailtime::record::2::cell::race"", ""record_id"": ""2"", ""dataset_id"": ""D5_COMPASJailtime"", ""attribute"": ""race"", ""value"": 0, ""dtype"": ""int64"", ""artifact_kind"": ""DataCellArtifact"", ""privacy_categories"": [""race_ethnicity"", ""protected_attribute"", ""sensitive_personal_data""], ""privacy_categories_explicit"": [""race_ethnicity"", ""protected_attribute""], ""privacy_usages"": [""criminal_justice_research"", ""research""], ""privacy_erasures"": [""delete_on_request"", ""retention_5y""], ""privacy_roles"": [""AU"", ""DPO"", ""DS""], ""privacy_annotation_sources"": [""propagated:TR""]}"
"DataCellArtifact|D5_COMPASJailtime::record::2::cell::sex","DataCellArtifact","D5_COMPASJailtime::record::2::cell::sex","{""key"": ""D5_COMPASJailtime::record::2::cell::sex"", ""record_id"": ""2"", ""dataset_id"": ""D5_COMPASJailtime"", ""attribute"": ""sex"", ""value"": ""Male"", ""dtype"": ""str"", ""artifact_kind"": ""DataCellArtifact"", ""privacy_categories"": [""gender"", ""protected_attribute"", ""sensitive_personal_data""], ""privacy_categories_explicit"": [""gender"", ""protected_attribute""], ""privacy_usages"": [""criminal_justice_research"", ""research""], ""privacy_erasures"": [""delete_on_request"", ""retention_5y""], ""privacy_roles"": [""AU"", ""DPO"", ""DS""], ""privacy_annotation_sources"": [""propagated:TR""]}"
"DataCellArtifact|D5_COMPASJailtime::record::2::cell::priors_count","DataCellArtifact","D5_COMPASJailtime::record::2::cell::priors_count","{""key"": ""D5_COMPASJailtime::record::2::cell::priors_count"", ""record_id"": ""2"", ""dataset_id"": ""D5_COMPASJailtime"", ""attribute"": ""priors_count"", ""value"": 5, ""dtype"": ""int64"", ""artifact_kind"": ""DataCellArtifact"", ""privacy_categories"": [""criminal_justice_sensitive"", ""sensitive_personal_data""], ""privacy_categories_explicit"": [""criminal_justice_sensitive""], ""privacy_usages"": [""criminal_justice_research"", ""research""], ""privacy_erasures"": [""delete_on_request"", ""retention_5y""], ""privacy_roles"": [""AU"", ""DPO"", ""DS""], ""privacy_annotation_sources"": [""propagated:TR""]}"
"DataCellArtifact|D5_COMPASJailtime::record::2::cell::days_b_screening_arrest","DataCellArtifact","D5_COMPASJailtime::record::2::cell::days_b_screening_arrest","{""key"": ""D5_COMPASJailtime::record::2::cell::days_b_screening_arrest"", ""record_id"": ""2"", ""dataset_id"": ""D5_COMPASJailtime"", ""attribute"": ""days_b_screening_arrest"", ""value"": 2.0, ""dtype"": ""float64"", ""artifact_kind"": ""DataCellArtifact"", ""privacy_categories"": [""criminal_justice_sensitive"", ""temporal_quasi_identifier"", ""sensitive_personal_data""], ""privacy_categories_explicit"": [""criminal_justice_sensitive"", ""temporal_quasi_identifier""], ""privacy_usages"": [""criminal_justice_research"", ""research""], ""privacy_erasures"": [""delete_on_request"", ""retention_5y""], ""privacy_roles"": [""AU"", ""DPO"", ""DS""], ""privacy_annotation_sources"": [""propagated:TR""]}"
"DataCellArtifact|D5_COMPASJailtime::record::2::cell::label","DataCellArtifact","D5_COMPASJailtime::record::2::cell::label","{""key"": ""D5_COMPASJailtime::record::2::cell::label"", ""record_id"": ""2"", ""dataset_id"": ""D5_COMPASJailtime"", ""attribute"": ""label"", ""value"": 0, ""dtype"": ""int64"", ""artifact_kind"": ""DataCellArtifact"", ""privacy_categories"": [""criminal_justice_sensitive"", ""behavioural_sensitive"", ""sensitive_personal_data""], ""privacy_categories_explicit"": [""criminal_justice_sensitive"", ""behavioural_sensitive""], ""privacy_usages"": [""criminal_justice_research"", ""research""], ""privacy_erasures"": [""delete_on_request"", ""retention_5y""], ""privacy_roles"": [""AU"", ""DPO"", ""DS""], ""privacy_annotation_sources"": [""propagated:TR""]}"
"DataCellArtifact|D5_COMPASJailtime::record::2::cell::c_jail_in","DataCellArtifact","D5_COMPASJailtime::record::2::cell::c_jail_in","{""key"": ""D5_COMPASJailtime::record::2::cell::c_jail_in"", ""record_id"": ""2"", ""dataset_id"": ""D5_COMPASJailtime"", ""attribute"": ""c_jail_in"", ""value"": ""2013-03-05"", ""dtype"": ""str"", ""artifact_kind"": ""DataCellArtifact"", ""privacy_categories"": [""criminal_justice_sensitive"", ""temporal_quasi_identifier"", ""sensitive_personal_data""], ""privacy_categories_explicit"": [""criminal_justice_sensitive"", ""temporal_quasi_identifier""], ""privacy_usages"": [""criminal_justice_research"", ""research""], ""privacy_erasures"": [""delete_on_request"", ""retention_5y""], ""privacy_roles"": [""AU"", ""DPO"", ""DS""], ""privacy_annotation_sources"": [""propagated:TR""]}"
"DataCellArtifact|D5_COMPASJailtime::record::2::cell::c_jail_out","DataCellArtifact","D5_COMPASJailtime::record::2::cell::c_jail_out","{""key"": ""D5_COMPASJailtime::record::2::cell::c_jail_out"", ""record_id"": ""2"", ""dataset_id"": ""D5_COMPASJailtime"", ""attribute"": ""c_jail_out"", ""value"": ""2013-03-20"", ""dtype"": ""str"", ""artifact_kind"": ""DataCellArtifact"", ""privacy_categories"": [""criminal_justice_sensitive"", ""temporal_quasi_identifier"", ""sensitive_personal_data""], ""privacy_categories_explicit"": [""criminal_justice_sensitive"", ""temporal_quasi_identifier""], ""privacy_usages"": [""criminal_justice_research"", ""research""], ""privacy_erasures"": [""delete_on_request"", ""retention_5y""], ""privacy_roles"": [""AU"", ""DPO"", ""DS""], ""privacy_annotation_sources"": [""propagated:TR""]}"
"DataCellArtifact|D5_COMPASJailtime::record::2::cell::jailtime","DataCellArtifact","D5_COMPASJailtime::record::2::cell::jailtime","{""key"": ""D5_COMPASJailtime::record::2::cell::jailtime"", ""record_id"": ""2"", ""dataset_id"": ""D5_COMPASJailtime"", ""attribute"": ""jailtime"", ""value"": 15, ""dtype"": ""int64"", ""artifact_kind"": ""DataCellArtifact"", ""privacy_categories"": [""criminal_justice_sensitive"", ""temporal_quasi_identifier"", ""sensitive_personal_data""], ""privacy_categories_explicit"": [""criminal_justice_sensitive"", ""temporal_quasi_identifier""], ""privacy_usages"": [""criminal_justice_research"", ""research""], ""privacy_erasures"": [""delete_on_request"", ""retention_5y""], ""privacy_roles"": [""AU"", ""DPO"", ""DS""], ""privacy_annotation_sources"": [""propagated:TR""]}"
"DataRecordArtifact|D5_COMPASJailtime::record::4","DataRecordArtifact","D5_COMPASJailtime::record::4","{""key"": ""D5_COMPASJailtime::record::4"", ""record_id"": ""4"", ""dataset_id"": ""D5_COMPASJailtime"", ""artifact_kind"": ""DataRecordArtifact"", ""privacy_categories"": [""quasi_identifier"", ""criminal_justice_sensitive"", ""race_ethnicity"", ""protected_attribute"", ""gender"", ""temporal_quasi_identifier"", ""behavioural_sensitive"", ""personal_data"", ""sensitive_personal_data""], ""privacy_categories_explicit"": [""quasi_identifier"", ""criminal_justice_sensitive"", ""race_ethnicity"", ""protected_attribute"", ""gender"", ""temporal_quasi_identifier"", ""behavioural_sensitive""], ""privacy_usages"": [""criminal_justice_research"", ""research""], ""privacy_erasures"": [""delete_on_request"", ""retention_5y""], ""privacy_roles"": [""AU"", ""DPO"", ""DS""], ""privacy_annotation_sources"": [""propagated:TR""]}"
"DataCellArtifact|D5_COMPASJailtime::record::4::cell::age","DataCellArtifact","D5_COMPASJailtime::record::4::cell::age","{""key"": ""D5_COMPASJailtime::record::4::cell::age"", ""record_id"": ""4"", ""dataset_id"": ""D5_COMPASJailtime"", ""attribute"": ""age"", ""value"": 51, ""dtype"": ""int64"", ""artifact_kind"": ""DataCellArtifact"", ""privacy_categories"": [""quasi_identifier"", ""personal_data""], ""privacy_categories_explicit"": [""quasi_identifier""], ""privacy_usages"": [""criminal_justice_research"", ""research""], ""privacy_erasures"": [""delete_on_request"", ""retention_5y""], ""privacy_roles"": [""AU"", ""DPO"", ""DS""], ""privacy_annotation_sources"": [""propagated:TR""]}"
"DataCellArtifact|D5_COMPASJailtime::record::4::cell::c_charge_degree","DataCellArtifact","D5_COMPASJailtime::record::4::cell::c_charge_degree","{""key"": ""D5_COMPASJailtime::record::4::cell::c_charge_degree"", ""record_id"": ""4"", ""dataset_id"": ""D5_COMPASJailtime"", ""attribute"": ""c_charge_degree"", ""value"": ""F"", ""dtype"": ""str"", ""artifact_kind"": ""DataCellArtifact"", ""privacy_categories"": [""criminal_justice_sensitive"", ""sensitive_personal_data""], ""privacy_categories_explicit"": [""criminal_justice_sensitive""], ""privacy_usages"": [""criminal_justice_research"", ""research""], ""privacy_erasures"": [""delete_on_request"", ""retention_5y""], ""privacy_roles"": [""AU"", ""DPO"", ""DS""], ""privacy_annotation_sources"": [""propagated:TR""]}"
"DataCellArtifact|D5_COMPASJailtime::record::4::cell::race","DataCellArtifact","D5_COMPASJailtime::record::4::cell::race","{""key"": ""D5_COMPASJailtime::record::4::cell::race"", ""record_id"": ""4"", ""dataset_id"": ""D5_COMPASJailtime"", ""attribute"": ""race"", ""value"": 0, ""dtype"": ""int64"", ""artifact_kind"": ""DataCellArtifact"", ""privacy_categories"": [""race_ethnicity"", ""protected_attribute"", ""sensitive_personal_data""], ""privacy_categories_explicit"": [""race_ethnicity"", ""protected_attribute""], ""privacy_usages"": [""criminal_justice_research"", ""research""], ""privacy_erasures"": [""delete_on_request"", ""retention_5y""], ""privacy_roles"": [""AU"", ""DPO"", ""DS""], ""privacy_annotation_sources"": [""propagated:TR""]}"
"DataCellArtifact|D5_COMPASJailtime::record::4::cell::sex","DataCellArtifact","D5_COMPASJailtime::record::4::cell::sex","{""key"": ""D5_COMPASJailtime::record::4::cell::sex"", ""record_id"": ""4"", ""dataset_id"": ""D5_COMPASJailtime"", ""attribute"": ""sex"", ""value"": ""Female"", ""dtype"": ""str"", ""artifact_kind"": ""DataCellArtifact"", ""privacy_categories"": [""gender"", ""protected_attribute"", ""sensitive_personal_data""], ""privacy_categories_explicit"": [""gender"", ""protected_attribute""], ""privacy_usages"": [""criminal_justice_research"", ""research""], ""privacy_erasures"": [""delete_on_request"", ""retention_5y""], ""privacy_roles"": [""AU"", ""DPO"", ""DS""], ""privacy_annotation_sources"": [""propagated:TR""]}"
"DataCellArtifact|D5_COMPASJailtime::record::4::cell::priors_count","DataCellArtifact","D5_COMPASJailtime::record::4::cell::priors_count","{""key"": ""D5_COMPASJailtime::record::4::cell::priors_count"", ""record_id"": ""4"", ""dataset_id"": ""D5_COMPASJailtime"", ""attribute"": ""priors_count"", ""value"": 3, ""dtype"": ""int64"", ""artifact_kind"": ""DataCellArtifact"", ""privacy_categories"": [""criminal_justice_sensitive"", ""sensitive_personal_data""], ""privacy_categories_explicit"": [""criminal_justice_sensitive""], ""privacy_usages"": [""criminal_justice_research"", ""research""], ""privacy_erasures"": [""delete_on_request"", ""retention_5y""], ""privacy_roles"": [""AU"", ""DPO"", ""DS""], ""privacy_annotation_sources"": [""propagated:TR""]}"
"DataCellArtifact|D5_COMPASJailtime::record::4::cell::days_b_screening_arrest","DataCellArtifact","D5_COMPASJailtime::record::4::cell::days_b_screening_arrest","{""key"": ""D5_COMPASJailtime::record::4::cell::days_b_screening_arrest"", ""record_id"": ""4"", ""dataset_id"": ""D5_COMPASJailtime"", ""attribute"": ""days_b_screening_arrest"", ""value"": -3.0, ""dtype"": ""float64"", ""artifact_kind"": ""DataCellArtifact"", ""privacy_categories"": [""criminal_justice_sensitive"", ""temporal_quasi_identifier"", ""sensitive_personal_data""], ""privacy_categories_explicit"": [""criminal_justice_sensitive"", ""temporal_quasi_identifier""], ""privacy_usages"": [""criminal_justice_research"", ""research""], ""privacy_erasures"": [""delete_on_request"", ""retention_5y""], ""privacy_roles"": [""AU"", ""DPO"", ""DS""], ""privacy_annotation_sources"": [""propagated:TR""]}"
"DataCellArtifact|D5_COMPASJailtime::record::4::cell::label","DataCellArtifact","D5_COMPASJailtime::record::4::cell::label","{""key"": ""D5_COMPASJailtime::record::4::cell::label"", ""record_id"": ""4"", ""dataset_id"": ""D5_COMPASJailtime"", ""attribute"": ""label"", ""value"": 0, ""dtype"": ""int64"", ""artifact_kind"": ""DataCellArtifact"", ""privacy_categories"": [""criminal_justice_sensitive"", ""behavioural_sensitive"", ""sensitive_personal_data""], ""privacy_categories_explicit"": [""criminal_justice_sensitive"", ""behavioural_sensitive""], ""privacy_usages"": [""criminal_justice_research"", ""research""], ""privacy_erasures"": [""delete_on_request"", ""retention_5y""], ""privacy_roles"": [""AU"", ""DPO"", ""DS""], ""privacy_annotation_sources"": [""propagated:TR""]}"
"DataCellArtifact|D5_COMPASJailtime::record::4::cell::c_jail_in","DataCellArtifact","D5_COMPASJailtime::record::4::cell::c_jail_in","{""key"": ""D5_COMPASJailtime::record::4::cell::c_jail_in"", ""record_id"": ""4"", ""dataset_id"": ""D5_COMPASJailtime"", ""attribute"": ""c_jail_in"", ""value"": ""2013-05-01"", ""dtype"": ""str"", ""artifact_kind"": ""DataCellArtifact"", ""privacy_categories"": [""criminal_justice_sensitive"", ""temporal_quasi_identifier"", ""sensitive_personal_data""], ""privacy_categories_explicit"": [""criminal_justice_sensitive"", ""temporal_quasi_identifier""], ""privacy_usages"": [""criminal_justice_research"", ""research""], ""privacy_erasures"": [""delete_on_request"", ""retention_5y""], ""privacy_roles"": [""AU"", ""DPO"", ""DS""], ""privacy_annotation_sources"": [""propagated:TR""]}"
"DataCellArtifact|D5_COMPASJailtime::record::4::cell::c_jail_out","DataCellArtifact","D5_COMPASJailtime::record::4::cell::c_jail_out","{""key"": ""D5_COMPASJailtime::record::4::cell::c_jail_out"", ""record_id"": ""4"", ""dataset_id"": ""D5_COMPASJailtime"", ""attribute"": ""c_jail_out"", ""value"": ""2013-05-20"", ""dtype"": ""str"", ""artifact_kind"": ""DataCellArtifact"", ""privacy_categories"": [""criminal_justice_sensitive"", ""temporal_quasi_identifier"", ""sensitive_personal_data""], ""privacy_categories_explicit"": [""criminal_justice_sensitive"", ""temporal_quasi_identifier""], ""privacy_usages"": [""criminal_justice_research"", ""research""], ""privacy_erasures"": [""delete_on_request"", ""retention_5y""], ""privacy_roles"": [""AU"", ""DPO"", ""DS""], ""privacy_annotation_sources"": [""propagated:TR""]}"
"DataCellArtifact|D5_COMPASJailtime::record::4::cell::jailtime","DataCellArtifact","D5_COMPASJailtime::record::4::cell::jailtime","{""key"": ""D5_COMPASJailtime::record::4::cell::jailtime"", ""record_id"": ""4"", ""dataset_id"": ""D5_COMPASJailtime"", ""attribute"": ""jailtime"", ""value"": 19, ""dtype"": ""int64"", ""artifact_kind"": ""DataCellArtifact"", ""privacy_categories"": [""criminal_justice_sensitive"", ""temporal_quasi_identifier"", ""sensitive_personal_data""], ""privacy_categories_explicit"": [""criminal_justice_sensitive"", ""temporal_quasi_identifier""], ""privacy_usages"": [""criminal_justice_research"", ""research""], ""privacy_erasures"": [""delete_on_request"", ""retention_5y""], ""privacy_roles"": [""AU"", ""DPO"", ""DS""], ""privacy_annotation_sources"": [""propagated:TR""]}"
"DataRecordArtifact|D5_COMPASJailtime::record::5","DataRecordArtifact","D5_COMPASJailtime::record::5","{""key"": ""D5_COMPASJailtime::record::5"", ""record_id"": ""5"", ""dataset_id"": ""D5_COMPASJailtime"", ""artifact_kind"": ""DataRecordArtifact"", ""privacy_categories"": [""quasi_identifier"", ""criminal_justice_sensitive"", ""race_ethnicity"", ""protected_attribute"", ""gender"", ""temporal_quasi_identifier"", ""behavioural_sensitive"", ""personal_data"", ""sensitive_personal_data""], ""privacy_categories_explicit"": [""quasi_identifier"", ""criminal_justice_sensitive"", ""race_ethnicity"", ""protected_attribute"", ""gender"", ""temporal_quasi_identifier"", ""behavioural_sensitive""], ""privacy_usages"": [""criminal_justice_research"", ""research""], ""privacy_erasures"": [""delete_on_request"", ""retention_5y""], ""privacy_roles"": [""AU"", ""DPO"", ""DS""], ""privacy_annotation_sources"": [""propagated:TR""]}"
"DataCellArtifact|D5_COMPASJailtime::record::5::cell::age","DataCellArtifact","D5_COMPASJailtime::record::5::cell::age","{""key"": ""D5_COMPASJailtime::record::5::cell::age"", ""record_id"": ""5"", ""dataset_id"": ""D5_COMPASJailtime"", ""attribute"": ""age"", ""value"": 29, ""dtype"": ""int64"", ""artifact_kind"": ""DataCellArtifact"", ""privacy_categories"": [""quasi_identifier"", ""personal_data""], ""privacy_categories_explicit"": [""quasi_identifier""], ""privacy_usages"": [""criminal_justice_research"", ""research""], ""privacy_erasures"": [""delete_on_request"", ""retention_5y""], ""privacy_roles"": [""AU"", ""DPO"", ""DS""], ""privacy_annotation_sources"": [""propagated:TR""]}"
"DataCellArtifact|D5_COMPASJailtime::record::5::cell::c_charge_degree","DataCellArtifact","D5_COMPASJailtime::record::5::cell::c_charge_degree","{""key"": ""D5_COMPASJailtime::record::5::cell::c_charge_degree"", ""record_id"": ""5"", ""dataset_id"": ""D5_COMPASJailtime"", ""attribute"": ""c_charge_degree"", ""value"": ""M"", ""dtype"": ""str"", ""artifact_kind"": ""DataCellArtifact"", ""privacy_categories"": [""criminal_justice_sensitive"", ""sensitive_personal_data""], ""privacy_categories_explicit"": [""criminal_justice_sensitive""], ""privacy_usages"": [""criminal_justice_research"", ""research""], ""privacy_erasures"": [""delete_on_request"", ""retention_5y""], ""privacy_roles"": [""AU"", ""DPO"", ""DS""], ""privacy_annotation_sources"": [""propagated:TR""]}"
"DataCellArtifact|D5_COMPASJailtime::record::5::cell::race","DataCellArtifact","D5_COMPASJailtime::record::5::cell::race","{""key"": ""D5_COMPASJailtime::record::5::cell::race"", ""record_id"": ""5"", ""dataset_id"": ""D5_COMPASJailtime"", ""attribute"": ""race"", ""value"": 0, ""dtype"": ""int64"", ""artifact_kind"": ""DataCellArtifact"", ""privacy_categories"": [""race_ethnicity"", ""protected_attribute"", ""sensitive_personal_data""], ""privacy_categories_explicit"": [""race_ethnicity"", ""protected_attribute""], ""privacy_usages"": [""criminal_justice_research"", ""research""], ""privacy_erasures"": [""delete_on_request"", ""retention_5y""], ""privacy_roles"": [""AU"", ""DPO"", ""DS""], ""privacy_annotation_sources"": [""propagated:TR""]}"
"DataCellArtifact|D5_COMPASJailtime::record::5::cell::sex","DataCellArtifact","D5_COMPASJailtime::record::5::cell::sex","{""key"": ""D5_COMPASJailtime::record::5::cell::sex"", ""record_id"": ""5"", ""dataset_id"": ""D5_COMPASJailtime"", ""attribute"": ""sex"", ""value"": ""Male"", ""dtype"": ""str"", ""artifact_kind"": ""DataCellArtifact"", ""privacy_categories"": [""gender"", ""protected_attribute"", ""sensitive_personal_data""], ""privacy_categories_explicit"": [""gender"", ""protected_attribute""], ""privacy_usages"": [""criminal_justice_research"", ""research""], ""privacy_erasures"": [""delete_on_request"", ""retention_5y""], ""privacy_roles"": [""AU"", ""DPO"", ""DS""], ""privacy_annotation_sources"": [""propagated:TR""]}"
"DataCellArtifact|D5_COMPASJailtime::record::5::cell::priors_count","DataCellArtifact","D5_COMPASJailtime::record::5::cell::priors_count","{""key"": ""D5_COMPASJailtime::record::5::cell::priors_count"", ""record_id"": ""5"", ""dataset_id"": ""D5_COMPASJailtime"", ""attribute"": ""priors_count"", ""value"": 0, ""dtype"": ""int64"", ""artifact_kind"": ""DataCellArtifact"", ""privacy_categories"": [""criminal_justice_sensitive"", ""sensitive_personal_data""], ""privacy_categories_explicit"": [""criminal_justice_sensitive""], ""privacy_usages"": [""criminal_justice_research"", ""research""], ""privacy_erasures"": [""delete_on_request"", ""retention_5y""], ""privacy_roles"": [""AU"", ""DPO"", ""DS""], ""privacy_annotation_sources"": [""propagated:TR""]}"
"DataCellArtifact|D5_COMPASJailtime::record::5::cell::days_b_screening_arrest","DataCellArtifact","D5_COMPASJailtime::record::5::cell::days_b_screening_arrest","{""key"": ""D5_COMPASJailtime::record::5::cell::days_b_screening_arrest"", ""record_id"": ""5"", ""dataset_id"": ""D5_COMPASJailtime"", ""attribute"": ""days_b_screening_arrest"", ""value"": 1.0, ""dtype"": ""float64"", ""artifact_kind"": ""DataCellArtifact"", ""privacy_categories"": [""criminal_justice_sensitive"", ""temporal_quasi_identifier"", ""sensitive_personal_data""], ""privacy_categories_explicit"": [""criminal_justice_sensitive"", ""temporal_quasi_identifier""], ""privacy_usages"": [""criminal_justice_research"", ""research""], ""privacy_erasures"": [""delete_on_request"", ""retention_5y""], ""privacy_roles"": [""AU"", ""DPO"", ""DS""], ""privacy_annotation_sources"": [""propagated:TR""]}"
"DataCellArtifact|D5_COMPASJailtime::record::5::cell::label","DataCellArtifact","D5_COMPASJailtime::record::5::cell::label","{""key"": ""D5_COMPASJailtime::record::5::cell::label"", ""record_id"": ""5"", ""dataset_id"": ""D5_COMPASJailtime"", ""attribute"": ""label"", ""value"": 1, ""dtype"": ""int64"", ""artifact_kind"": ""DataCellArtifact"", ""privacy_categories"": [""criminal_justice_sensitive"", ""behavioural_sensitive"", ""sensitive_personal_data""], ""privacy_categories_explicit"": [""criminal_justice_sensitive"", ""behavioural_sensitive""], ""privacy_usages"": [""criminal_justice_research"", ""research""], ""privacy_erasures"": [""delete_on_request"", ""retention_5y""], ""privacy_roles"": [""AU"", ""DPO"", ""DS""], ""privacy_annotation_sources"": [""propagated:TR""]}"
"DataCellArtifact|D5_COMPASJailtime::record::5::cell::c_jail_in","DataCellArtifact","D5_COMPASJailtime::record::5::cell::c_jail_in","{""key"": ""D5_COMPASJailtime::record::5::cell::c_jail_in"", ""record_id"": ""5"", ""dataset_id"": ""D5_COMPASJailtime"", ""attribute"": ""c_jail_in"", ""value"": ""2013-06-15"", ""dtype"": ""str"", ""artifact_kind"": ""DataCellArtifact"", ""privacy_categories"": [""criminal_justice_sensitive"", ""temporal_quasi_identifier"", ""sensitive_personal_data""], ""privacy_categories_explicit"": [""criminal_justice_sensitive"", ""temporal_quasi_identifier""], ""privacy_usages"": [""criminal_justice_research"", ""research""], ""privacy_erasures"": [""delete_on_request"", ""retention_5y""], ""privacy_roles"": [""AU"", ""DPO"", ""DS""], ""privacy_annotation_sources"": [""propagated:TR""]}"
"DataCellArtifact|D5_COMPASJailtime::record::5::cell::c_jail_out","DataCellArtifact","D5_COMPASJailtime::record::5::cell::c_jail_out","{""key"": ""D5_COMPASJailtime::record::5::cell::c_jail_out"", ""record_id"": ""5"", ""dataset_id"": ""D5_COMPASJailtime"", ""attribute"": ""c_jail_out"", ""value"": ""2013-06-17"", ""dtype"": ""str"", ""artifact_kind"": ""DataCellArtifact"", ""privacy_categories"": [""criminal_justice_sensitive"", ""temporal_quasi_identifier"", ""sensitive_personal_data""], ""privacy_categories_explicit"": [""criminal_justice_sensitive"", ""temporal_quasi_identifier""], ""privacy_usages"": [""criminal_justice_research"", ""research""], ""privacy_erasures"": [""delete_on_request"", ""retention_5y""], ""privacy_roles"": [""AU"", ""DPO"", ""DS""], ""privacy_annotation_sources"": [""propagated:TR""]}"
"DataCellArtifact|D5_COMPASJailtime::record::5::cell::jailtime","DataCellArtifact","D5_COMPASJailtime::record::5::cell::jailtime","{""key"": ""D5_COMPASJailtime::record::5::cell::jailtime"", ""record_id"": ""5"", ""dataset_id"": ""D5_COMPASJailtime"", ""attribute"": ""jailtime"", ""value"": 2, ""dtype"": ""int64"", ""artifact_kind"": ""DataCellArtifact"", ""privacy_categories"": [""criminal_justice_sensitive"", ""temporal_quasi_identifier"", ""sensitive_personal_data""], ""privacy_categories_explicit"": [""criminal_justice_sensitive"", ""temporal_quasi_identifier""], ""privacy_usages"": [""criminal_justice_research"", ""research""], ""privacy_erasures"": [""delete_on_request"", ""retention_5y""], ""privacy_roles"": [""AU"", ""DPO"", ""DS""], ""privacy_annotation_sources"": [""propagated:TR""]}"
"StepRun|run_fc7d525c22::006::B5_drop_jail_dates","StepRun","run_fc7d525c22::006::B5_drop_jail_dates","{""key"": ""run_fc7d525c22::006::B5_drop_jail_dates"", ""step_id"": ""B5_drop_jail_dates"", ""phase"": ""FeatureSelection"", ""framework"": ""python"", ""operatorType"": ""RED"", ""policy_id"": ""B5_drop_jail_dates_policy"", ""input_artifacts"": [""D5_COMPASJailtime""], ""output_artifacts"": [""D6_COMPASNoJailDates""], ""duration_seconds"": 0.0009393692016601562, ""status"": ""success"", ""operation_policy_id"": ""B5_drop_jail_dates_policy"", ""contributorGranularity"": ""cell""}"
"DatasetArtifact|D6_COMPASNoJailDates","DatasetArtifact","D6_COMPASNoJailDates","{""key"": ""D6_COMPASNoJailDates"", ""name"": ""D6_COMPASNoJailDates"", ""role"": ""derived"", ""source"": ""step:B5_drop_jail_dates"", ""n_rows"": 5, ""n_cols"": 8, ""columns"": [""age"", ""c_charge_degree"", ""race"", ""sex"", ""priors_count"", ""days_b_screening_arrest"", ""label"", ""jailtime""], ""record_id_col"": null, ""artifact_kind"": ""DatasetArtifact"", ""privacy_categories"": [""quasi_identifier"", ""criminal_justice_sensitive"", ""race_ethnicity"", ""protected_attribute"", ""gender"", ""behavioural_sensitive"", ""personal_data"", ""sensitive_personal_data""], ""privacy_categories_explicit"": [""quasi_identifier"", ""criminal_justice_sensitive"", ""race_ethnicity"", ""protected_attribute"", ""gender"", ""behavioural_sensitive""], ""privacy_usages"": [""criminal_justice_research"", ""research""], ""privacy_erasures"": [""delete_on_request"", ""retention_5y""], ""privacy_roles"": [""AU"", ""DPO"", ""DS""], ""privacy_annotation_sources"": [""propagated:RED""]}"
"DataRecordArtifact|D6_COMPASNoJailDates::record::0","DataRecordArtifact","D6_COMPASNoJailDates::record::0","{""key"": ""D6_COMPASNoJailDates::record::0"", ""record_id"": ""0"", ""dataset_id"": ""D6_COMPASNoJailDates"", ""artifact_kind"": ""DataRecordArtifact"", ""privacy_categories"": [""quasi_identifier"", ""criminal_justice_sensitive"", ""race_ethnicity"", ""protected_attribute"", ""gender"", ""temporal_quasi_identifier"", ""behavioural_sensitive"", ""personal_data"", ""sensitive_personal_data""], ""privacy_categories_explicit"": [""quasi_identifier"", ""criminal_justice_sensitive"", ""race_ethnicity"", ""protected_attribute"", ""gender"", ""temporal_quasi_identifier"", ""behavioural_sensitive""], ""privacy_usages"": [""criminal_justice_research"", ""research""], ""privacy_erasures"": [""delete_on_request"", ""retention_5y""], ""privacy_roles"": [""AU"", ""DPO"", ""DS""], ""privacy_annotation_sources"": [""propagated:RED""]}"
"DataCellArtifact|D6_COMPASNoJailDates::record::0::cell::age","DataCellArtifact","D6_COMPASNoJailDates::record::0::cell::age","{""key"": ""D6_COMPASNoJailDates::record::0::cell::age"", ""record_id"": ""0"", ""dataset_id"": ""D6_COMPASNoJailDates"", ""attribute"": ""age"", ""value"": 25, ""dtype"": ""int64"", ""artifact_kind"": ""DataCellArtifact"", ""privacy_categories"": [""quasi_identifier"", ""personal_data""], ""privacy_categories_explicit"": [""quasi_identifier""], ""privacy_usages"": [""criminal_justice_research"", ""research""], ""privacy_erasures"": [""delete_on_request"", ""retention_5y""], ""privacy_roles"": [""AU"", ""DPO"", ""DS""], ""privacy_annotation_sources"": [""propagated:RED""]}"
"DataCellArtifact|D6_COMPASNoJailDates::record::0::cell::c_charge_degree","DataCellArtifact","D6_COMPASNoJailDates::record::0::cell::c_charge_degree","{""key"": ""D6_COMPASNoJailDates::record::0::cell::c_charge_degree"", ""record_id"": ""0"", ""dataset_id"": ""D6_COMPASNoJailDates"", ""attribute"": ""c_charge_degree"", ""value"": ""F"", ""dtype"": ""str"", ""artifact_kind"": ""DataCellArtifact"", ""privacy_categories"": [""criminal_justice_sensitive"", ""sensitive_personal_data""], ""privacy_categories_explicit"": [""criminal_justice_sensitive""], ""privacy_usages"": [""criminal_justice_research"", ""research""], ""privacy_erasures"": [""delete_on_request"", ""retention_5y""], ""privacy_roles"": [""AU"", ""DPO"", ""DS""], ""privacy_annotation_sources"": [""propagated:RED""]}"
"DataCellArtifact|D6_COMPASNoJailDates::record::0::cell::race","DataCellArtifact","D6_COMPASNoJailDates::record::0::cell::race","{""key"": ""D6_COMPASNoJailDates::record::0::cell::race"", ""record_id"": ""0"", ""dataset_id"": ""D6_COMPASNoJailDates"", ""attribute"": ""race"", ""value"": 0, ""dtype"": ""int64"", ""artifact_kind"": ""DataCellArtifact"", ""privacy_categories"": [""race_ethnicity"", ""protected_attribute"", ""sensitive_personal_data""], ""privacy_categories_explicit"": [""race_ethnicity"", ""protected_attribute""], ""privacy_usages"": [""criminal_justice_research"", ""research""], ""privacy_erasures"": [""delete_on_request"", ""retention_5y""], ""privacy_roles"": [""AU"", ""DPO"", ""DS""], ""privacy_annotation_sources"": [""propagated:RED""]}"
"DataCellArtifact|D6_COMPASNoJailDates::record::0::cell::sex","DataCellArtifact","D6_COMPASNoJailDates::record::0::cell::sex","{""key"": ""D6_COMPASNoJailDates::record::0::cell::sex"", ""record_id"": ""0"", ""dataset_id"": ""D6_COMPASNoJailDates"", ""attribute"": ""sex"", ""value"": ""Male"", ""dtype"": ""str"", ""artifact_kind"": ""DataCellArtifact"", ""privacy_categories"": [""gender"", ""protected_attribute"", ""sensitive_personal_data""], ""privacy_categories_explicit"": [""gender"", ""protected_attribute""], ""privacy_usages"": [""criminal_justice_research"", ""research""], ""privacy_erasures"": [""delete_on_request"", ""retention_5y""], ""privacy_roles"": [""AU"", ""DPO"", ""DS""], ""privacy_annotation_sources"": [""propagated:RED""]}"
"DataCellArtifact|D6_COMPASNoJailDates::record::0::cell::priors_count","DataCellArtifact","D6_COMPASNoJailDates::record::0::cell::priors_count","{""key"": ""D6_COMPASNoJailDates::record::0::cell::priors_count"", ""record_id"": ""0"", ""dataset_id"": ""D6_COMPASNoJailDates"", ""attribute"": ""priors_count"", ""value"": 2, ""dtype"": ""int64"", ""artifact_kind"": ""DataCellArtifact"", ""privacy_categories"": [""criminal_justice_sensitive"", ""sensitive_personal_data""], ""privacy_categories_explicit"": [""criminal_justice_sensitive""], ""privacy_usages"": [""criminal_justice_research"", ""research""], ""privacy_erasures"": [""delete_on_request"", ""retention_5y""], ""privacy_roles"": [""AU"", ""DPO"", ""DS""], ""privacy_annotation_sources"": [""propagated:RED""]}"
"DataCellArtifact|D6_COMPASNoJailDates::record::0::cell::days_b_screening_arrest","DataCellArtifact","D6_COMPASNoJailDates::record::0::cell::days_b_screening_arrest","{""key"": ""D6_COMPASNoJailDates::record::0::cell::days_b_screening_arrest"", ""record_id"": ""0"", ""dataset_id"": ""D6_COMPASNoJailDates"", ""attribute"": ""days_b_screening_arrest"", ""value"": -1.0, ""dtype"": ""float64"", ""artifact_kind"": ""DataCellArtifact"", ""privacy_categories"": [""criminal_justice_sensitive"", ""temporal_quasi_identifier"", ""sensitive_personal_data""], ""privacy_categories_explicit"": [""criminal_justice_sensitive"", ""temporal_quasi_identifier""], ""privacy_usages"": [""criminal_justice_research"", ""research""], ""privacy_erasures"": [""delete_on_request"", ""retention_5y""], ""privacy_roles"": [""AU"", ""DPO"", ""DS""], ""privacy_annotation_sources"": [""propagated:RED""]}"
"DataCellArtifact|D6_COMPASNoJailDates::record::0::cell::label","DataCellArtifact","D6_COMPASNoJailDates::record::0::cell::label","{""key"": ""D6_COMPASNoJailDates::record::0::cell::label"", ""record_id"": ""0"", ""dataset_id"": ""D6_COMPASNoJailDates"", ""attribute"": ""label"", ""value"": 0, ""dtype"": ""int64"", ""artifact_kind"": ""DataCellArtifact"", ""privacy_categories"": [""criminal_justice_sensitive"", ""behavioural_sensitive"", ""sensitive_personal_data""], ""privacy_categories_explicit"": [""criminal_justice_sensitive"", ""behavioural_sensitive""], ""privacy_usages"": [""criminal_justice_research"", ""research""], ""privacy_erasures"": [""delete_on_request"", ""retention_5y""], ""privacy_roles"": [""AU"", ""DPO"", ""DS""], ""privacy_annotation_sources"": [""propagated:RED""]}"
"DataCellArtifact|D6_COMPASNoJailDates::record::0::cell::jailtime","DataCellArtifact","D6_COMPASNoJailDates::record::0::cell::jailtime","{""key"": ""D6_COMPASNoJailDates::record::0::cell::jailtime"", ""record_id"": ""0"", ""dataset_id"": ""D6_COMPASNoJailDates"", ""attribute"": ""jailtime"", ""value"": 9, ""dtype"": ""int64"", ""artifact_kind"": ""DataCellArtifact"", ""privacy_categories"": [""criminal_justice_sensitive"", ""temporal_quasi_identifier"", ""sensitive_personal_data""], ""privacy_categories_explicit"": [""criminal_justice_sensitive"", ""temporal_quasi_identifier""], ""privacy_usages"": [""criminal_justice_research"", ""research""], ""privacy_erasures"": [""delete_on_request"", ""retention_5y""], ""privacy_roles"": [""AU"", ""DPO"", ""DS""], ""privacy_annotation_sources"": [""propagated:RED""]}"
"DataRecordArtifact|D6_COMPASNoJailDates::record::1","DataRecordArtifact","D6_COMPASNoJailDates::record::1","{""key"": ""D6_COMPASNoJailDates::record::1"", ""record_id"": ""1"", ""dataset_id"": ""D6_COMPASNoJailDates"", ""artifact_kind"": ""DataRecordArtifact"", ""privacy_categories"": [""quasi_identifier"", ""criminal_justice_sensitive"", ""race_ethnicity"", ""protected_attribute"", ""gender"", ""temporal_quasi_identifier"", ""behavioural_sensitive"", ""personal_data"", ""sensitive_personal_data""], ""privacy_categories_explicit"": [""quasi_identifier"", ""criminal_justice_sensitive"", ""race_ethnicity"", ""protected_attribute"", ""gender"", ""temporal_quasi_identifier"", ""behavioural_sensitive""], ""privacy_usages"": [""criminal_justice_research"", ""research""], ""privacy_erasures"": [""delete_on_request"", ""retention_5y""], ""privacy_roles"": [""AU"", ""DPO"", ""DS""], ""privacy_annotation_sources"": [""propagated:RED""]}"
"DataCellArtifact|D6_COMPASNoJailDates::record::1::cell::age","DataCellArtifact","D6_COMPASNoJailDates::record::1::cell::age","{""key"": ""D6_COMPASNoJailDates::record::1::cell::age"", ""record_id"": ""1"", ""dataset_id"": ""D6_COMPASNoJailDates"", ""attribute"": ""age"", ""value"": 34, ""dtype"": ""int64"", ""artifact_kind"": ""DataCellArtifact"", ""privacy_categories"": [""quasi_identifier"", ""personal_data""], ""privacy_categories_explicit"": [""quasi_identifier""], ""privacy_usages"": [""criminal_justice_research"", ""research""], ""privacy_erasures"": [""delete_on_request"", ""retention_5y""], ""privacy_roles"": [""AU"", ""DPO"", ""DS""], ""privacy_annotation_sources"": [""propagated:RED""]}"
"DataCellArtifact|D6_COMPASNoJailDates::record::1::cell::c_charge_degree","DataCellArtifact","D6_COMPASNoJailDates::record::1::cell::c_charge_degree","{""key"": ""D6_COMPASNoJailDates::record::1::cell::c_charge_degree"", ""record_id"": ""1"", ""dataset_id"": ""D6_COMPASNoJailDates"", ""attribute"": ""c_charge_degree"", ""value"": ""M"", ""dtype"": ""str"", ""artifact_kind"": ""DataCellArtifact"", ""privacy_categories"": [""criminal_justice_sensitive"", ""sensitive_personal_data""], ""privacy_categories_explicit"": [""criminal_justice_sensitive""], ""privacy_usages"": [""criminal_justice_research"", ""research""], ""privacy_erasures"": [""delete_on_request"", ""retention_5y""], ""privacy_roles"": [""AU"", ""DPO"", ""DS""], ""privacy_annotation_sources"": [""propagated:RED""]}"
"DataCellArtifact|D6_COMPASNoJailDates::record::1::cell::race","DataCellArtifact","D6_COMPASNoJailDates::record::1::cell::race","{""key"": ""D6_COMPASNoJailDates::record::1::cell::race"", ""record_id"": ""1"", ""dataset_id"": ""D6_COMPASNoJailDates"", ""attribute"": ""race"", ""value"": 1, ""dtype"": ""int64"", ""artifact_kind"": ""DataCellArtifact"", ""privacy_categories"": [""race_ethnicity"", ""protected_attribute"", ""sensitive_personal_data""], ""privacy_categories_explicit"": [""race_ethnicity"", ""protected_attribute""], ""privacy_usages"": [""criminal_justice_research"", ""research""], ""privacy_erasures"": [""delete_on_request"", ""retention_5y""], ""privacy_roles"": [""AU"", ""DPO"", ""DS""], ""privacy_annotation_sources"": [""propagated:RED""]}"
"DataCellArtifact|D6_COMPASNoJailDates::record::1::cell::sex","DataCellArtifact","D6_COMPASNoJailDates::record::1::cell::sex","{""key"": ""D6_COMPASNoJailDates::record::1::cell::sex"", ""record_id"": ""1"", ""dataset_id"": ""D6_COMPASNoJailDates"", ""attribute"": ""sex"", ""value"": ""Female"", ""dtype"": ""str"", ""artifact_kind"": ""DataCellArtifact"", ""privacy_categories"": [""gender"", ""protected_attribute"", ""sensitive_personal_data""], ""privacy_categories_explicit"": [""gender"", ""protected_attribute""], ""privacy_usages"": [""criminal_justice_research"", ""research""], ""privacy_erasures"": [""delete_on_request"", ""retention_5y""], ""privacy_roles"": [""AU"", ""DPO"", ""DS""], ""privacy_annotation_sources"": [""propagated:RED""]}"
"DataCellArtifact|D6_COMPASNoJailDates::record::1::cell::priors_count","DataCellArtifact","D6_COMPASNoJailDates::record::1::cell::priors_count","{""key"": ""D6_COMPASNoJailDates::record::1::cell::priors_count"", ""record_id"": ""1"", ""dataset_id"": ""D6_COMPASNoJailDates"", ""attribute"": ""priors_count"", ""value"": 0, ""dtype"": ""int64"", ""artifact_kind"": ""DataCellArtifact"", ""privacy_categories"": [""criminal_justice_sensitive"", ""sensitive_personal_data""], ""privacy_categories_explicit"": [""criminal_justice_sensitive""], ""privacy_usages"": [""criminal_justice_research"", ""research""], ""privacy_erasures"": [""delete_on_request"", ""retention_5y""], ""privacy_roles"": [""AU"", ""DPO"", ""DS""], ""privacy_annotation_sources"": [""propagated:RED""]}"
"DataCellArtifact|D6_COMPASNoJailDates::record::1::cell::days_b_screening_arrest","DataCellArtifact","D6_COMPASNoJailDates::record::1::cell::days_b_screening_arrest","{""key"": ""D6_COMPASNoJailDates::record::1::cell::days_b_screening_arrest"", ""record_id"": ""1"", ""dataset_id"": ""D6_COMPASNoJailDates"", ""attribute"": ""days_b_screening_arrest"", ""value"": 0.0, ""dtype"": ""float64"", ""artifact_kind"": ""DataCellArtifact"", ""privacy_categories"": [""criminal_justice_sensitive"", ""temporal_quasi_identifier"", ""sensitive_personal_data""], ""privacy_categories_explicit"": [""criminal_justice_sensitive"", ""temporal_quasi_identifier""], ""privacy_usages"": [""criminal_justice_research"", ""research""], ""privacy_erasures"": [""delete_on_request"", ""retention_5y""], ""privacy_roles"": [""AU"", ""DPO"", ""DS""], ""privacy_annotation_sources"": [""propagated:RED""]}"
"DataCellArtifact|D6_COMPASNoJailDates::record::1::cell::label","DataCellArtifact","D6_COMPASNoJailDates::record::1::cell::label","{""key"": ""D6_COMPASNoJailDates::record::1::cell::label"", ""record_id"": ""1"", ""dataset_id"": ""D6_COMPASNoJailDates"", ""attribute"": ""label"", ""value"": 1, ""dtype"": ""int64"", ""artifact_kind"": ""DataCellArtifact"", ""privacy_categories"": [""criminal_justice_sensitive"", ""behavioural_sensitive"", ""sensitive_personal_data""], ""privacy_categories_explicit"": [""criminal_justice_sensitive"", ""behavioural_sensitive""], ""privacy_usages"": [""criminal_justice_research"", ""research""], ""privacy_erasures"": [""delete_on_request"", ""retention_5y""], ""privacy_roles"": [""AU"", ""DPO"", ""DS""], ""privacy_annotation_sources"": [""propagated:RED""]}"
"DataCellArtifact|D6_COMPASNoJailDates::record::1::cell::jailtime","DataCellArtifact","D6_COMPASNoJailDates::record::1::cell::jailtime","{""key"": ""D6_COMPASNoJailDates::record::1::cell::jailtime"", ""record_id"": ""1"", ""dataset_id"": ""D6_COMPASNoJailDates"", ""attribute"": ""jailtime"", ""value"": 1, ""dtype"": ""int64"", ""artifact_kind"": ""DataCellArtifact"", ""privacy_categories"": [""criminal_justice_sensitive"", ""temporal_quasi_identifier"", ""sensitive_personal_data""], ""privacy_categories_explicit"": [""criminal_justice_sensitive"", ""temporal_quasi_identifier""], ""privacy_usages"": [""criminal_justice_research"", ""research""], ""privacy_erasures"": [""delete_on_request"", ""retention_5y""], ""privacy_roles"": [""AU"", ""DPO"", ""DS""], ""privacy_annotation_sources"": [""propagated:RED""]}"
"DataRecordArtifact|D6_COMPASNoJailDates::record::2","DataRecordArtifact","D6_COMPASNoJailDates::record::2","{""key"": ""D6_COMPASNoJailDates::record::2"", ""record_id"": ""2"", ""dataset_id"": ""D6_COMPASNoJailDates"", ""artifact_kind"": ""DataRecordArtifact"", ""privacy_categories"": [""quasi_identifier"", ""criminal_justice_sensitive"", ""race_ethnicity"", ""protected_attribute"", ""gender"", ""temporal_quasi_identifier"", ""behavioural_sensitive"", ""personal_data"", ""sensitive_personal_data""], ""privacy_categories_explicit"": [""quasi_identifier"", ""criminal_justice_sensitive"", ""race_ethnicity"", ""protected_attribute"", ""gender"", ""temporal_quasi_identifier"", ""behavioural_sensitive""], ""privacy_usages"": [""criminal_justice_research"", ""research""], ""privacy_erasures"": [""delete_on_request"", ""retention_5y""], ""privacy_roles"": [""AU"", ""DPO"", ""DS""], ""privacy_annotation_sources"": [""propagated:RED""]}"
"DataCellArtifact|D6_COMPASNoJailDates::record::2::cell::age","DataCellArtifact","D6_COMPASNoJailDates::record::2::cell::age","{""key"": ""D6_COMPASNoJailDates::record::2::cell::age"", ""record_id"": ""2"", ""dataset_id"": ""D6_COMPASNoJailDates"", ""attribute"": ""age"", ""value"": 45, ""dtype"": ""int64"", ""artifact_kind"": ""DataCellArtifact"", ""privacy_categories"": [""quasi_identifier"", ""personal_data""], ""privacy_categories_explicit"": [""quasi_identifier""], ""privacy_usages"": [""criminal_justice_research"", ""research""], ""privacy_erasures"": [""delete_on_request"", ""retention_5y""], ""privacy_roles"": [""AU"", ""DPO"", ""DS""], ""privacy_annotation_sources"": [""propagated:RED""]}"
"DataCellArtifact|D6_COMPASNoJailDates::record::2::cell::c_charge_degree","DataCellArtifact","D6_COMPASNoJailDates::record::2::cell::c_charge_degree","{""key"": ""D6_COMPASNoJailDates::record::2::cell::c_charge_degree"", ""record_id"": ""2"", ""dataset_id"": ""D6_COMPASNoJailDates"", ""attribute"": ""c_charge_degree"", ""value"": ""F"", ""dtype"": ""str"", ""artifact_kind"": ""DataCellArtifact"", ""privacy_categories"": [""criminal_justice_sensitive"", ""sensitive_personal_data""], ""privacy_categories_explicit"": [""criminal_justice_sensitive""], ""privacy_usages"": [""criminal_justice_research"", ""research""], ""privacy_erasures"": [""delete_on_request"", ""retention_5y""], ""privacy_roles"": [""AU"", ""DPO"", ""DS""], ""privacy_annotation_sources"": [""propagated:RED""]}"
"DataCellArtifact|D6_COMPASNoJailDates::record::2::cell::race","DataCellArtifact","D6_COMPASNoJailDates::record::2::cell::race","{""key"": ""D6_COMPASNoJailDates::record::2::cell::race"", ""record_id"": ""2"", ""dataset_id"": ""D6_COMPASNoJailDates"", ""attribute"": ""race"", ""value"": 0, ""dtype"": ""int64"", ""artifact_kind"": ""DataCellArtifact"", ""privacy_categories"": [""race_ethnicity"", ""protected_attribute"", ""sensitive_personal_data""], ""privacy_categories_explicit"": [""race_ethnicity"", ""protected_attribute""], ""privacy_usages"": [""criminal_justice_research"", ""research""], ""privacy_erasures"": [""delete_on_request"", ""retention_5y""], ""privacy_roles"": [""AU"", ""DPO"", ""DS""], ""privacy_annotation_sources"": [""propagated:RED""]}"
"DataCellArtifact|D6_COMPASNoJailDates::record::2::cell::sex","DataCellArtifact","D6_COMPASNoJailDates::record::2::cell::sex","{""key"": ""D6_COMPASNoJailDates::record::2::cell::sex"", ""record_id"": ""2"", ""dataset_id"": ""D6_COMPASNoJailDates"", ""attribute"": ""sex"", ""value"": ""Male"", ""dtype"": ""str"", ""artifact_kind"": ""DataCellArtifact"", ""privacy_categories"": [""gender"", ""protected_attribute"", ""sensitive_personal_data""], ""privacy_categories_explicit"": [""gender"", ""protected_attribute""], ""privacy_usages"": [""criminal_justice_research"", ""research""], ""privacy_erasures"": [""delete_on_request"", ""retention_5y""], ""privacy_roles"": [""AU"", ""DPO"", ""DS""], ""privacy_annotation_sources"": [""propagated:RED""]}"
"DataCellArtifact|D6_COMPASNoJailDates::record::2::cell::priors_count","DataCellArtifact","D6_COMPASNoJailDates::record::2::cell::priors_count","{""key"": ""D6_COMPASNoJailDates::record::2::cell::priors_count"", ""record_id"": ""2"", ""dataset_id"": ""D6_COMPASNoJailDates"", ""attribute"": ""priors_count"", ""value"": 5, ""dtype"": ""int64"", ""artifact_kind"": ""DataCellArtifact"", ""privacy_categories"": [""criminal_justice_sensitive"", ""sensitive_personal_data""], ""privacy_categories_explicit"": [""criminal_justice_sensitive""], ""privacy_usages"": [""criminal_justice_research"", ""research""], ""privacy_erasures"": [""delete_on_request"", ""retention_5y""], ""privacy_roles"": [""AU"", ""DPO"", ""DS""], ""privacy_annotation_sources"": [""propagated:RED""]}"
"DataCellArtifact|D6_COMPASNoJailDates::record::2::cell::days_b_screening_arrest","DataCellArtifact","D6_COMPASNoJailDates::record::2::cell::days_b_screening_arrest","{""key"": ""D6_COMPASNoJailDates::record::2::cell::days_b_screening_arrest"", ""record_id"": ""2"", ""dataset_id"": ""D6_COMPASNoJailDates"", ""attribute"": ""days_b_screening_arrest"", ""value"": 2.0, ""dtype"": ""float64"", ""artifact_kind"": ""DataCellArtifact"", ""privacy_categories"": [""criminal_justice_sensitive"", ""temporal_quasi_identifier"", ""sensitive_personal_data""], ""privacy_categories_explicit"": [""criminal_justice_sensitive"", ""temporal_quasi_identifier""], ""privacy_usages"": [""criminal_justice_research"", ""research""], ""privacy_erasures"": [""delete_on_request"", ""retention_5y""], ""privacy_roles"": [""AU"", ""DPO"", ""DS""], ""privacy_annotation_sources"": [""propagated:RED""]}"
"DataCellArtifact|D6_COMPASNoJailDates::record::2::cell::label","DataCellArtifact","D6_COMPASNoJailDates::record::2::cell::label","{""key"": ""D6_COMPASNoJailDates::record::2::cell::label"", ""record_id"": ""2"", ""dataset_id"": ""D6_COMPASNoJailDates"", ""attribute"": ""label"", ""value"": 0, ""dtype"": ""int64"", ""artifact_kind"": ""DataCellArtifact"", ""privacy_categories"": [""criminal_justice_sensitive"", ""behavioural_sensitive"", ""sensitive_personal_data""], ""privacy_categories_explicit"": [""criminal_justice_sensitive"", ""behavioural_sensitive""], ""privacy_usages"": [""criminal_justice_research"", ""research""], ""privacy_erasures"": [""delete_on_request"", ""retention_5y""], ""privacy_roles"": [""AU"", ""DPO"", ""DS""], ""privacy_annotation_sources"": [""propagated:RED""]}"
"DataCellArtifact|D6_COMPASNoJailDates::record::2::cell::jailtime","DataCellArtifact","D6_COMPASNoJailDates::record::2::cell::jailtime","{""key"": ""D6_COMPASNoJailDates::record::2::cell::jailtime"", ""record_id"": ""2"", ""dataset_id"": ""D6_COMPASNoJailDates"", ""attribute"": ""jailtime"", ""value"": 15, ""dtype"": ""int64"", ""artifact_kind"": ""DataCellArtifact"", ""privacy_categories"": [""criminal_justice_sensitive"", ""temporal_quasi_identifier"", ""sensitive_personal_data""], ""privacy_categories_explicit"": [""criminal_justice_sensitive"", ""temporal_quasi_identifier""], ""privacy_usages"": [""criminal_justice_research"", ""research""], ""privacy_erasures"": [""delete_on_request"", ""retention_5y""], ""privacy_roles"": [""AU"", ""DPO"", ""DS""], ""privacy_annotation_sources"": [""propagated:RED""]}"
"DataRecordArtifact|D6_COMPASNoJailDates::record::4","DataRecordArtifact","D6_COMPASNoJailDates::record::4","{""key"": ""D6_COMPASNoJailDates::record::4"", ""record_id"": ""4"", ""dataset_id"": ""D6_COMPASNoJailDates"", ""artifact_kind"": ""DataRecordArtifact"", ""privacy_categories"": [""quasi_identifier"", ""criminal_justice_sensitive"", ""race_ethnicity"", ""protected_attribute"", ""gender"", ""temporal_quasi_identifier"", ""behavioural_sensitive"", ""personal_data"", ""sensitive_personal_data""], ""privacy_categories_explicit"": [""quasi_identifier"", ""criminal_justice_sensitive"", ""race_ethnicity"", ""protected_attribute"", ""gender"", ""temporal_quasi_identifier"", ""behavioural_sensitive""], ""privacy_usages"": [""criminal_justice_research"", ""research""], ""privacy_erasures"": [""delete_on_request"", ""retention_5y""], ""privacy_roles"": [""AU"", ""DPO"", ""DS""], ""privacy_annotation_sources"": [""propagated:RED""]}"
"DataCellArtifact|D6_COMPASNoJailDates::record::4::cell::age","DataCellArtifact","D6_COMPASNoJailDates::record::4::cell::age","{""key"": ""D6_COMPASNoJailDates::record::4::cell::age"", ""record_id"": ""4"", ""dataset_id"": ""D6_COMPASNoJailDates"", ""attribute"": ""age"", ""value"": 51, ""dtype"": ""int64"", ""artifact_kind"": ""DataCellArtifact"", ""privacy_categories"": [""quasi_identifier"", ""personal_data""], ""privacy_categories_explicit"": [""quasi_identifier""], ""privacy_usages"": [""criminal_justice_research"", ""research""], ""privacy_erasures"": [""delete_on_request"", ""retention_5y""], ""privacy_roles"": [""AU"", ""DPO"", ""DS""], ""privacy_annotation_sources"": [""propagated:RED""]}"
"DataCellArtifact|D6_COMPASNoJailDates::record::4::cell::c_charge_degree","DataCellArtifact","D6_COMPASNoJailDates::record::4::cell::c_charge_degree","{""key"": ""D6_COMPASNoJailDates::record::4::cell::c_charge_degree"", ""record_id"": ""4"", ""dataset_id"": ""D6_COMPASNoJailDates"", ""attribute"": ""c_charge_degree"", ""value"": ""F"", ""dtype"": ""str"", ""artifact_kind"": ""DataCellArtifact"", ""privacy_categories"": [""criminal_justice_sensitive"", ""sensitive_personal_data""], ""privacy_categories_explicit"": [""criminal_justice_sensitive""], ""privacy_usages"": [""criminal_justice_research"", ""research""], ""privacy_erasures"": [""delete_on_request"", ""retention_5y""], ""privacy_roles"": [""AU"", ""DPO"", ""DS""], ""privacy_annotation_sources"": [""propagated:RED""]}"
"DataCellArtifact|D6_COMPASNoJailDates::record::4::cell::race","DataCellArtifact","D6_COMPASNoJailDates::record::4::cell::race","{""key"": ""D6_COMPASNoJailDates::record::4::cell::race"", ""record_id"": ""4"", ""dataset_id"": ""D6_COMPASNoJailDates"", ""attribute"": ""race"", ""value"": 0, ""dtype"": ""int64"", ""artifact_kind"": ""DataCellArtifact"", ""privacy_categories"": [""race_ethnicity"", ""protected_attribute"", ""sensitive_personal_data""], ""privacy_categories_explicit"": [""race_ethnicity"", ""protected_attribute""], ""privacy_usages"": [""criminal_justice_research"", ""research""], ""privacy_erasures"": [""delete_on_request"", ""retention_5y""], ""privacy_roles"": [""AU"", ""DPO"", ""DS""], ""privacy_annotation_sources"": [""propagated:RED""]}"
"DataCellArtifact|D6_COMPASNoJailDates::record::4::cell::sex","DataCellArtifact","D6_COMPASNoJailDates::record::4::cell::sex","{""key"": ""D6_COMPASNoJailDates::record::4::cell::sex"", ""record_id"": ""4"", ""dataset_id"": ""D6_COMPASNoJailDates"", ""attribute"": ""sex"", ""value"": ""Female"", ""dtype"": ""str"", ""artifact_kind"": ""DataCellArtifact"", ""privacy_categories"": [""gender"", ""protected_attribute"", ""sensitive_personal_data""], ""privacy_categories_explicit"": [""gender"", ""protected_attribute""], ""privacy_usages"": [""criminal_justice_research"", ""research""], ""privacy_erasures"": [""delete_on_request"", ""retention_5y""], ""privacy_roles"": [""AU"", ""DPO"", ""DS""], ""privacy_annotation_sources"": [""propagated:RED""]}"
"DataCellArtifact|D6_COMPASNoJailDates::record::4::cell::priors_count","DataCellArtifact","D6_COMPASNoJailDates::record::4::cell::priors_count","{""key"": ""D6_COMPASNoJailDates::record::4::cell::priors_count"", ""record_id"": ""4"", ""dataset_id"": ""D6_COMPASNoJailDates"", ""attribute"": ""priors_count"", ""value"": 3, ""dtype"": ""int64"", ""artifact_kind"": ""DataCellArtifact"", ""privacy_categories"": [""criminal_justice_sensitive"", ""sensitive_personal_data""], ""privacy_categories_explicit"": [""criminal_justice_sensitive""], ""privacy_usages"": [""criminal_justice_research"", ""research""], ""privacy_erasures"": [""delete_on_request"", ""retention_5y""], ""privacy_roles"": [""AU"", ""DPO"", ""DS""], ""privacy_annotation_sources"": [""propagated:RED""]}"
"DataCellArtifact|D6_COMPASNoJailDates::record::4::cell::days_b_screening_arrest","DataCellArtifact","D6_COMPASNoJailDates::record::4::cell::days_b_screening_arrest","{""key"": ""D6_COMPASNoJailDates::record::4::cell::days_b_screening_arrest"", ""record_id"": ""4"", ""dataset_id"": ""D6_COMPASNoJailDates"", ""attribute"": ""days_b_screening_arrest"", ""value"": -3.0, ""dtype"": ""float64"", ""artifact_kind"": ""DataCellArtifact"", ""privacy_categories"": [""criminal_justice_sensitive"", ""temporal_quasi_identifier"", ""sensitive_personal_data""], ""privacy_categories_explicit"": [""criminal_justice_sensitive"", ""temporal_quasi_identifier""], ""privacy_usages"": [""criminal_justice_research"", ""research""], ""privacy_erasures"": [""delete_on_request"", ""retention_5y""], ""privacy_roles"": [""AU"", ""DPO"", ""DS""], ""privacy_annotation_sources"": [""propagated:RED""]}"
"DataCellArtifact|D6_COMPASNoJailDates::record::4::cell::label","DataCellArtifact","D6_COMPASNoJailDates::record::4::cell::label","{""key"": ""D6_COMPASNoJailDates::record::4::cell::label"", ""record_id"": ""4"", ""dataset_id"": ""D6_COMPASNoJailDates"", ""attribute"": ""label"", ""value"": 0, ""dtype"": ""int64"", ""artifact_kind"": ""DataCellArtifact"", ""privacy_categories"": [""criminal_justice_sensitive"", ""behavioural_sensitive"", ""sensitive_personal_data""], ""privacy_categories_explicit"": [""criminal_justice_sensitive"", ""behavioural_sensitive""], ""privacy_usages"": [""criminal_justice_research"", ""research""], ""privacy_erasures"": [""delete_on_request"", ""retention_5y""], ""privacy_roles"": [""AU"", ""DPO"", ""DS""], ""privacy_annotation_sources"": [""propagated:RED""]}"
"DataCellArtifact|D6_COMPASNoJailDates::record::4::cell::jailtime","DataCellArtifact","D6_COMPASNoJailDates::record::4::cell::jailtime","{""key"": ""D6_COMPASNoJailDates::record::4::cell::jailtime"", ""record_id"": ""4"", ""dataset_id"": ""D6_COMPASNoJailDates"", ""attribute"": ""jailtime"", ""value"": 19, ""dtype"": ""int64"", ""artifact_kind"": ""DataCellArtifact"", ""privacy_categories"": [""criminal_justice_sensitive"", ""temporal_quasi_identifier"", ""sensitive_personal_data""], ""privacy_categories_explicit"": [""criminal_justice_sensitive"", ""temporal_quasi_identifier""], ""privacy_usages"": [""criminal_justice_research"", ""research""], ""privacy_erasures"": [""delete_on_request"", ""retention_5y""], ""privacy_roles"": [""AU"", ""DPO"", ""DS""], ""privacy_annotation_sources"": [""propagated:RED""]}"
"DataRecordArtifact|D6_COMPASNoJailDates::record::5","DataRecordArtifact","D6_COMPASNoJailDates::record::5","{""key"": ""D6_COMPASNoJailDates::record::5"", ""record_id"": ""5"", ""dataset_id"": ""D6_COMPASNoJailDates"", ""artifact_kind"": ""DataRecordArtifact"", ""privacy_categories"": [""quasi_identifier"", ""criminal_justice_sensitive"", ""race_ethnicity"", ""protected_attribute"", ""gender"", ""temporal_quasi_identifier"", ""behavioural_sensitive"", ""personal_data"", ""sensitive_personal_data""], ""privacy_categories_explicit"": [""quasi_identifier"", ""criminal_justice_sensitive"", ""race_ethnicity"", ""protected_attribute"", ""gender"", ""temporal_quasi_identifier"", ""behavioural_sensitive""], ""privacy_usages"": [""criminal_justice_research"", ""research""], ""privacy_erasures"": [""delete_on_request"", ""retention_5y""], ""privacy_roles"": [""AU"", ""DPO"", ""DS""], ""privacy_annotation_sources"": [""propagated:RED""]}"
"DataCellArtifact|D6_COMPASNoJailDates::record::5::cell::age","DataCellArtifact","D6_COMPASNoJailDates::record::5::cell::age","{""key"": ""D6_COMPASNoJailDates::record::5::cell::age"", ""record_id"": ""5"", ""dataset_id"": ""D6_COMPASNoJailDates"", ""attribute"": ""age"", ""value"": 29, ""dtype"": ""int64"", ""artifact_kind"": ""DataCellArtifact"", ""privacy_categories"": [""quasi_identifier"", ""personal_data""], ""privacy_categories_explicit"": [""quasi_identifier""], ""privacy_usages"": [""criminal_justice_research"", ""research""], ""privacy_erasures"": [""delete_on_request"", ""retention_5y""], ""privacy_roles"": [""AU"", ""DPO"", ""DS""], ""privacy_annotation_sources"": [""propagated:RED""]}"
"DataCellArtifact|D6_COMPASNoJailDates::record::5::cell::c_charge_degree","DataCellArtifact","D6_COMPASNoJailDates::record::5::cell::c_charge_degree","{""key"": ""D6_COMPASNoJailDates::record::5::cell::c_charge_degree"", ""record_id"": ""5"", ""dataset_id"": ""D6_COMPASNoJailDates"", ""attribute"": ""c_charge_degree"", ""value"": ""M"", ""dtype"": ""str"", ""artifact_kind"": ""DataCellArtifact"", ""privacy_categories"": [""criminal_justice_sensitive"", ""sensitive_personal_data""], ""privacy_categories_explicit"": [""criminal_justice_sensitive""], ""privacy_usages"": [""criminal_justice_research"", ""research""], ""privacy_erasures"": [""delete_on_request"", ""retention_5y""], ""privacy_roles"": [""AU"", ""DPO"", ""DS""], ""privacy_annotation_sources"": [""propagated:RED""]}"
"DataCellArtifact|D6_COMPASNoJailDates::record::5::cell::race","DataCellArtifact","D6_COMPASNoJailDates::record::5::cell::race","{""key"": ""D6_COMPASNoJailDates::record::5::cell::race"", ""record_id"": ""5"", ""dataset_id"": ""D6_COMPASNoJailDates"", ""attribute"": ""race"", ""value"": 0, ""dtype"": ""int64"", ""artifact_kind"": ""DataCellArtifact"", ""privacy_categories"": [""race_ethnicity"", ""protected_attribute"", ""sensitive_personal_data""], ""privacy_categories_explicit"": [""race_ethnicity"", ""protected_attribute""], ""privacy_usages"": [""criminal_justice_research"", ""research""], ""privacy_erasures"": [""delete_on_request"", ""retention_5y""], ""privacy_roles"": [""AU"", ""DPO"", ""DS""], ""privacy_annotation_sources"": [""propagated:RED""]}"
"DataCellArtifact|D6_COMPASNoJailDates::record::5::cell::sex","DataCellArtifact","D6_COMPASNoJailDates::record::5::cell::sex","{""key"": ""D6_COMPASNoJailDates::record::5::cell::sex"", ""record_id"": ""5"", ""dataset_id"": ""D6_COMPASNoJailDates"", ""attribute"": ""sex"", ""value"": ""Male"", ""dtype"": ""str"", ""artifact_kind"": ""DataCellArtifact"", ""privacy_categories"": [""gender"", ""protected_attribute"", ""sensitive_personal_data""], ""privacy_categories_explicit"": [""gender"", ""protected_attribute""], ""privacy_usages"": [""criminal_justice_research"", ""research""], ""privacy_erasures"": [""delete_on_request"", ""retention_5y""], ""privacy_roles"": [""AU"", ""DPO"", ""DS""], ""privacy_annotation_sources"": [""propagated:RED""]}"
"DataCellArtifact|D6_COMPASNoJailDates::record::5::cell::priors_count","DataCellArtifact","D6_COMPASNoJailDates::record::5::cell::priors_count","{""key"": ""D6_COMPASNoJailDates::record::5::cell::priors_count"", ""record_id"": ""5"", ""dataset_id"": ""D6_COMPASNoJailDates"", ""attribute"": ""priors_count"", ""value"": 0, ""dtype"": ""int64"", ""artifact_kind"": ""DataCellArtifact"", ""privacy_categories"": [""criminal_justice_sensitive"", ""sensitive_personal_data""], ""privacy_categories_explicit"": [""criminal_justice_sensitive""], ""privacy_usages"": [""criminal_justice_research"", ""research""], ""privacy_erasures"": [""delete_on_request"", ""retention_5y""], ""privacy_roles"": [""AU"", ""DPO"", ""DS""], ""privacy_annotation_sources"": [""propagated:RED""]}"
"DataCellArtifact|D6_COMPASNoJailDates::record::5::cell::days_b_screening_arrest","DataCellArtifact","D6_COMPASNoJailDates::record::5::cell::days_b_screening_arrest","{""key"": ""D6_COMPASNoJailDates::record::5::cell::days_b_screening_arrest"", ""record_id"": ""5"", ""dataset_id"": ""D6_COMPASNoJailDates"", ""attribute"": ""days_b_screening_arrest"", ""value"": 1.0, ""dtype"": ""float64"", ""artifact_kind"": ""DataCellArtifact"", ""privacy_categories"": [""criminal_justice_sensitive"", ""temporal_quasi_identifier"", ""sensitive_personal_data""], ""privacy_categories_explicit"": [""criminal_justice_sensitive"", ""temporal_quasi_identifier""], ""privacy_usages"": [""criminal_justice_research"", ""research""], ""privacy_erasures"": [""delete_on_request"", ""retention_5y""], ""privacy_roles"": [""AU"", ""DPO"", ""DS""], ""privacy_annotation_sources"": [""propagated:RED""]}"
"DataCellArtifact|D6_COMPASNoJailDates::record::5::cell::label","DataCellArtifact","D6_COMPASNoJailDates::record::5::cell::label","{""key"": ""D6_COMPASNoJailDates::record::5::cell::label"", ""record_id"": ""5"", ""dataset_id"": ""D6_COMPASNoJailDates"", ""attribute"": ""label"", ""value"": 1, ""dtype"": ""int64"", ""artifact_kind"": ""DataCellArtifact"", ""privacy_categories"": [""criminal_justice_sensitive"", ""behavioural_sensitive"", ""sensitive_personal_data""], ""privacy_categories_explicit"": [""criminal_justice_sensitive"", ""behavioural_sensitive""], ""privacy_usages"": [""criminal_justice_research"", ""research""], ""privacy_erasures"": [""delete_on_request"", ""retention_5y""], ""privacy_roles"": [""AU"", ""DPO"", ""DS""], ""privacy_annotation_sources"": [""propagated:RED""]}"
"DataCellArtifact|D6_COMPASNoJailDates::record::5::cell::jailtime","DataCellArtifact","D6_COMPASNoJailDates::record::5::cell::jailtime","{""key"": ""D6_COMPASNoJailDates::record::5::cell::jailtime"", ""record_id"": ""5"", ""dataset_id"": ""D6_COMPASNoJailDates"", ""attribute"": ""jailtime"", ""value"": 2, ""dtype"": ""int64"", ""artifact_kind"": ""DataCellArtifact"", ""privacy_categories"": [""criminal_justice_sensitive"", ""temporal_quasi_identifier"", ""sensitive_personal_data""], ""privacy_categories_explicit"": [""criminal_justice_sensitive"", ""temporal_quasi_identifier""], ""privacy_usages"": [""criminal_justice_research"", ""research""], ""privacy_erasures"": [""delete_on_request"", ""retention_5y""], ""privacy_roles"": [""AU"", ""DPO"", ""DS""], ""privacy_annotation_sources"": [""propagated:RED""]}"
"StepRun|run_fc7d525c22::007::B6_charge_degree_binary","StepRun","run_fc7d525c22::007::B6_charge_degree_binary","{""key"": ""run_fc7d525c22::007::B6_charge_degree_binary"", ""step_id"": ""B6_charge_degree_binary"", ""phase"": ""FeatureEngineering"", ""framework"": ""python"", ""operatorType"": ""TR"", ""policy_id"": ""B6_charge_degree_binary_policy"", ""input_artifacts"": [""D6_COMPASNoJailDates""], ""output_artifacts"": [""D7_COMPASFinal""], ""duration_seconds"": 0.0008370876312255859, ""status"": ""success"", ""operation_policy_id"": ""B6_charge_degree_binary_policy"", ""contributorGranularity"": ""cell""}"
"DatasetArtifact|D7_COMPASFinal","DatasetArtifact","D7_COMPASFinal","{""key"": ""D7_COMPASFinal"", ""name"": ""D7_COMPASFinal"", ""role"": ""derived"", ""source"": ""step:B6_charge_degree_binary"", ""n_rows"": 5, ""n_cols"": 8, ""columns"": [""age"", ""c_charge_degree"", ""race"", ""sex"", ""priors_count"", ""days_b_screening_arrest"", ""label"", ""jailtime""], ""record_id_col"": null, ""artifact_kind"": ""DatasetArtifact"", ""privacy_categories"": [""quasi_identifier"", ""criminal_justice_sensitive"", ""race_ethnicity"", ""protected_attribute"", ""gender"", ""behavioural_sensitive"", ""temporal_quasi_identifier"", ""personal_data"", ""sensitive_personal_data""], ""privacy_categories_explicit"": [""quasi_identifier"", ""criminal_justice_sensitive"", ""race_ethnicity"", ""protected_attribute"", ""gender"", ""behavioural_sensitive"", ""temporal_quasi_identifier""], ""privacy_usages"": [""criminal_justice_research"", ""research""], ""privacy_erasures"": [""delete_on_request"", ""retention_5y""], ""privacy_roles"": [""AU"", ""DPO"", ""DS""], ""privacy_annotation_sources"": [""propagated:TR""]}"
"DataRecordArtifact|D7_COMPASFinal::record::0","DataRecordArtifact","D7_COMPASFinal::record::0","{""key"": ""D7_COMPASFinal::record::0"", ""record_id"": ""0"", ""dataset_id"": ""D7_COMPASFinal"", ""artifact_kind"": ""DataRecordArtifact"", ""privacy_categories"": [""quasi_identifier"", ""criminal_justice_sensitive"", ""race_ethnicity"", ""protected_attribute"", ""gender"", ""temporal_quasi_identifier"", ""behavioural_sensitive"", ""personal_data"", ""sensitive_personal_data""], ""privacy_categories_explicit"": [""quasi_identifier"", ""criminal_justice_sensitive"", ""race_ethnicity"", ""protected_attribute"", ""gender"", ""temporal_quasi_identifier"", ""behavioural_sensitive""], ""privacy_usages"": [""criminal_justice_research"", ""research""], ""privacy_erasures"": [""delete_on_request"", ""retention_5y""], ""privacy_roles"": [""AU"", ""DPO"", ""DS""], ""privacy_annotation_sources"": [""propagated:TR""]}"
"DataCellArtifact|D7_COMPASFinal::record::0::cell::age","DataCellArtifact","D7_COMPASFinal::record::0::cell::age","{""key"": ""D7_COMPASFinal::record::0::cell::age"", ""record_id"": ""0"", ""dataset_id"": ""D7_COMPASFinal"", ""attribute"": ""age"", ""value"": 25.0, ""dtype"": ""int64"", ""artifact_kind"": ""DataCellArtifact"", ""privacy_categories"": [""quasi_identifier"", ""personal_data""], ""privacy_categories_explicit"": [""quasi_identifier""], ""privacy_usages"": [""criminal_justice_research"", ""research""], ""privacy_erasures"": [""delete_on_request"", ""retention_5y""], ""privacy_roles"": [""AU"", ""DPO"", ""DS""], ""privacy_annotation_sources"": [""propagated:TR""]}"
"DataCellArtifact|D7_COMPASFinal::record::0::cell::c_charge_degree","DataCellArtifact","D7_COMPASFinal::record::0::cell::c_charge_degree","{""key"": ""D7_COMPASFinal::record::0::cell::c_charge_degree"", ""record_id"": ""0"", ""dataset_id"": ""D7_COMPASFinal"", ""attribute"": ""c_charge_degree"", ""value"": 1.0, ""dtype"": ""int64"", ""artifact_kind"": ""DataCellArtifact"", ""privacy_categories"": [""criminal_justice_sensitive"", ""sensitive_personal_data""], ""privacy_categories_explicit"": [""criminal_justice_sensitive""], ""privacy_usages"": [""criminal_justice_research"", ""research""], ""privacy_erasures"": [""delete_on_request"", ""retention_5y""], ""privacy_roles"": [""AU"", ""DPO"", ""DS""], ""privacy_annotation_sources"": [""propagated:TR""]}"
"DataCellArtifact|D7_COMPASFinal::record::0::cell::race","DataCellArtifact","D7_COMPASFinal::record::0::cell::race","{""key"": ""D7_COMPASFinal::record::0::cell::race"", ""record_id"": ""0"", ""dataset_id"": ""D7_COMPASFinal"", ""attribute"": ""race"", ""value"": 0.0, ""dtype"": ""int64"", ""artifact_kind"": ""DataCellArtifact"", ""privacy_categories"": [""race_ethnicity"", ""protected_attribute"", ""sensitive_personal_data""], ""privacy_categories_explicit"": [""race_ethnicity"", ""protected_attribute""], ""privacy_usages"": [""criminal_justice_research"", ""research""], ""privacy_erasures"": [""delete_on_request"", ""retention_5y""], ""privacy_roles"": [""AU"", ""DPO"", ""DS""], ""privacy_annotation_sources"": [""propagated:TR""]}"
"DataCellArtifact|D7_COMPASFinal::record::0::cell::sex","DataCellArtifact","D7_COMPASFinal::record::0::cell::sex","{""key"": ""D7_COMPASFinal::record::0::cell::sex"", ""record_id"": ""0"", ""dataset_id"": ""D7_COMPASFinal"", ""attribute"": ""sex"", ""value"": 1.0, ""dtype"": ""int64"", ""artifact_kind"": ""DataCellArtifact"", ""privacy_categories"": [""gender"", ""protected_attribute"", ""sensitive_personal_data""], ""privacy_categories_explicit"": [""gender"", ""protected_attribute""], ""privacy_usages"": [""criminal_justice_research"", ""research""], ""privacy_erasures"": [""delete_on_request"", ""retention_5y""], ""privacy_roles"": [""AU"", ""DPO"", ""DS""], ""privacy_annotation_sources"": [""propagated:TR""]}"
"DataCellArtifact|D7_COMPASFinal::record::0::cell::priors_count","DataCellArtifact","D7_COMPASFinal::record::0::cell::priors_count","{""key"": ""D7_COMPASFinal::record::0::cell::priors_count"", ""record_id"": ""0"", ""dataset_id"": ""D7_COMPASFinal"", ""attribute"": ""priors_count"", ""value"": 2.0, ""dtype"": ""int64"", ""artifact_kind"": ""DataCellArtifact"", ""privacy_categories"": [""criminal_justice_sensitive"", ""sensitive_personal_data""], ""privacy_categories_explicit"": [""criminal_justice_sensitive""], ""privacy_usages"": [""criminal_justice_research"", ""research""], ""privacy_erasures"": [""delete_on_request"", ""retention_5y""], ""privacy_roles"": [""AU"", ""DPO"", ""DS""], ""privacy_annotation_sources"": [""propagated:TR""]}"
"DataCellArtifact|D7_COMPASFinal::record::0::cell::days_b_screening_arrest","DataCellArtifact","D7_COMPASFinal::record::0::cell::days_b_screening_arrest","{""key"": ""D7_COMPASFinal::record::0::cell::days_b_screening_arrest"", ""record_id"": ""0"", ""dataset_id"": ""D7_COMPASFinal"", ""attribute"": ""days_b_screening_arrest"", ""value"": -1.0, ""dtype"": ""float64"", ""artifact_kind"": ""DataCellArtifact"", ""privacy_categories"": [""criminal_justice_sensitive"", ""temporal_quasi_identifier"", ""sensitive_personal_data""], ""privacy_categories_explicit"": [""criminal_justice_sensitive"", ""temporal_quasi_identifier""], ""privacy_usages"": [""criminal_justice_research"", ""research""], ""privacy_erasures"": [""delete_on_request"", ""retention_5y""], ""privacy_roles"": [""AU"", ""DPO"", ""DS""], ""privacy_annotation_sources"": [""propagated:TR""]}"
"DataCellArtifact|D7_COMPASFinal::record::0::cell::label","DataCellArtifact","D7_COMPASFinal::record::0::cell::label","{""key"": ""D7_COMPASFinal::record::0::cell::label"", ""record_id"": ""0"", ""dataset_id"": ""D7_COMPASFinal"", ""attribute"": ""label"", ""value"": 0.0, ""dtype"": ""int64"", ""artifact_kind"": ""DataCellArtifact"", ""privacy_categories"": [""criminal_justice_sensitive"", ""behavioural_sensitive"", ""sensitive_personal_data""], ""privacy_categories_explicit"": [""criminal_justice_sensitive"", ""behavioural_sensitive""], ""privacy_usages"": [""criminal_justice_research"", ""research""], ""privacy_erasures"": [""delete_on_request"", ""retention_5y""], ""privacy_roles"": [""AU"", ""DPO"", ""DS""], ""privacy_annotation_sources"": [""propagated:TR""]}"
"DataCellArtifact|D7_COMPASFinal::record::0::cell::jailtime","DataCellArtifact","D7_COMPASFinal::record::0::cell::jailtime","{""key"": ""D7_COMPASFinal::record::0::cell::jailtime"", ""record_id"": ""0"", ""dataset_id"": ""D7_COMPASFinal"", ""attribute"": ""jailtime"", ""value"": 9.0, ""dtype"": ""int64"", ""artifact_kind"": ""DataCellArtifact"", ""privacy_categories"": [""criminal_justice_sensitive"", ""temporal_quasi_identifier"", ""sensitive_personal_data""], ""privacy_categories_explicit"": [""criminal_justice_sensitive"", ""temporal_quasi_identifier""], ""privacy_usages"": [""criminal_justice_research"", ""research""], ""privacy_erasures"": [""delete_on_request"", ""retention_5y""], ""privacy_roles"": [""AU"", ""DPO"", ""DS""], ""privacy_annotation_sources"": [""propagated:TR""]}"
"DataRecordArtifact|D7_COMPASFinal::record::1","DataRecordArtifact","D7_COMPASFinal::record::1","{""key"": ""D7_COMPASFinal::record::1"", ""record_id"": ""1"", ""dataset_id"": ""D7_COMPASFinal"", ""artifact_kind"": ""DataRecordArtifact"", ""privacy_categories"": [""quasi_identifier"", ""criminal_justice_sensitive"", ""race_ethnicity"", ""protected_attribute"", ""gender"", ""temporal_quasi_identifier"", ""behavioural_sensitive"", ""personal_data"", ""sensitive_personal_data""], ""privacy_categories_explicit"": [""quasi_identifier"", ""criminal_justice_sensitive"", ""race_ethnicity"", ""protected_attribute"", ""gender"", ""temporal_quasi_identifier"", ""behavioural_sensitive""], ""privacy_usages"": [""criminal_justice_research"", ""research""], ""privacy_erasures"": [""delete_on_request"", ""retention_5y""], ""privacy_roles"": [""AU"", ""DPO"", ""DS""], ""privacy_annotation_sources"": [""propagated:TR""]}"
"DataCellArtifact|D7_COMPASFinal::record::1::cell::age","DataCellArtifact","D7_COMPASFinal::record::1::cell::age","{""key"": ""D7_COMPASFinal::record::1::cell::age"", ""record_id"": ""1"", ""dataset_id"": ""D7_COMPASFinal"", ""attribute"": ""age"", ""value"": 34.0, ""dtype"": ""int64"", ""artifact_kind"": ""DataCellArtifact"", ""privacy_categories"": [""quasi_identifier"", ""personal_data""], ""privacy_categories_explicit"": [""quasi_identifier""], ""privacy_usages"": [""criminal_justice_research"", ""research""], ""privacy_erasures"": [""delete_on_request"", ""retention_5y""], ""privacy_roles"": [""AU"", ""DPO"", ""DS""], ""privacy_annotation_sources"": [""propagated:TR""]}"
"DataCellArtifact|D7_COMPASFinal::record::1::cell::c_charge_degree","DataCellArtifact","D7_COMPASFinal::record::1::cell::c_charge_degree","{""key"": ""D7_COMPASFinal::record::1::cell::c_charge_degree"", ""record_id"": ""1"", ""dataset_id"": ""D7_COMPASFinal"", ""attribute"": ""c_charge_degree"", ""value"": 0.0, ""dtype"": ""int64"", ""artifact_kind"": ""DataCellArtifact"", ""privacy_categories"": [""criminal_justice_sensitive"", ""sensitive_personal_data""], ""privacy_categories_explicit"": [""criminal_justice_sensitive""], ""privacy_usages"": [""criminal_justice_research"", ""research""], ""privacy_erasures"": [""delete_on_request"", ""retention_5y""], ""privacy_roles"": [""AU"", ""DPO"", ""DS""], ""privacy_annotation_sources"": [""propagated:TR""]}"
"DataCellArtifact|D7_COMPASFinal::record::1::cell::race","DataCellArtifact","D7_COMPASFinal::record::1::cell::race","{""key"": ""D7_COMPASFinal::record::1::cell::race"", ""record_id"": ""1"", ""dataset_id"": ""D7_COMPASFinal"", ""attribute"": ""race"", ""value"": 1.0, ""dtype"": ""int64"", ""artifact_kind"": ""DataCellArtifact"", ""privacy_categories"": [""race_ethnicity"", ""protected_attribute"", ""sensitive_personal_data""], ""privacy_categories_explicit"": [""race_ethnicity"", ""protected_attribute""], ""privacy_usages"": [""criminal_justice_research"", ""research""], ""privacy_erasures"": [""delete_on_request"", ""retention_5y""], ""privacy_roles"": [""AU"", ""DPO"", ""DS""], ""privacy_annotation_sources"": [""propagated:TR""]}"
"DataCellArtifact|D7_COMPASFinal::record::1::cell::sex","DataCellArtifact","D7_COMPASFinal::record::1::cell::sex","{""key"": ""D7_COMPASFinal::record::1::cell::sex"", ""record_id"": ""1"", ""dataset_id"": ""D7_COMPASFinal"", ""attribute"": ""sex"", ""value"": 0.0, ""dtype"": ""int64"", ""artifact_kind"": ""DataCellArtifact"", ""privacy_categories"": [""gender"", ""protected_attribute"", ""sensitive_personal_data""], ""privacy_categories_explicit"": [""gender"", ""protected_attribute""], ""privacy_usages"": [""criminal_justice_research"", ""research""], ""privacy_erasures"": [""delete_on_request"", ""retention_5y""], ""privacy_roles"": [""AU"", ""DPO"", ""DS""], ""privacy_annotation_sources"": [""propagated:TR""]}"
"DataCellArtifact|D7_COMPASFinal::record::1::cell::priors_count","DataCellArtifact","D7_COMPASFinal::record::1::cell::priors_count","{""key"": ""D7_COMPASFinal::record::1::cell::priors_count"", ""record_id"": ""1"", ""dataset_id"": ""D7_COMPASFinal"", ""attribute"": ""priors_count"", ""value"": 0.0, ""dtype"": ""int64"", ""artifact_kind"": ""DataCellArtifact"", ""privacy_categories"": [""criminal_justice_sensitive"", ""sensitive_personal_data""], ""privacy_categories_explicit"": [""criminal_justice_sensitive""], ""privacy_usages"": [""criminal_justice_research"", ""research""], ""privacy_erasures"": [""delete_on_request"", ""retention_5y""], ""privacy_roles"": [""AU"", ""DPO"", ""DS""], ""privacy_annotation_sources"": [""propagated:TR""]}"
"DataCellArtifact|D7_COMPASFinal::record::1::cell::days_b_screening_arrest","DataCellArtifact","D7_COMPASFinal::record::1::cell::days_b_screening_arrest","{""key"": ""D7_COMPASFinal::record::1::cell::days_b_screening_arrest"", ""record_id"": ""1"", ""dataset_id"": ""D7_COMPASFinal"", ""attribute"": ""days_b_screening_arrest"", ""value"": 0.0, ""dtype"": ""float64"", ""artifact_kind"": ""DataCellArtifact"", ""privacy_categories"": [""criminal_justice_sensitive"", ""temporal_quasi_identifier"", ""sensitive_personal_data""], ""privacy_categories_explicit"": [""criminal_justice_sensitive"", ""temporal_quasi_identifier""], ""privacy_usages"": [""criminal_justice_research"", ""research""], ""privacy_erasures"": [""delete_on_request"", ""retention_5y""], ""privacy_roles"": [""AU"", ""DPO"", ""DS""], ""privacy_annotation_sources"": [""propagated:TR""]}"
"DataCellArtifact|D7_COMPASFinal::record::1::cell::label","DataCellArtifact","D7_COMPASFinal::record::1::cell::label","{""key"": ""D7_COMPASFinal::record::1::cell::label"", ""record_id"": ""1"", ""dataset_id"": ""D7_COMPASFinal"", ""attribute"": ""label"", ""value"": 1.0, ""dtype"": ""int64"", ""artifact_kind"": ""DataCellArtifact"", ""privacy_categories"": [""criminal_justice_sensitive"", ""behavioural_sensitive"", ""sensitive_personal_data""], ""privacy_categories_explicit"": [""criminal_justice_sensitive"", ""behavioural_sensitive""], ""privacy_usages"": [""criminal_justice_research"", ""research""], ""privacy_erasures"": [""delete_on_request"", ""retention_5y""], ""privacy_roles"": [""AU"", ""DPO"", ""DS""], ""privacy_annotation_sources"": [""propagated:TR""]}"
"DataCellArtifact|D7_COMPASFinal::record::1::cell::jailtime","DataCellArtifact","D7_COMPASFinal::record::1::cell::jailtime","{""key"": ""D7_COMPASFinal::record::1::cell::jailtime"", ""record_id"": ""1"", ""dataset_id"": ""D7_COMPASFinal"", ""attribute"": ""jailtime"", ""value"": 1.0, ""dtype"": ""int64"", ""artifact_kind"": ""DataCellArtifact"", ""privacy_categories"": [""criminal_justice_sensitive"", ""temporal_quasi_identifier"", ""sensitive_personal_data""], ""privacy_categories_explicit"": [""criminal_justice_sensitive"", ""temporal_quasi_identifier""], ""privacy_usages"": [""criminal_justice_research"", ""research""], ""privacy_erasures"": [""delete_on_request"", ""retention_5y""], ""privacy_roles"": [""AU"", ""DPO"", ""DS""], ""privacy_annotation_sources"": [""propagated:TR""]}"
"DataRecordArtifact|D7_COMPASFinal::record::2","DataRecordArtifact","D7_COMPASFinal::record::2","{""key"": ""D7_COMPASFinal::record::2"", ""record_id"": ""2"", ""dataset_id"": ""D7_COMPASFinal"", ""artifact_kind"": ""DataRecordArtifact"", ""privacy_categories"": [""quasi_identifier"", ""criminal_justice_sensitive"", ""race_ethnicity"", ""protected_attribute"", ""gender"", ""temporal_quasi_identifier"", ""behavioural_sensitive"", ""personal_data"", ""sensitive_personal_data""], ""privacy_categories_explicit"": [""quasi_identifier"", ""criminal_justice_sensitive"", ""race_ethnicity"", ""protected_attribute"", ""gender"", ""temporal_quasi_identifier"", ""behavioural_sensitive""], ""privacy_usages"": [""criminal_justice_research"", ""research""], ""privacy_erasures"": [""delete_on_request"", ""retention_5y""], ""privacy_roles"": [""AU"", ""DPO"", ""DS""], ""privacy_annotation_sources"": [""propagated:TR""]}"
"DataCellArtifact|D7_COMPASFinal::record::2::cell::age","DataCellArtifact","D7_COMPASFinal::record::2::cell::age","{""key"": ""D7_COMPASFinal::record::2::cell::age"", ""record_id"": ""2"", ""dataset_id"": ""D7_COMPASFinal"", ""attribute"": ""age"", ""value"": 45.0, ""dtype"": ""int64"", ""artifact_kind"": ""DataCellArtifact"", ""privacy_categories"": [""quasi_identifier"", ""personal_data""], ""privacy_categories_explicit"": [""quasi_identifier""], ""privacy_usages"": [""criminal_justice_research"", ""research""], ""privacy_erasures"": [""delete_on_request"", ""retention_5y""], ""privacy_roles"": [""AU"", ""DPO"", ""DS""], ""privacy_annotation_sources"": [""propagated:TR""]}"
"DataCellArtifact|D7_COMPASFinal::record::2::cell::c_charge_degree","DataCellArtifact","D7_COMPASFinal::record::2::cell::c_charge_degree","{""key"": ""D7_COMPASFinal::record::2::cell::c_charge_degree"", ""record_id"": ""2"", ""dataset_id"": ""D7_COMPASFinal"", ""attribute"": ""c_charge_degree"", ""value"": 1.0, ""dtype"": ""int64"", ""artifact_kind"": ""DataCellArtifact"", ""privacy_categories"": [""criminal_justice_sensitive"", ""sensitive_personal_data""], ""privacy_categories_explicit"": [""criminal_justice_sensitive""], ""privacy_usages"": [""criminal_justice_research"", ""research""], ""privacy_erasures"": [""delete_on_request"", ""retention_5y""], ""privacy_roles"": [""AU"", ""DPO"", ""DS""], ""privacy_annotation_sources"": [""propagated:TR""]}"
"DataCellArtifact|D7_COMPASFinal::record::2::cell::race","DataCellArtifact","D7_COMPASFinal::record::2::cell::race","{""key"": ""D7_COMPASFinal::record::2::cell::race"", ""record_id"": ""2"", ""dataset_id"": ""D7_COMPASFinal"", ""attribute"": ""race"", ""value"": 0.0, ""dtype"": ""int64"", ""artifact_kind"": ""DataCellArtifact"", ""privacy_categories"": [""race_ethnicity"", ""protected_attribute"", ""sensitive_personal_data""], ""privacy_categories_explicit"": [""race_ethnicity"", ""protected_attribute""], ""privacy_usages"": [""criminal_justice_research"", ""research""], ""privacy_erasures"": [""delete_on_request"", ""retention_5y""], ""privacy_roles"": [""AU"", ""DPO"", ""DS""], ""privacy_annotation_sources"": [""propagated:TR""]}"
"DataCellArtifact|D7_COMPASFinal::record::2::cell::sex","DataCellArtifact","D7_COMPASFinal::record::2::cell::sex","{""key"": ""D7_COMPASFinal::record::2::cell::sex"", ""record_id"": ""2"", ""dataset_id"": ""D7_COMPASFinal"", ""attribute"": ""sex"", ""value"": 1.0, ""dtype"": ""int64"", ""artifact_kind"": ""DataCellArtifact"", ""privacy_categories"": [""gender"", ""protected_attribute"", ""sensitive_personal_data""], ""privacy_categories_explicit"": [""gender"", ""protected_attribute""], ""privacy_usages"": [""criminal_justice_research"", ""research""], ""privacy_erasures"": [""delete_on_request"", ""retention_5y""], ""privacy_roles"": [""AU"", ""DPO"", ""DS""], ""privacy_annotation_sources"": [""propagated:TR""]}"
"DataCellArtifact|D7_COMPASFinal::record::2::cell::priors_count","DataCellArtifact","D7_COMPASFinal::record::2::cell::priors_count","{""key"": ""D7_COMPASFinal::record::2::cell::priors_count"", ""record_id"": ""2"", ""dataset_id"": ""D7_COMPASFinal"", ""attribute"": ""priors_count"", ""value"": 5.0, ""dtype"": ""int64"", ""artifact_kind"": ""DataCellArtifact"", ""privacy_categories"": [""criminal_justice_sensitive"", ""sensitive_personal_data""], ""privacy_categories_explicit"": [""criminal_justice_sensitive""], ""privacy_usages"": [""criminal_justice_research"", ""research""], ""privacy_erasures"": [""delete_on_request"", ""retention_5y""], ""privacy_roles"": [""AU"", ""DPO"", ""DS""], ""privacy_annotation_sources"": [""propagated:TR""]}"
"DataCellArtifact|D7_COMPASFinal::record::2::cell::days_b_screening_arrest","DataCellArtifact","D7_COMPASFinal::record::2::cell::days_b_screening_arrest","{""key"": ""D7_COMPASFinal::record::2::cell::days_b_screening_arrest"", ""record_id"": ""2"", ""dataset_id"": ""D7_COMPASFinal"", ""attribute"": ""days_b_screening_arrest"", ""value"": 2.0, ""dtype"": ""float64"", ""artifact_kind"": ""DataCellArtifact"", ""privacy_categories"": [""criminal_justice_sensitive"", ""temporal_quasi_identifier"", ""sensitive_personal_data""], ""privacy_categories_explicit"": [""criminal_justice_sensitive"", ""temporal_quasi_identifier""], ""privacy_usages"": [""criminal_justice_research"", ""research""], ""privacy_erasures"": [""delete_on_request"", ""retention_5y""], ""privacy_roles"": [""AU"", ""DPO"", ""DS""], ""privacy_annotation_sources"": [""propagated:TR""]}"
"DataCellArtifact|D7_COMPASFinal::record::2::cell::label","DataCellArtifact","D7_COMPASFinal::record::2::cell::label","{""key"": ""D7_COMPASFinal::record::2::cell::label"", ""record_id"": ""2"", ""dataset_id"": ""D7_COMPASFinal"", ""attribute"": ""label"", ""value"": 0.0, ""dtype"": ""int64"", ""artifact_kind"": ""DataCellArtifact"", ""privacy_categories"": [""criminal_justice_sensitive"", ""behavioural_sensitive"", ""sensitive_personal_data""], ""privacy_categories_explicit"": [""criminal_justice_sensitive"", ""behavioural_sensitive""], ""privacy_usages"": [""criminal_justice_research"", ""research""], ""privacy_erasures"": [""delete_on_request"", ""retention_5y""], ""privacy_roles"": [""AU"", ""DPO"", ""DS""], ""privacy_annotation_sources"": [""propagated:TR""]}"
"DataCellArtifact|D7_COMPASFinal::record::2::cell::jailtime","DataCellArtifact","D7_COMPASFinal::record::2::cell::jailtime","{""key"": ""D7_COMPASFinal::record::2::cell::jailtime"", ""record_id"": ""2"", ""dataset_id"": ""D7_COMPASFinal"", ""attribute"": ""jailtime"", ""value"": 15.0, ""dtype"": ""int64"", ""artifact_kind"": ""DataCellArtifact"", ""privacy_categories"": [""criminal_justice_sensitive"", ""temporal_quasi_identifier"", ""sensitive_personal_data""], ""privacy_categories_explicit"": [""criminal_justice_sensitive"", ""temporal_quasi_identifier""], ""privacy_usages"": [""criminal_justice_research"", ""research""], ""privacy_erasures"": [""delete_on_request"", ""retention_5y""], ""privacy_roles"": [""AU"", ""DPO"", ""DS""], ""privacy_annotation_sources"": [""propagated:TR""]}"
"DataRecordArtifact|D7_COMPASFinal::record::4","DataRecordArtifact","D7_COMPASFinal::record::4","{""key"": ""D7_COMPASFinal::record::4"", ""record_id"": ""4"", ""dataset_id"": ""D7_COMPASFinal"", ""artifact_kind"": ""DataRecordArtifact"", ""privacy_categories"": [""quasi_identifier"", ""criminal_justice_sensitive"", ""race_ethnicity"", ""protected_attribute"", ""gender"", ""temporal_quasi_identifier"", ""behavioural_sensitive"", ""personal_data"", ""sensitive_personal_data""], ""privacy_categories_explicit"": [""quasi_identifier"", ""criminal_justice_sensitive"", ""race_ethnicity"", ""protected_attribute"", ""gender"", ""temporal_quasi_identifier"", ""behavioural_sensitive""], ""privacy_usages"": [""criminal_justice_research"", ""research""], ""privacy_erasures"": [""delete_on_request"", ""retention_5y""], ""privacy_roles"": [""AU"", ""DPO"", ""DS""], ""privacy_annotation_sources"": [""propagated:TR""]}"
"DataCellArtifact|D7_COMPASFinal::record::4::cell::age","DataCellArtifact","D7_COMPASFinal::record::4::cell::age","{""key"": ""D7_COMPASFinal::record::4::cell::age"", ""record_id"": ""4"", ""dataset_id"": ""D7_COMPASFinal"", ""attribute"": ""age"", ""value"": 51.0, ""dtype"": ""int64"", ""artifact_kind"": ""DataCellArtifact"", ""privacy_categories"": [""quasi_identifier"", ""personal_data""], ""privacy_categories_explicit"": [""quasi_identifier""], ""privacy_usages"": [""criminal_justice_research"", ""research""], ""privacy_erasures"": [""delete_on_request"", ""retention_5y""], ""privacy_roles"": [""AU"", ""DPO"", ""DS""], ""privacy_annotation_sources"": [""propagated:TR""]}"
"DataCellArtifact|D7_COMPASFinal::record::4::cell::c_charge_degree","DataCellArtifact","D7_COMPASFinal::record::4::cell::c_charge_degree","{""key"": ""D7_COMPASFinal::record::4::cell::c_charge_degree"", ""record_id"": ""4"", ""dataset_id"": ""D7_COMPASFinal"", ""attribute"": ""c_charge_degree"", ""value"": 1.0, ""dtype"": ""int64"", ""artifact_kind"": ""DataCellArtifact"", ""privacy_categories"": [""criminal_justice_sensitive"", ""sensitive_personal_data""], ""privacy_categories_explicit"": [""criminal_justice_sensitive""], ""privacy_usages"": [""criminal_justice_research"", ""research""], ""privacy_erasures"": [""delete_on_request"", ""retention_5y""], ""privacy_roles"": [""AU"", ""DPO"", ""DS""], ""privacy_annotation_sources"": [""propagated:TR""]}"
"DataCellArtifact|D7_COMPASFinal::record::4::cell::race","DataCellArtifact","D7_COMPASFinal::record::4::cell::race","{""key"": ""D7_COMPASFinal::record::4::cell::race"", ""record_id"": ""4"", ""dataset_id"": ""D7_COMPASFinal"", ""attribute"": ""race"", ""value"": 0.0, ""dtype"": ""int64"", ""artifact_kind"": ""DataCellArtifact"", ""privacy_categories"": [""race_ethnicity"", ""protected_attribute"", ""sensitive_personal_data""], ""privacy_categories_explicit"": [""race_ethnicity"", ""protected_attribute""], ""privacy_usages"": [""criminal_justice_research"", ""research""], ""privacy_erasures"": [""delete_on_request"", ""retention_5y""], ""privacy_roles"": [""AU"", ""DPO"", ""DS""], ""privacy_annotation_sources"": [""propagated:TR""]}"
"DataCellArtifact|D7_COMPASFinal::record::4::cell::sex","DataCellArtifact","D7_COMPASFinal::record::4::cell::sex","{""key"": ""D7_COMPASFinal::record::4::cell::sex"", ""record_id"": ""4"", ""dataset_id"": ""D7_COMPASFinal"", ""attribute"": ""sex"", ""value"": 0.0, ""dtype"": ""int64"", ""artifact_kind"": ""DataCellArtifact"", ""privacy_categories"": [""gender"", ""protected_attribute"", ""sensitive_personal_data""], ""privacy_categories_explicit"": [""gender"", ""protected_attribute""], ""privacy_usages"": [""criminal_justice_research"", ""research""], ""privacy_erasures"": [""delete_on_request"", ""retention_5y""], ""privacy_roles"": [""AU"", ""DPO"", ""DS""], ""privacy_annotation_sources"": [""propagated:TR""]}"
"DataCellArtifact|D7_COMPASFinal::record::4::cell::priors_count","DataCellArtifact","D7_COMPASFinal::record::4::cell::priors_count","{""key"": ""D7_COMPASFinal::record::4::cell::priors_count"", ""record_id"": ""4"", ""dataset_id"": ""D7_COMPASFinal"", ""attribute"": ""priors_count"", ""value"": 3.0, ""dtype"": ""int64"", ""artifact_kind"": ""DataCellArtifact"", ""privacy_categories"": [""criminal_justice_sensitive"", ""sensitive_personal_data""], ""privacy_categories_explicit"": [""criminal_justice_sensitive""], ""privacy_usages"": [""criminal_justice_research"", ""research""], ""privacy_erasures"": [""delete_on_request"", ""retention_5y""], ""privacy_roles"": [""AU"", ""DPO"", ""DS""], ""privacy_annotation_sources"": [""propagated:TR""]}"
"DataCellArtifact|D7_COMPASFinal::record::4::cell::days_b_screening_arrest","DataCellArtifact","D7_COMPASFinal::record::4::cell::days_b_screening_arrest","{""key"": ""D7_COMPASFinal::record::4::cell::days_b_screening_arrest"", ""record_id"": ""4"", ""dataset_id"": ""D7_COMPASFinal"", ""attribute"": ""days_b_screening_arrest"", ""value"": -3.0, ""dtype"": ""float64"", ""artifact_kind"": ""DataCellArtifact"", ""privacy_categories"": [""criminal_justice_sensitive"", ""temporal_quasi_identifier"", ""sensitive_personal_data""], ""privacy_categories_explicit"": [""criminal_justice_sensitive"", ""temporal_quasi_identifier""], ""privacy_usages"": [""criminal_justice_research"", ""research""], ""privacy_erasures"": [""delete_on_request"", ""retention_5y""], ""privacy_roles"": [""AU"", ""DPO"", ""DS""], ""privacy_annotation_sources"": [""propagated:TR""]}"
"DataCellArtifact|D7_COMPASFinal::record::4::cell::label","DataCellArtifact","D7_COMPASFinal::record::4::cell::label","{""key"": ""D7_COMPASFinal::record::4::cell::label"", ""record_id"": ""4"", ""dataset_id"": ""D7_COMPASFinal"", ""attribute"": ""label"", ""value"": 0.0, ""dtype"": ""int64"", ""artifact_kind"": ""DataCellArtifact"", ""privacy_categories"": [""criminal_justice_sensitive"", ""behavioural_sensitive"", ""sensitive_personal_data""], ""privacy_categories_explicit"": [""criminal_justice_sensitive"", ""behavioural_sensitive""], ""privacy_usages"": [""criminal_justice_research"", ""research""], ""privacy_erasures"": [""delete_on_request"", ""retention_5y""], ""privacy_roles"": [""AU"", ""DPO"", ""DS""], ""privacy_annotation_sources"": [""propagated:TR""]}"
"DataCellArtifact|D7_COMPASFinal::record::4::cell::jailtime","DataCellArtifact","D7_COMPASFinal::record::4::cell::jailtime","{""key"": ""D7_COMPASFinal::record::4::cell::jailtime"", ""record_id"": ""4"", ""dataset_id"": ""D7_COMPASFinal"", ""attribute"": ""jailtime"", ""value"": 19.0, ""dtype"": ""int64"", ""artifact_kind"": ""DataCellArtifact"", ""privacy_categories"": [""criminal_justice_sensitive"", ""temporal_quasi_identifier"", ""sensitive_personal_data""], ""privacy_categories_explicit"": [""criminal_justice_sensitive"", ""temporal_quasi_identifier""], ""privacy_usages"": [""criminal_justice_research"", ""research""], ""privacy_erasures"": [""delete_on_request"", ""retention_5y""], ""privacy_roles"": [""AU"", ""DPO"", ""DS""], ""privacy_annotation_sources"": [""propagated:TR""]}"
"DataRecordArtifact|D7_COMPASFinal::record::5","DataRecordArtifact","D7_COMPASFinal::record::5","{""key"": ""D7_COMPASFinal::record::5"", ""record_id"": ""5"", ""dataset_id"": ""D7_COMPASFinal"", ""artifact_kind"": ""DataRecordArtifact"", ""privacy_categories"": [""quasi_identifier"", ""criminal_justice_sensitive"", ""race_ethnicity"", ""protected_attribute"", ""gender"", ""temporal_quasi_identifier"", ""behavioural_sensitive"", ""personal_data"", ""sensitive_personal_data""], ""privacy_categories_explicit"": [""quasi_identifier"", ""criminal_justice_sensitive"", ""race_ethnicity"", ""protected_attribute"", ""gender"", ""temporal_quasi_identifier"", ""behavioural_sensitive""], ""privacy_usages"": [""criminal_justice_research"", ""research""], ""privacy_erasures"": [""delete_on_request"", ""retention_5y""], ""privacy_roles"": [""AU"", ""DPO"", ""DS""], ""privacy_annotation_sources"": [""propagated:TR""]}"
"DataCellArtifact|D7_COMPASFinal::record::5::cell::age","DataCellArtifact","D7_COMPASFinal::record::5::cell::age","{""key"": ""D7_COMPASFinal::record::5::cell::age"", ""record_id"": ""5"", ""dataset_id"": ""D7_COMPASFinal"", ""attribute"": ""age"", ""value"": 29.0, ""dtype"": ""int64"", ""artifact_kind"": ""DataCellArtifact"", ""privacy_categories"": [""quasi_identifier"", ""personal_data""], ""privacy_categories_explicit"": [""quasi_identifier""], ""privacy_usages"": [""criminal_justice_research"", ""research""], ""privacy_erasures"": [""delete_on_request"", ""retention_5y""], ""privacy_roles"": [""AU"", ""DPO"", ""DS""], ""privacy_annotation_sources"": [""propagated:TR""]}"
"DataCellArtifact|D7_COMPASFinal::record::5::cell::c_charge_degree","DataCellArtifact","D7_COMPASFinal::record::5::cell::c_charge_degree","{""key"": ""D7_COMPASFinal::record::5::cell::c_charge_degree"", ""record_id"": ""5"", ""dataset_id"": ""D7_COMPASFinal"", ""attribute"": ""c_charge_degree"", ""value"": 0.0, ""dtype"": ""int64"", ""artifact_kind"": ""DataCellArtifact"", ""privacy_categories"": [""criminal_justice_sensitive"", ""sensitive_personal_data""], ""privacy_categories_explicit"": [""criminal_justice_sensitive""], ""privacy_usages"": [""criminal_justice_research"", ""research""], ""privacy_erasures"": [""delete_on_request"", ""retention_5y""], ""privacy_roles"": [""AU"", ""DPO"", ""DS""], ""privacy_annotation_sources"": [""propagated:TR""]}"
"DataCellArtifact|D7_COMPASFinal::record::5::cell::race","DataCellArtifact","D7_COMPASFinal::record::5::cell::race","{""key"": ""D7_COMPASFinal::record::5::cell::race"", ""record_id"": ""5"", ""dataset_id"": ""D7_COMPASFinal"", ""attribute"": ""race"", ""value"": 0.0, ""dtype"": ""int64"", ""artifact_kind"": ""DataCellArtifact"", ""privacy_categories"": [""race_ethnicity"", ""protected_attribute"", ""sensitive_personal_data""], ""privacy_categories_explicit"": [""race_ethnicity"", ""protected_attribute""], ""privacy_usages"": [""criminal_justice_research"", ""research""], ""privacy_erasures"": [""delete_on_request"", ""retention_5y""], ""privacy_roles"": [""AU"", ""DPO"", ""DS""], ""privacy_annotation_sources"": [""propagated:TR""]}"
"DataCellArtifact|D7_COMPASFinal::record::5::cell::sex","DataCellArtifact","D7_COMPASFinal::record::5::cell::sex","{""key"": ""D7_COMPASFinal::record::5::cell::sex"", ""record_id"": ""5"", ""dataset_id"": ""D7_COMPASFinal"", ""attribute"": ""sex"", ""value"": 1.0, ""dtype"": ""int64"", ""artifact_kind"": ""DataCellArtifact"", ""privacy_categories"": [""gender"", ""protected_attribute"", ""sensitive_personal_data""], ""privacy_categories_explicit"": [""gender"", ""protected_attribute""], ""privacy_usages"": [""criminal_justice_research"", ""research""], ""privacy_erasures"": [""delete_on_request"", ""retention_5y""], ""privacy_roles"": [""AU"", ""DPO"", ""DS""], ""privacy_annotation_sources"": [""propagated:TR""]}"
"DataCellArtifact|D7_COMPASFinal::record::5::cell::priors_count","DataCellArtifact","D7_COMPASFinal::record::5::cell::priors_count","{""key"": ""D7_COMPASFinal::record::5::cell::priors_count"", ""record_id"": ""5"", ""dataset_id"": ""D7_COMPASFinal"", ""attribute"": ""priors_count"", ""value"": 0.0, ""dtype"": ""int64"", ""artifact_kind"": ""DataCellArtifact"", ""privacy_categories"": [""criminal_justice_sensitive"", ""sensitive_personal_data""], ""privacy_categories_explicit"": [""criminal_justice_sensitive""], ""privacy_usages"": [""criminal_justice_research"", ""research""], ""privacy_erasures"": [""delete_on_request"", ""retention_5y""], ""privacy_roles"": [""AU"", ""DPO"", ""DS""], ""privacy_annotation_sources"": [""propagated:TR""]}"
"DataCellArtifact|D7_COMPASFinal::record::5::cell::days_b_screening_arrest","DataCellArtifact","D7_COMPASFinal::record::5::cell::days_b_screening_arrest","{""key"": ""D7_COMPASFinal::record::5::cell::days_b_screening_arrest"", ""record_id"": ""5"", ""dataset_id"": ""D7_COMPASFinal"", ""attribute"": ""days_b_screening_arrest"", ""value"": 1.0, ""dtype"": ""float64"", ""artifact_kind"": ""DataCellArtifact"", ""privacy_categories"": [""criminal_justice_sensitive"", ""temporal_quasi_identifier"", ""sensitive_personal_data""], ""privacy_categories_explicit"": [""criminal_justice_sensitive"", ""temporal_quasi_identifier""], ""privacy_usages"": [""criminal_justice_research"", ""research""], ""privacy_erasures"": [""delete_on_request"", ""retention_5y""], ""privacy_roles"": [""AU"", ""DPO"", ""DS""], ""privacy_annotation_sources"": [""propagated:TR""]}"
"DataCellArtifact|D7_COMPASFinal::record::5::cell::label","DataCellArtifact","D7_COMPASFinal::record::5::cell::label","{""key"": ""D7_COMPASFinal::record::5::cell::label"", ""record_id"": ""5"", ""dataset_id"": ""D7_COMPASFinal"", ""attribute"": ""label"", ""value"": 1.0, ""dtype"": ""int64"", ""artifact_kind"": ""DataCellArtifact"", ""privacy_categories"": [""criminal_justice_sensitive"", ""behavioural_sensitive"", ""sensitive_personal_data""], ""privacy_categories_explicit"": [""criminal_justice_sensitive"", ""behavioural_sensitive""], ""privacy_usages"": [""criminal_justice_research"", ""research""], ""privacy_erasures"": [""delete_on_request"", ""retention_5y""], ""privacy_roles"": [""AU"", ""DPO"", ""DS""], ""privacy_annotation_sources"": [""propagated:TR""]}"
"DataCellArtifact|D7_COMPASFinal::record::5::cell::jailtime","DataCellArtifact","D7_COMPASFinal::record::5::cell::jailtime","{""key"": ""D7_COMPASFinal::record::5::cell::jailtime"", ""record_id"": ""5"", ""dataset_id"": ""D7_COMPASFinal"", ""attribute"": ""jailtime"", ""value"": 2.0, ""dtype"": ""int64"", ""artifact_kind"": ""DataCellArtifact"", ""privacy_categories"": [""criminal_justice_sensitive"", ""temporal_quasi_identifier"", ""sensitive_personal_data""], ""privacy_categories_explicit"": [""criminal_justice_sensitive"", ""temporal_quasi_identifier""], ""privacy_usages"": [""criminal_justice_research"", ""research""], ""privacy_erasures"": [""delete_on_request"", ""retention_5y""], ""privacy_roles"": [""AU"", ""DPO"", ""DS""], ""privacy_annotation_sources"": [""propagated:TR""]}"
"StepRun|run_fc7d525c22::008::B7_split_train_test","StepRun","run_fc7d525c22::008::B7_split_train_test","{""key"": ""run_fc7d525c22::008::B7_split_train_test"", ""step_id"": ""B7_split_train_test"", ""phase"": ""LearningPreparation"", ""framework"": ""python"", ""operatorType"": ""RED"", ""policy_id"": ""B7_split_train_test_policy"", ""input_artifacts"": [""D7_COMPASFinal""], ""output_artifacts"": [""D8_COMPASTrainDataset"", ""D9_COMPASTestDataset""], ""duration_seconds"": 0.0013546943664550781, ""status"": ""success"", ""operation_policy_id"": ""B7_split_train_test_policy"", ""contributorGranularity"": ""record""}"
"DatasetArtifact|D8_COMPASTrainDataset","DatasetArtifact","D8_COMPASTrainDataset","{""key"": ""D8_COMPASTrainDataset"", ""name"": ""D8_COMPASTrainDataset"", ""role"": ""derived"", ""source"": ""step:B7_split_train_test"", ""n_rows"": 3, ""n_cols"": 8, ""columns"": [""age"", ""c_charge_degree"", ""race"", ""sex"", ""priors_count"", ""days_b_screening_arrest"", ""label"", ""jailtime""], ""record_id_col"": null, ""artifact_kind"": ""DatasetArtifact"", ""privacy_categories"": [""quasi_identifier"", ""criminal_justice_sensitive"", ""race_ethnicity"", ""protected_attribute"", ""gender"", ""temporal_quasi_identifier"", ""behavioural_sensitive"", ""personal_data"", ""sensitive_personal_data""], ""privacy_categories_explicit"": [""quasi_identifier"", ""criminal_justice_sensitive"", ""race_ethnicity"", ""protected_attribute"", ""gender"", ""temporal_quasi_identifier"", ""behavioural_sensitive""], ""privacy_usages"": [""criminal_justice_research"", ""research""], ""privacy_erasures"": [""delete_on_request"", ""retention_5y""], ""privacy_roles"": [""AU"", ""DPO"", ""DS""], ""privacy_annotation_sources"": [""propagated:RED""]}"
"DataRecordArtifact|D8_COMPASTrainDataset::record::0","DataRecordArtifact","D8_COMPASTrainDataset::record::0","{""key"": ""D8_COMPASTrainDataset::record::0"", ""record_id"": ""0"", ""dataset_id"": ""D8_COMPASTrainDataset"", ""artifact_kind"": ""DataRecordArtifact"", ""privacy_categories"": [""quasi_identifier"", ""criminal_justice_sensitive"", ""race_ethnicity"", ""protected_attribute"", ""gender"", ""temporal_quasi_identifier"", ""behavioural_sensitive"", ""personal_data"", ""sensitive_personal_data""], ""privacy_categories_explicit"": [""quasi_identifier"", ""criminal_justice_sensitive"", ""race_ethnicity"", ""protected_attribute"", ""gender"", ""temporal_quasi_identifier"", ""behavioural_sensitive""], ""privacy_usages"": [""criminal_justice_research"", ""research""], ""privacy_erasures"": [""delete_on_request"", ""retention_5y""], ""privacy_roles"": [""AU"", ""DPO"", ""DS""], ""privacy_annotation_sources"": [""propagated:RED""]}"
"DataCellArtifact|D8_COMPASTrainDataset::record::0::cell::age","DataCellArtifact","D8_COMPASTrainDataset::record::0::cell::age","{""key"": ""D8_COMPASTrainDataset::record::0::cell::age"", ""record_id"": ""0"", ""dataset_id"": ""D8_COMPASTrainDataset"", ""attribute"": ""age"", ""value"": 25.0, ""dtype"": ""int64"", ""artifact_kind"": ""DataCellArtifact"", ""privacy_categories"": [""quasi_identifier"", ""personal_data""], ""privacy_categories_explicit"": [""quasi_identifier""], ""privacy_usages"": [""criminal_justice_research"", ""research""], ""privacy_erasures"": [""delete_on_request"", ""retention_5y""], ""privacy_roles"": [""AU"", ""DPO"", ""DS""], ""privacy_annotation_sources"": [""propagated:RED""]}"
"DataCellArtifact|D8_COMPASTrainDataset::record::0::cell::c_charge_degree","DataCellArtifact","D8_COMPASTrainDataset::record::0::cell::c_charge_degree","{""key"": ""D8_COMPASTrainDataset::record::0::cell::c_charge_degree"", ""record_id"": ""0"", ""dataset_id"": ""D8_COMPASTrainDataset"", ""attribute"": ""c_charge_degree"", ""value"": 1.0, ""dtype"": ""int64"", ""artifact_kind"": ""DataCellArtifact"", ""privacy_categories"": [""criminal_justice_sensitive"", ""sensitive_personal_data""], ""privacy_categories_explicit"": [""criminal_justice_sensitive""], ""privacy_usages"": [""criminal_justice_research"", ""research""], ""privacy_erasures"": [""delete_on_request"", ""retention_5y""], ""privacy_roles"": [""AU"", ""DPO"", ""DS""], ""privacy_annotation_sources"": [""propagated:RED""]}"
"DataCellArtifact|D8_COMPASTrainDataset::record::0::cell::race","DataCellArtifact","D8_COMPASTrainDataset::record::0::cell::race","{""key"": ""D8_COMPASTrainDataset::record::0::cell::race"", ""record_id"": ""0"", ""dataset_id"": ""D8_COMPASTrainDataset"", ""attribute"": ""race"", ""value"": 0.0, ""dtype"": ""int64"", ""artifact_kind"": ""DataCellArtifact"", ""privacy_categories"": [""race_ethnicity"", ""protected_attribute"", ""sensitive_personal_data""], ""privacy_categories_explicit"": [""race_ethnicity"", ""protected_attribute""], ""privacy_usages"": [""criminal_justice_research"", ""research""], ""privacy_erasures"": [""delete_on_request"", ""retention_5y""], ""privacy_roles"": [""AU"", ""DPO"", ""DS""], ""privacy_annotation_sources"": [""propagated:RED""]}"
"DataCellArtifact|D8_COMPASTrainDataset::record::0::cell::sex","DataCellArtifact","D8_COMPASTrainDataset::record::0::cell::sex","{""key"": ""D8_COMPASTrainDataset::record::0::cell::sex"", ""record_id"": ""0"", ""dataset_id"": ""D8_COMPASTrainDataset"", ""attribute"": ""sex"", ""value"": 1.0, ""dtype"": ""int64"", ""artifact_kind"": ""DataCellArtifact"", ""privacy_categories"": [""gender"", ""protected_attribute"", ""sensitive_personal_data""], ""privacy_categories_explicit"": [""gender"", ""protected_attribute""], ""privacy_usages"": [""criminal_justice_research"", ""research""], ""privacy_erasures"": [""delete_on_request"", ""retention_5y""], ""privacy_roles"": [""AU"", ""DPO"", ""DS""], ""privacy_annotation_sources"": [""propagated:RED""]}"
"DataCellArtifact|D8_COMPASTrainDataset::record::0::cell::priors_count","DataCellArtifact","D8_COMPASTrainDataset::record::0::cell::priors_count","{""key"": ""D8_COMPASTrainDataset::record::0::cell::priors_count"", ""record_id"": ""0"", ""dataset_id"": ""D8_COMPASTrainDataset"", ""attribute"": ""priors_count"", ""value"": 2.0, ""dtype"": ""int64"", ""artifact_kind"": ""DataCellArtifact"", ""privacy_categories"": [""criminal_justice_sensitive"", ""sensitive_personal_data""], ""privacy_categories_explicit"": [""criminal_justice_sensitive""], ""privacy_usages"": [""criminal_justice_research"", ""research""], ""privacy_erasures"": [""delete_on_request"", ""retention_5y""], ""privacy_roles"": [""AU"", ""DPO"", ""DS""], ""privacy_annotation_sources"": [""propagated:RED""]}"
"DataCellArtifact|D8_COMPASTrainDataset::record::0::cell::days_b_screening_arrest","DataCellArtifact","D8_COMPASTrainDataset::record::0::cell::days_b_screening_arrest","{""key"": ""D8_COMPASTrainDataset::record::0::cell::days_b_screening_arrest"", ""record_id"": ""0"", ""dataset_id"": ""D8_COMPASTrainDataset"", ""attribute"": ""days_b_screening_arrest"", ""value"": -1.0, ""dtype"": ""float64"", ""artifact_kind"": ""DataCellArtifact"", ""privacy_categories"": [""criminal_justice_sensitive"", ""temporal_quasi_identifier"", ""sensitive_personal_data""], ""privacy_categories_explicit"": [""criminal_justice_sensitive"", ""temporal_quasi_identifier""], ""privacy_usages"": [""criminal_justice_research"", ""research""], ""privacy_erasures"": [""delete_on_request"", ""retention_5y""], ""privacy_roles"": [""AU"", ""DPO"", ""DS""], ""privacy_annotation_sources"": [""propagated:RED""]}"
"DataCellArtifact|D8_COMPASTrainDataset::record::0::cell::label","DataCellArtifact","D8_COMPASTrainDataset::record::0::cell::label","{""key"": ""D8_COMPASTrainDataset::record::0::cell::label"", ""record_id"": ""0"", ""dataset_id"": ""D8_COMPASTrainDataset"", ""attribute"": ""label"", ""value"": 0.0, ""dtype"": ""int64"", ""artifact_kind"": ""DataCellArtifact"", ""privacy_categories"": [""criminal_justice_sensitive"", ""behavioural_sensitive"", ""sensitive_personal_data""], ""privacy_categories_explicit"": [""criminal_justice_sensitive"", ""behavioural_sensitive""], ""privacy_usages"": [""criminal_justice_research"", ""research""], ""privacy_erasures"": [""delete_on_request"", ""retention_5y""], ""privacy_roles"": [""AU"", ""DPO"", ""DS""], ""privacy_annotation_sources"": [""propagated:RED""]}"
"DataCellArtifact|D8_COMPASTrainDataset::record::0::cell::jailtime","DataCellArtifact","D8_COMPASTrainDataset::record::0::cell::jailtime","{""key"": ""D8_COMPASTrainDataset::record::0::cell::jailtime"", ""record_id"": ""0"", ""dataset_id"": ""D8_COMPASTrainDataset"", ""attribute"": ""jailtime"", ""value"": 9.0, ""dtype"": ""int64"", ""artifact_kind"": ""DataCellArtifact"", ""privacy_categories"": [""criminal_justice_sensitive"", ""temporal_quasi_identifier"", ""sensitive_personal_data""], ""privacy_categories_explicit"": [""criminal_justice_sensitive"", ""temporal_quasi_identifier""], ""privacy_usages"": [""criminal_justice_research"", ""research""], ""privacy_erasures"": [""delete_on_request"", ""retention_5y""], ""privacy_roles"": [""AU"", ""DPO"", ""DS""], ""privacy_annotation_sources"": [""propagated:RED""]}"
"DataRecordArtifact|D8_COMPASTrainDataset::record::1","DataRecordArtifact","D8_COMPASTrainDataset::record::1","{""key"": ""D8_COMPASTrainDataset::record::1"", ""record_id"": ""1"", ""dataset_id"": ""D8_COMPASTrainDataset"", ""artifact_kind"": ""DataRecordArtifact"", ""privacy_categories"": [""quasi_identifier"", ""criminal_justice_sensitive"", ""race_ethnicity"", ""protected_attribute"", ""gender"", ""temporal_quasi_identifier"", ""behavioural_sensitive"", ""personal_data"", ""sensitive_personal_data""], ""privacy_categories_explicit"": [""quasi_identifier"", ""criminal_justice_sensitive"", ""race_ethnicity"", ""protected_attribute"", ""gender"", ""temporal_quasi_identifier"", ""behavioural_sensitive""], ""privacy_usages"": [""criminal_justice_research"", ""research""], ""privacy_erasures"": [""delete_on_request"", ""retention_5y""], ""privacy_roles"": [""AU"", ""DPO"", ""DS""], ""privacy_annotation_sources"": [""propagated:RED""]}"
"DataCellArtifact|D8_COMPASTrainDataset::record::1::cell::age","DataCellArtifact","D8_COMPASTrainDataset::record::1::cell::age","{""key"": ""D8_COMPASTrainDataset::record::1::cell::age"", ""record_id"": ""1"", ""dataset_id"": ""D8_COMPASTrainDataset"", ""attribute"": ""age"", ""value"": 34.0, ""dtype"": ""int64"", ""artifact_kind"": ""DataCellArtifact"", ""privacy_categories"": [""quasi_identifier"", ""personal_data""], ""privacy_categories_explicit"": [""quasi_identifier""], ""privacy_usages"": [""criminal_justice_research"", ""research""], ""privacy_erasures"": [""delete_on_request"", ""retention_5y""], ""privacy_roles"": [""AU"", ""DPO"", ""DS""], ""privacy_annotation_sources"": [""propagated:RED""]}"
"DataCellArtifact|D8_COMPASTrainDataset::record::1::cell::c_charge_degree","DataCellArtifact","D8_COMPASTrainDataset::record::1::cell::c_charge_degree","{""key"": ""D8_COMPASTrainDataset::record::1::cell::c_charge_degree"", ""record_id"": ""1"", ""dataset_id"": ""D8_COMPASTrainDataset"", ""attribute"": ""c_charge_degree"", ""value"": 0.0, ""dtype"": ""int64"", ""artifact_kind"": ""DataCellArtifact"", ""privacy_categories"": [""criminal_justice_sensitive"", ""sensitive_personal_data""], ""privacy_categories_explicit"": [""criminal_justice_sensitive""], ""privacy_usages"": [""criminal_justice_research"", ""research""], ""privacy_erasures"": [""delete_on_request"", ""retention_5y""], ""privacy_roles"": [""AU"", ""DPO"", ""DS""], ""privacy_annotation_sources"": [""propagated:RED""]}"
"DataCellArtifact|D8_COMPASTrainDataset::record::1::cell::race","DataCellArtifact","D8_COMPASTrainDataset::record::1::cell::race","{""key"": ""D8_COMPASTrainDataset::record::1::cell::race"", ""record_id"": ""1"", ""dataset_id"": ""D8_COMPASTrainDataset"", ""attribute"": ""race"", ""value"": 1.0, ""dtype"": ""int64"", ""artifact_kind"": ""DataCellArtifact"", ""privacy_categories"": [""race_ethnicity"", ""protected_attribute"", ""sensitive_personal_data""], ""privacy_categories_explicit"": [""race_ethnicity"", ""protected_attribute""], ""privacy_usages"": [""criminal_justice_research"", ""research""], ""privacy_erasures"": [""delete_on_request"", ""retention_5y""], ""privacy_roles"": [""AU"", ""DPO"", ""DS""], ""privacy_annotation_sources"": [""propagated:RED""]}"
"DataCellArtifact|D8_COMPASTrainDataset::record::1::cell::sex","DataCellArtifact","D8_COMPASTrainDataset::record::1::cell::sex","{""key"": ""D8_COMPASTrainDataset::record::1::cell::sex"", ""record_id"": ""1"", ""dataset_id"": ""D8_COMPASTrainDataset"", ""attribute"": ""sex"", ""value"": 0.0, ""dtype"": ""int64"", ""artifact_kind"": ""DataCellArtifact"", ""privacy_categories"": [""gender"", ""protected_attribute"", ""sensitive_personal_data""], ""privacy_categories_explicit"": [""gender"", ""protected_attribute""], ""privacy_usages"": [""criminal_justice_research"", ""research""], ""privacy_erasures"": [""delete_on_request"", ""retention_5y""], ""privacy_roles"": [""AU"", ""DPO"", ""DS""], ""privacy_annotation_sources"": [""propagated:RED""]}"
"DataCellArtifact|D8_COMPASTrainDataset::record::1::cell::priors_count","DataCellArtifact","D8_COMPASTrainDataset::record::1::cell::priors_count","{""key"": ""D8_COMPASTrainDataset::record::1::cell::priors_count"", ""record_id"": ""1"", ""dataset_id"": ""D8_COMPASTrainDataset"", ""attribute"": ""priors_count"", ""value"": 0.0, ""dtype"": ""int64"", ""artifact_kind"": ""DataCellArtifact"", ""privacy_categories"": [""criminal_justice_sensitive"", ""sensitive_personal_data""], ""privacy_categories_explicit"": [""criminal_justice_sensitive""], ""privacy_usages"": [""criminal_justice_research"", ""research""], ""privacy_erasures"": [""delete_on_request"", ""retention_5y""], ""privacy_roles"": [""AU"", ""DPO"", ""DS""], ""privacy_annotation_sources"": [""propagated:RED""]}"
"DataCellArtifact|D8_COMPASTrainDataset::record::1::cell::days_b_screening_arrest","DataCellArtifact","D8_COMPASTrainDataset::record::1::cell::days_b_screening_arrest","{""key"": ""D8_COMPASTrainDataset::record::1::cell::days_b_screening_arrest"", ""record_id"": ""1"", ""dataset_id"": ""D8_COMPASTrainDataset"", ""attribute"": ""days_b_screening_arrest"", ""value"": 0.0, ""dtype"": ""float64"", ""artifact_kind"": ""DataCellArtifact"", ""privacy_categories"": [""criminal_justice_sensitive"", ""temporal_quasi_identifier"", ""sensitive_personal_data""], ""privacy_categories_explicit"": [""criminal_justice_sensitive"", ""temporal_quasi_identifier""], ""privacy_usages"": [""criminal_justice_research"", ""research""], ""privacy_erasures"": [""delete_on_request"", ""retention_5y""], ""privacy_roles"": [""AU"", ""DPO"", ""DS""], ""privacy_annotation_sources"": [""propagated:RED""]}"
"DataCellArtifact|D8_COMPASTrainDataset::record::1::cell::label","DataCellArtifact","D8_COMPASTrainDataset::record::1::cell::label","{""key"": ""D8_COMPASTrainDataset::record::1::cell::label"", ""record_id"": ""1"", ""dataset_id"": ""D8_COMPASTrainDataset"", ""attribute"": ""label"", ""value"": 1.0, ""dtype"": ""int64"", ""artifact_kind"": ""DataCellArtifact"", ""privacy_categories"": [""criminal_justice_sensitive"", ""behavioural_sensitive"", ""sensitive_personal_data""], ""privacy_categories_explicit"": [""criminal_justice_sensitive"", ""behavioural_sensitive""], ""privacy_usages"": [""criminal_justice_research"", ""research""], ""privacy_erasures"": [""delete_on_request"", ""retention_5y""], ""privacy_roles"": [""AU"", ""DPO"", ""DS""], ""privacy_annotation_sources"": [""propagated:RED""]}"
"DataCellArtifact|D8_COMPASTrainDataset::record::1::cell::jailtime","DataCellArtifact","D8_COMPASTrainDataset::record::1::cell::jailtime","{""key"": ""D8_COMPASTrainDataset::record::1::cell::jailtime"", ""record_id"": ""1"", ""dataset_id"": ""D8_COMPASTrainDataset"", ""attribute"": ""jailtime"", ""value"": 1.0, ""dtype"": ""int64"", ""artifact_kind"": ""DataCellArtifact"", ""privacy_categories"": [""criminal_justice_sensitive"", ""temporal_quasi_identifier"", ""sensitive_personal_data""], ""privacy_categories_explicit"": [""criminal_justice_sensitive"", ""temporal_quasi_identifier""], ""privacy_usages"": [""criminal_justice_research"", ""research""], ""privacy_erasures"": [""delete_on_request"", ""retention_5y""], ""privacy_roles"": [""AU"", ""DPO"", ""DS""], ""privacy_annotation_sources"": [""propagated:RED""]}"
"DataRecordArtifact|D8_COMPASTrainDataset::record::2","DataRecordArtifact","D8_COMPASTrainDataset::record::2","{""key"": ""D8_COMPASTrainDataset::record::2"", ""record_id"": ""2"", ""dataset_id"": ""D8_COMPASTrainDataset"", ""artifact_kind"": ""DataRecordArtifact"", ""privacy_categories"": [""quasi_identifier"", ""criminal_justice_sensitive"", ""race_ethnicity"", ""protected_attribute"", ""gender"", ""temporal_quasi_identifier"", ""behavioural_sensitive"", ""personal_data"", ""sensitive_personal_data""], ""privacy_categories_explicit"": [""quasi_identifier"", ""criminal_justice_sensitive"", ""race_ethnicity"", ""protected_attribute"", ""gender"", ""temporal_quasi_identifier"", ""behavioural_sensitive""], ""privacy_usages"": [""criminal_justice_research"", ""research""], ""privacy_erasures"": [""delete_on_request"", ""retention_5y""], ""privacy_roles"": [""AU"", ""DPO"", ""DS""], ""privacy_annotation_sources"": [""propagated:RED""]}"
"DataCellArtifact|D8_COMPASTrainDataset::record::2::cell::age","DataCellArtifact","D8_COMPASTrainDataset::record::2::cell::age","{""key"": ""D8_COMPASTrainDataset::record::2::cell::age"", ""record_id"": ""2"", ""dataset_id"": ""D8_COMPASTrainDataset"", ""attribute"": ""age"", ""value"": 45.0, ""dtype"": ""int64"", ""artifact_kind"": ""DataCellArtifact"", ""privacy_categories"": [""quasi_identifier"", ""personal_data""], ""privacy_categories_explicit"": [""quasi_identifier""], ""privacy_usages"": [""criminal_justice_research"", ""research""], ""privacy_erasures"": [""delete_on_request"", ""retention_5y""], ""privacy_roles"": [""AU"", ""DPO"", ""DS""], ""privacy_annotation_sources"": [""propagated:RED""]}"
"DataCellArtifact|D8_COMPASTrainDataset::record::2::cell::c_charge_degree","DataCellArtifact","D8_COMPASTrainDataset::record::2::cell::c_charge_degree","{""key"": ""D8_COMPASTrainDataset::record::2::cell::c_charge_degree"", ""record_id"": ""2"", ""dataset_id"": ""D8_COMPASTrainDataset"", ""attribute"": ""c_charge_degree"", ""value"": 1.0, ""dtype"": ""int64"", ""artifact_kind"": ""DataCellArtifact"", ""privacy_categories"": [""criminal_justice_sensitive"", ""sensitive_personal_data""], ""privacy_categories_explicit"": [""criminal_justice_sensitive""], ""privacy_usages"": [""criminal_justice_research"", ""research""], ""privacy_erasures"": [""delete_on_request"", ""retention_5y""], ""privacy_roles"": [""AU"", ""DPO"", ""DS""], ""privacy_annotation_sources"": [""propagated:RED""]}"
"DataCellArtifact|D8_COMPASTrainDataset::record::2::cell::race","DataCellArtifact","D8_COMPASTrainDataset::record::2::cell::race","{""key"": ""D8_COMPASTrainDataset::record::2::cell::race"", ""record_id"": ""2"", ""dataset_id"": ""D8_COMPASTrainDataset"", ""attribute"": ""race"", ""value"": 0.0, ""dtype"": ""int64"", ""artifact_kind"": ""DataCellArtifact"", ""privacy_categories"": [""race_ethnicity"", ""protected_attribute"", ""sensitive_personal_data""], ""privacy_categories_explicit"": [""race_ethnicity"", ""protected_attribute""], ""privacy_usages"": [""criminal_justice_research"", ""research""], ""privacy_erasures"": [""delete_on_request"", ""retention_5y""], ""privacy_roles"": [""AU"", ""DPO"", ""DS""], ""privacy_annotation_sources"": [""propagated:RED""]}"
"DataCellArtifact|D8_COMPASTrainDataset::record::2::cell::sex","DataCellArtifact","D8_COMPASTrainDataset::record::2::cell::sex","{""key"": ""D8_COMPASTrainDataset::record::2::cell::sex"", ""record_id"": ""2"", ""dataset_id"": ""D8_COMPASTrainDataset"", ""attribute"": ""sex"", ""value"": 1.0, ""dtype"": ""int64"", ""artifact_kind"": ""DataCellArtifact"", ""privacy_categories"": [""gender"", ""protected_attribute"", ""sensitive_personal_data""], ""privacy_categories_explicit"": [""gender"", ""protected_attribute""], ""privacy_usages"": [""criminal_justice_research"", ""research""], ""privacy_erasures"": [""delete_on_request"", ""retention_5y""], ""privacy_roles"": [""AU"", ""DPO"", ""DS""], ""privacy_annotation_sources"": [""propagated:RED""]}"
"DataCellArtifact|D8_COMPASTrainDataset::record::2::cell::priors_count","DataCellArtifact","D8_COMPASTrainDataset::record::2::cell::priors_count","{""key"": ""D8_COMPASTrainDataset::record::2::cell::priors_count"", ""record_id"": ""2"", ""dataset_id"": ""D8_COMPASTrainDataset"", ""attribute"": ""priors_count"", ""value"": 5.0, ""dtype"": ""int64"", ""artifact_kind"": ""DataCellArtifact"", ""privacy_categories"": [""criminal_justice_sensitive"", ""sensitive_personal_data""], ""privacy_categories_explicit"": [""criminal_justice_sensitive""], ""privacy_usages"": [""criminal_justice_research"", ""research""], ""privacy_erasures"": [""delete_on_request"", ""retention_5y""], ""privacy_roles"": [""AU"", ""DPO"", ""DS""], ""privacy_annotation_sources"": [""propagated:RED""]}"
"DataCellArtifact|D8_COMPASTrainDataset::record::2::cell::days_b_screening_arrest","DataCellArtifact","D8_COMPASTrainDataset::record::2::cell::days_b_screening_arrest","{""key"": ""D8_COMPASTrainDataset::record::2::cell::days_b_screening_arrest"", ""record_id"": ""2"", ""dataset_id"": ""D8_COMPASTrainDataset"", ""attribute"": ""days_b_screening_arrest"", ""value"": 2.0, ""dtype"": ""float64"", ""artifact_kind"": ""DataCellArtifact"", ""privacy_categories"": [""criminal_justice_sensitive"", ""temporal_quasi_identifier"", ""sensitive_personal_data""], ""privacy_categories_explicit"": [""criminal_justice_sensitive"", ""temporal_quasi_identifier""], ""privacy_usages"": [""criminal_justice_research"", ""research""], ""privacy_erasures"": [""delete_on_request"", ""retention_5y""], ""privacy_roles"": [""AU"", ""DPO"", ""DS""], ""privacy_annotation_sources"": [""propagated:RED""]}"
"DataCellArtifact|D8_COMPASTrainDataset::record::2::cell::label","DataCellArtifact","D8_COMPASTrainDataset::record::2::cell::label","{""key"": ""D8_COMPASTrainDataset::record::2::cell::label"", ""record_id"": ""2"", ""dataset_id"": ""D8_COMPASTrainDataset"", ""attribute"": ""label"", ""value"": 0.0, ""dtype"": ""int64"", ""artifact_kind"": ""DataCellArtifact"", ""privacy_categories"": [""criminal_justice_sensitive"", ""behavioural_sensitive"", ""sensitive_personal_data""], ""privacy_categories_explicit"": [""criminal_justice_sensitive"", ""behavioural_sensitive""], ""privacy_usages"": [""criminal_justice_research"", ""research""], ""privacy_erasures"": [""delete_on_request"", ""retention_5y""], ""privacy_roles"": [""AU"", ""DPO"", ""DS""], ""privacy_annotation_sources"": [""propagated:RED""]}"
"DataCellArtifact|D8_COMPASTrainDataset::record::2::cell::jailtime","DataCellArtifact","D8_COMPASTrainDataset::record::2::cell::jailtime","{""key"": ""D8_COMPASTrainDataset::record::2::cell::jailtime"", ""record_id"": ""2"", ""dataset_id"": ""D8_COMPASTrainDataset"", ""attribute"": ""jailtime"", ""value"": 15.0, ""dtype"": ""int64"", ""artifact_kind"": ""DataCellArtifact"", ""privacy_categories"": [""criminal_justice_sensitive"", ""temporal_quasi_identifier"", ""sensitive_personal_data""], ""privacy_categories_explicit"": [""criminal_justice_sensitive"", ""temporal_quasi_identifier""], ""privacy_usages"": [""criminal_justice_research"", ""research""], ""privacy_erasures"": [""delete_on_request"", ""retention_5y""], ""privacy_roles"": [""AU"", ""DPO"", ""DS""], ""privacy_annotation_sources"": [""propagated:RED""]}"
"DatasetArtifact|D9_COMPASTestDataset","DatasetArtifact","D9_COMPASTestDataset","{""key"": ""D9_COMPASTestDataset"", ""name"": ""D9_COMPASTestDataset"", ""role"": ""derived"", ""source"": ""step:B7_split_train_test"", ""n_rows"": 2, ""n_cols"": 8, ""columns"": [""age"", ""c_charge_degree"", ""race"", ""sex"", ""priors_count"", ""days_b_screening_arrest"", ""label"", ""jailtime""], ""record_id_col"": null, ""artifact_kind"": ""DatasetArtifact"", ""privacy_categories"": [""quasi_identifier"", ""criminal_justice_sensitive"", ""race_ethnicity"", ""protected_attribute"", ""gender"", ""temporal_quasi_identifier"", ""behavioural_sensitive"", ""personal_data"", ""sensitive_personal_data""], ""privacy_categories_explicit"": [""quasi_identifier"", ""criminal_justice_sensitive"", ""race_ethnicity"", ""protected_attribute"", ""gender"", ""temporal_quasi_identifier"", ""behavioural_sensitive""], ""privacy_usages"": [""criminal_justice_research"", ""research""], ""privacy_erasures"": [""delete_on_request"", ""retention_5y""], ""privacy_roles"": [""AU"", ""DPO"", ""DS""], ""privacy_annotation_sources"": [""propagated:RED""]}"
"DataRecordArtifact|D9_COMPASTestDataset::record::4","DataRecordArtifact","D9_COMPASTestDataset::record::4","{""key"": ""D9_COMPASTestDataset::record::4"", ""record_id"": ""4"", ""dataset_id"": ""D9_COMPASTestDataset"", ""artifact_kind"": ""DataRecordArtifact"", ""privacy_categories"": [""quasi_identifier"", ""criminal_justice_sensitive"", ""race_ethnicity"", ""protected_attribute"", ""gender"", ""temporal_quasi_identifier"", ""behavioural_sensitive"", ""personal_data"", ""sensitive_personal_data""], ""privacy_categories_explicit"": [""quasi_identifier"", ""criminal_justice_sensitive"", ""race_ethnicity"", ""protected_attribute"", ""gender"", ""temporal_quasi_identifier"", ""behavioural_sensitive""], ""privacy_usages"": [""criminal_justice_research"", ""research""], ""privacy_erasures"": [""delete_on_request"", ""retention_5y""], ""privacy_roles"": [""AU"", ""DPO"", ""DS""], ""privacy_annotation_sources"": [""propagated:RED""]}"
"DataCellArtifact|D9_COMPASTestDataset::record::4::cell::age","DataCellArtifact","D9_COMPASTestDataset::record::4::cell::age","{""key"": ""D9_COMPASTestDataset::record::4::cell::age"", ""record_id"": ""4"", ""dataset_id"": ""D9_COMPASTestDataset"", ""attribute"": ""age"", ""value"": 51.0, ""dtype"": ""int64"", ""artifact_kind"": ""DataCellArtifact"", ""privacy_categories"": [""quasi_identifier"", ""personal_data""], ""privacy_categories_explicit"": [""quasi_identifier""], ""privacy_usages"": [""criminal_justice_research"", ""research""], ""privacy_erasures"": [""delete_on_request"", ""retention_5y""], ""privacy_roles"": [""AU"", ""DPO"", ""DS""], ""privacy_annotation_sources"": [""propagated:RED""]}"
"DataCellArtifact|D9_COMPASTestDataset::record::4::cell::c_charge_degree","DataCellArtifact","D9_COMPASTestDataset::record::4::cell::c_charge_degree","{""key"": ""D9_COMPASTestDataset::record::4::cell::c_charge_degree"", ""record_id"": ""4"", ""dataset_id"": ""D9_COMPASTestDataset"", ""attribute"": ""c_charge_degree"", ""value"": 1.0, ""dtype"": ""int64"", ""artifact_kind"": ""DataCellArtifact"", ""privacy_categories"": [""criminal_justice_sensitive"", ""sensitive_personal_data""], ""privacy_categories_explicit"": [""criminal_justice_sensitive""], ""privacy_usages"": [""criminal_justice_research"", ""research""], ""privacy_erasures"": [""delete_on_request"", ""retention_5y""], ""privacy_roles"": [""AU"", ""DPO"", ""DS""], ""privacy_annotation_sources"": [""propagated:RED""]}"
"DataCellArtifact|D9_COMPASTestDataset::record::4::cell::race","DataCellArtifact","D9_COMPASTestDataset::record::4::cell::race","{""key"": ""D9_COMPASTestDataset::record::4::cell::race"", ""record_id"": ""4"", ""dataset_id"": ""D9_COMPASTestDataset"", ""attribute"": ""race"", ""value"": 0.0, ""dtype"": ""int64"", ""artifact_kind"": ""DataCellArtifact"", ""privacy_categories"": [""race_ethnicity"", ""protected_attribute"", ""sensitive_personal_data""], ""privacy_categories_explicit"": [""race_ethnicity"", ""protected_attribute""], ""privacy_usages"": [""criminal_justice_research"", ""research""], ""privacy_erasures"": [""delete_on_request"", ""retention_5y""], ""privacy_roles"": [""AU"", ""DPO"", ""DS""], ""privacy_annotation_sources"": [""propagated:RED""]}"
"DataCellArtifact|D9_COMPASTestDataset::record::4::cell::sex","DataCellArtifact","D9_COMPASTestDataset::record::4::cell::sex","{""key"": ""D9_COMPASTestDataset::record::4::cell::sex"", ""record_id"": ""4"", ""dataset_id"": ""D9_COMPASTestDataset"", ""attribute"": ""sex"", ""value"": 0.0, ""dtype"": ""int64"", ""artifact_kind"": ""DataCellArtifact"", ""privacy_categories"": [""gender"", ""protected_attribute"", ""sensitive_personal_data""], ""privacy_categories_explicit"": [""gender"", ""protected_attribute""], ""privacy_usages"": [""criminal_justice_research"", ""research""], ""privacy_erasures"": [""delete_on_request"", ""retention_5y""], ""privacy_roles"": [""AU"", ""DPO"", ""DS""], ""privacy_annotation_sources"": [""propagated:RED""]}"
"DataCellArtifact|D9_COMPASTestDataset::record::4::cell::priors_count","DataCellArtifact","D9_COMPASTestDataset::record::4::cell::priors_count","{""key"": ""D9_COMPASTestDataset::record::4::cell::priors_count"", ""record_id"": ""4"", ""dataset_id"": ""D9_COMPASTestDataset"", ""attribute"": ""priors_count"", ""value"": 3.0, ""dtype"": ""int64"", ""artifact_kind"": ""DataCellArtifact"", ""privacy_categories"": [""criminal_justice_sensitive"", ""sensitive_personal_data""], ""privacy_categories_explicit"": [""criminal_justice_sensitive""], ""privacy_usages"": [""criminal_justice_research"", ""research""], ""privacy_erasures"": [""delete_on_request"", ""retention_5y""], ""privacy_roles"": [""AU"", ""DPO"", ""DS""], ""privacy_annotation_sources"": [""propagated:RED""]}"
"DataCellArtifact|D9_COMPASTestDataset::record::4::cell::days_b_screening_arrest","DataCellArtifact","D9_COMPASTestDataset::record::4::cell::days_b_screening_arrest","{""key"": ""D9_COMPASTestDataset::record::4::cell::days_b_screening_arrest"", ""record_id"": ""4"", ""dataset_id"": ""D9_COMPASTestDataset"", ""attribute"": ""days_b_screening_arrest"", ""value"": -3.0, ""dtype"": ""float64"", ""artifact_kind"": ""DataCellArtifact"", ""privacy_categories"": [""criminal_justice_sensitive"", ""temporal_quasi_identifier"", ""sensitive_personal_data""], ""privacy_categories_explicit"": [""criminal_justice_sensitive"", ""temporal_quasi_identifier""], ""privacy_usages"": [""criminal_justice_research"", ""research""], ""privacy_erasures"": [""delete_on_request"", ""retention_5y""], ""privacy_roles"": [""AU"", ""DPO"", ""DS""], ""privacy_annotation_sources"": [""propagated:RED""]}"
"DataCellArtifact|D9_COMPASTestDataset::record::4::cell::label","DataCellArtifact","D9_COMPASTestDataset::record::4::cell::label","{""key"": ""D9_COMPASTestDataset::record::4::cell::label"", ""record_id"": ""4"", ""dataset_id"": ""D9_COMPASTestDataset"", ""attribute"": ""label"", ""value"": 0.0, ""dtype"": ""int64"", ""artifact_kind"": ""DataCellArtifact"", ""privacy_categories"": [""criminal_justice_sensitive"", ""behavioural_sensitive"", ""sensitive_personal_data""], ""privacy_categories_explicit"": [""criminal_justice_sensitive"", ""behavioural_sensitive""], ""privacy_usages"": [""criminal_justice_research"", ""research""], ""privacy_erasures"": [""delete_on_request"", ""retention_5y""], ""privacy_roles"": [""AU"", ""DPO"", ""DS""], ""privacy_annotation_sources"": [""propagated:RED""]}"
"DataCellArtifact|D9_COMPASTestDataset::record::4::cell::jailtime","DataCellArtifact","D9_COMPASTestDataset::record::4::cell::jailtime","{""key"": ""D9_COMPASTestDataset::record::4::cell::jailtime"", ""record_id"": ""4"", ""dataset_id"": ""D9_COMPASTestDataset"", ""attribute"": ""jailtime"", ""value"": 19.0, ""dtype"": ""int64"", ""artifact_kind"": ""DataCellArtifact"", ""privacy_categories"": [""criminal_justice_sensitive"", ""temporal_quasi_identifier"", ""sensitive_personal_data""], ""privacy_categories_explicit"": [""criminal_justice_sensitive"", ""temporal_quasi_identifier""], ""privacy_usages"": [""criminal_justice_research"", ""research""], ""privacy_erasures"": [""delete_on_request"", ""retention_5y""], ""privacy_roles"": [""AU"", ""DPO"", ""DS""], ""privacy_annotation_sources"": [""propagated:RED""]}"
"DataRecordArtifact|D9_COMPASTestDataset::record::5","DataRecordArtifact","D9_COMPASTestDataset::record::5","{""key"": ""D9_COMPASTestDataset::record::5"", ""record_id"": ""5"", ""dataset_id"": ""D9_COMPASTestDataset"", ""artifact_kind"": ""DataRecordArtifact"", ""privacy_categories"": [""quasi_identifier"", ""criminal_justice_sensitive"", ""race_ethnicity"", ""protected_attribute"", ""gender"", ""temporal_quasi_identifier"", ""behavioural_sensitive"", ""personal_data"", ""sensitive_personal_data""], ""privacy_categories_explicit"": [""quasi_identifier"", ""criminal_justice_sensitive"", ""race_ethnicity"", ""protected_attribute"", ""gender"", ""temporal_quasi_identifier"", ""behavioural_sensitive""], ""privacy_usages"": [""criminal_justice_research"", ""research""], ""privacy_erasures"": [""delete_on_request"", ""retention_5y""], ""privacy_roles"": [""AU"", ""DPO"", ""DS""], ""privacy_annotation_sources"": [""propagated:RED""]}"
"DataCellArtifact|D9_COMPASTestDataset::record::5::cell::age","DataCellArtifact","D9_COMPASTestDataset::record::5::cell::age","{""key"": ""D9_COMPASTestDataset::record::5::cell::age"", ""record_id"": ""5"", ""dataset_id"": ""D9_COMPASTestDataset"", ""attribute"": ""age"", ""value"": 29.0, ""dtype"": ""int64"", ""artifact_kind"": ""DataCellArtifact"", ""privacy_categories"": [""quasi_identifier"", ""personal_data""], ""privacy_categories_explicit"": [""quasi_identifier""], ""privacy_usages"": [""criminal_justice_research"", ""research""], ""privacy_erasures"": [""delete_on_request"", ""retention_5y""], ""privacy_roles"": [""AU"", ""DPO"", ""DS""], ""privacy_annotation_sources"": [""propagated:RED""]}"
"DataCellArtifact|D9_COMPASTestDataset::record::5::cell::c_charge_degree","DataCellArtifact","D9_COMPASTestDataset::record::5::cell::c_charge_degree","{""key"": ""D9_COMPASTestDataset::record::5::cell::c_charge_degree"", ""record_id"": ""5"", ""dataset_id"": ""D9_COMPASTestDataset"", ""attribute"": ""c_charge_degree"", ""value"": 0.0, ""dtype"": ""int64"", ""artifact_kind"": ""DataCellArtifact"", ""privacy_categories"": [""criminal_justice_sensitive"", ""sensitive_personal_data""], ""privacy_categories_explicit"": [""criminal_justice_sensitive""], ""privacy_usages"": [""criminal_justice_research"", ""research""], ""privacy_erasures"": [""delete_on_request"", ""retention_5y""], ""privacy_roles"": [""AU"", ""DPO"", ""DS""], ""privacy_annotation_sources"": [""propagated:RED""]}"
"DataCellArtifact|D9_COMPASTestDataset::record::5::cell::race","DataCellArtifact","D9_COMPASTestDataset::record::5::cell::race","{""key"": ""D9_COMPASTestDataset::record::5::cell::race"", ""record_id"": ""5"", ""dataset_id"": ""D9_COMPASTestDataset"", ""attribute"": ""race"", ""value"": 0.0, ""dtype"": ""int64"", ""artifact_kind"": ""DataCellArtifact"", ""privacy_categories"": [""race_ethnicity"", ""protected_attribute"", ""sensitive_personal_data""], ""privacy_categories_explicit"": [""race_ethnicity"", ""protected_attribute""], ""privacy_usages"": [""criminal_justice_research"", ""research""], ""privacy_erasures"": [""delete_on_request"", ""retention_5y""], ""privacy_roles"": [""AU"", ""DPO"", ""DS""], ""privacy_annotation_sources"": [""propagated:RED""]}"
"DataCellArtifact|D9_COMPASTestDataset::record::5::cell::sex","DataCellArtifact","D9_COMPASTestDataset::record::5::cell::sex","{""key"": ""D9_COMPASTestDataset::record::5::cell::sex"", ""record_id"": ""5"", ""dataset_id"": ""D9_COMPASTestDataset"", ""attribute"": ""sex"", ""value"": 1.0, ""dtype"": ""int64"", ""artifact_kind"": ""DataCellArtifact"", ""privacy_categories"": [""gender"", ""protected_attribute"", ""sensitive_personal_data""], ""privacy_categories_explicit"": [""gender"", ""protected_attribute""], ""privacy_usages"": [""criminal_justice_research"", ""research""], ""privacy_erasures"": [""delete_on_request"", ""retention_5y""], ""privacy_roles"": [""AU"", ""DPO"", ""DS""], ""privacy_annotation_sources"": [""propagated:RED""]}"
"DataCellArtifact|D9_COMPASTestDataset::record::5::cell::priors_count","DataCellArtifact","D9_COMPASTestDataset::record::5::cell::priors_count","{""key"": ""D9_COMPASTestDataset::record::5::cell::priors_count"", ""record_id"": ""5"", ""dataset_id"": ""D9_COMPASTestDataset"", ""attribute"": ""priors_count"", ""value"": 0.0, ""dtype"": ""int64"", ""artifact_kind"": ""DataCellArtifact"", ""privacy_categories"": [""criminal_justice_sensitive"", ""sensitive_personal_data""], ""privacy_categories_explicit"": [""criminal_justice_sensitive""], ""privacy_usages"": [""criminal_justice_research"", ""research""], ""privacy_erasures"": [""delete_on_request"", ""retention_5y""], ""privacy_roles"": [""AU"", ""DPO"", ""DS""], ""privacy_annotation_sources"": [""propagated:RED""]}"
"DataCellArtifact|D9_COMPASTestDataset::record::5::cell::days_b_screening_arrest","DataCellArtifact","D9_COMPASTestDataset::record::5::cell::days_b_screening_arrest","{""key"": ""D9_COMPASTestDataset::record::5::cell::days_b_screening_arrest"", ""record_id"": ""5"", ""dataset_id"": ""D9_COMPASTestDataset"", ""attribute"": ""days_b_screening_arrest"", ""value"": 1.0, ""dtype"": ""float64"", ""artifact_kind"": ""DataCellArtifact"", ""privacy_categories"": [""criminal_justice_sensitive"", ""temporal_quasi_identifier"", ""sensitive_personal_data""], ""privacy_categories_explicit"": [""criminal_justice_sensitive"", ""temporal_quasi_identifier""], ""privacy_usages"": [""criminal_justice_research"", ""research""], ""privacy_erasures"": [""delete_on_request"", ""retention_5y""], ""privacy_roles"": [""AU"", ""DPO"", ""DS""], ""privacy_annotation_sources"": [""propagated:RED""]}"
"DataCellArtifact|D9_COMPASTestDataset::record::5::cell::label","DataCellArtifact","D9_COMPASTestDataset::record::5::cell::label","{""key"": ""D9_COMPASTestDataset::record::5::cell::label"", ""record_id"": ""5"", ""dataset_id"": ""D9_COMPASTestDataset"", ""attribute"": ""label"", ""value"": 1.0, ""dtype"": ""int64"", ""artifact_kind"": ""DataCellArtifact"", ""privacy_categories"": [""criminal_justice_sensitive"", ""behavioural_sensitive"", ""sensitive_personal_data""], ""privacy_categories_explicit"": [""criminal_justice_sensitive"", ""behavioural_sensitive""], ""privacy_usages"": [""criminal_justice_research"", ""research""], ""privacy_erasures"": [""delete_on_request"", ""retention_5y""], ""privacy_roles"": [""AU"", ""DPO"", ""DS""], ""privacy_annotation_sources"": [""propagated:RED""]}"
"DataCellArtifact|D9_COMPASTestDataset::record::5::cell::jailtime","DataCellArtifact","D9_COMPASTestDataset::record::5::cell::jailtime","{""key"": ""D9_COMPASTestDataset::record::5::cell::jailtime"", ""record_id"": ""5"", ""dataset_id"": ""D9_COMPASTestDataset"", ""attribute"": ""jailtime"", ""value"": 2.0, ""dtype"": ""int64"", ""artifact_kind"": ""DataCellArtifact"", ""privacy_categories"": [""criminal_justice_sensitive"", ""temporal_quasi_identifier"", ""sensitive_personal_data""], ""privacy_categories_explicit"": [""criminal_justice_sensitive"", ""temporal_quasi_identifier""], ""privacy_usages"": [""criminal_justice_research"", ""research""], ""privacy_erasures"": [""delete_on_request"", ""retention_5y""], ""privacy_roles"": [""AU"", ""DPO"", ""DS""], ""privacy_annotation_sources"": [""propagated:RED""]}"
"StepRun|run_fc7d525c22::009::B8_train_classifier","StepRun","run_fc7d525c22::009::B8_train_classifier","{""key"": ""run_fc7d525c22::009::B8_train_classifier"", ""step_id"": ""B8_train_classifier"", ""phase"": ""Learning"", ""framework"": ""python"", ""operatorType"": ""LEARN"", ""policy_id"": ""B8_train_classifier_policy"", ""input_artifacts"": [""D8_COMPASTrainDataset""], ""output_artifacts"": [""M1_COMPASRecidivismClassifier""], ""duration_seconds"": 0.001369476318359375, ""status"": ""success"", ""operation_policy_id"": ""B8_train_classifier_policy"", ""contributorGranularity"": ""record_and_attribute""}"
"ModelArtifact|M1_COMPASRecidivismClassifier","ModelArtifact","M1_COMPASRecidivismClassifier","{""key"": ""M1_COMPASRecidivismClassifier"", ""name"": ""M1_COMPASRecidivismClassifier"", ""role"": ""model"", ""framework"": ""scikit-learn"", ""source"": ""step:B8_train_classifier"", ""model_class"": ""DecisionTreeClassifier"", ""artifact_kind"": ""ModelArtifact"", ""privacy_categories"": [""model_exposed_to_criminal_justice_sensitive_data"", ""model_exposed_to_protected_attributes"", ""model_exposed_to_behavioural_sensitive_label"", ""model_exposed_to_personal_data"", ""model_exposed_to_sensitive_personal_data"", ""model_exposure""], ""privacy_categories_explicit"": [""model_exposed_to_criminal_justice_sensitive_data"", ""model_exposed_to_protected_attributes"", ""model_exposed_to_behavioural_sensitive_label"", ""model_exposed_to_personal_data"", ""model_exposed_to_sensitive_personal_data""], ""privacy_usages"": [""criminal_justice_research"", ""research""], ""privacy_erasures"": [""retrain_or_review_on_erasure"", ""retention_5y""], ""privacy_roles"": [""DS"", ""AU"", ""DPO"", ""DomainExpert""], ""privacy_annotation_sources"": [""propagated:LEARN""]}"
"StepRun|run_fc7d525c22::010::B9_evaluate_classifier","StepRun","run_fc7d525c22::010::B9_evaluate_classifier","{""key"": ""run_fc7d525c22::010::B9_evaluate_classifier"", ""step_id"": ""B9_evaluate_classifier"", ""phase"": ""Evaluation"", ""framework"": ""python"", ""operatorType"": ""EVAL"", ""policy_id"": ""B9_evaluate_classifier_policy"", ""input_artifacts"": [""M1_COMPASRecidivismClassifier"", ""D9_COMPASTestDataset""], ""output_artifacts"": [""E1_COMPASAccuracy""], ""duration_seconds"": 0.001340627670288086, ""status"": ""success"", ""operation_policy_id"": ""B9_evaluate_classifier_policy"", ""contributorGranularity"": ""model_and_test""}"
"EvaluationMetric|E1_COMPASAccuracy","EvaluationMetric","E1_COMPASAccuracy","{""key"": ""E1_COMPASAccuracy"", ""name"": ""E1_COMPASAccuracy"", ""value"": 1.0, ""split"": null, ""source"": ""step:B9_evaluate_classifier"", ""artifact_kind"": ""EvaluationMetric"", ""privacy_categories"": [""model_exposed_to_criminal_justice_sensitive_data"", ""model_exposed_to_protected_attributes"", ""model_exposed_to_behavioural_sensitive_label"", ""model_exposed_to_personal_data"", ""model_exposed_to_sensitive_personal_data"", ""quasi_identifier"", ""criminal_justice_sensitive"", ""race_ethnicity"", ""protected_attribute"", ""gender"", ""temporal_quasi_identifier"", ""behavioural_sensitive"", ""model_exposure"", ""personal_data"", ""sensitive_personal_data""], ""privacy_categories_explicit"": [""model_exposed_to_criminal_justice_sensitive_data"", ""model_exposed_to_protected_attributes"", ""model_exposed_to_behavioural_sensitive_label"", ""model_exposed_to_personal_data"", ""model_exposed_to_sensitive_personal_data"", ""quasi_identifier"", ""criminal_justice_sensitive"", ""race_ethnicity"", ""protected_attribute"", ""gender"", ""temporal_quasi_identifier"", ""behavioural_sensitive""], ""privacy_usages"": [""criminal_justice_research"", ""research""], ""privacy_erasures"": [""retrain_or_review_on_erasure"", ""retention_5y"", ""delete_on_request""], ""privacy_roles"": [""AU"", ""DPO"", ""DS""], ""privacy_annotation_sources"": [""propagated:GENERIC""]}"
"SensitivityCategory|behavioural_sensitive","SensitivityCategory","behavioural_sensitive","{""key"": ""behavioural_sensitive"", ""name"": ""behavioural_sensitive""}"
"SensitivityCategory|criminal_justice_sensitive","SensitivityCategory","criminal_justice_sensitive","{""key"": ""criminal_justice_sensitive"", ""name"": ""criminal_justice_sensitive""}"
"SensitivityCategory|demographic","SensitivityCategory","demographic","{""key"": ""demographic"", ""name"": ""demographic""}"
"SensitivityCategory|direct_identifier","SensitivityCategory","direct_identifier","{""key"": ""direct_identifier"", ""name"": ""direct_identifier""}"
"SensitivityCategory|education_sensitive","SensitivityCategory","education_sensitive","{""key"": ""education_sensitive"", ""name"": ""education_sensitive""}"
"SensitivityCategory|employment_sensitive","SensitivityCategory","employment_sensitive","{""key"": ""employment_sensitive"", ""name"": ""employment_sensitive""}"
"SensitivityCategory|financial_sensitive","SensitivityCategory","financial_sensitive","{""key"": ""financial_sensitive"", ""name"": ""financial_sensitive""}"
"SensitivityCategory|gender","SensitivityCategory","gender","{""key"": ""gender"", ""name"": ""gender""}"
"SensitivityCategory|health","SensitivityCategory","health","{""key"": ""health"", ""name"": ""health""}"
"SensitivityCategory|identifier","SensitivityCategory","identifier","{""key"": ""identifier"", ""name"": ""identifier""}"
"SensitivityCategory|income_sensitive","SensitivityCategory","income_sensitive","{""key"": ""income_sensitive"", ""name"": ""income_sensitive""}"
"SensitivityCategory|model_exposed_to_criminal_justice_sensitive_data","SensitivityCategory","model_exposed_to_criminal_justice_sensitive_data","{""key"": ""model_exposed_to_criminal_justice_sensitive_data"", ""name"": ""model_exposed_to_criminal_justice_sensitive_data""}"
"SensitivityCategory|model_exposed_to_financial_sensitive_data","SensitivityCategory","model_exposed_to_financial_sensitive_data","{""key"": ""model_exposed_to_financial_sensitive_data"", ""name"": ""model_exposed_to_financial_sensitive_data""}"
"SensitivityCategory|model_exposed_to_income_sensitive_label","SensitivityCategory","model_exposed_to_income_sensitive_label","{""key"": ""model_exposed_to_income_sensitive_label"", ""name"": ""model_exposed_to_income_sensitive_label""}"
"SensitivityCategory|model_exposed_to_protected_attributes","SensitivityCategory","model_exposed_to_protected_attributes","{""key"": ""model_exposed_to_protected_attributes"", ""name"": ""model_exposed_to_protected_attributes""}"
"SensitivityCategory|model_exposed_to_sensitive_personal_data","SensitivityCategory","model_exposed_to_sensitive_personal_data","{""key"": ""model_exposed_to_sensitive_personal_data"", ""name"": ""model_exposed_to_sensitive_personal_data""}"
"SensitivityCategory|model_exposure","SensitivityCategory","model_exposure","{""key"": ""model_exposure"", ""name"": ""model_exposure""}"
"SensitivityCategory|nationality_sensitive","SensitivityCategory","nationality_sensitive","{""key"": ""nationality_sensitive"", ""name"": ""nationality_sensitive""}"
"SensitivityCategory|personal_data","SensitivityCategory","personal_data","{""key"": ""personal_data"", ""name"": ""personal_data""}"
"SensitivityCategory|protected_attribute","SensitivityCategory","protected_attribute","{""key"": ""protected_attribute"", ""name"": ""protected_attribute""}"
"SensitivityCategory|pseudonymous_identifier","SensitivityCategory","pseudonymous_identifier","{""key"": ""pseudonymous_identifier"", ""name"": ""pseudonymous_identifier""}"
"SensitivityCategory|quasi_identifier","SensitivityCategory","quasi_identifier","{""key"": ""quasi_identifier"", ""name"": ""quasi_identifier""}"
"SensitivityCategory|race_ethnicity","SensitivityCategory","race_ethnicity","{""key"": ""race_ethnicity"", ""name"": ""race_ethnicity""}"
"SensitivityCategory|sensitive_personal_data","SensitivityCategory","sensitive_personal_data","{""key"": ""sensitive_personal_data"", ""name"": ""sensitive_personal_data""}"
"SensitivityCategory|temporal_quasi_identifier","SensitivityCategory","temporal_quasi_identifier","{""key"": ""temporal_quasi_identifier"", ""name"": ""temporal_quasi_identifier""}"
"AccessRole|AU","AccessRole","AU","{""key"": ""AU"", ""name"": ""AU""}"
"AccessRole|DPO","AccessRole","DPO","{""key"": ""DPO"", ""name"": ""DPO""}"
"AccessRole|DS","AccessRole","DS","{""key"": ""DS"", ""name"": ""DS""}"
"AccessRole|DomainExpert","AccessRole","DomainExpert","{""key"": ""DomainExpert"", ""name"": ""DomainExpert""}"
"UsageConstraint|criminal_justice_research","UsageConstraint","criminal_justice_research","{""key"": ""criminal_justice_research"", ""name"": ""criminal_justice_research""}"
"UsageConstraint|research","UsageConstraint","research","{""key"": ""research"", ""name"": ""research""}"
"ErasureConstraint|delete_on_request","ErasureConstraint","delete_on_request","{""key"": ""delete_on_request"", ""name"": ""delete_on_request""}"
"ErasureConstraint|recompute_on_erasure","ErasureConstraint","recompute_on_erasure","{""key"": ""recompute_on_erasure"", ""name"": ""recompute_on_erasure""}"
"ErasureConstraint|retention_5y","ErasureConstraint","retention_5y","{""key"": ""retention_5y"", ""name"": ""retention_5y""}"
"ErasureConstraint|retrain_or_review_on_erasure","ErasureConstraint","retrain_or_review_on_erasure","{""key"": ""retrain_or_review_on_erasure"", ""name"": ""retrain_or_review_on_erasure""}"
"PrivacyAnnotation|PA::DatasetArtifact::D0_COMPASRaw::0001","PrivacyAnnotation","PA::DatasetArtifact::D0_COMPASRaw::0001","{""key"": ""PA::DatasetArtifact::D0_COMPASRaw::0001"", ""annotationId"": ""PA::DatasetArtifact::D0_COMPASRaw::0001"", ""target_label"": ""DatasetArtifact"", ""target_key"": ""D0_COMPASRaw"", ""granularity"": ""dataset"", ""source"": ""manual"", ""note"": null, ""C_explicit"": [], ""C"": [], ""U"": [""research"", ""criminal_justice_research""], ""R"": [""delete_on_request"", ""retention_5y""], ""A"": [""DS"", ""AU"", ""DPO""]}"
"PrivacyAnnotation|PA::DataRecordArtifact::D0_COMPASRaw::record::0::0002","PrivacyAnnotation","PA::DataRecordArtifact::D0_COMPASRaw::record::0::0002","{""key"": ""PA::DataRecordArtifact::D0_COMPASRaw::record::0::0002"", ""annotationId"": ""PA::DataRecordArtifact::D0_COMPASRaw::record::0::0002"", ""target_label"": ""DataRecordArtifact"", ""target_key"": ""D0_COMPASRaw::record::0"", ""granularity"": ""record"", ""source"": ""manual"", ""note"": null, ""C_explicit"": [], ""C"": [], ""U"": [""research"", ""criminal_justice_research""], ""R"": [""delete_on_request"", ""retention_5y""], ""A"": [""DS"", ""AU"", ""DPO""]}"
"PrivacyAnnotation|PA::DataRecordArtifact::D0_COMPASRaw::record::1::0003","PrivacyAnnotation","PA::DataRecordArtifact::D0_COMPASRaw::record::1::0003","{""key"": ""PA::DataRecordArtifact::D0_COMPASRaw::record::1::0003"", ""annotationId"": ""PA::DataRecordArtifact::D0_COMPASRaw::record::1::0003"", ""target_label"": ""DataRecordArtifact"", ""target_key"": ""D0_COMPASRaw::record::1"", ""granularity"": ""record"", ""source"": ""manual"", ""note"": null, ""C_explicit"": [], ""C"": [], ""U"": [""research"", ""criminal_justice_research""], ""R"": [""delete_on_request"", ""retention_5y""], ""A"": [""DS"", ""AU"", ""DPO""]}"
"PrivacyAnnotation|PA::DataRecordArtifact::D0_COMPASRaw::record::2::0004","PrivacyAnnotation","PA::DataRecordArtifact::D0_COMPASRaw::record::2::0004","{""key"": ""PA::DataRecordArtifact::D0_COMPASRaw::record::2::0004"", ""annotationId"": ""PA::DataRecordArtifact::D0_COMPASRaw::record::2::0004"", ""target_label"": ""DataRecordArtifact"", ""target_key"": ""D0_COMPASRaw::record::2"", ""granularity"": ""record"", ""source"": ""manual"", ""note"": null, ""C_explicit"": [], ""C"": [], ""U"": [""research"", ""criminal_justice_research""], ""R"": [""delete_on_request"", ""retention_5y""], ""A"": [""DS"", ""AU"", ""DPO""]}"
"PrivacyAnnotation|PA::DataRecordArtifact::D0_COMPASRaw::record::3::0005","PrivacyAnnotation","PA::DataRecordArtifact::D0_COMPASRaw::record::3::0005","{""key"": ""PA::DataRecordArtifact::D0_COMPASRaw::record::3::0005"", ""annotationId"": ""PA::DataRecordArtifact::D0_COMPASRaw::record::3::0005"", ""target_label"": ""DataRecordArtifact"", ""target_key"": ""D0_COMPASRaw::record::3"", ""granularity"": ""record"", ""source"": ""manual"", ""note"": null, ""C_explicit"": [], ""C"": [], ""U"": [""research"", ""criminal_justice_research""], ""R"": [""delete_on_request"", ""retention_5y""], ""A"": [""DS"", ""AU"", ""DPO""]}"
"PrivacyAnnotation|PA::DataRecordArtifact::D0_COMPASRaw::record::4::0006","PrivacyAnnotation","PA::DataRecordArtifact::D0_COMPASRaw::record::4::0006","{""key"": ""PA::DataRecordArtifact::D0_COMPASRaw::record::4::0006"", ""annotationId"": ""PA::DataRecordArtifact::D0_COMPASRaw::record::4::0006"", ""target_label"": ""DataRecordArtifact"", ""target_key"": ""D0_COMPASRaw::record::4"", ""granularity"": ""record"", ""source"": ""manual"", ""note"": null, ""C_explicit"": [], ""C"": [], ""U"": [""research"", ""criminal_justice_research""], ""R"": [""delete_on_request"", ""retention_5y""], ""A"": [""DS"", ""AU"", ""DPO""]}"
"PrivacyAnnotation|PA::DataRecordArtifact::D0_COMPASRaw::record::5::0007","PrivacyAnnotation","PA::DataRecordArtifact::D0_COMPASRaw::record::5::0007","{""key"": ""PA::DataRecordArtifact::D0_COMPASRaw::record::5::0007"", ""annotationId"": ""PA::DataRecordArtifact::D0_COMPASRaw::record::5::0007"", ""target_label"": ""DataRecordArtifact"", ""target_key"": ""D0_COMPASRaw::record::5"", ""granularity"": ""record"", ""source"": ""manual"", ""note"": null, ""C_explicit"": [], ""C"": [], ""U"": [""research"", ""criminal_justice_research""], ""R"": [""delete_on_request"", ""retention_5y""], ""A"": [""DS"", ""AU"", ""DPO""]}"
"PrivacyAnnotation|PA::DataCellArtifact::D0_COMPASRaw::record::0::cell::age::0008","PrivacyAnnotation","PA::DataCellArtifact::D0_COMPASRaw::record::0::cell::age::0008","{""key"": ""PA::DataCellArtifact::D0_COMPASRaw::record::0::cell::age::0008"", ""annotationId"": ""PA::DataCellArtifact::D0_COMPASRaw::record::0::cell::age::0008"", ""target_label"": ""DataCellArtifact"", ""target_key"": ""D0_COMPASRaw::record::0::cell::age"", ""granularity"": ""cell"", ""source"": ""manual"", ""note"": null, ""C_explicit"": [""quasi_identifier""], ""C"": [""quasi_identifier"", ""personal_data""], ""U"": [""research"", ""criminal_justice_research""], ""R"": [""delete_on_request"", ""retention_5y""], ""A"": [""DS"", ""AU"", ""DPO""]}"
"PrivacyAnnotation|PA::DataCellArtifact::D0_COMPASRaw::record::1::cell::age::0009","PrivacyAnnotation","PA::DataCellArtifact::D0_COMPASRaw::record::1::cell::age::0009","{""key"": ""PA::DataCellArtifact::D0_COMPASRaw::record::1::cell::age::0009"", ""annotationId"": ""PA::DataCellArtifact::D0_COMPASRaw::record::1::cell::age::0009"", ""target_label"": ""DataCellArtifact"", ""target_key"": ""D0_COMPASRaw::record::1::cell::age"", ""granularity"": ""cell"", ""source"": ""manual"", ""note"": null, ""C_explicit"": [""quasi_identifier""], ""C"": [""quasi_identifier"", ""personal_data""], ""U"": [""research"", ""criminal_justice_research""], ""R"": [""delete_on_request"", ""retention_5y""], ""A"": [""DS"", ""AU"", ""DPO""]}"
"PrivacyAnnotation|PA::DataCellArtifact::D0_COMPASRaw::record::2::cell::age::0010","PrivacyAnnotation","PA::DataCellArtifact::D0_COMPASRaw::record::2::cell::age::0010","{""key"": ""PA::DataCellArtifact::D0_COMPASRaw::record::2::cell::age::0010"", ""annotationId"": ""PA::DataCellArtifact::D0_COMPASRaw::record::2::cell::age::0010"", ""target_label"": ""DataCellArtifact"", ""target_key"": ""D0_COMPASRaw::record::2::cell::age"", ""granularity"": ""cell"", ""source"": ""manual"", ""note"": null, ""C_explicit"": [""quasi_identifier""], ""C"": [""quasi_identifier"", ""personal_data""], ""U"": [""research"", ""criminal_justice_research""], ""R"": [""delete_on_request"", ""retention_5y""], ""A"": [""DS"", ""AU"", ""DPO""]}"
"PrivacyAnnotation|PA::DataCellArtifact::D0_COMPASRaw::record::3::cell::age::0011","PrivacyAnnotation","PA::DataCellArtifact::D0_COMPASRaw::record::3::cell::age::0011","{""key"": ""PA::DataCellArtifact::D0_COMPASRaw::record::3::cell::age::0011"", ""annotationId"": ""PA::DataCellArtifact::D0_COMPASRaw::record::3::cell::age::0011"", ""target_label"": ""DataCellArtifact"", ""target_key"": ""D0_COMPASRaw::record::3::cell::age"", ""granularity"": ""cell"", ""source"": ""manual"", ""note"": null, ""C_explicit"": [""quasi_identifier""], ""C"": [""quasi_identifier"", ""personal_data""], ""U"": [""research"", ""criminal_justice_research""], ""R"": [""delete_on_request"", ""retention_5y""], ""A"": [""DS"", ""AU"", ""DPO""]}"
"PrivacyAnnotation|PA::DataCellArtifact::D0_COMPASRaw::record::4::cell::age::0012","PrivacyAnnotation","PA::DataCellArtifact::D0_COMPASRaw::record::4::cell::age::0012","{""key"": ""PA::DataCellArtifact::D0_COMPASRaw::record::4::cell::age::0012"", ""annotationId"": ""PA::DataCellArtifact::D0_COMPASRaw::record::4::cell::age::0012"", ""target_label"": ""DataCellArtifact"", ""target_key"": ""D0_COMPASRaw::record::4::cell::age"", ""granularity"": ""cell"", ""source"": ""manual"", ""note"": null, ""C_explicit"": [""quasi_identifier""], ""C"": [""quasi_identifier"", ""personal_data""], ""U"": [""research"", ""criminal_justice_research""], ""R"": [""delete_on_request"", ""retention_5y""], ""A"": [""DS"", ""AU"", ""DPO""]}"
"PrivacyAnnotation|PA::DataCellArtifact::D0_COMPASRaw::record::5::cell::age::0013","PrivacyAnnotation","PA::DataCellArtifact::D0_COMPASRaw::record::5::cell::age::0013","{""key"": ""PA::DataCellArtifact::D0_COMPASRaw::record::5::cell::age::0013"", ""annotationId"": ""PA::DataCellArtifact::D0_COMPASRaw::record::5::cell::age::0013"", ""target_label"": ""DataCellArtifact"", ""target_key"": ""D0_COMPASRaw::record::5::cell::age"", ""granularity"": ""cell"", ""source"": ""manual"", ""note"": null, ""C_explicit"": [""quasi_identifier""], ""C"": [""quasi_identifier"", ""personal_data""], ""U"": [""research"", ""criminal_justice_research""], ""R"": [""delete_on_request"", ""retention_5y""], ""A"": [""DS"", ""AU"", ""DPO""]}"
"PrivacyAnnotation|PA::DataCellArtifact::D0_COMPASRaw::record::0::cell::c_charge_degree::0014","PrivacyAnnotation","PA::DataCellArtifact::D0_COMPASRaw::record::0::cell::c_charge_degree::0014","{""key"": ""PA::DataCellArtifact::D0_COMPASRaw::record::0::cell::c_charge_degree::0014"", ""annotationId"": ""PA::DataCellArtifact::D0_COMPASRaw::record::0::cell::c_charge_degree::0014"", ""target_label"": ""DataCellArtifact"", ""target_key"": ""D0_COMPASRaw::record::0::cell::c_charge_degree"", ""granularity"": ""cell"", ""source"": ""manual"", ""note"": null, ""C_explicit"": [""criminal_justice_sensitive""], ""C"": [""criminal_justice_sensitive"", ""sensitive_personal_data""], ""U"": [""research"", ""criminal_justice_research""], ""R"": [""delete_on_request"", ""retention_5y""], ""A"": [""DS"", ""AU"", ""DPO""]}"
"PrivacyAnnotation|PA::DataCellArtifact::D0_COMPASRaw::record::1::cell::c_charge_degree::0015","PrivacyAnnotation","PA::DataCellArtifact::D0_COMPASRaw::record::1::cell::c_charge_degree::0015","{""key"": ""PA::DataCellArtifact::D0_COMPASRaw::record::1::cell::c_charge_degree::0015"", ""annotationId"": ""PA::DataCellArtifact::D0_COMPASRaw::record::1::cell::c_charge_degree::0015"", ""target_label"": ""DataCellArtifact"", ""target_key"": ""D0_COMPASRaw::record::1::cell::c_charge_degree"", ""granularity"": ""cell"", ""source"": ""manual"", ""note"": null, ""C_explicit"": [""criminal_justice_sensitive""], ""C"": [""criminal_justice_sensitive"", ""sensitive_personal_data""], ""U"": [""research"", ""criminal_justice_research""], ""R"": [""delete_on_request"", ""retention_5y""], ""A"": [""DS"", ""AU"", ""DPO""]}"
"PrivacyAnnotation|PA::DataCellArtifact::D0_COMPASRaw::record::2::cell::c_charge_degree::0016","PrivacyAnnotation","PA::DataCellArtifact::D0_COMPASRaw::record::2::cell::c_charge_degree::0016","{""key"": ""PA::DataCellArtifact::D0_COMPASRaw::record::2::cell::c_charge_degree::0016"", ""annotationId"": ""PA::DataCellArtifact::D0_COMPASRaw::record::2::cell::c_charge_degree::0016"", ""target_label"": ""DataCellArtifact"", ""target_key"": ""D0_COMPASRaw::record::2::cell::c_charge_degree"", ""granularity"": ""cell"", ""source"": ""manual"", ""note"": null, ""C_explicit"": [""criminal_justice_sensitive""], ""C"": [""criminal_justice_sensitive"", ""sensitive_personal_data""], ""U"": [""research"", ""criminal_justice_research""], ""R"": [""delete_on_request"", ""retention_5y""], ""A"": [""DS"", ""AU"", ""DPO""]}"
"PrivacyAnnotation|PA::DataCellArtifact::D0_COMPASRaw::record::3::cell::c_charge_degree::0017","PrivacyAnnotation","PA::DataCellArtifact::D0_COMPASRaw::record::3::cell::c_charge_degree::0017","{""key"": ""PA::DataCellArtifact::D0_COMPASRaw::record::3::cell::c_charge_degree::0017"", ""annotationId"": ""PA::DataCellArtifact::D0_COMPASRaw::record::3::cell::c_charge_degree::0017"", ""target_label"": ""DataCellArtifact"", ""target_key"": ""D0_COMPASRaw::record::3::cell::c_charge_degree"", ""granularity"": ""cell"", ""source"": ""manual"", ""note"": null, ""C_explicit"": [""criminal_justice_sensitive""], ""C"": [""criminal_justice_sensitive"", ""sensitive_personal_data""], ""U"": [""research"", ""criminal_justice_research""], ""R"": [""delete_on_request"", ""retention_5y""], ""A"": [""DS"", ""AU"", ""DPO""]}"
"PrivacyAnnotation|PA::DataCellArtifact::D0_COMPASRaw::record::4::cell::c_charge_degree::0018","PrivacyAnnotation","PA::DataCellArtifact::D0_COMPASRaw::record::4::cell::c_charge_degree::0018","{""key"": ""PA::DataCellArtifact::D0_COMPASRaw::record::4::cell::c_charge_degree::0018"", ""annotationId"": ""PA::DataCellArtifact::D0_COMPASRaw::record::4::cell::c_charge_degree::0018"", ""target_label"": ""DataCellArtifact"", ""target_key"": ""D0_COMPASRaw::record::4::cell::c_charge_degree"", ""granularity"": ""cell"", ""source"": ""manual"", ""note"": null, ""C_explicit"": [""criminal_justice_sensitive""], ""C"": [""criminal_justice_sensitive"", ""sensitive_personal_data""], ""U"": [""research"", ""criminal_justice_research""], ""R"": [""delete_on_request"", ""retention_5y""], ""A"": [""DS"", ""AU"", ""DPO""]}"
"PrivacyAnnotation|PA::DataCellArtifact::D0_COMPASRaw::record::5::cell::c_charge_degree::0019","PrivacyAnnotation","PA::DataCellArtifact::D0_COMPASRaw::record::5::cell::c_charge_degree::0019","{""key"": ""PA::DataCellArtifact::D0_COMPASRaw::record::5::cell::c_charge_degree::0019"", ""annotationId"": ""PA::DataCellArtifact::D0_COMPASRaw::record::5::cell::c_charge_degree::0019"", ""target_label"": ""DataCellArtifact"", ""target_key"": ""D0_COMPASRaw::record::5::cell::c_charge_degree"", ""granularity"": ""cell"", ""source"": ""manual"", ""note"": null, ""C_explicit"": [""criminal_justice_sensitive""], ""C"": [""criminal_justice_sensitive"", ""sensitive_personal_data""], ""U"": [""research"", ""criminal_justice_research""], ""R"": [""delete_on_request"", ""retention_5y""], ""A"": [""DS"", ""AU"", ""DPO""]}"
"PrivacyAnnotation|PA::DataCellArtifact::D0_COMPASRaw::record::0::cell::race::0020","PrivacyAnnotation","PA::DataCellArtifact::D0_COMPASRaw::record::0::cell::race::0020","{""key"": ""PA::DataCellArtifact::D0_COMPASRaw::record::0::cell::race::0020"", ""annotationId"": ""PA::DataCellArtifact::D0_COMPASRaw::record::0::cell::race::0020"", ""target_label"": ""DataCellArtifact"", ""target_key"": ""D0_COMPASRaw::record::0::cell::race"", ""granularity"": ""cell"", ""source"": ""manual"", ""note"": null, ""C_explicit"": [""race_ethnicity"", ""protected_attribute""], ""C"": [""race_ethnicity"", ""protected_attribute"", ""sensitive_personal_data""], ""U"": [""research"", ""criminal_justice_research""], ""R"": [""delete_on_request"", ""retention_5y""], ""A"": [""DS"", ""AU"", ""DPO""]}"
"PrivacyAnnotation|PA::DataCellArtifact::D0_COMPASRaw::record::1::cell::race::0021","PrivacyAnnotation","PA::DataCellArtifact::D0_COMPASRaw::record::1::cell::race::0021","{""key"": ""PA::DataCellArtifact::D0_COMPASRaw::record::1::cell::race::0021"", ""annotationId"": ""PA::DataCellArtifact::D0_COMPASRaw::record::1::cell::race::0021"", ""target_label"": ""DataCellArtifact"", ""target_key"": ""D0_COMPASRaw::record::1::cell::race"", ""granularity"": ""cell"", ""source"": ""manual"", ""note"": null, ""C_explicit"": [""race_ethnicity"", ""protected_attribute""], ""C"": [""race_ethnicity"", ""protected_attribute"", ""sensitive_personal_data""], ""U"": [""research"", ""criminal_justice_research""], ""R"": [""delete_on_request"", ""retention_5y""], ""A"": [""DS"", ""AU"", ""DPO""]}"
"PrivacyAnnotation|PA::DataCellArtifact::D0_COMPASRaw::record::2::cell::race::0022","PrivacyAnnotation","PA::DataCellArtifact::D0_COMPASRaw::record::2::cell::race::0022","{""key"": ""PA::DataCellArtifact::D0_COMPASRaw::record::2::cell::race::0022"", ""annotationId"": ""PA::DataCellArtifact::D0_COMPASRaw::record::2::cell::race::0022"", ""target_label"": ""DataCellArtifact"", ""target_key"": ""D0_COMPASRaw::record::2::cell::race"", ""granularity"": ""cell"", ""source"": ""manual"", ""note"": null, ""C_explicit"": [""race_ethnicity"", ""protected_attribute""], ""C"": [""race_ethnicity"", ""protected_attribute"", ""sensitive_personal_data""], ""U"": [""research"", ""criminal_justice_research""], ""R"": [""delete_on_request"", ""retention_5y""], ""A"": [""DS"", ""AU"", ""DPO""]}"
"PrivacyAnnotation|PA::DataCellArtifact::D0_COMPASRaw::record::3::cell::race::0023","PrivacyAnnotation","PA::DataCellArtifact::D0_COMPASRaw::record::3::cell::race::0023","{""key"": ""PA::DataCellArtifact::D0_COMPASRaw::record::3::cell::race::0023"", ""annotationId"": ""PA::DataCellArtifact::D0_COMPASRaw::record::3::cell::race::0023"", ""target_label"": ""DataCellArtifact"", ""target_key"": ""D0_COMPASRaw::record::3::cell::race"", ""granularity"": ""cell"", ""source"": ""manual"", ""note"": null, ""C_explicit"": [""race_ethnicity"", ""protected_attribute""], ""C"": [""race_ethnicity"", ""protected_attribute"", ""sensitive_personal_data""], ""U"": [""research"", ""criminal_justice_research""], ""R"": [""delete_on_request"", ""retention_5y""], ""A"": [""DS"", ""AU"", ""DPO""]}"
"PrivacyAnnotation|PA::DataCellArtifact::D0_COMPASRaw::record::4::cell::race::0024","PrivacyAnnotation","PA::DataCellArtifact::D0_COMPASRaw::record::4::cell::race::0024","{""key"": ""PA::DataCellArtifact::D0_COMPASRaw::record::4::cell::race::0024"", ""annotationId"": ""PA::DataCellArtifact::D0_COMPASRaw::record::4::cell::race::0024"", ""target_label"": ""DataCellArtifact"", ""target_key"": ""D0_COMPASRaw::record::4::cell::race"", ""granularity"": ""cell"", ""source"": ""manual"", ""note"": null, ""C_explicit"": [""race_ethnicity"", ""protected_attribute""], ""C"": [""race_ethnicity"", ""protected_attribute"", ""sensitive_personal_data""], ""U"": [""research"", ""criminal_justice_research""], ""R"": [""delete_on_request"", ""retention_5y""], ""A"": [""DS"", ""AU"", ""DPO""]}"
"PrivacyAnnotation|PA::DataCellArtifact::D0_COMPASRaw::record::5::cell::race::0025","PrivacyAnnotation","PA::DataCellArtifact::D0_COMPASRaw::record::5::cell::race::0025","{""key"": ""PA::DataCellArtifact::D0_COMPASRaw::record::5::cell::race::0025"", ""annotationId"": ""PA::DataCellArtifact::D0_COMPASRaw::record::5::cell::race::0025"", ""target_label"": ""DataCellArtifact"", ""target_key"": ""D0_COMPASRaw::record::5::cell::race"", ""granularity"": ""cell"", ""source"": ""manual"", ""note"": null, ""C_explicit"": [""race_ethnicity"", ""protected_attribute""], ""C"": [""race_ethnicity"", ""protected_attribute"", ""sensitive_personal_data""], ""U"": [""research"", ""criminal_justice_research""], ""R"": [""delete_on_request"", ""retention_5y""], ""A"": [""DS"", ""AU"", ""DPO""]}"
"PrivacyAnnotation|PA::DataCellArtifact::D0_COMPASRaw::record::0::cell::sex::0026","PrivacyAnnotation","PA::DataCellArtifact::D0_COMPASRaw::record::0::cell::sex::0026","{""key"": ""PA::DataCellArtifact::D0_COMPASRaw::record::0::cell::sex::0026"", ""annotationId"": ""PA::DataCellArtifact::D0_COMPASRaw::record::0::cell::sex::0026"", ""target_label"": ""DataCellArtifact"", ""target_key"": ""D0_COMPASRaw::record::0::cell::sex"", ""granularity"": ""cell"", ""source"": ""manual"", ""note"": null, ""C_explicit"": [""gender"", ""protected_attribute""], ""C"": [""gender"", ""protected_attribute"", ""sensitive_personal_data""], ""U"": [""research"", ""criminal_justice_research""], ""R"": [""delete_on_request"", ""retention_5y""], ""A"": [""DS"", ""AU"", ""DPO""]}"
"PrivacyAnnotation|PA::DataCellArtifact::D0_COMPASRaw::record::1::cell::sex::0027","PrivacyAnnotation","PA::DataCellArtifact::D0_COMPASRaw::record::1::cell::sex::0027","{""key"": ""PA::DataCellArtifact::D0_COMPASRaw::record::1::cell::sex::0027"", ""annotationId"": ""PA::DataCellArtifact::D0_COMPASRaw::record::1::cell::sex::0027"", ""target_label"": ""DataCellArtifact"", ""target_key"": ""D0_COMPASRaw::record::1::cell::sex"", ""granularity"": ""cell"", ""source"": ""manual"", ""note"": null, ""C_explicit"": [""gender"", ""protected_attribute""], ""C"": [""gender"", ""protected_attribute"", ""sensitive_personal_data""], ""U"": [""research"", ""criminal_justice_research""], ""R"": [""delete_on_request"", ""retention_5y""], ""A"": [""DS"", ""AU"", ""DPO""]}"
"PrivacyAnnotation|PA::DataCellArtifact::D0_COMPASRaw::record::2::cell::sex::0028","PrivacyAnnotation","PA::DataCellArtifact::D0_COMPASRaw::record::2::cell::sex::0028","{""key"": ""PA::DataCellArtifact::D0_COMPASRaw::record::2::cell::sex::0028"", ""annotationId"": ""PA::DataCellArtifact::D0_COMPASRaw::record::2::cell::sex::0028"", ""target_label"": ""DataCellArtifact"", ""target_key"": ""D0_COMPASRaw::record::2::cell::sex"", ""granularity"": ""cell"", ""source"": ""manual"", ""note"": null, ""C_explicit"": [""gender"", ""protected_attribute""], ""C"": [""gender"", ""protected_attribute"", ""sensitive_personal_data""], ""U"": [""research"", ""criminal_justice_research""], ""R"": [""delete_on_request"", ""retention_5y""], ""A"": [""DS"", ""AU"", ""DPO""]}"
"PrivacyAnnotation|PA::DataCellArtifact::D0_COMPASRaw::record::3::cell::sex::0029","PrivacyAnnotation","PA::DataCellArtifact::D0_COMPASRaw::record::3::cell::sex::0029","{""key"": ""PA::DataCellArtifact::D0_COMPASRaw::record::3::cell::sex::0029"", ""annotationId"": ""PA::DataCellArtifact::D0_COMPASRaw::record::3::cell::sex::0029"", ""target_label"": ""DataCellArtifact"", ""target_key"": ""D0_COMPASRaw::record::3::cell::sex"", ""granularity"": ""cell"", ""source"": ""manual"", ""note"": null, ""C_explicit"": [""gender"", ""protected_attribute""], ""C"": [""gender"", ""protected_attribute"", ""sensitive_personal_data""], ""U"": [""research"", ""criminal_justice_research""], ""R"": [""delete_on_request"", ""retention_5y""], ""A"": [""DS"", ""AU"", ""DPO""]}"
"PrivacyAnnotation|PA::DataCellArtifact::D0_COMPASRaw::record::4::cell::sex::0030","PrivacyAnnotation","PA::DataCellArtifact::D0_COMPASRaw::record::4::cell::sex::0030","{""key"": ""PA::DataCellArtifact::D0_COMPASRaw::record::4::cell::sex::0030"", ""annotationId"": ""PA::DataCellArtifact::D0_COMPASRaw::record::4::cell::sex::0030"", ""target_label"": ""DataCellArtifact"", ""target_key"": ""D0_COMPASRaw::record::4::cell::sex"", ""granularity"": ""cell"", ""source"": ""manual"", ""note"": null, ""C_explicit"": [""gender"", ""protected_attribute""], ""C"": [""gender"", ""protected_attribute"", ""sensitive_personal_data""], ""U"": [""research"", ""criminal_justice_research""], ""R"": [""delete_on_request"", ""retention_5y""], ""A"": [""DS"", ""AU"", ""DPO""]}"
"PrivacyAnnotation|PA::DataCellArtifact::D0_COMPASRaw::record::5::cell::sex::0031","PrivacyAnnotation","PA::DataCellArtifact::D0_COMPASRaw::record::5::cell::sex::0031","{""key"": ""PA::DataCellArtifact::D0_COMPASRaw::record::5::cell::sex::0031"", ""annotationId"": ""PA::DataCellArtifact::D0_COMPASRaw::record::5::cell::sex::0031"", ""target_label"": ""DataCellArtifact"", ""target_key"": ""D0_COMPASRaw::record::5::cell::sex"", ""granularity"": ""cell"", ""source"": ""manual"", ""note"": null, ""C_explicit"": [""gender"", ""protected_attribute""], ""C"": [""gender"", ""protected_attribute"", ""sensitive_personal_data""], ""U"": [""research"", ""criminal_justice_research""], ""R"": [""delete_on_request"", ""retention_5y""], ""A"": [""DS"", ""AU"", ""DPO""]}"
"PrivacyAnnotation|PA::DataCellArtifact::D0_COMPASRaw::record::0::cell::priors_count::0032","PrivacyAnnotation","PA::DataCellArtifact::D0_COMPASRaw::record::0::cell::priors_count::0032","{""key"": ""PA::DataCellArtifact::D0_COMPASRaw::record::0::cell::priors_count::0032"", ""annotationId"": ""PA::DataCellArtifact::D0_COMPASRaw::record::0::cell::priors_count::0032"", ""target_label"": ""DataCellArtifact"", ""target_key"": ""D0_COMPASRaw::record::0::cell::priors_count"", ""granularity"": ""cell"", ""source"": ""manual"", ""note"": null, ""C_explicit"": [""criminal_justice_sensitive""], ""C"": [""criminal_justice_sensitive"", ""sensitive_personal_data""], ""U"": [""research"", ""criminal_justice_research""], ""R"": [""delete_on_request"", ""retention_5y""], ""A"": [""DS"", ""AU"", ""DPO""]}"
"PrivacyAnnotation|PA::DataCellArtifact::D0_COMPASRaw::record::1::cell::priors_count::0033","PrivacyAnnotation","PA::DataCellArtifact::D0_COMPASRaw::record::1::cell::priors_count::0033","{""key"": ""PA::DataCellArtifact::D0_COMPASRaw::record::1::cell::priors_count::0033"", ""annotationId"": ""PA::DataCellArtifact::D0_COMPASRaw::record::1::cell::priors_count::0033"", ""target_label"": ""DataCellArtifact"", ""target_key"": ""D0_COMPASRaw::record::1::cell::priors_count"", ""granularity"": ""cell"", ""source"": ""manual"", ""note"": null, ""C_explicit"": [""criminal_justice_sensitive""], ""C"": [""criminal_justice_sensitive"", ""sensitive_personal_data""], ""U"": [""research"", ""criminal_justice_research""], ""R"": [""delete_on_request"", ""retention_5y""], ""A"": [""DS"", ""AU"", ""DPO""]}"
"PrivacyAnnotation|PA::DataCellArtifact::D0_COMPASRaw::record::2::cell::priors_count::0034","PrivacyAnnotation","PA::DataCellArtifact::D0_COMPASRaw::record::2::cell::priors_count::0034","{""key"": ""PA::DataCellArtifact::D0_COMPASRaw::record::2::cell::priors_count::0034"", ""annotationId"": ""PA::DataCellArtifact::D0_COMPASRaw::record::2::cell::priors_count::0034"", ""target_label"": ""DataCellArtifact"", ""target_key"": ""D0_COMPASRaw::record::2::cell::priors_count"", ""granularity"": ""cell"", ""source"": ""manual"", ""note"": null, ""C_explicit"": [""criminal_justice_sensitive""], ""C"": [""criminal_justice_sensitive"", ""sensitive_personal_data""], ""U"": [""research"", ""criminal_justice_research""], ""R"": [""delete_on_request"", ""retention_5y""], ""A"": [""DS"", ""AU"", ""DPO""]}"
"PrivacyAnnotation|PA::DataCellArtifact::D0_COMPASRaw::record::3::cell::priors_count::0035","PrivacyAnnotation","PA::DataCellArtifact::D0_COMPASRaw::record::3::cell::priors_count::0035","{""key"": ""PA::DataCellArtifact::D0_COMPASRaw::record::3::cell::priors_count::0035"", ""annotationId"": ""PA::DataCellArtifact::D0_COMPASRaw::record::3::cell::priors_count::0035"", ""target_label"": ""DataCellArtifact"", ""target_key"": ""D0_COMPASRaw::record::3::cell::priors_count"", ""granularity"": ""cell"", ""source"": ""manual"", ""note"": null, ""C_explicit"": [""criminal_justice_sensitive""], ""C"": [""criminal_justice_sensitive"", ""sensitive_personal_data""], ""U"": [""research"", ""criminal_justice_research""], ""R"": [""delete_on_request"", ""retention_5y""], ""A"": [""DS"", ""AU"", ""DPO""]}"
"PrivacyAnnotation|PA::DataCellArtifact::D0_COMPASRaw::record::4::cell::priors_count::0036","PrivacyAnnotation","PA::DataCellArtifact::D0_COMPASRaw::record::4::cell::priors_count::0036","{""key"": ""PA::DataCellArtifact::D0_COMPASRaw::record::4::cell::priors_count::0036"", ""annotationId"": ""PA::DataCellArtifact::D0_COMPASRaw::record::4::cell::priors_count::0036"", ""target_label"": ""DataCellArtifact"", ""target_key"": ""D0_COMPASRaw::record::4::cell::priors_count"", ""granularity"": ""cell"", ""source"": ""manual"", ""note"": null, ""C_explicit"": [""criminal_justice_sensitive""], ""C"": [""criminal_justice_sensitive"", ""sensitive_personal_data""], ""U"": [""research"", ""criminal_justice_research""], ""R"": [""delete_on_request"", ""retention_5y""], ""A"": [""DS"", ""AU"", ""DPO""]}"
"PrivacyAnnotation|PA::DataCellArtifact::D0_COMPASRaw::record::5::cell::priors_count::0037","PrivacyAnnotation","PA::DataCellArtifact::D0_COMPASRaw::record::5::cell::priors_count::0037","{""key"": ""PA::DataCellArtifact::D0_COMPASRaw::record::5::cell::priors_count::0037"", ""annotationId"": ""PA::DataCellArtifact::D0_COMPASRaw::record::5::cell::priors_count::0037"", ""target_label"": ""DataCellArtifact"", ""target_key"": ""D0_COMPASRaw::record::5::cell::priors_count"", ""granularity"": ""cell"", ""source"": ""manual"", ""note"": null, ""C_explicit"": [""criminal_justice_sensitive""], ""C"": [""criminal_justice_sensitive"", ""sensitive_personal_data""], ""U"": [""research"", ""criminal_justice_research""], ""R"": [""delete_on_request"", ""retention_5y""], ""A"": [""DS"", ""AU"", ""DPO""]}"
"PrivacyAnnotation|PA::DataCellArtifact::D0_COMPASRaw::record::0::cell::days_b_screening_arrest::0038","PrivacyAnnotation","PA::DataCellArtifact::D0_COMPASRaw::record::0::cell::days_b_screening_arrest::0038","{""key"": ""PA::DataCellArtifact::D0_COMPASRaw::record::0::cell::days_b_screening_arrest::0038"", ""annotationId"": ""PA::DataCellArtifact::D0_COMPASRaw::record::0::cell::days_b_screening_arrest::0038"", ""target_label"": ""DataCellArtifact"", ""target_key"": ""D0_COMPASRaw::record::0::cell::days_b_screening_arrest"", ""granularity"": ""cell"", ""source"": ""manual"", ""note"": null, ""C_explicit"": [""criminal_justice_sensitive"", ""temporal_quasi_identifier""], ""C"": [""criminal_justice_sensitive"", ""temporal_quasi_identifier"", ""sensitive_personal_data""], ""U"": [""research"", ""criminal_justice_research""], ""R"": [""delete_on_request"", ""retention_5y""], ""A"": [""DS"", ""AU"", ""DPO""]}"
"PrivacyAnnotation|PA::DataCellArtifact::D0_COMPASRaw::record::1::cell::days_b_screening_arrest::0039","PrivacyAnnotation","PA::DataCellArtifact::D0_COMPASRaw::record::1::cell::days_b_screening_arrest::0039","{""key"": ""PA::DataCellArtifact::D0_COMPASRaw::record::1::cell::days_b_screening_arrest::0039"", ""annotationId"": ""PA::DataCellArtifact::D0_COMPASRaw::record::1::cell::days_b_screening_arrest::0039"", ""target_label"": ""DataCellArtifact"", ""target_key"": ""D0_COMPASRaw::record::1::cell::days_b_screening_arrest"", ""granularity"": ""cell"", ""source"": ""manual"", ""note"": null, ""C_explicit"": [""criminal_justice_sensitive"", ""temporal_quasi_identifier""], ""C"": [""criminal_justice_sensitive"", ""temporal_quasi_identifier"", ""sensitive_personal_data""], ""U"": [""research"", ""criminal_justice_research""], ""R"": [""delete_on_request"", ""retention_5y""], ""A"": [""DS"", ""AU"", ""DPO""]}"
"PrivacyAnnotation|PA::DataCellArtifact::D0_COMPASRaw::record::2::cell::days_b_screening_arrest::0040","PrivacyAnnotation","PA::DataCellArtifact::D0_COMPASRaw::record::2::cell::days_b_screening_arrest::0040","{""key"": ""PA::DataCellArtifact::D0_COMPASRaw::record::2::cell::days_b_screening_arrest::0040"", ""annotationId"": ""PA::DataCellArtifact::D0_COMPASRaw::record::2::cell::days_b_screening_arrest::0040"", ""target_label"": ""DataCellArtifact"", ""target_key"": ""D0_COMPASRaw::record::2::cell::days_b_screening_arrest"", ""granularity"": ""cell"", ""source"": ""manual"", ""note"": null, ""C_explicit"": [""criminal_justice_sensitive"", ""temporal_quasi_identifier""], ""C"": [""criminal_justice_sensitive"", ""temporal_quasi_identifier"", ""sensitive_personal_data""], ""U"": [""research"", ""criminal_justice_research""], ""R"": [""delete_on_request"", ""retention_5y""], ""A"": [""DS"", ""AU"", ""DPO""]}"
"PrivacyAnnotation|PA::DataCellArtifact::D0_COMPASRaw::record::3::cell::days_b_screening_arrest::0041","PrivacyAnnotation","PA::DataCellArtifact::D0_COMPASRaw::record::3::cell::days_b_screening_arrest::0041","{""key"": ""PA::DataCellArtifact::D0_COMPASRaw::record::3::cell::days_b_screening_arrest::0041"", ""annotationId"": ""PA::DataCellArtifact::D0_COMPASRaw::record::3::cell::days_b_screening_arrest::0041"", ""target_label"": ""DataCellArtifact"", ""target_key"": ""D0_COMPASRaw::record::3::cell::days_b_screening_arrest"", ""granularity"": ""cell"", ""source"": ""manual"", ""note"": null, ""C_explicit"": [""criminal_justice_sensitive"", ""temporal_quasi_identifier""], ""C"": [""criminal_justice_sensitive"", ""temporal_quasi_identifier"", ""sensitive_personal_data""], ""U"": [""research"", ""criminal_justice_research""], ""R"": [""delete_on_request"", ""retention_5y""], ""A"": [""DS"", ""AU"", ""DPO""]}"
"PrivacyAnnotation|PA::DataCellArtifact::D0_COMPASRaw::record::4::cell::days_b_screening_arrest::0042","PrivacyAnnotation","PA::DataCellArtifact::D0_COMPASRaw::record::4::cell::days_b_screening_arrest::0042","{""key"": ""PA::DataCellArtifact::D0_COMPASRaw::record::4::cell::days_b_screening_arrest::0042"", ""annotationId"": ""PA::DataCellArtifact::D0_COMPASRaw::record::4::cell::days_b_screening_arrest::0042"", ""target_label"": ""DataCellArtifact"", ""target_key"": ""D0_COMPASRaw::record::4::cell::days_b_screening_arrest"", ""granularity"": ""cell"", ""source"": ""manual"", ""note"": null, ""C_explicit"": [""criminal_justice_sensitive"", ""temporal_quasi_identifier""], ""C"": [""criminal_justice_sensitive"", ""temporal_quasi_identifier"", ""sensitive_personal_data""], ""U"": [""research"", ""criminal_justice_research""], ""R"": [""delete_on_request"", ""retention_5y""], ""A"": [""DS"", ""AU"", ""DPO""]}"
"PrivacyAnnotation|PA::DataCellArtifact::D0_COMPASRaw::record::5::cell::days_b_screening_arrest::0043","PrivacyAnnotation","PA::DataCellArtifact::D0_COMPASRaw::record::5::cell::days_b_screening_arrest::0043","{""key"": ""PA::DataCellArtifact::D0_COMPASRaw::record::5::cell::days_b_screening_arrest::0043"", ""annotationId"": ""PA::DataCellArtifact::D0_COMPASRaw::record::5::cell::days_b_screening_arrest::0043"", ""target_label"": ""DataCellArtifact"", ""target_key"": ""D0_COMPASRaw::record::5::cell::days_b_screening_arrest"", ""granularity"": ""cell"", ""source"": ""manual"", ""note"": null, ""C_explicit"": [""criminal_justice_sensitive"", ""temporal_quasi_identifier""], ""C"": [""criminal_justice_sensitive"", ""temporal_quasi_identifier"", ""sensitive_personal_data""], ""U"": [""research"", ""criminal_justice_research""], ""R"": [""delete_on_request"", ""retention_5y""], ""A"": [""DS"", ""AU"", ""DPO""]}"
"PrivacyAnnotation|PA::DataCellArtifact::D0_COMPASRaw::record::0::cell::two_year_recid::0044","PrivacyAnnotation","PA::DataCellArtifact::D0_COMPASRaw::record::0::cell::two_year_recid::0044","{""key"": ""PA::DataCellArtifact::D0_COMPASRaw::record::0::cell::two_year_recid::0044"", ""annotationId"": ""PA::DataCellArtifact::D0_COMPASRaw::record::0::cell::two_year_recid::0044"", ""target_label"": ""DataCellArtifact"", ""target_key"": ""D0_COMPASRaw::record::0::cell::two_year_recid"", ""granularity"": ""cell"", ""source"": ""manual"", ""note"": null, ""C_explicit"": [""criminal_justice_sensitive"", ""behavioural_sensitive""], ""C"": [""criminal_justice_sensitive"", ""behavioural_sensitive"", ""sensitive_personal_data""], ""U"": [""research"", ""criminal_justice_research""], ""R"": [""delete_on_request"", ""retention_5y""], ""A"": [""DS"", ""AU"", ""DPO""]}"
"PrivacyAnnotation|PA::DataCellArtifact::D0_COMPASRaw::record::1::cell::two_year_recid::0045","PrivacyAnnotation","PA::DataCellArtifact::D0_COMPASRaw::record::1::cell::two_year_recid::0045","{""key"": ""PA::DataCellArtifact::D0_COMPASRaw::record::1::cell::two_year_recid::0045"", ""annotationId"": ""PA::DataCellArtifact::D0_COMPASRaw::record::1::cell::two_year_recid::0045"", ""target_label"": ""DataCellArtifact"", ""target_key"": ""D0_COMPASRaw::record::1::cell::two_year_recid"", ""granularity"": ""cell"", ""source"": ""manual"", ""note"": null, ""C_explicit"": [""criminal_justice_sensitive"", ""behavioural_sensitive""], ""C"": [""criminal_justice_sensitive"", ""behavioural_sensitive"", ""sensitive_personal_data""], ""U"": [""research"", ""criminal_justice_research""], ""R"": [""delete_on_request"", ""retention_5y""], ""A"": [""DS"", ""AU"", ""DPO""]}"
"PrivacyAnnotation|PA::DataCellArtifact::D0_COMPASRaw::record::2::cell::two_year_recid::0046","PrivacyAnnotation","PA::DataCellArtifact::D0_COMPASRaw::record::2::cell::two_year_recid::0046","{""key"": ""PA::DataCellArtifact::D0_COMPASRaw::record::2::cell::two_year_recid::0046"", ""annotationId"": ""PA::DataCellArtifact::D0_COMPASRaw::record::2::cell::two_year_recid::0046"", ""target_label"": ""DataCellArtifact"", ""target_key"": ""D0_COMPASRaw::record::2::cell::two_year_recid"", ""granularity"": ""cell"", ""source"": ""manual"", ""note"": null, ""C_explicit"": [""criminal_justice_sensitive"", ""behavioural_sensitive""], ""C"": [""criminal_justice_sensitive"", ""behavioural_sensitive"", ""sensitive_personal_data""], ""U"": [""research"", ""criminal_justice_research""], ""R"": [""delete_on_request"", ""retention_5y""], ""A"": [""DS"", ""AU"", ""DPO""]}"
"PrivacyAnnotation|PA::DataCellArtifact::D0_COMPASRaw::record::3::cell::two_year_recid::0047","PrivacyAnnotation","PA::DataCellArtifact::D0_COMPASRaw::record::3::cell::two_year_recid::0047","{""key"": ""PA::DataCellArtifact::D0_COMPASRaw::record::3::cell::two_year_recid::0047"", ""annotationId"": ""PA::DataCellArtifact::D0_COMPASRaw::record::3::cell::two_year_recid::0047"", ""target_label"": ""DataCellArtifact"", ""target_key"": ""D0_COMPASRaw::record::3::cell::two_year_recid"", ""granularity"": ""cell"", ""source"": ""manual"", ""note"": null, ""C_explicit"": [""criminal_justice_sensitive"", ""behavioural_sensitive""], ""C"": [""criminal_justice_sensitive"", ""behavioural_sensitive"", ""sensitive_personal_data""], ""U"": [""research"", ""criminal_justice_research""], ""R"": [""delete_on_request"", ""retention_5y""], ""A"": [""DS"", ""AU"", ""DPO""]}"
"PrivacyAnnotation|PA::DataCellArtifact::D0_COMPASRaw::record::4::cell::two_year_recid::0048","PrivacyAnnotation","PA::DataCellArtifact::D0_COMPASRaw::record::4::cell::two_year_recid::0048","{""key"": ""PA::DataCellArtifact::D0_COMPASRaw::record::4::cell::two_year_recid::0048"", ""annotationId"": ""PA::DataCellArtifact::D0_COMPASRaw::record::4::cell::two_year_recid::0048"", ""target_label"": ""DataCellArtifact"", ""target_key"": ""D0_COMPASRaw::record::4::cell::two_year_recid"", ""granularity"": ""cell"", ""source"": ""manual"", ""note"": null, ""C_explicit"": [""criminal_justice_sensitive"", ""behavioural_sensitive""], ""C"": [""criminal_justice_sensitive"", ""behavioural_sensitive"", ""sensitive_personal_data""], ""U"": [""research"", ""criminal_justice_research""], ""R"": [""delete_on_request"", ""retention_5y""], ""A"": [""DS"", ""AU"", ""DPO""]}"
"PrivacyAnnotation|PA::DataCellArtifact::D0_COMPASRaw::record::5::cell::two_year_recid::0049","PrivacyAnnotation","PA::DataCellArtifact::D0_COMPASRaw::record::5::cell::two_year_recid::0049","{""key"": ""PA::DataCellArtifact::D0_COMPASRaw::record::5::cell::two_year_recid::0049"", ""annotationId"": ""PA::DataCellArtifact::D0_COMPASRaw::record::5::cell::two_year_recid::0049"", ""target_label"": ""DataCellArtifact"", ""target_key"": ""D0_COMPASRaw::record::5::cell::two_year_recid"", ""granularity"": ""cell"", ""source"": ""manual"", ""note"": null, ""C_explicit"": [""criminal_justice_sensitive"", ""behavioural_sensitive""], ""C"": [""criminal_justice_sensitive"", ""behavioural_sensitive"", ""sensitive_personal_data""], ""U"": [""research"", ""criminal_justice_research""], ""R"": [""delete_on_request"", ""retention_5y""], ""A"": [""DS"", ""AU"", ""DPO""]}"
"PrivacyAnnotation|PA::DataCellArtifact::D0_COMPASRaw::record::0::cell::c_jail_in::0050","PrivacyAnnotation","PA::DataCellArtifact::D0_COMPASRaw::record::0::cell::c_jail_in::0050","{""key"": ""PA::DataCellArtifact::D0_COMPASRaw::record::0::cell::c_jail_in::0050"", ""annotationId"": ""PA::DataCellArtifact::D0_COMPASRaw::record::0::cell::c_jail_in::0050"", ""target_label"": ""DataCellArtifact"", ""target_key"": ""D0_COMPASRaw::record::0::cell::c_jail_in"", ""granularity"": ""cell"", ""source"": ""manual"", ""note"": null, ""C_explicit"": [""criminal_justice_sensitive"", ""temporal_quasi_identifier""], ""C"": [""criminal_justice_sensitive"", ""temporal_quasi_identifier"", ""sensitive_personal_data""], ""U"": [""research"", ""criminal_justice_research""], ""R"": [""delete_on_request"", ""retention_5y""], ""A"": [""DS"", ""AU"", ""DPO""]}"
"PrivacyAnnotation|PA::DataCellArtifact::D0_COMPASRaw::record::1::cell::c_jail_in::0051","PrivacyAnnotation","PA::DataCellArtifact::D0_COMPASRaw::record::1::cell::c_jail_in::0051","{""key"": ""PA::DataCellArtifact::D0_COMPASRaw::record::1::cell::c_jail_in::0051"", ""annotationId"": ""PA::DataCellArtifact::D0_COMPASRaw::record::1::cell::c_jail_in::0051"", ""target_label"": ""DataCellArtifact"", ""target_key"": ""D0_COMPASRaw::record::1::cell::c_jail_in"", ""granularity"": ""cell"", ""source"": ""manual"", ""note"": null, ""C_explicit"": [""criminal_justice_sensitive"", ""temporal_quasi_identifier""], ""C"": [""criminal_justice_sensitive"", ""temporal_quasi_identifier"", ""sensitive_personal_data""], ""U"": [""research"", ""criminal_justice_research""], ""R"": [""delete_on_request"", ""retention_5y""], ""A"": [""DS"", ""AU"", ""DPO""]}"
"PrivacyAnnotation|PA::DataCellArtifact::D0_COMPASRaw::record::2::cell::c_jail_in::0052","PrivacyAnnotation","PA::DataCellArtifact::D0_COMPASRaw::record::2::cell::c_jail_in::0052","{""key"": ""PA::DataCellArtifact::D0_COMPASRaw::record::2::cell::c_jail_in::0052"", ""annotationId"": ""PA::DataCellArtifact::D0_COMPASRaw::record::2::cell::c_jail_in::0052"", ""target_label"": ""DataCellArtifact"", ""target_key"": ""D0_COMPASRaw::record::2::cell::c_jail_in"", ""granularity"": ""cell"", ""source"": ""manual"", ""note"": null, ""C_explicit"": [""criminal_justice_sensitive"", ""temporal_quasi_identifier""], ""C"": [""criminal_justice_sensitive"", ""temporal_quasi_identifier"", ""sensitive_personal_data""], ""U"": [""research"", ""criminal_justice_research""], ""R"": [""delete_on_request"", ""retention_5y""], ""A"": [""DS"", ""AU"", ""DPO""]}"
"PrivacyAnnotation|PA::DataCellArtifact::D0_COMPASRaw::record::3::cell::c_jail_in::0053","PrivacyAnnotation","PA::DataCellArtifact::D0_COMPASRaw::record::3::cell::c_jail_in::0053","{""key"": ""PA::DataCellArtifact::D0_COMPASRaw::record::3::cell::c_jail_in::0053"", ""annotationId"": ""PA::DataCellArtifact::D0_COMPASRaw::record::3::cell::c_jail_in::0053"", ""target_label"": ""DataCellArtifact"", ""target_key"": ""D0_COMPASRaw::record::3::cell::c_jail_in"", ""granularity"": ""cell"", ""source"": ""manual"", ""note"": null, ""C_explicit"": [""criminal_justice_sensitive"", ""temporal_quasi_identifier""], ""C"": [""criminal_justice_sensitive"", ""temporal_quasi_identifier"", ""sensitive_personal_data""], ""U"": [""research"", ""criminal_justice_research""], ""R"": [""delete_on_request"", ""retention_5y""], ""A"": [""DS"", ""AU"", ""DPO""]}"
"PrivacyAnnotation|PA::DataCellArtifact::D0_COMPASRaw::record::4::cell::c_jail_in::0054","PrivacyAnnotation","PA::DataCellArtifact::D0_COMPASRaw::record::4::cell::c_jail_in::0054","{""key"": ""PA::DataCellArtifact::D0_COMPASRaw::record::4::cell::c_jail_in::0054"", ""annotationId"": ""PA::DataCellArtifact::D0_COMPASRaw::record::4::cell::c_jail_in::0054"", ""target_label"": ""DataCellArtifact"", ""target_key"": ""D0_COMPASRaw::record::4::cell::c_jail_in"", ""granularity"": ""cell"", ""source"": ""manual"", ""note"": null, ""C_explicit"": [""criminal_justice_sensitive"", ""temporal_quasi_identifier""], ""C"": [""criminal_justice_sensitive"", ""temporal_quasi_identifier"", ""sensitive_personal_data""], ""U"": [""research"", ""criminal_justice_research""], ""R"": [""delete_on_request"", ""retention_5y""], ""A"": [""DS"", ""AU"", ""DPO""]}"
"PrivacyAnnotation|PA::DataCellArtifact::D0_COMPASRaw::record::5::cell::c_jail_in::0055","PrivacyAnnotation","PA::DataCellArtifact::D0_COMPASRaw::record::5::cell::c_jail_in::0055","{""key"": ""PA::DataCellArtifact::D0_COMPASRaw::record::5::cell::c_jail_in::0055"", ""annotationId"": ""PA::DataCellArtifact::D0_COMPASRaw::record::5::cell::c_jail_in::0055"", ""target_label"": ""DataCellArtifact"", ""target_key"": ""D0_COMPASRaw::record::5::cell::c_jail_in"", ""granularity"": ""cell"", ""source"": ""manual"", ""note"": null, ""C_explicit"": [""criminal_justice_sensitive"", ""temporal_quasi_identifier""], ""C"": [""criminal_justice_sensitive"", ""temporal_quasi_identifier"", ""sensitive_personal_data""], ""U"": [""research"", ""criminal_justice_research""], ""R"": [""delete_on_request"", ""retention_5y""], ""A"": [""DS"", ""AU"", ""DPO""]}"
"PrivacyAnnotation|PA::DataCellArtifact::D0_COMPASRaw::record::0::cell::c_jail_out::0056","PrivacyAnnotation","PA::DataCellArtifact::D0_COMPASRaw::record::0::cell::c_jail_out::0056","{""key"": ""PA::DataCellArtifact::D0_COMPASRaw::record::0::cell::c_jail_out::0056"", ""annotationId"": ""PA::DataCellArtifact::D0_COMPASRaw::record::0::cell::c_jail_out::0056"", ""target_label"": ""DataCellArtifact"", ""target_key"": ""D0_COMPASRaw::record::0::cell::c_jail_out"", ""granularity"": ""cell"", ""source"": ""manual"", ""note"": null, ""C_explicit"": [""criminal_justice_sensitive"", ""temporal_quasi_identifier""], ""C"": [""criminal_justice_sensitive"", ""temporal_quasi_identifier"", ""sensitive_personal_data""], ""U"": [""research"", ""criminal_justice_research""], ""R"": [""delete_on_request"", ""retention_5y""], ""A"": [""DS"", ""AU"", ""DPO""]}"
"PrivacyAnnotation|PA::DataCellArtifact::D0_COMPASRaw::record::1::cell::c_jail_out::0057","PrivacyAnnotation","PA::DataCellArtifact::D0_COMPASRaw::record::1::cell::c_jail_out::0057","{""key"": ""PA::DataCellArtifact::D0_COMPASRaw::record::1::cell::c_jail_out::0057"", ""annotationId"": ""PA::DataCellArtifact::D0_COMPASRaw::record::1::cell::c_jail_out::0057"", ""target_label"": ""DataCellArtifact"", ""target_key"": ""D0_COMPASRaw::record::1::cell::c_jail_out"", ""granularity"": ""cell"", ""source"": ""manual"", ""note"": null, ""C_explicit"": [""criminal_justice_sensitive"", ""temporal_quasi_identifier""], ""C"": [""criminal_justice_sensitive"", ""temporal_quasi_identifier"", ""sensitive_personal_data""], ""U"": [""research"", ""criminal_justice_research""], ""R"": [""delete_on_request"", ""retention_5y""], ""A"": [""DS"", ""AU"", ""DPO""]}"
"PrivacyAnnotation|PA::DataCellArtifact::D0_COMPASRaw::record::2::cell::c_jail_out::0058","PrivacyAnnotation","PA::DataCellArtifact::D0_COMPASRaw::record::2::cell::c_jail_out::0058","{""key"": ""PA::DataCellArtifact::D0_COMPASRaw::record::2::cell::c_jail_out::0058"", ""annotationId"": ""PA::DataCellArtifact::D0_COMPASRaw::record::2::cell::c_jail_out::0058"", ""target_label"": ""DataCellArtifact"", ""target_key"": ""D0_COMPASRaw::record::2::cell::c_jail_out"", ""granularity"": ""cell"", ""source"": ""manual"", ""note"": null, ""C_explicit"": [""criminal_justice_sensitive"", ""temporal_quasi_identifier""], ""C"": [""criminal_justice_sensitive"", ""temporal_quasi_identifier"", ""sensitive_personal_data""], ""U"": [""research"", ""criminal_justice_research""], ""R"": [""delete_on_request"", ""retention_5y""], ""A"": [""DS"", ""AU"", ""DPO""]}"
"PrivacyAnnotation|PA::DataCellArtifact::D0_COMPASRaw::record::3::cell::c_jail_out::0059","PrivacyAnnotation","PA::DataCellArtifact::D0_COMPASRaw::record::3::cell::c_jail_out::0059","{""key"": ""PA::DataCellArtifact::D0_COMPASRaw::record::3::cell::c_jail_out::0059"", ""annotationId"": ""PA::DataCellArtifact::D0_COMPASRaw::record::3::cell::c_jail_out::0059"", ""target_label"": ""DataCellArtifact"", ""target_key"": ""D0_COMPASRaw::record::3::cell::c_jail_out"", ""granularity"": ""cell"", ""source"": ""manual"", ""note"": null, ""C_explicit"": [""criminal_justice_sensitive"", ""temporal_quasi_identifier""], ""C"": [""criminal_justice_sensitive"", ""temporal_quasi_identifier"", ""sensitive_personal_data""], ""U"": [""research"", ""criminal_justice_research""], ""R"": [""delete_on_request"", ""retention_5y""], ""A"": [""DS"", ""AU"", ""DPO""]}"
"PrivacyAnnotation|PA::DataCellArtifact::D0_COMPASRaw::record::4::cell::c_jail_out::0060","PrivacyAnnotation","PA::DataCellArtifact::D0_COMPASRaw::record::4::cell::c_jail_out::0060","{""key"": ""PA::DataCellArtifact::D0_COMPASRaw::record::4::cell::c_jail_out::0060"", ""annotationId"": ""PA::DataCellArtifact::D0_COMPASRaw::record::4::cell::c_jail_out::0060"", ""target_label"": ""DataCellArtifact"", ""target_key"": ""D0_COMPASRaw::record::4::cell::c_jail_out"", ""granularity"": ""cell"", ""source"": ""manual"", ""note"": null, ""C_explicit"": [""criminal_justice_sensitive"", ""temporal_quasi_identifier""], ""C"": [""criminal_justice_sensitive"", ""temporal_quasi_identifier"", ""sensitive_personal_data""], ""U"": [""research"", ""criminal_justice_research""], ""R"": [""delete_on_request"", ""retention_5y""], ""A"": [""DS"", ""AU"", ""DPO""]}"
"PrivacyAnnotation|PA::DataCellArtifact::D0_COMPASRaw::record::5::cell::c_jail_out::0061","PrivacyAnnotation","PA::DataCellArtifact::D0_COMPASRaw::record::5::cell::c_jail_out::0061","{""key"": ""PA::DataCellArtifact::D0_COMPASRaw::record::5::cell::c_jail_out::0061"", ""annotationId"": ""PA::DataCellArtifact::D0_COMPASRaw::record::5::cell::c_jail_out::0061"", ""target_label"": ""DataCellArtifact"", ""target_key"": ""D0_COMPASRaw::record::5::cell::c_jail_out"", ""granularity"": ""cell"", ""source"": ""manual"", ""note"": null, ""C_explicit"": [""criminal_justice_sensitive"", ""temporal_quasi_identifier""], ""C"": [""criminal_justice_sensitive"", ""temporal_quasi_identifier"", ""sensitive_personal_data""], ""U"": [""research"", ""criminal_justice_research""], ""R"": [""delete_on_request"", ""retention_5y""], ""A"": [""DS"", ""AU"", ""DPO""]}"
"OperationPolicy|B0_select_columns_policy","OperationPolicy","B0_select_columns_policy","{""key"": ""B0_select_columns_policy"", ""policy_id"": ""B0_select_columns_policy"", ""step"": ""B0_select_columns"", ""operatorType"": ""RED"", ""contributorGranularity"": ""cell"", ""inputArtifacts"": [""D0_COMPASRaw""], ""outputArtifacts"": [""D1_COMPASSelected""], ""selectedAttributes"": [""age"", ""c_charge_degree"", ""race"", ""sex"", ""priors_count"", ""days_b_screening_arrest"", ""two_year_recid"", ""c_jail_in"", ""c_jail_out""], ""removedAttributes"": [], ""joinKeys"": [], ""target"": null, ""features"": [], ""excludedAttributes"": [], ""modelAccessRoles"": [], ""note"": null, ""raw_json"": ""{\""operatorType\"": \""RED\"", \""contributorGranularity\"": \""cell\"", \""selectedAttributes\"": [\""age\"", \""c_charge_degree\"", \""race\"", \""sex\"", \""priors_count\"", \""days_b_screening_arrest\"", \""two_year_recid\"", \""c_jail_in\"", \""c_jail_out\""], \""step\"": \""B0_select_columns\"", \""inputArtifacts\"": [\""D0_COMPASRaw\""], \""outputArtifacts\"": [\""D1_COMPASSelected\""]}""}"
"OperatorType|RED","OperatorType","RED","{""key"": ""RED"", ""name"": ""RED""}"
"OperationPolicy|B1_drop_missing_policy","OperationPolicy","B1_drop_missing_policy","{""key"": ""B1_drop_missing_policy"", ""policy_id"": ""B1_drop_missing_policy"", ""step"": ""B1_drop_missing"", ""operatorType"": ""RED"", ""contributorGranularity"": ""record"", ""inputArtifacts"": [""D1_COMPASSelected""], ""outputArtifacts"": [""D2_COMPASNoMissing""], ""selectedAttributes"": [], ""removedAttributes"": [], ""joinKeys"": [], ""target"": null, ""features"": [], ""excludedAttributes"": [], ""modelAccessRoles"": [], ""note"": null, ""raw_json"": ""{\""operatorType\"": \""RED\"", \""contributorGranularity\"": \""record\"", \""step\"": \""B1_drop_missing\"", \""inputArtifacts\"": [\""D1_COMPASSelected\""], \""outputArtifacts\"": [\""D2_COMPASNoMissing\""]}""}"
"OperationPolicy|B2_binary_race_policy","OperationPolicy","B2_binary_race_policy","{""key"": ""B2_binary_race_policy"", ""policy_id"": ""B2_binary_race_policy"", ""step"": ""B2_binary_race"", ""operatorType"": ""TR"", ""contributorGranularity"": ""cell"", ""inputArtifacts"": [""D2_COMPASNoMissing""], ""outputArtifacts"": [""D3_COMPASRaceBinary""], ""selectedAttributes"": [], ""removedAttributes"": [], ""joinKeys"": [], ""target"": null, ""features"": [], ""excludedAttributes"": [], ""modelAccessRoles"": [], ""note"": null, ""raw_json"": ""{\""operatorType\"": \""TR\"", \""contributorGranularity\"": \""cell\"", \""transformations\"": {\""race\"": {\""derivedFrom\"": [\""race\""], \""preserveCategories\"": true}}, \""step\"": \""B2_binary_race\"", \""inputArtifacts\"": [\""D2_COMPASNoMissing\""], \""outputArtifacts\"": [\""D3_COMPASRaceBinary\""]}""}"
"OperatorType|TR","OperatorType","TR","{""key"": ""TR"", ""name"": ""TR""}"
"TransformationRule|B2_binary_race_policy::transformation::race","TransformationRule","B2_binary_race_policy::transformation::race","{""key"": ""B2_binary_race_policy::transformation::race"", ""policy_id"": ""B2_binary_race_policy"", ""outputAttribute"": ""race"", ""derivedFrom"": [""race""], ""preserveCategories"": true, ""raw_json"": ""{\""derivedFrom\"": [\""race\""], \""preserveCategories\"": true}""}"
"OperationPolicy|B3_label_transform_policy","OperationPolicy","B3_label_transform_policy","{""key"": ""B3_label_transform_policy"", ""policy_id"": ""B3_label_transform_policy"", ""step"": ""B3_label_transform"", ""operatorType"": ""TR"", ""contributorGranularity"": ""cell"", ""inputArtifacts"": [""D3_COMPASRaceBinary""], ""outputArtifacts"": [""D4_COMPASLabelTransformed""], ""selectedAttributes"": [], ""removedAttributes"": [], ""joinKeys"": [], ""target"": null, ""features"": [], ""excludedAttributes"": [], ""modelAccessRoles"": [], ""note"": null, ""raw_json"": ""{\""operatorType\"": \""TR\"", \""contributorGranularity\"": \""cell\"", \""transformations\"": {\""label\"": {\""derivedFrom\"": [\""two_year_recid\""], \""preserveCategories\"": true}}, \""step\"": \""B3_label_transform\"", \""inputArtifacts\"": [\""D3_COMPASRaceBinary\""], \""outputArtifacts\"": [\""D4_COMPASLabelTransformed\""]}""}"
"TransformationRule|B3_label_transform_policy::transformation::label","TransformationRule","B3_label_transform_policy::transformation::label","{""key"": ""B3_label_transform_policy::transformation::label"", ""policy_id"": ""B3_label_transform_policy"", ""outputAttribute"": ""label"", ""derivedFrom"": [""two_year_recid""], ""preserveCategories"": true, ""raw_json"": ""{\""derivedFrom\"": [\""two_year_recid\""], \""preserveCategories\"": true}""}"
"OperationPolicy|B4_create_jailtime_policy","OperationPolicy","B4_create_jailtime_policy","{""key"": ""B4_create_jailtime_policy"", ""policy_id"": ""B4_create_jailtime_policy"", ""step"": ""B4_create_jailtime"", ""operatorType"": ""TR"", ""contributorGranularity"": ""cell"", ""inputArtifacts"": [""D4_COMPASLabelTransformed""], ""outputArtifacts"": [""D5_COMPASJailtime""], ""selectedAttributes"": [], ""removedAttributes"": [], ""joinKeys"": [], ""target"": null, ""features"": [], ""excludedAttributes"": [], ""modelAccessRoles"": [], ""note"": null, ""raw_json"": ""{\""operatorType\"": \""TR\"", \""contributorGranularity\"": \""cell\"", \""transformations\"": {\""jailtime\"": {\""derivedFrom\"": [\""c_jail_in\"", \""c_jail_out\""], \""preserveCategories\"": true}}, \""step\"": \""B4_create_jailtime\"", \""inputArtifacts\"": [\""D4_COMPASLabelTransformed\""], \""outputArtifacts\"": [\""D5_COMPASJailtime\""]}""}"
"TransformationRule|B4_create_jailtime_policy::transformation::jailtime","TransformationRule","B4_create_jailtime_policy::transformation::jailtime","{""key"": ""B4_create_jailtime_policy::transformation::jailtime"", ""policy_id"": ""B4_create_jailtime_policy"", ""outputAttribute"": ""jailtime"", ""derivedFrom"": [""c_jail_in"", ""c_jail_out""], ""preserveCategories"": true, ""raw_json"": ""{\""derivedFrom\"": [\""c_jail_in\"", \""c_jail_out\""], \""preserveCategories\"": true}""}"
"OperationPolicy|B5_drop_jail_dates_policy","OperationPolicy","B5_drop_jail_dates_policy","{""key"": ""B5_drop_jail_dates_policy"", ""policy_id"": ""B5_drop_jail_dates_policy"", ""step"": ""B5_drop_jail_dates"", ""operatorType"": ""RED"", ""contributorGranularity"": ""cell"", ""inputArtifacts"": [""D5_COMPASJailtime""], ""outputArtifacts"": [""D6_COMPASNoJailDates""], ""selectedAttributes"": [], ""removedAttributes"": [], ""joinKeys"": [], ""target"": null, ""features"": [], ""excludedAttributes"": [], ""modelAccessRoles"": [], ""note"": null, ""raw_json"": ""{\""operatorType\"": \""RED\"", \""contributorGranularity\"": \""cell\"", \""step\"": \""B5_drop_jail_dates\"", \""inputArtifacts\"": [\""D5_COMPASJailtime\""], \""outputArtifacts\"": [\""D6_COMPASNoJailDates\""], \""riskRemovalRules\"": [{\""condition\"": \""projection_or_attribute_removal\"", \""removeCategories\"": [\""temporal_quasi_identifier\""], \""description\"": \""Converted from top-level removeCategories for the real PrivacyProv policy schema.\""}]}""}"
"RiskRemovalRule|B5_drop_jail_dates_policy::RiskRemovalRule::001","RiskRemovalRule","B5_drop_jail_dates_policy::RiskRemovalRule::001","{""key"": ""B5_drop_jail_dates_policy::RiskRemovalRule::001"", ""policy_id"": ""B5_drop_jail_dates_policy"", ""order"": 1, ""condition"": ""projection_or_attribute_removal"", ""addCategories"": [], ""restrictRolesTo"": [], ""removeCategories"": [""temporal_quasi_identifier""], ""raw_json"": ""{\""condition\"": \""projection_or_attribute_removal\"", \""removeCategories\"": [\""temporal_quasi_identifier\""], \""description\"": \""Converted from top-level removeCategories for the real PrivacyProv policy schema.\""}""}"
"OperationPolicy|B6_charge_degree_binary_policy","OperationPolicy","B6_charge_degree_binary_policy","{""key"": ""B6_charge_degree_binary_policy"", ""policy_id"": ""B6_charge_degree_binary_policy"", ""step"": ""B6_charge_degree_binary"", ""operatorType"": ""TR"", ""contributorGranularity"": ""cell"", ""inputArtifacts"": [""D6_COMPASNoJailDates""], ""outputArtifacts"": [""D7_COMPASFinal""], ""selectedAttributes"": [], ""removedAttributes"": [], ""joinKeys"": [], ""target"": null, ""features"": [], ""excludedAttributes"": [], ""modelAccessRoles"": [], ""note"": null, ""raw_json"": ""{\""operatorType\"": \""TR\"", \""contributorGranularity\"": \""cell\"", \""transformations\"": {\""c_charge_degree\"": {\""derivedFrom\"": [\""c_charge_degree\""], \""preserveCategories\"": true}, \""sex\"": {\""derivedFrom\"": [\""sex\""], \""preserveCategories\"": true}}, \""step\"": \""B6_charge_degree_binary\"", \""inputArtifacts\"": [\""D6_COMPASNoJailDates\""], \""outputArtifacts\"": [\""D7_COMPASFinal\""]}""}"
"TransformationRule|B6_charge_degree_binary_policy::transformation::c_charge_degree","TransformationRule","B6_charge_degree_binary_policy::transformation::c_charge_degree","{""key"": ""B6_charge_degree_binary_policy::transformation::c_charge_degree"", ""policy_id"": ""B6_charge_degree_binary_policy"", ""outputAttribute"": ""c_charge_degree"", ""derivedFrom"": [""c_charge_degree""], ""preserveCategories"": true, ""raw_json"": ""{\""derivedFrom\"": [\""c_charge_degree\""], \""preserveCategories\"": true}""}"
"TransformationRule|B6_charge_degree_binary_policy::transformation::sex","TransformationRule","B6_charge_degree_binary_policy::transformation::sex","{""key"": ""B6_charge_degree_binary_policy::transformation::sex"", ""policy_id"": ""B6_charge_degree_binary_policy"", ""outputAttribute"": ""sex"", ""derivedFrom"": [""sex""], ""preserveCategories"": true, ""raw_json"": ""{\""derivedFrom\"": [\""sex\""], \""preserveCategories\"": true}""}"
"OperationPolicy|B7_split_train_test_policy","OperationPolicy","B7_split_train_test_policy","{""key"": ""B7_split_train_test_policy"", ""policy_id"": ""B7_split_train_test_policy"", ""step"": ""B7_split_train_test"", ""operatorType"": ""RED"", ""contributorGranularity"": ""record"", ""inputArtifacts"": [""D7_COMPASFinal""], ""outputArtifacts"": [""D8_COMPASTrainDataset"", ""D9_COMPASTestDataset""], ""selectedAttributes"": [], ""removedAttributes"": [], ""joinKeys"": [], ""target"": null, ""features"": [], ""excludedAttributes"": [], ""modelAccessRoles"": [], ""note"": null, ""raw_json"": ""{\""operatorType\"": \""RED\"", \""contributorGranularity\"": \""record\"", \""step\"": \""B7_split_train_test\"", \""inputArtifacts\"": [\""D7_COMPASFinal\""], \""outputArtifacts\"": [\""D8_COMPASTrainDataset\"", \""D9_COMPASTestDataset\""]}""}"
"OperationPolicy|B8_train_classifier_policy","OperationPolicy","B8_train_classifier_policy","{""key"": ""B8_train_classifier_policy"", ""policy_id"": ""B8_train_classifier_policy"", ""step"": ""B8_train_classifier"", ""operatorType"": ""LEARN"", ""contributorGranularity"": ""record_and_attribute"", ""inputArtifacts"": [""D8_COMPASTrainDataset""], ""outputArtifacts"": [""M1_COMPASRecidivismClassifier""], ""selectedAttributes"": [], ""removedAttributes"": [], ""joinKeys"": [], ""target"": ""label"", ""features"": [""*""], ""excludedAttributes"": [], ""modelAccessRoles"": [""DS"", ""AU"", ""DPO"", ""DomainExpert""], ""note"": null, ""raw_json"": ""{\""operatorType\"": \""LEARN\"", \""contributorGranularity\"": \""record_and_attribute\"", \""target\"": \""label\"", \""features\"": [\""*\""], \""modelExposureMapping\"": {\""criminal_justice_sensitive\"": \""model_exposed_to_criminal_justice_sensitive_data\"", \""behavioural_sensitive\"": \""model_exposed_to_behavioural_sensitive_label\"", \""protected_attribute\"": \""model_exposed_to_protected_attributes\"", \""race_ethnicity\"": \""model_exposed_to_protected_attributes\"", \""gender\"": \""model_exposed_to_protected_attributes\"", \""sensitive_personal_data\"": \""model_exposed_to_sensitive_personal_data\"", \""personal_data\"": \""model_exposed_to_personal_data\""}, \""erasureRewrite\"": {\""delete_on_request\"": \""retrain_or_review_on_erasure\""}, \""step\"": \""B8_train_classifier\"", \""inputArtifacts\"": [\""D8_COMPASTrainDataset\""], \""outputArtifacts\"": [\""M1_COMPASRecidivismClassifier\""], \""modelAccessRoles\"": [\""DS\"", \""AU\"", \""DPO\"", \""DomainExpert\""]}""}"
"OperatorType|LEARN","OperatorType","LEARN","{""key"": ""LEARN"", ""name"": ""LEARN""}"
"ModelExposureMapping|B8_train_classifier_policy::modelExposure::criminal_justice_sensitive::model_exposed_to_criminal_justice_sensitive_data","ModelExposureMapping","B8_train_classifier_policy::modelExposure::criminal_justice_sensitive::model_exposed_to_criminal_justice_sensitive_data","{""key"": ""B8_train_classifier_policy::modelExposure::criminal_justice_sensitive::model_exposed_to_criminal_justice_sensitive_data"", ""policy_id"": ""B8_train_classifier_policy"", ""sourceCategory"": ""criminal_justice_sensitive"", ""targetCategory"": ""model_exposed_to_criminal_justice_sensitive_data""}"
"ModelExposureMapping|B8_train_classifier_policy::modelExposure::behavioural_sensitive::model_exposed_to_behavioural_sensitive_label","ModelExposureMapping","B8_train_classifier_policy::modelExposure::behavioural_sensitive::model_exposed_to_behavioural_sensitive_label","{""key"": ""B8_train_classifier_policy::modelExposure::behavioural_sensitive::model_exposed_to_behavioural_sensitive_label"", ""policy_id"": ""B8_train_classifier_policy"", ""sourceCategory"": ""behavioural_sensitive"", ""targetCategory"": ""model_exposed_to_behavioural_sensitive_label""}"
"SensitivityCategory|model_exposed_to_behavioural_sensitive_label","SensitivityCategory","model_exposed_to_behavioural_sensitive_label","{""key"": ""model_exposed_to_behavioural_sensitive_label"", ""name"": ""model_exposed_to_behavioural_sensitive_label""}"
"ModelExposureMapping|B8_train_classifier_policy::modelExposure::protected_attribute::model_exposed_to_protected_attributes","ModelExposureMapping","B8_train_classifier_policy::modelExposure::protected_attribute::model_exposed_to_protected_attributes","{""key"": ""B8_train_classifier_policy::modelExposure::protected_attribute::model_exposed_to_protected_attributes"", ""policy_id"": ""B8_train_classifier_policy"", ""sourceCategory"": ""protected_attribute"", ""targetCategory"": ""model_exposed_to_protected_attributes""}"
"ModelExposureMapping|B8_train_classifier_policy::modelExposure::race_ethnicity::model_exposed_to_protected_attributes","ModelExposureMapping","B8_train_classifier_policy::modelExposure::race_ethnicity::model_exposed_to_protected_attributes","{""key"": ""B8_train_classifier_policy::modelExposure::race_ethnicity::model_exposed_to_protected_attributes"", ""policy_id"": ""B8_train_classifier_policy"", ""sourceCategory"": ""race_ethnicity"", ""targetCategory"": ""model_exposed_to_protected_attributes""}"
"ModelExposureMapping|B8_train_classifier_policy::modelExposure::gender::model_exposed_to_protected_attributes","ModelExposureMapping","B8_train_classifier_policy::modelExposure::gender::model_exposed_to_protected_attributes","{""key"": ""B8_train_classifier_policy::modelExposure::gender::model_exposed_to_protected_attributes"", ""policy_id"": ""B8_train_classifier_policy"", ""sourceCategory"": ""gender"", ""targetCategory"": ""model_exposed_to_protected_attributes""}"
"ModelExposureMapping|B8_train_classifier_policy::modelExposure::sensitive_personal_data::model_exposed_to_sensitive_personal_data","ModelExposureMapping","B8_train_classifier_policy::modelExposure::sensitive_personal_data::model_exposed_to_sensitive_personal_data","{""key"": ""B8_train_classifier_policy::modelExposure::sensitive_personal_data::model_exposed_to_sensitive_personal_data"", ""policy_id"": ""B8_train_classifier_policy"", ""sourceCategory"": ""sensitive_personal_data"", ""targetCategory"": ""model_exposed_to_sensitive_personal_data""}"
"ModelExposureMapping|B8_train_classifier_policy::modelExposure::personal_data::model_exposed_to_personal_data","ModelExposureMapping","B8_train_classifier_policy::modelExposure::personal_data::model_exposed_to_personal_data","{""key"": ""B8_train_classifier_policy::modelExposure::personal_data::model_exposed_to_personal_data"", ""policy_id"": ""B8_train_classifier_policy"", ""sourceCategory"": ""personal_data"", ""targetCategory"": ""model_exposed_to_personal_data""}"
"SensitivityCategory|model_exposed_to_personal_data","SensitivityCategory","model_exposed_to_personal_data","{""key"": ""model_exposed_to_personal_data"", ""name"": ""model_exposed_to_personal_data""}"
"ErasureRewriteRule|B8_train_classifier_policy::erasureRewrite::delete_on_request::retrain_or_review_on_erasure","ErasureRewriteRule","B8_train_classifier_policy::erasureRewrite::delete_on_request::retrain_or_review_on_erasure","{""key"": ""B8_train_classifier_policy::erasureRewrite::delete_on_request::retrain_or_review_on_erasure"", ""policy_id"": ""B8_train_classifier_policy"", ""sourceObligation"": ""delete_on_request"", ""targetObligation"": ""retrain_or_review_on_erasure""}"
"OperationPolicy|B9_evaluate_classifier_policy","OperationPolicy","B9_evaluate_classifier_policy","{""key"": ""B9_evaluate_classifier_policy"", ""policy_id"": ""B9_evaluate_classifier_policy"", ""step"": ""B9_evaluate_classifier"", ""operatorType"": ""EVAL"", ""contributorGranularity"": ""model_and_test"", ""inputArtifacts"": [""M1_COMPASRecidivismClassifier"", ""D9_COMPASTestDataset""], ""outputArtifacts"": [""E1_COMPASAccuracy""], ""selectedAttributes"": [], ""removedAttributes"": [], ""joinKeys"": [], ""target"": null, ""features"": [], ""excludedAttributes"": [], ""modelAccessRoles"": [], ""note"": null, ""raw_json"": ""{\""operatorType\"": \""EVAL\"", \""contributorGranularity\"": \""model_and_test\"", \""step\"": \""B9_evaluate_classifier\"", \""inputArtifacts\"": [\""M1_COMPASRecidivismClassifier\"", \""D9_COMPASTestDataset\""], \""outputArtifacts\"": [\""E1_COMPASAccuracy\""], \""mintingRules\"": [{\""condition\"": \""always\"", \""addCategories\"": [\""performance_on_sensitive_task\""], \""description\"": \""Evaluation artifact category added by policy.\""}], \""globalParameters\"": {\""addErasure\"": [\""recompute_on_erasure\""]}}""}"
"OperatorType|EVAL","OperatorType","EVAL","{""key"": ""EVAL"", ""name"": ""EVAL""}"
"MintingRule|B9_evaluate_classifier_policy::MintingRule::001","MintingRule","B9_evaluate_classifier_policy::MintingRule::001","{""key"": ""B9_evaluate_classifier_policy::MintingRule::001"", ""policy_id"": ""B9_evaluate_classifier_policy"", ""order"": 1, ""condition"": ""always"", ""addCategories"": [""performance_on_sensitive_task""], ""restrictRolesTo"": [], ""removeCategories"": [], ""raw_json"": ""{\""condition\"": \""always\"", \""addCategories\"": [\""performance_on_sensitive_task\""], \""description\"": \""Evaluation artifact category added by policy.\""}""}"
"SensitivityCategory|performance_on_sensitive_task","SensitivityCategory","performance_on_sensitive_task","{""key"": ""performance_on_sensitive_task"", ""name"": ""performance_on_sensitive_task""}"
"PrivacyAnnotation|PA::prop::DataCellArtifact::D1_COMPASSelected::record::0::cell::age::00062","PrivacyAnnotation","PA::prop::DataCellArtifact::D1_COMPASSelected::record::0::cell::age::00062","{""key"": ""PA::prop::DataCellArtifact::D1_COMPASSelected::record::0::cell::age::00062"", ""annotationId"": ""PA::prop::DataCellArtifact::D1_COMPASSelected::record::0::cell::age::00062"", ""target_label"": ""DataCellArtifact"", ""target_key"": ""D1_COMPASSelected::record::0::cell::age"", ""granularity"": ""cell"", ""source"": ""propagated:RED"", ""policy_id"": ""B0_select_columns_policy"", ""generated_by"": ""run_fc7d525c22::001::B0_select_columns"", ""note"": ""RED propagation for retained attribute age"", ""C_explicit"": [""quasi_identifier""], ""C"": [""quasi_identifier"", ""personal_data""], ""U"": [""criminal_justice_research"", ""research""], ""R"": [""delete_on_request"", ""retention_5y""], ""A"": [""AU"", ""DPO"", ""DS""]}"
"PrivacyAnnotation|PA::prop::DataCellArtifact::D1_COMPASSelected::record::0::cell::c_charge_degree::00063","PrivacyAnnotation","PA::prop::DataCellArtifact::D1_COMPASSelected::record::0::cell::c_charge_degree::00063","{""key"": ""PA::prop::DataCellArtifact::D1_COMPASSelected::record::0::cell::c_charge_degree::00063"", ""annotationId"": ""PA::prop::DataCellArtifact::D1_COMPASSelected::record::0::cell::c_charge_degree::00063"", ""target_label"": ""DataCellArtifact"", ""target_key"": ""D1_COMPASSelected::record::0::cell::c_charge_degree"", ""granularity"": ""cell"", ""source"": ""propagated:RED"", ""policy_id"": ""B0_select_columns_policy"", ""generated_by"": ""run_fc7d525c22::001::B0_select_columns"", ""note"": ""RED propagation for retained attribute c_charge_degree"", ""C_explicit"": [""criminal_justice_sensitive""], ""C"": [""criminal_justice_sensitive"", ""sensitive_personal_data""], ""U"": [""criminal_justice_research"", ""research""], ""R"": [""delete_on_request"", ""retention_5y""], ""A"": [""AU"", ""DPO"", ""DS""]}"
"PrivacyAnnotation|PA::prop::DataCellArtifact::D1_COMPASSelected::record::0::cell::race::00064","PrivacyAnnotation","PA::prop::DataCellArtifact::D1_COMPASSelected::record::0::cell::race::00064","{""key"": ""PA::prop::DataCellArtifact::D1_COMPASSelected::record::0::cell::race::00064"", ""annotationId"": ""PA::prop::DataCellArtifact::D1_COMPASSelected::record::0::cell::race::00064"", ""target_label"": ""DataCellArtifact"", ""target_key"": ""D1_COMPASSelected::record::0::cell::race"", ""granularity"": ""cell"", ""source"": ""propagated:RED"", ""policy_id"": ""B0_select_columns_policy"", ""generated_by"": ""run_fc7d525c22::001::B0_select_columns"", ""note"": ""RED propagation for retained attribute race"", ""C_explicit"": [""race_ethnicity"", ""protected_attribute""], ""C"": [""race_ethnicity"", ""protected_attribute"", ""sensitive_personal_data""], ""U"": [""criminal_justice_research"", ""research""], ""R"": [""delete_on_request"", ""retention_5y""], ""A"": [""AU"", ""DPO"", ""DS""]}"
"PrivacyAnnotation|PA::prop::DataCellArtifact::D1_COMPASSelected::record::0::cell::sex::00065","PrivacyAnnotation","PA::prop::DataCellArtifact::D1_COMPASSelected::record::0::cell::sex::00065","{""key"": ""PA::prop::DataCellArtifact::D1_COMPASSelected::record::0::cell::sex::00065"", ""annotationId"": ""PA::prop::DataCellArtifact::D1_COMPASSelected::record::0::cell::sex::00065"", ""target_label"": ""DataCellArtifact"", ""target_key"": ""D1_COMPASSelected::record::0::cell::sex"", ""granularity"": ""cell"", ""source"": ""propagated:RED"", ""policy_id"": ""B0_select_columns_policy"", ""generated_by"": ""run_fc7d525c22::001::B0_select_columns"", ""note"": ""RED propagation for retained attribute sex"", ""C_explicit"": [""gender"", ""protected_attribute""], ""C"": [""gender"", ""protected_attribute"", ""sensitive_personal_data""], ""U"": [""criminal_justice_research"", ""research""], ""R"": [""delete_on_request"", ""retention_5y""], ""A"": [""AU"", ""DPO"", ""DS""]}"
"PrivacyAnnotation|PA::prop::DataCellArtifact::D1_COMPASSelected::record::0::cell::priors_count::00066","PrivacyAnnotation","PA::prop::DataCellArtifact::D1_COMPASSelected::record::0::cell::priors_count::00066","{""key"": ""PA::prop::DataCellArtifact::D1_COMPASSelected::record::0::cell::priors_count::00066"", ""annotationId"": ""PA::prop::DataCellArtifact::D1_COMPASSelected::record::0::cell::priors_count::00066"", ""target_label"": ""DataCellArtifact"", ""target_key"": ""D1_COMPASSelected::record::0::cell::priors_count"", ""granularity"": ""cell"", ""source"": ""propagated:RED"", ""policy_id"": ""B0_select_columns_policy"", ""generated_by"": ""run_fc7d525c22::001::B0_select_columns"", ""note"": ""RED propagation for retained attribute priors_count"", ""C_explicit"": [""criminal_justice_sensitive""], ""C"": [""criminal_justice_sensitive"", ""sensitive_personal_data""], ""U"": [""criminal_justice_research"", ""research""], ""R"": [""delete_on_request"", ""retention_5y""], ""A"": [""AU"", ""DPO"", ""DS""]}"
"PrivacyAnnotation|PA::prop::DataCellArtifact::D1_COMPASSelected::record::0::cell::days_b_screening_arrest::00067","PrivacyAnnotation","PA::prop::DataCellArtifact::D1_COMPASSelected::record::0::cell::days_b_screening_arrest::00067","{""key"": ""PA::prop::DataCellArtifact::D1_COMPASSelected::record::0::cell::days_b_screening_arrest::00067"", ""annotationId"": ""PA::prop::DataCellArtifact::D1_COMPASSelected::record::0::cell::days_b_screening_arrest::00067"", ""target_label"": ""DataCellArtifact"", ""target_key"": ""D1_COMPASSelected::record::0::cell::days_b_screening_arrest"", ""granularity"": ""cell"", ""source"": ""propagated:RED"", ""policy_id"": ""B0_select_columns_policy"", ""generated_by"": ""run_fc7d525c22::001::B0_select_columns"", ""note"": ""RED propagation for retained attribute days_b_screening_arrest"", ""C_explicit"": [""criminal_justice_sensitive"", ""temporal_quasi_identifier""], ""C"": [""criminal_justice_sensitive"", ""temporal_quasi_identifier"", ""sensitive_personal_data""], ""U"": [""criminal_justice_research"", ""research""], ""R"": [""delete_on_request"", ""retention_5y""], ""A"": [""AU"", ""DPO"", ""DS""]}"
"PrivacyAnnotation|PA::prop::DataCellArtifact::D1_COMPASSelected::record::0::cell::two_year_recid::00068","PrivacyAnnotation","PA::prop::DataCellArtifact::D1_COMPASSelected::record::0::cell::two_year_recid::00068","{""key"": ""PA::prop::DataCellArtifact::D1_COMPASSelected::record::0::cell::two_year_recid::00068"", ""annotationId"": ""PA::prop::DataCellArtifact::D1_COMPASSelected::record::0::cell::two_year_recid::00068"", ""target_label"": ""DataCellArtifact"", ""target_key"": ""D1_COMPASSelected::record::0::cell::two_year_recid"", ""granularity"": ""cell"", ""source"": ""propagated:RED"", ""policy_id"": ""B0_select_columns_policy"", ""generated_by"": ""run_fc7d525c22::001::B0_select_columns"", ""note"": ""RED propagation for retained attribute two_year_recid"", ""C_explicit"": [""criminal_justice_sensitive"", ""behavioural_sensitive""], ""C"": [""criminal_justice_sensitive"", ""behavioural_sensitive"", ""sensitive_personal_data""], ""U"": [""criminal_justice_research"", ""research""], ""R"": [""delete_on_request"", ""retention_5y""], ""A"": [""AU"", ""DPO"", ""DS""]}"
"PrivacyAnnotation|PA::prop::DataCellArtifact::D1_COMPASSelected::record::0::cell::c_jail_in::00069","PrivacyAnnotation","PA::prop::DataCellArtifact::D1_COMPASSelected::record::0::cell::c_jail_in::00069","{""key"": ""PA::prop::DataCellArtifact::D1_COMPASSelected::record::0::cell::c_jail_in::00069"", ""annotationId"": ""PA::prop::DataCellArtifact::D1_COMPASSelected::record::0::cell::c_jail_in::00069"", ""target_label"": ""DataCellArtifact"", ""target_key"": ""D1_COMPASSelected::record::0::cell::c_jail_in"", ""granularity"": ""cell"", ""source"": ""propagated:RED"", ""policy_id"": ""B0_select_columns_policy"", ""generated_by"": ""run_fc7d525c22::001::B0_select_columns"", ""note"": ""RED propagation for retained attribute c_jail_in"", ""C_explicit"": [""criminal_justice_sensitive"", ""temporal_quasi_identifier""], ""C"": [""criminal_justice_sensitive"", ""temporal_quasi_identifier"", ""sensitive_personal_data""], ""U"": [""criminal_justice_research"", ""research""], ""R"": [""delete_on_request"", ""retention_5y""], ""A"": [""AU"", ""DPO"", ""DS""]}"
"PrivacyAnnotation|PA::prop::DataCellArtifact::D1_COMPASSelected::record::0::cell::c_jail_out::00070","PrivacyAnnotation","PA::prop::DataCellArtifact::D1_COMPASSelected::record::0::cell::c_jail_out::00070","{""key"": ""PA::prop::DataCellArtifact::D1_COMPASSelected::record::0::cell::c_jail_out::00070"", ""annotationId"": ""PA::prop::DataCellArtifact::D1_COMPASSelected::record::0::cell::c_jail_out::00070"", ""target_label"": ""DataCellArtifact"", ""target_key"": ""D1_COMPASSelected::record::0::cell::c_jail_out"", ""granularity"": ""cell"", ""source"": ""propagated:RED"", ""policy_id"": ""B0_select_columns_policy"", ""generated_by"": ""run_fc7d525c22::001::B0_select_columns"", ""note"": ""RED propagation for retained attribute c_jail_out"", ""C_explicit"": [""criminal_justice_sensitive"", ""temporal_quasi_identifier""], ""C"": [""criminal_justice_sensitive"", ""temporal_quasi_identifier"", ""sensitive_personal_data""], ""U"": [""criminal_justice_research"", ""research""], ""R"": [""delete_on_request"", ""retention_5y""], ""A"": [""AU"", ""DPO"", ""DS""]}"
"PrivacyAnnotation|PA::prop::DataCellArtifact::D1_COMPASSelected::record::1::cell::age::00071","PrivacyAnnotation","PA::prop::DataCellArtifact::D1_COMPASSelected::record::1::cell::age::00071","{""key"": ""PA::prop::DataCellArtifact::D1_COMPASSelected::record::1::cell::age::00071"", ""annotationId"": ""PA::prop::DataCellArtifact::D1_COMPASSelected::record::1::cell::age::00071"", ""target_label"": ""DataCellArtifact"", ""target_key"": ""D1_COMPASSelected::record::1::cell::age"", ""granularity"": ""cell"", ""source"": ""propagated:RED"", ""policy_id"": ""B0_select_columns_policy"", ""generated_by"": ""run_fc7d525c22::001::B0_select_columns"", ""note"": ""RED propagation for retained attribute age"", ""C_explicit"": [""quasi_identifier""], ""C"": [""quasi_identifier"", ""personal_data""], ""U"": [""criminal_justice_research"", ""research""], ""R"": [""delete_on_request"", ""retention_5y""], ""A"": [""AU"", ""DPO"", ""DS""]}"
"PrivacyAnnotation|PA::prop::DataCellArtifact::D1_COMPASSelected::record::1::cell::c_charge_degree::00072","PrivacyAnnotation","PA::prop::DataCellArtifact::D1_COMPASSelected::record::1::cell::c_charge_degree::00072","{""key"": ""PA::prop::DataCellArtifact::D1_COMPASSelected::record::1::cell::c_charge_degree::00072"", ""annotationId"": ""PA::prop::DataCellArtifact::D1_COMPASSelected::record::1::cell::c_charge_degree::00072"", ""target_label"": ""DataCellArtifact"", ""target_key"": ""D1_COMPASSelected::record::1::cell::c_charge_degree"", ""granularity"": ""cell"", ""source"": ""propagated:RED"", ""policy_id"": ""B0_select_columns_policy"", ""generated_by"": ""run_fc7d525c22::001::B0_select_columns"", ""note"": ""RED propagation for retained attribute c_charge_degree"", ""C_explicit"": [""criminal_justice_sensitive""], ""C"": [""criminal_justice_sensitive"", ""sensitive_personal_data""], ""U"": [""criminal_justice_research"", ""research""], ""R"": [""delete_on_request"", ""retention_5y""], ""A"": [""AU"", ""DPO"", ""DS""]}"
"PrivacyAnnotation|PA::prop::DataCellArtifact::D1_COMPASSelected::record::1::cell::race::00073","PrivacyAnnotation","PA::prop::DataCellArtifact::D1_COMPASSelected::record::1::cell::race::00073","{""key"": ""PA::prop::DataCellArtifact::D1_COMPASSelected::record::1::cell::race::00073"", ""annotationId"": ""PA::prop::DataCellArtifact::D1_COMPASSelected::record::1::cell::race::00073"", ""target_label"": ""DataCellArtifact"", ""target_key"": ""D1_COMPASSelected::record::1::cell::race"", ""granularity"": ""cell"", ""source"": ""propagated:RED"", ""policy_id"": ""B0_select_columns_policy"", ""generated_by"": ""run_fc7d525c22::001::B0_select_columns"", ""note"": ""RED propagation for retained attribute race"", ""C_explicit"": [""race_ethnicity"", ""protected_attribute""], ""C"": [""race_ethnicity"", ""protected_attribute"", ""sensitive_personal_data""], ""U"": [""criminal_justice_research"", ""research""], ""R"": [""delete_on_request"", ""retention_5y""], ""A"": [""AU"", ""DPO"", ""DS""]}"
"PrivacyAnnotation|PA::prop::DataCellArtifact::D1_COMPASSelected::record::1::cell::sex::00074","PrivacyAnnotation","PA::prop::DataCellArtifact::D1_COMPASSelected::record::1::cell::sex::00074","{""key"": ""PA::prop::DataCellArtifact::D1_COMPASSelected::record::1::cell::sex::00074"", ""annotationId"": ""PA::prop::DataCellArtifact::D1_COMPASSelected::record::1::cell::sex::00074"", ""target_label"": ""DataCellArtifact"", ""target_key"": ""D1_COMPASSelected::record::1::cell::sex"", ""granularity"": ""cell"", ""source"": ""propagated:RED"", ""policy_id"": ""B0_select_columns_policy"", ""generated_by"": ""run_fc7d525c22::001::B0_select_columns"", ""note"": ""RED propagation for retained attribute sex"", ""C_explicit"": [""gender"", ""protected_attribute""], ""C"": [""gender"", ""protected_attribute"", ""sensitive_personal_data""], ""U"": [""criminal_justice_research"", ""research""], ""R"": [""delete_on_request"", ""retention_5y""], ""A"": [""AU"", ""DPO"", ""DS""]}"
"PrivacyAnnotation|PA::prop::DataCellArtifact::D1_COMPASSelected::record::1::cell::priors_count::00075","PrivacyAnnotation","PA::prop::DataCellArtifact::D1_COMPASSelected::record::1::cell::priors_count::00075","{""key"": ""PA::prop::DataCellArtifact::D1_COMPASSelected::record::1::cell::priors_count::00075"", ""annotationId"": ""PA::prop::DataCellArtifact::D1_COMPASSelected::record::1::cell::priors_count::00075"", ""target_label"": ""DataCellArtifact"", ""target_key"": ""D1_COMPASSelected::record::1::cell::priors_count"", ""granularity"": ""cell"", ""source"": ""propagated:RED"", ""policy_id"": ""B0_select_columns_policy"", ""generated_by"": ""run_fc7d525c22::001::B0_select_columns"", ""note"": ""RED propagation for retained attribute priors_count"", ""C_explicit"": [""criminal_justice_sensitive""], ""C"": [""criminal_justice_sensitive"", ""sensitive_personal_data""], ""U"": [""criminal_justice_research"", ""research""], ""R"": [""delete_on_request"", ""retention_5y""], ""A"": [""AU"", ""DPO"", ""DS""]}"
"PrivacyAnnotation|PA::prop::DataCellArtifact::D1_COMPASSelected::record::1::cell::days_b_screening_arrest::00076","PrivacyAnnotation","PA::prop::DataCellArtifact::D1_COMPASSelected::record::1::cell::days_b_screening_arrest::00076","{""key"": ""PA::prop::DataCellArtifact::D1_COMPASSelected::record::1::cell::days_b_screening_arrest::00076"", ""annotationId"": ""PA::prop::DataCellArtifact::D1_COMPASSelected::record::1::cell::days_b_screening_arrest::00076"", ""target_label"": ""DataCellArtifact"", ""target_key"": ""D1_COMPASSelected::record::1::cell::days_b_screening_arrest"", ""granularity"": ""cell"", ""source"": ""propagated:RED"", ""policy_id"": ""B0_select_columns_policy"", ""generated_by"": ""run_fc7d525c22::001::B0_select_columns"", ""note"": ""RED propagation for retained attribute days_b_screening_arrest"", ""C_explicit"": [""criminal_justice_sensitive"", ""temporal_quasi_identifier""], ""C"": [""criminal_justice_sensitive"", ""temporal_quasi_identifier"", ""sensitive_personal_data""], ""U"": [""criminal_justice_research"", ""research""], ""R"": [""delete_on_request"", ""retention_5y""], ""A"": [""AU"", ""DPO"", ""DS""]}"
"PrivacyAnnotation|PA::prop::DataCellArtifact::D1_COMPASSelected::record::1::cell::two_year_recid::00077","PrivacyAnnotation","PA::prop::DataCellArtifact::D1_COMPASSelected::record::1::cell::two_year_recid::00077","{""key"": ""PA::prop::DataCellArtifact::D1_COMPASSelected::record::1::cell::two_year_recid::00077"", ""annotationId"": ""PA::prop::DataCellArtifact::D1_COMPASSelected::record::1::cell::two_year_recid::00077"", ""target_label"": ""DataCellArtifact"", ""target_key"": ""D1_COMPASSelected::record::1::cell::two_year_recid"", ""granularity"": ""cell"", ""source"": ""propagated:RED"", ""policy_id"": ""B0_select_columns_policy"", ""generated_by"": ""run_fc7d525c22::001::B0_select_columns"", ""note"": ""RED propagation for retained attribute two_year_recid"", ""C_explicit"": [""criminal_justice_sensitive"", ""behavioural_sensitive""], ""C"": [""criminal_justice_sensitive"", ""behavioural_sensitive"", ""sensitive_personal_data""], ""U"": [""criminal_justice_research"", ""research""], ""R"": [""delete_on_request"", ""retention_5y""], ""A"": [""AU"", ""DPO"", ""DS""]}"
"PrivacyAnnotation|PA::prop::DataCellArtifact::D1_COMPASSelected::record::1::cell::c_jail_in::00078","PrivacyAnnotation","PA::prop::DataCellArtifact::D1_COMPASSelected::record::1::cell::c_jail_in::00078","{""key"": ""PA::prop::DataCellArtifact::D1_COMPASSelected::record::1::cell::c_jail_in::00078"", ""annotationId"": ""PA::prop::DataCellArtifact::D1_COMPASSelected::record::1::cell::c_jail_in::00078"", ""target_label"": ""DataCellArtifact"", ""target_key"": ""D1_COMPASSelected::record::1::cell::c_jail_in"", ""granularity"": ""cell"", ""source"": ""propagated:RED"", ""policy_id"": ""B0_select_columns_policy"", ""generated_by"": ""run_fc7d525c22::001::B0_select_columns"", ""note"": ""RED propagation for retained attribute c_jail_in"", ""C_explicit"": [""criminal_justice_sensitive"", ""temporal_quasi_identifier""], ""C"": [""criminal_justice_sensitive"", ""temporal_quasi_identifier"", ""sensitive_personal_data""], ""U"": [""criminal_justice_research"", ""research""], ""R"": [""delete_on_request"", ""retention_5y""], ""A"": [""AU"", ""DPO"", ""DS""]}"
"PrivacyAnnotation|PA::prop::DataCellArtifact::D1_COMPASSelected::record::1::cell::c_jail_out::00079","PrivacyAnnotation","PA::prop::DataCellArtifact::D1_COMPASSelected::record::1::cell::c_jail_out::00079","{""key"": ""PA::prop::DataCellArtifact::D1_COMPASSelected::record::1::cell::c_jail_out::00079"", ""annotationId"": ""PA::prop::DataCellArtifact::D1_COMPASSelected::record::1::cell::c_jail_out::00079"", ""target_label"": ""DataCellArtifact"", ""target_key"": ""D1_COMPASSelected::record::1::cell::c_jail_out"", ""granularity"": ""cell"", ""source"": ""propagated:RED"", ""policy_id"": ""B0_select_columns_policy"", ""generated_by"": ""run_fc7d525c22::001::B0_select_columns"", ""note"": ""RED propagation for retained attribute c_jail_out"", ""C_explicit"": [""criminal_justice_sensitive"", ""temporal_quasi_identifier""], ""C"": [""criminal_justice_sensitive"", ""temporal_quasi_identifier"", ""sensitive_personal_data""], ""U"": [""criminal_justice_research"", ""research""], ""R"": [""delete_on_request"", ""retention_5y""], ""A"": [""AU"", ""DPO"", ""DS""]}"
"PrivacyAnnotation|PA::prop::DataCellArtifact::D1_COMPASSelected::record::2::cell::age::00080","PrivacyAnnotation","PA::prop::DataCellArtifact::D1_COMPASSelected::record::2::cell::age::00080","{""key"": ""PA::prop::DataCellArtifact::D1_COMPASSelected::record::2::cell::age::00080"", ""annotationId"": ""PA::prop::DataCellArtifact::D1_COMPASSelected::record::2::cell::age::00080"", ""target_label"": ""DataCellArtifact"", ""target_key"": ""D1_COMPASSelected::record::2::cell::age"", ""granularity"": ""cell"", ""source"": ""propagated:RED"", ""policy_id"": ""B0_select_columns_policy"", ""generated_by"": ""run_fc7d525c22::001::B0_select_columns"", ""note"": ""RED propagation for retained attribute age"", ""C_explicit"": [""quasi_identifier""], ""C"": [""quasi_identifier"", ""personal_data""], ""U"": [""criminal_justice_research"", ""research""], ""R"": [""delete_on_request"", ""retention_5y""], ""A"": [""AU"", ""DPO"", ""DS""]}"
"PrivacyAnnotation|PA::prop::DataCellArtifact::D1_COMPASSelected::record::2::cell::c_charge_degree::00081","PrivacyAnnotation","PA::prop::DataCellArtifact::D1_COMPASSelected::record::2::cell::c_charge_degree::00081","{""key"": ""PA::prop::DataCellArtifact::D1_COMPASSelected::record::2::cell::c_charge_degree::00081"", ""annotationId"": ""PA::prop::DataCellArtifact::D1_COMPASSelected::record::2::cell::c_charge_degree::00081"", ""target_label"": ""DataCellArtifact"", ""target_key"": ""D1_COMPASSelected::record::2::cell::c_charge_degree"", ""granularity"": ""cell"", ""source"": ""propagated:RED"", ""policy_id"": ""B0_select_columns_policy"", ""generated_by"": ""run_fc7d525c22::001::B0_select_columns"", ""note"": ""RED propagation for retained attribute c_charge_degree"", ""C_explicit"": [""criminal_justice_sensitive""], ""C"": [""criminal_justice_sensitive"", ""sensitive_personal_data""], ""U"": [""criminal_justice_research"", ""research""], ""R"": [""delete_on_request"", ""retention_5y""], ""A"": [""AU"", ""DPO"", ""DS""]}"
"PrivacyAnnotation|PA::prop::DataCellArtifact::D1_COMPASSelected::record::2::cell::race::00082","PrivacyAnnotation","PA::prop::DataCellArtifact::D1_COMPASSelected::record::2::cell::race::00082","{""key"": ""PA::prop::DataCellArtifact::D1_COMPASSelected::record::2::cell::race::00082"", ""annotationId"": ""PA::prop::DataCellArtifact::D1_COMPASSelected::record::2::cell::race::00082"", ""target_label"": ""DataCellArtifact"", ""target_key"": ""D1_COMPASSelected::record::2::cell::race"", ""granularity"": ""cell"", ""source"": ""propagated:RED"", ""policy_id"": ""B0_select_columns_policy"", ""generated_by"": ""run_fc7d525c22::001::B0_select_columns"", ""note"": ""RED propagation for retained attribute race"", ""C_explicit"": [""race_ethnicity"", ""protected_attribute""], ""C"": [""race_ethnicity"", ""protected_attribute"", ""sensitive_personal_data""], ""U"": [""criminal_justice_research"", ""research""], ""R"": [""delete_on_request"", ""retention_5y""], ""A"": [""AU"", ""DPO"", ""DS""]}"
"PrivacyAnnotation|PA::prop::DataCellArtifact::D1_COMPASSelected::record::2::cell::sex::00083","PrivacyAnnotation","PA::prop::DataCellArtifact::D1_COMPASSelected::record::2::cell::sex::00083","{""key"": ""PA::prop::DataCellArtifact::D1_COMPASSelected::record::2::cell::sex::00083"", ""annotationId"": ""PA::prop::DataCellArtifact::D1_COMPASSelected::record::2::cell::sex::00083"", ""target_label"": ""DataCellArtifact"", ""target_key"": ""D1_COMPASSelected::record::2::cell::sex"", ""granularity"": ""cell"", ""source"": ""propagated:RED"", ""policy_id"": ""B0_select_columns_policy"", ""generated_by"": ""run_fc7d525c22::001::B0_select_columns"", ""note"": ""RED propagation for retained attribute sex"", ""C_explicit"": [""gender"", ""protected_attribute""], ""C"": [""gender"", ""protected_attribute"", ""sensitive_personal_data""], ""U"": [""criminal_justice_research"", ""research""], ""R"": [""delete_on_request"", ""retention_5y""], ""A"": [""AU"", ""DPO"", ""DS""]}"
"PrivacyAnnotation|PA::prop::DataCellArtifact::D1_COMPASSelected::record::2::cell::priors_count::00084","PrivacyAnnotation","PA::prop::DataCellArtifact::D1_COMPASSelected::record::2::cell::priors_count::00084","{""key"": ""PA::prop::DataCellArtifact::D1_COMPASSelected::record::2::cell::priors_count::00084"", ""annotationId"": ""PA::prop::DataCellArtifact::D1_COMPASSelected::record::2::cell::priors_count::00084"", ""target_label"": ""DataCellArtifact"", ""target_key"": ""D1_COMPASSelected::record::2::cell::priors_count"", ""granularity"": ""cell"", ""source"": ""propagated:RED"", ""policy_id"": ""B0_select_columns_policy"", ""generated_by"": ""run_fc7d525c22::001::B0_select_columns"", ""note"": ""RED propagation for retained attribute priors_count"", ""C_explicit"": [""criminal_justice_sensitive""], ""C"": [""criminal_justice_sensitive"", ""sensitive_personal_data""], ""U"": [""criminal_justice_research"", ""research""], ""R"": [""delete_on_request"", ""retention_5y""], ""A"": [""AU"", ""DPO"", ""DS""]}"
"PrivacyAnnotation|PA::prop::DataCellArtifact::D1_COMPASSelected::record::2::cell::days_b_screening_arrest::00085","PrivacyAnnotation","PA::prop::DataCellArtifact::D1_COMPASSelected::record::2::cell::days_b_screening_arrest::00085","{""key"": ""PA::prop::DataCellArtifact::D1_COMPASSelected::record::2::cell::days_b_screening_arrest::00085"", ""annotationId"": ""PA::prop::DataCellArtifact::D1_COMPASSelected::record::2::cell::days_b_screening_arrest::00085"", ""target_label"": ""DataCellArtifact"", ""target_key"": ""D1_COMPASSelected::record::2::cell::days_b_screening_arrest"", ""granularity"": ""cell"", ""source"": ""propagated:RED"", ""policy_id"": ""B0_select_columns_policy"", ""generated_by"": ""run_fc7d525c22::001::B0_select_columns"", ""note"": ""RED propagation for retained attribute days_b_screening_arrest"", ""C_explicit"": [""criminal_justice_sensitive"", ""temporal_quasi_identifier""], ""C"": [""criminal_justice_sensitive"", ""temporal_quasi_identifier"", ""sensitive_personal_data""], ""U"": [""criminal_justice_research"", ""research""], ""R"": [""delete_on_request"", ""retention_5y""], ""A"": [""AU"", ""DPO"", ""DS""]}"
"PrivacyAnnotation|PA::prop::DataCellArtifact::D1_COMPASSelected::record::2::cell::two_year_recid::00086","PrivacyAnnotation","PA::prop::DataCellArtifact::D1_COMPASSelected::record::2::cell::two_year_recid::00086","{""key"": ""PA::prop::DataCellArtifact::D1_COMPASSelected::record::2::cell::two_year_recid::00086"", ""annotationId"": ""PA::prop::DataCellArtifact::D1_COMPASSelected::record::2::cell::two_year_recid::00086"", ""target_label"": ""DataCellArtifact"", ""target_key"": ""D1_COMPASSelected::record::2::cell::two_year_recid"", ""granularity"": ""cell"", ""source"": ""propagated:RED"", ""policy_id"": ""B0_select_columns_policy"", ""generated_by"": ""run_fc7d525c22::001::B0_select_columns"", ""note"": ""RED propagation for retained attribute two_year_recid"", ""C_explicit"": [""criminal_justice_sensitive"", ""behavioural_sensitive""], ""C"": [""criminal_justice_sensitive"", ""behavioural_sensitive"", ""sensitive_personal_data""], ""U"": [""criminal_justice_research"", ""research""], ""R"": [""delete_on_request"", ""retention_5y""], ""A"": [""AU"", ""DPO"", ""DS""]}"
"PrivacyAnnotation|PA::prop::DataCellArtifact::D1_COMPASSelected::record::2::cell::c_jail_in::00087","PrivacyAnnotation","PA::prop::DataCellArtifact::D1_COMPASSelected::record::2::cell::c_jail_in::00087","{""key"": ""PA::prop::DataCellArtifact::D1_COMPASSelected::record::2::cell::c_jail_in::00087"", ""annotationId"": ""PA::prop::DataCellArtifact::D1_COMPASSelected::record::2::cell::c_jail_in::00087"", ""target_label"": ""DataCellArtifact"", ""target_key"": ""D1_COMPASSelected::record::2::cell::c_jail_in"", ""granularity"": ""cell"", ""source"": ""propagated:RED"", ""policy_id"": ""B0_select_columns_policy"", ""generated_by"": ""run_fc7d525c22::001::B0_select_columns"", ""note"": ""RED propagation for retained attribute c_jail_in"", ""C_explicit"": [""criminal_justice_sensitive"", ""temporal_quasi_identifier""], ""C"": [""criminal_justice_sensitive"", ""temporal_quasi_identifier"", ""sensitive_personal_data""], ""U"": [""criminal_justice_research"", ""research""], ""R"": [""delete_on_request"", ""retention_5y""], ""A"": [""AU"", ""DPO"", ""DS""]}"
"PrivacyAnnotation|PA::prop::DataCellArtifact::D1_COMPASSelected::record::2::cell::c_jail_out::00088","PrivacyAnnotation","PA::prop::DataCellArtifact::D1_COMPASSelected::record::2::cell::c_jail_out::00088","{""key"": ""PA::prop::DataCellArtifact::D1_COMPASSelected::record::2::cell::c_jail_out::00088"", ""annotationId"": ""PA::prop::DataCellArtifact::D1_COMPASSelected::record::2::cell::c_jail_out::00088"", ""target_label"": ""DataCellArtifact"", ""target_key"": ""D1_COMPASSelected::record::2::cell::c_jail_out"", ""granularity"": ""cell"", ""source"": ""propagated:RED"", ""policy_id"": ""B0_select_columns_policy"", ""generated_by"": ""run_fc7d525c22::001::B0_select_columns"", ""note"": ""RED propagation for retained attribute c_jail_out"", ""C_explicit"": [""criminal_justice_sensitive"", ""temporal_quasi_identifier""], ""C"": [""criminal_justice_sensitive"", ""temporal_quasi_identifier"", ""sensitive_personal_data""], ""U"": [""criminal_justice_research"", ""research""], ""R"": [""delete_on_request"", ""retention_5y""], ""A"": [""AU"", ""DPO"", ""DS""]}"
"PrivacyAnnotation|PA::prop::DataCellArtifact::D1_COMPASSelected::record::3::cell::age::00089","PrivacyAnnotation","PA::prop::DataCellArtifact::D1_COMPASSelected::record::3::cell::age::00089","{""key"": ""PA::prop::DataCellArtifact::D1_COMPASSelected::record::3::cell::age::00089"", ""annotationId"": ""PA::prop::DataCellArtifact::D1_COMPASSelected::record::3::cell::age::00089"", ""target_label"": ""DataCellArtifact"", ""target_key"": ""D1_COMPASSelected::record::3::cell::age"", ""granularity"": ""cell"", ""source"": ""propagated:RED"", ""policy_id"": ""B0_select_columns_policy"", ""generated_by"": ""run_fc7d525c22::001::B0_select_columns"", ""note"": ""RED propagation for retained attribute age"", ""C_explicit"": [""quasi_identifier""], ""C"": [""quasi_identifier"", ""personal_data""], ""U"": [""criminal_justice_research"", ""research""], ""R"": [""delete_on_request"", ""retention_5y""], ""A"": [""AU"", ""DPO"", ""DS""]}"
"PrivacyAnnotation|PA::prop::DataCellArtifact::D1_COMPASSelected::record::3::cell::c_charge_degree::00090","PrivacyAnnotation","PA::prop::DataCellArtifact::D1_COMPASSelected::record::3::cell::c_charge_degree::00090","{""key"": ""PA::prop::DataCellArtifact::D1_COMPASSelected::record::3::cell::c_charge_degree::00090"", ""annotationId"": ""PA::prop::DataCellArtifact::D1_COMPASSelected::record::3::cell::c_charge_degree::00090"", ""target_label"": ""DataCellArtifact"", ""target_key"": ""D1_COMPASSelected::record::3::cell::c_charge_degree"", ""granularity"": ""cell"", ""source"": ""propagated:RED"", ""policy_id"": ""B0_select_columns_policy"", ""generated_by"": ""run_fc7d525c22::001::B0_select_columns"", ""note"": ""RED propagation for retained attribute c_charge_degree"", ""C_explicit"": [""criminal_justice_sensitive""], ""C"": [""criminal_justice_sensitive"", ""sensitive_personal_data""], ""U"": [""criminal_justice_research"", ""research""], ""R"": [""delete_on_request"", ""retention_5y""], ""A"": [""AU"", ""DPO"", ""DS""]}"
"PrivacyAnnotation|PA::prop::DataCellArtifact::D1_COMPASSelected::record::3::cell::race::00091","PrivacyAnnotation","PA::prop::DataCellArtifact::D1_COMPASSelected::record::3::cell::race::00091","{""key"": ""PA::prop::DataCellArtifact::D1_COMPASSelected::record::3::cell::race::00091"", ""annotationId"": ""PA::prop::DataCellArtifact::D1_COMPASSelected::record::3::cell::race::00091"", ""target_label"": ""DataCellArtifact"", ""target_key"": ""D1_COMPASSelected::record::3::cell::race"", ""granularity"": ""cell"", ""source"": ""propagated:RED"", ""policy_id"": ""B0_select_columns_policy"", ""generated_by"": ""run_fc7d525c22::001::B0_select_columns"", ""note"": ""RED propagation for retained attribute race"", ""C_explicit"": [""race_ethnicity"", ""protected_attribute""], ""C"": [""race_ethnicity"", ""protected_attribute"", ""sensitive_personal_data""], ""U"": [""criminal_justice_research"", ""research""], ""R"": [""delete_on_request"", ""retention_5y""], ""A"": [""AU"", ""DPO"", ""DS""]}"
"PrivacyAnnotation|PA::prop::DataCellArtifact::D1_COMPASSelected::record::3::cell::sex::00092","PrivacyAnnotation","PA::prop::DataCellArtifact::D1_COMPASSelected::record::3::cell::sex::00092","{""key"": ""PA::prop::DataCellArtifact::D1_COMPASSelected::record::3::cell::sex::00092"", ""annotationId"": ""PA::prop::DataCellArtifact::D1_COMPASSelected::record::3::cell::sex::00092"", ""target_label"": ""DataCellArtifact"", ""target_key"": ""D1_COMPASSelected::record::3::cell::sex"", ""granularity"": ""cell"", ""source"": ""propagated:RED"", ""policy_id"": ""B0_select_columns_policy"", ""generated_by"": ""run_fc7d525c22::001::B0_select_columns"", ""note"": ""RED propagation for retained attribute sex"", ""C_explicit"": [""gender"", ""protected_attribute""], ""C"": [""gender"", ""protected_attribute"", ""sensitive_personal_data""], ""U"": [""criminal_justice_research"", ""research""], ""R"": [""delete_on_request"", ""retention_5y""], ""A"": [""AU"", ""DPO"", ""DS""]}"
"PrivacyAnnotation|PA::prop::DataCellArtifact::D1_COMPASSelected::record::3::cell::priors_count::00093","PrivacyAnnotation","PA::prop::DataCellArtifact::D1_COMPASSelected::record::3::cell::priors_count::00093","{""key"": ""PA::prop::DataCellArtifact::D1_COMPASSelected::record::3::cell::priors_count::00093"", ""annotationId"": ""PA::prop::DataCellArtifact::D1_COMPASSelected::record::3::cell::priors_count::00093"", ""target_label"": ""DataCellArtifact"", ""target_key"": ""D1_COMPASSelected::record::3::cell::priors_count"", ""granularity"": ""cell"", ""source"": ""propagated:RED"", ""policy_id"": ""B0_select_columns_policy"", ""generated_by"": ""run_fc7d525c22::001::B0_select_columns"", ""note"": ""RED propagation for retained attribute priors_count"", ""C_explicit"": [""criminal_justice_sensitive""], ""C"": [""criminal_justice_sensitive"", ""sensitive_personal_data""], ""U"": [""criminal_justice_research"", ""research""], ""R"": [""delete_on_request"", ""retention_5y""], ""A"": [""AU"", ""DPO"", ""DS""]}"
"PrivacyAnnotation|PA::prop::DataCellArtifact::D1_COMPASSelected::record::3::cell::days_b_screening_arrest::00094","PrivacyAnnotation","PA::prop::DataCellArtifact::D1_COMPASSelected::record::3::cell::days_b_screening_arrest::00094","{""key"": ""PA::prop::DataCellArtifact::D1_COMPASSelected::record::3::cell::days_b_screening_arrest::00094"", ""annotationId"": ""PA::prop::DataCellArtifact::D1_COMPASSelected::record::3::cell::days_b_screening_arrest::00094"", ""target_label"": ""DataCellArtifact"", ""target_key"": ""D1_COMPASSelected::record::3::cell::days_b_screening_arrest"", ""granularity"": ""cell"", ""source"": ""propagated:RED"", ""policy_id"": ""B0_select_columns_policy"", ""generated_by"": ""run_fc7d525c22::001::B0_select_columns"", ""note"": ""RED propagation for retained attribute days_b_screening_arrest"", ""C_explicit"": [""criminal_justice_sensitive"", ""temporal_quasi_identifier""], ""C"": [""criminal_justice_sensitive"", ""temporal_quasi_identifier"", ""sensitive_personal_data""], ""U"": [""criminal_justice_research"", ""research""], ""R"": [""delete_on_request"", ""retention_5y""], ""A"": [""AU"", ""DPO"", ""DS""]}"
"PrivacyAnnotation|PA::prop::DataCellArtifact::D1_COMPASSelected::record::3::cell::two_year_recid::00095","PrivacyAnnotation","PA::prop::DataCellArtifact::D1_COMPASSelected::record::3::cell::two_year_recid::00095","{""key"": ""PA::prop::DataCellArtifact::D1_COMPASSelected::record::3::cell::two_year_recid::00095"", ""annotationId"": ""PA::prop::DataCellArtifact::D1_COMPASSelected::record::3::cell::two_year_recid::00095"", ""target_label"": ""DataCellArtifact"", ""target_key"": ""D1_COMPASSelected::record::3::cell::two_year_recid"", ""granularity"": ""cell"", ""source"": ""propagated:RED"", ""policy_id"": ""B0_select_columns_policy"", ""generated_by"": ""run_fc7d525c22::001::B0_select_columns"", ""note"": ""RED propagation for retained attribute two_year_recid"", ""C_explicit"": [""criminal_justice_sensitive"", ""behavioural_sensitive""], ""C"": [""criminal_justice_sensitive"", ""behavioural_sensitive"", ""sensitive_personal_data""], ""U"": [""criminal_justice_research"", ""research""], ""R"": [""delete_on_request"", ""retention_5y""], ""A"": [""AU"", ""DPO"", ""DS""]}"
"PrivacyAnnotation|PA::prop::DataCellArtifact::D1_COMPASSelected::record::3::cell::c_jail_in::00096","PrivacyAnnotation","PA::prop::DataCellArtifact::D1_COMPASSelected::record::3::cell::c_jail_in::00096","{""key"": ""PA::prop::DataCellArtifact::D1_COMPASSelected::record::3::cell::c_jail_in::00096"", ""annotationId"": ""PA::prop::DataCellArtifact::D1_COMPASSelected::record::3::cell::c_jail_in::00096"", ""target_label"": ""DataCellArtifact"", ""target_key"": ""D1_COMPASSelected::record::3::cell::c_jail_in"", ""granularity"": ""cell"", ""source"": ""propagated:RED"", ""policy_id"": ""B0_select_columns_policy"", ""generated_by"": ""run_fc7d525c22::001::B0_select_columns"", ""note"": ""RED propagation for retained attribute c_jail_in"", ""C_explicit"": [""criminal_justice_sensitive"", ""temporal_quasi_identifier""], ""C"": [""criminal_justice_sensitive"", ""temporal_quasi_identifier"", ""sensitive_personal_data""], ""U"": [""criminal_justice_research"", ""research""], ""R"": [""delete_on_request"", ""retention_5y""], ""A"": [""AU"", ""DPO"", ""DS""]}"
"PrivacyAnnotation|PA::prop::DataCellArtifact::D1_COMPASSelected::record::3::cell::c_jail_out::00097","PrivacyAnnotation","PA::prop::DataCellArtifact::D1_COMPASSelected::record::3::cell::c_jail_out::00097","{""key"": ""PA::prop::DataCellArtifact::D1_COMPASSelected::record::3::cell::c_jail_out::00097"", ""annotationId"": ""PA::prop::DataCellArtifact::D1_COMPASSelected::record::3::cell::c_jail_out::00097"", ""target_label"": ""DataCellArtifact"", ""target_key"": ""D1_COMPASSelected::record::3::cell::c_jail_out"", ""granularity"": ""cell"", ""source"": ""propagated:RED"", ""policy_id"": ""B0_select_columns_policy"", ""generated_by"": ""run_fc7d525c22::001::B0_select_columns"", ""note"": ""RED propagation for retained attribute c_jail_out"", ""C_explicit"": [""criminal_justice_sensitive"", ""temporal_quasi_identifier""], ""C"": [""criminal_justice_sensitive"", ""temporal_quasi_identifier"", ""sensitive_personal_data""], ""U"": [""criminal_justice_research"", ""research""], ""R"": [""delete_on_request"", ""retention_5y""], ""A"": [""AU"", ""DPO"", ""DS""]}"
"PrivacyAnnotation|PA::prop::DataCellArtifact::D1_COMPASSelected::record::4::cell::age::00098","PrivacyAnnotation","PA::prop::DataCellArtifact::D1_COMPASSelected::record::4::cell::age::00098","{""key"": ""PA::prop::DataCellArtifact::D1_COMPASSelected::record::4::cell::age::00098"", ""annotationId"": ""PA::prop::DataCellArtifact::D1_COMPASSelected::record::4::cell::age::00098"", ""target_label"": ""DataCellArtifact"", ""target_key"": ""D1_COMPASSelected::record::4::cell::age"", ""granularity"": ""cell"", ""source"": ""propagated:RED"", ""policy_id"": ""B0_select_columns_policy"", ""generated_by"": ""run_fc7d525c22::001::B0_select_columns"", ""note"": ""RED propagation for retained attribute age"", ""C_explicit"": [""quasi_identifier""], ""C"": [""quasi_identifier"", ""personal_data""], ""U"": [""criminal_justice_research"", ""research""], ""R"": [""delete_on_request"", ""retention_5y""], ""A"": [""AU"", ""DPO"", ""DS""]}"
"PrivacyAnnotation|PA::prop::DataCellArtifact::D1_COMPASSelected::record::4::cell::c_charge_degree::00099","PrivacyAnnotation","PA::prop::DataCellArtifact::D1_COMPASSelected::record::4::cell::c_charge_degree::00099","{""key"": ""PA::prop::DataCellArtifact::D1_COMPASSelected::record::4::cell::c_charge_degree::00099"", ""annotationId"": ""PA::prop::DataCellArtifact::D1_COMPASSelected::record::4::cell::c_charge_degree::00099"", ""target_label"": ""DataCellArtifact"", ""target_key"": ""D1_COMPASSelected::record::4::cell::c_charge_degree"", ""granularity"": ""cell"", ""source"": ""propagated:RED"", ""policy_id"": ""B0_select_columns_policy"", ""generated_by"": ""run_fc7d525c22::001::B0_select_columns"", ""note"": ""RED propagation for retained attribute c_charge_degree"", ""C_explicit"": [""criminal_justice_sensitive""], ""C"": [""criminal_justice_sensitive"", ""sensitive_personal_data""], ""U"": [""criminal_justice_research"", ""research""], ""R"": [""delete_on_request"", ""retention_5y""], ""A"": [""AU"", ""DPO"", ""DS""]}"
"PrivacyAnnotation|PA::prop::DataCellArtifact::D1_COMPASSelected::record::4::cell::race::00100","PrivacyAnnotation","PA::prop::DataCellArtifact::D1_COMPASSelected::record::4::cell::race::00100","{""key"": ""PA::prop::DataCellArtifact::D1_COMPASSelected::record::4::cell::race::00100"", ""annotationId"": ""PA::prop::DataCellArtifact::D1_COMPASSelected::record::4::cell::race::00100"", ""target_label"": ""DataCellArtifact"", ""target_key"": ""D1_COMPASSelected::record::4::cell::race"", ""granularity"": ""cell"", ""source"": ""propagated:RED"", ""policy_id"": ""B0_select_columns_policy"", ""generated_by"": ""run_fc7d525c22::001::B0_select_columns"", ""note"": ""RED propagation for retained attribute race"", ""C_explicit"": [""race_ethnicity"", ""protected_attribute""], ""C"": [""race_ethnicity"", ""protected_attribute"", ""sensitive_personal_data""], ""U"": [""criminal_justice_research"", ""research""], ""R"": [""delete_on_request"", ""retention_5y""], ""A"": [""AU"", ""DPO"", ""DS""]}"
"PrivacyAnnotation|PA::prop::DataCellArtifact::D1_COMPASSelected::record::4::cell::sex::00101","PrivacyAnnotation","PA::prop::DataCellArtifact::D1_COMPASSelected::record::4::cell::sex::00101","{""key"": ""PA::prop::DataCellArtifact::D1_COMPASSelected::record::4::cell::sex::00101"", ""annotationId"": ""PA::prop::DataCellArtifact::D1_COMPASSelected::record::4::cell::sex::00101"", ""target_label"": ""DataCellArtifact"", ""target_key"": ""D1_COMPASSelected::record::4::cell::sex"", ""granularity"": ""cell"", ""source"": ""propagated:RED"", ""policy_id"": ""B0_select_columns_policy"", ""generated_by"": ""run_fc7d525c22::001::B0_select_columns"", ""note"": ""RED propagation for retained attribute sex"", ""C_explicit"": [""gender"", ""protected_attribute""], ""C"": [""gender"", ""protected_attribute"", ""sensitive_personal_data""], ""U"": [""criminal_justice_research"", ""research""], ""R"": [""delete_on_request"", ""retention_5y""], ""A"": [""AU"", ""DPO"", ""DS""]}"
"PrivacyAnnotation|PA::prop::DataCellArtifact::D1_COMPASSelected::record::4::cell::priors_count::00102","PrivacyAnnotation","PA::prop::DataCellArtifact::D1_COMPASSelected::record::4::cell::priors_count::00102","{""key"": ""PA::prop::DataCellArtifact::D1_COMPASSelected::record::4::cell::priors_count::00102"", ""annotationId"": ""PA::prop::DataCellArtifact::D1_COMPASSelected::record::4::cell::priors_count::00102"", ""target_label"": ""DataCellArtifact"", ""target_key"": ""D1_COMPASSelected::record::4::cell::priors_count"", ""granularity"": ""cell"", ""source"": ""propagated:RED"", ""policy_id"": ""B0_select_columns_policy"", ""generated_by"": ""run_fc7d525c22::001::B0_select_columns"", ""note"": ""RED propagation for retained attribute priors_count"", ""C_explicit"": [""criminal_justice_sensitive""], ""C"": [""criminal_justice_sensitive"", ""sensitive_personal_data""], ""U"": [""criminal_justice_research"", ""research""], ""R"": [""delete_on_request"", ""retention_5y""], ""A"": [""AU"", ""DPO"", ""DS""]}"
"PrivacyAnnotation|PA::prop::DataCellArtifact::D1_COMPASSelected::record::4::cell::days_b_screening_arrest::00103","PrivacyAnnotation","PA::prop::DataCellArtifact::D1_COMPASSelected::record::4::cell::days_b_screening_arrest::00103","{""key"": ""PA::prop::DataCellArtifact::D1_COMPASSelected::record::4::cell::days_b_screening_arrest::00103"", ""annotationId"": ""PA::prop::DataCellArtifact::D1_COMPASSelected::record::4::cell::days_b_screening_arrest::00103"", ""target_label"": ""DataCellArtifact"", ""target_key"": ""D1_COMPASSelected::record::4::cell::days_b_screening_arrest"", ""granularity"": ""cell"", ""source"": ""propagated:RED"", ""policy_id"": ""B0_select_columns_policy"", ""generated_by"": ""run_fc7d525c22::001::B0_select_columns"", ""note"": ""RED propagation for retained attribute days_b_screening_arrest"", ""C_explicit"": [""criminal_justice_sensitive"", ""temporal_quasi_identifier""], ""C"": [""criminal_justice_sensitive"", ""temporal_quasi_identifier"", ""sensitive_personal_data""], ""U"": [""criminal_justice_research"", ""research""], ""R"": [""delete_on_request"", ""retention_5y""], ""A"": [""AU"", ""DPO"", ""DS""]}"
"PrivacyAnnotation|PA::prop::DataCellArtifact::D1_COMPASSelected::record::4::cell::two_year_recid::00104","PrivacyAnnotation","PA::prop::DataCellArtifact::D1_COMPASSelected::record::4::cell::two_year_recid::00104","{""key"": ""PA::prop::DataCellArtifact::D1_COMPASSelected::record::4::cell::two_year_recid::00104"", ""annotationId"": ""PA::prop::DataCellArtifact::D1_COMPASSelected::record::4::cell::two_year_recid::00104"", ""target_label"": ""DataCellArtifact"", ""target_key"": ""D1_COMPASSelected::record::4::cell::two_year_recid"", ""granularity"": ""cell"", ""source"": ""propagated:RED"", ""policy_id"": ""B0_select_columns_policy"", ""generated_by"": ""run_fc7d525c22::001::B0_select_columns"", ""note"": ""RED propagation for retained attribute two_year_recid"", ""C_explicit"": [""criminal_justice_sensitive"", ""behavioural_sensitive""], ""C"": [""criminal_justice_sensitive"", ""behavioural_sensitive"", ""sensitive_personal_data""], ""U"": [""criminal_justice_research"", ""research""], ""R"": [""delete_on_request"", ""retention_5y""], ""A"": [""AU"", ""DPO"", ""DS""]}"
"PrivacyAnnotation|PA::prop::DataCellArtifact::D1_COMPASSelected::record::4::cell::c_jail_in::00105","PrivacyAnnotation","PA::prop::DataCellArtifact::D1_COMPASSelected::record::4::cell::c_jail_in::00105","{""key"": ""PA::prop::DataCellArtifact::D1_COMPASSelected::record::4::cell::c_jail_in::00105"", ""annotationId"": ""PA::prop::DataCellArtifact::D1_COMPASSelected::record::4::cell::c_jail_in::00105"", ""target_label"": ""DataCellArtifact"", ""target_key"": ""D1_COMPASSelected::record::4::cell::c_jail_in"", ""granularity"": ""cell"", ""source"": ""propagated:RED"", ""policy_id"": ""B0_select_columns_policy"", ""generated_by"": ""run_fc7d525c22::001::B0_select_columns"", ""note"": ""RED propagation for retained attribute c_jail_in"", ""C_explicit"": [""criminal_justice_sensitive"", ""temporal_quasi_identifier""], ""C"": [""criminal_justice_sensitive"", ""temporal_quasi_identifier"", ""sensitive_personal_data""], ""U"": [""criminal_justice_research"", ""research""], ""R"": [""delete_on_request"", ""retention_5y""], ""A"": [""AU"", ""DPO"", ""DS""]}"
"PrivacyAnnotation|PA::prop::DataCellArtifact::D1_COMPASSelected::record::4::cell::c_jail_out::00106","PrivacyAnnotation","PA::prop::DataCellArtifact::D1_COMPASSelected::record::4::cell::c_jail_out::00106","{""key"": ""PA::prop::DataCellArtifact::D1_COMPASSelected::record::4::cell::c_jail_out::00106"", ""annotationId"": ""PA::prop::DataCellArtifact::D1_COMPASSelected::record::4::cell::c_jail_out::00106"", ""target_label"": ""DataCellArtifact"", ""target_key"": ""D1_COMPASSelected::record::4::cell::c_jail_out"", ""granularity"": ""cell"", ""source"": ""propagated:RED"", ""policy_id"": ""B0_select_columns_policy"", ""generated_by"": ""run_fc7d525c22::001::B0_select_columns"", ""note"": ""RED propagation for retained attribute c_jail_out"", ""C_explicit"": [""criminal_justice_sensitive"", ""temporal_quasi_identifier""], ""C"": [""criminal_justice_sensitive"", ""temporal_quasi_identifier"", ""sensitive_personal_data""], ""U"": [""criminal_justice_research"", ""research""], ""R"": [""delete_on_request"", ""retention_5y""], ""A"": [""AU"", ""DPO"", ""DS""]}"
"PrivacyAnnotation|PA::prop::DataCellArtifact::D1_COMPASSelected::record::5::cell::age::00107","PrivacyAnnotation","PA::prop::DataCellArtifact::D1_COMPASSelected::record::5::cell::age::00107","{""key"": ""PA::prop::DataCellArtifact::D1_COMPASSelected::record::5::cell::age::00107"", ""annotationId"": ""PA::prop::DataCellArtifact::D1_COMPASSelected::record::5::cell::age::00107"", ""target_label"": ""DataCellArtifact"", ""target_key"": ""D1_COMPASSelected::record::5::cell::age"", ""granularity"": ""cell"", ""source"": ""propagated:RED"", ""policy_id"": ""B0_select_columns_policy"", ""generated_by"": ""run_fc7d525c22::001::B0_select_columns"", ""note"": ""RED propagation for retained attribute age"", ""C_explicit"": [""quasi_identifier""], ""C"": [""quasi_identifier"", ""personal_data""], ""U"": [""criminal_justice_research"", ""research""], ""R"": [""delete_on_request"", ""retention_5y""], ""A"": [""AU"", ""DPO"", ""DS""]}"
"PrivacyAnnotation|PA::prop::DataCellArtifact::D1_COMPASSelected::record::5::cell::c_charge_degree::00108","PrivacyAnnotation","PA::prop::DataCellArtifact::D1_COMPASSelected::record::5::cell::c_charge_degree::00108","{""key"": ""PA::prop::DataCellArtifact::D1_COMPASSelected::record::5::cell::c_charge_degree::00108"", ""annotationId"": ""PA::prop::DataCellArtifact::D1_COMPASSelected::record::5::cell::c_charge_degree::00108"", ""target_label"": ""DataCellArtifact"", ""target_key"": ""D1_COMPASSelected::record::5::cell::c_charge_degree"", ""granularity"": ""cell"", ""source"": ""propagated:RED"", ""policy_id"": ""B0_select_columns_policy"", ""generated_by"": ""run_fc7d525c22::001::B0_select_columns"", ""note"": ""RED propagation for retained attribute c_charge_degree"", ""C_explicit"": [""criminal_justice_sensitive""], ""C"": [""criminal_justice_sensitive"", ""sensitive_personal_data""], ""U"": [""criminal_justice_research"", ""research""], ""R"": [""delete_on_request"", ""retention_5y""], ""A"": [""AU"", ""DPO"", ""DS""]}"
"PrivacyAnnotation|PA::prop::DataCellArtifact::D1_COMPASSelected::record::5::cell::race::00109","PrivacyAnnotation","PA::prop::DataCellArtifact::D1_COMPASSelected::record::5::cell::race::00109","{""key"": ""PA::prop::DataCellArtifact::D1_COMPASSelected::record::5::cell::race::00109"", ""annotationId"": ""PA::prop::DataCellArtifact::D1_COMPASSelected::record::5::cell::race::00109"", ""target_label"": ""DataCellArtifact"", ""target_key"": ""D1_COMPASSelected::record::5::cell::race"", ""granularity"": ""cell"", ""source"": ""propagated:RED"", ""policy_id"": ""B0_select_columns_policy"", ""generated_by"": ""run_fc7d525c22::001::B0_select_columns"", ""note"": ""RED propagation for retained attribute race"", ""C_explicit"": [""race_ethnicity"", ""protected_attribute""], ""C"": [""race_ethnicity"", ""protected_attribute"", ""sensitive_personal_data""], ""U"": [""criminal_justice_research"", ""research""], ""R"": [""delete_on_request"", ""retention_5y""], ""A"": [""AU"", ""DPO"", ""DS""]}"
"PrivacyAnnotation|PA::prop::DataCellArtifact::D1_COMPASSelected::record::5::cell::sex::00110","PrivacyAnnotation","PA::prop::DataCellArtifact::D1_COMPASSelected::record::5::cell::sex::00110","{""key"": ""PA::prop::DataCellArtifact::D1_COMPASSelected::record::5::cell::sex::00110"", ""annotationId"": ""PA::prop::DataCellArtifact::D1_COMPASSelected::record::5::cell::sex::00110"", ""target_label"": ""DataCellArtifact"", ""target_key"": ""D1_COMPASSelected::record::5::cell::sex"", ""granularity"": ""cell"", ""source"": ""propagated:RED"", ""policy_id"": ""B0_select_columns_policy"", ""generated_by"": ""run_fc7d525c22::001::B0_select_columns"", ""note"": ""RED propagation for retained attribute sex"", ""C_explicit"": [""gender"", ""protected_attribute""], ""C"": [""gender"", ""protected_attribute"", ""sensitive_personal_data""], ""U"": [""criminal_justice_research"", ""research""], ""R"": [""delete_on_request"", ""retention_5y""], ""A"": [""AU"", ""DPO"", ""DS""]}"
"PrivacyAnnotation|PA::prop::DataCellArtifact::D1_COMPASSelected::record::5::cell::priors_count::00111","PrivacyAnnotation","PA::prop::DataCellArtifact::D1_COMPASSelected::record::5::cell::priors_count::00111","{""key"": ""PA::prop::DataCellArtifact::D1_COMPASSelected::record::5::cell::priors_count::00111"", ""annotationId"": ""PA::prop::DataCellArtifact::D1_COMPASSelected::record::5::cell::priors_count::00111"", ""target_label"": ""DataCellArtifact"", ""target_key"": ""D1_COMPASSelected::record::5::cell::priors_count"", ""granularity"": ""cell"", ""source"": ""propagated:RED"", ""policy_id"": ""B0_select_columns_policy"", ""generated_by"": ""run_fc7d525c22::001::B0_select_columns"", ""note"": ""RED propagation for retained attribute priors_count"", ""C_explicit"": [""criminal_justice_sensitive""], ""C"": [""criminal_justice_sensitive"", ""sensitive_personal_data""], ""U"": [""criminal_justice_research"", ""research""], ""R"": [""delete_on_request"", ""retention_5y""], ""A"": [""AU"", ""DPO"", ""DS""]}"
"PrivacyAnnotation|PA::prop::DataCellArtifact::D1_COMPASSelected::record::5::cell::days_b_screening_arrest::00112","PrivacyAnnotation","PA::prop::DataCellArtifact::D1_COMPASSelected::record::5::cell::days_b_screening_arrest::00112","{""key"": ""PA::prop::DataCellArtifact::D1_COMPASSelected::record::5::cell::days_b_screening_arrest::00112"", ""annotationId"": ""PA::prop::DataCellArtifact::D1_COMPASSelected::record::5::cell::days_b_screening_arrest::00112"", ""target_label"": ""DataCellArtifact"", ""target_key"": ""D1_COMPASSelected::record::5::cell::days_b_screening_arrest"", ""granularity"": ""cell"", ""source"": ""propagated:RED"", ""policy_id"": ""B0_select_columns_policy"", ""generated_by"": ""run_fc7d525c22::001::B0_select_columns"", ""note"": ""RED propagation for retained attribute days_b_screening_arrest"", ""C_explicit"": [""criminal_justice_sensitive"", ""temporal_quasi_identifier""], ""C"": [""criminal_justice_sensitive"", ""temporal_quasi_identifier"", ""sensitive_personal_data""], ""U"": [""criminal_justice_research"", ""research""], ""R"": [""delete_on_request"", ""retention_5y""], ""A"": [""AU"", ""DPO"", ""DS""]}"
"PrivacyAnnotation|PA::prop::DataCellArtifact::D1_COMPASSelected::record::5::cell::two_year_recid::00113","PrivacyAnnotation","PA::prop::DataCellArtifact::D1_COMPASSelected::record::5::cell::two_year_recid::00113","{""key"": ""PA::prop::DataCellArtifact::D1_COMPASSelected::record::5::cell::two_year_recid::00113"", ""annotationId"": ""PA::prop::DataCellArtifact::D1_COMPASSelected::record::5::cell::two_year_recid::00113"", ""target_label"": ""DataCellArtifact"", ""target_key"": ""D1_COMPASSelected::record::5::cell::two_year_recid"", ""granularity"": ""cell"", ""source"": ""propagated:RED"", ""policy_id"": ""B0_select_columns_policy"", ""generated_by"": ""run_fc7d525c22::001::B0_select_columns"", ""note"": ""RED propagation for retained attribute two_year_recid"", ""C_explicit"": [""criminal_justice_sensitive"", ""behavioural_sensitive""], ""C"": [""criminal_justice_sensitive"", ""behavioural_sensitive"", ""sensitive_personal_data""], ""U"": [""criminal_justice_research"", ""research""], ""R"": [""delete_on_request"", ""retention_5y""], ""A"": [""AU"", ""DPO"", ""DS""]}"
"PrivacyAnnotation|PA::prop::DataCellArtifact::D1_COMPASSelected::record::5::cell::c_jail_in::00114","PrivacyAnnotation","PA::prop::DataCellArtifact::D1_COMPASSelected::record::5::cell::c_jail_in::00114","{""key"": ""PA::prop::DataCellArtifact::D1_COMPASSelected::record::5::cell::c_jail_in::00114"", ""annotationId"": ""PA::prop::DataCellArtifact::D1_COMPASSelected::record::5::cell::c_jail_in::00114"", ""target_label"": ""DataCellArtifact"", ""target_key"": ""D1_COMPASSelected::record::5::cell::c_jail_in"", ""granularity"": ""cell"", ""source"": ""propagated:RED"", ""policy_id"": ""B0_select_columns_policy"", ""generated_by"": ""run_fc7d525c22::001::B0_select_columns"", ""note"": ""RED propagation for retained attribute c_jail_in"", ""C_explicit"": [""criminal_justice_sensitive"", ""temporal_quasi_identifier""], ""C"": [""criminal_justice_sensitive"", ""temporal_quasi_identifier"", ""sensitive_personal_data""], ""U"": [""criminal_justice_research"", ""research""], ""R"": [""delete_on_request"", ""retention_5y""], ""A"": [""AU"", ""DPO"", ""DS""]}"
"PrivacyAnnotation|PA::prop::DataCellArtifact::D1_COMPASSelected::record::5::cell::c_jail_out::00115","PrivacyAnnotation","PA::prop::DataCellArtifact::D1_COMPASSelected::record::5::cell::c_jail_out::00115","{""key"": ""PA::prop::DataCellArtifact::D1_COMPASSelected::record::5::cell::c_jail_out::00115"", ""annotationId"": ""PA::prop::DataCellArtifact::D1_COMPASSelected::record::5::cell::c_jail_out::00115"", ""target_label"": ""DataCellArtifact"", ""target_key"": ""D1_COMPASSelected::record::5::cell::c_jail_out"", ""granularity"": ""cell"", ""source"": ""propagated:RED"", ""policy_id"": ""B0_select_columns_policy"", ""generated_by"": ""run_fc7d525c22::001::B0_select_columns"", ""note"": ""RED propagation for retained attribute c_jail_out"", ""C_explicit"": [""criminal_justice_sensitive"", ""temporal_quasi_identifier""], ""C"": [""criminal_justice_sensitive"", ""temporal_quasi_identifier"", ""sensitive_personal_data""], ""U"": [""criminal_justice_research"", ""research""], ""R"": [""delete_on_request"", ""retention_5y""], ""A"": [""AU"", ""DPO"", ""DS""]}"
"PrivacyAnnotation|PA::prop::DataRecordArtifact::D1_COMPASSelected::record::0::00116","PrivacyAnnotation","PA::prop::DataRecordArtifact::D1_COMPASSelected::record::0::00116","{""key"": ""PA::prop::DataRecordArtifact::D1_COMPASSelected::record::0::00116"", ""annotationId"": ""PA::prop::DataRecordArtifact::D1_COMPASSelected::record::0::00116"", ""target_label"": ""DataRecordArtifact"", ""target_key"": ""D1_COMPASSelected::record::0"", ""granularity"": ""record"", ""source"": ""propagated:RED"", ""policy_id"": ""B0_select_columns_policy"", ""generated_by"": ""run_fc7d525c22::001::B0_select_columns"", ""note"": ""Record-level annotation summarised from cells of D1_COMPASSelected."", ""C_explicit"": [""quasi_identifier"", ""criminal_justice_sensitive"", ""race_ethnicity"", ""protected_attribute"", ""gender"", ""temporal_quasi_identifier"", ""behavioural_sensitive""], ""C"": [""quasi_identifier"", ""criminal_justice_sensitive"", ""race_ethnicity"", ""protected_attribute"", ""gender"", ""temporal_quasi_identifier"", ""behavioural_sensitive"", ""personal_data"", ""sensitive_personal_data""], ""U"": [""criminal_justice_research"", ""research""], ""R"": [""delete_on_request"", ""retention_5y""], ""A"": [""AU"", ""DPO"", ""DS""]}"
"PrivacyAnnotation|PA::prop::DataRecordArtifact::D1_COMPASSelected::record::1::00117","PrivacyAnnotation","PA::prop::DataRecordArtifact::D1_COMPASSelected::record::1::00117","{""key"": ""PA::prop::DataRecordArtifact::D1_COMPASSelected::record::1::00117"", ""annotationId"": ""PA::prop::DataRecordArtifact::D1_COMPASSelected::record::1::00117"", ""target_label"": ""DataRecordArtifact"", ""target_key"": ""D1_COMPASSelected::record::1"", ""granularity"": ""record"", ""source"": ""propagated:RED"", ""policy_id"": ""B0_select_columns_policy"", ""generated_by"": ""run_fc7d525c22::001::B0_select_columns"", ""note"": ""Record-level annotation summarised from cells of D1_COMPASSelected."", ""C_explicit"": [""quasi_identifier"", ""criminal_justice_sensitive"", ""race_ethnicity"", ""protected_attribute"", ""gender"", ""temporal_quasi_identifier"", ""behavioural_sensitive""], ""C"": [""quasi_identifier"", ""criminal_justice_sensitive"", ""race_ethnicity"", ""protected_attribute"", ""gender"", ""temporal_quasi_identifier"", ""behavioural_sensitive"", ""personal_data"", ""sensitive_personal_data""], ""U"": [""criminal_justice_research"", ""research""], ""R"": [""delete_on_request"", ""retention_5y""], ""A"": [""AU"", ""DPO"", ""DS""]}"
"PrivacyAnnotation|PA::prop::DataRecordArtifact::D1_COMPASSelected::record::2::00118","PrivacyAnnotation","PA::prop::DataRecordArtifact::D1_COMPASSelected::record::2::00118","{""key"": ""PA::prop::DataRecordArtifact::D1_COMPASSelected::record::2::00118"", ""annotationId"": ""PA::prop::DataRecordArtifact::D1_COMPASSelected::record::2::00118"", ""target_label"": ""DataRecordArtifact"", ""target_key"": ""D1_COMPASSelected::record::2"", ""granularity"": ""record"", ""source"": ""propagated:RED"", ""policy_id"": ""B0_select_columns_policy"", ""generated_by"": ""run_fc7d525c22::001::B0_select_columns"", ""note"": ""Record-level annotation summarised from cells of D1_COMPASSelected."", ""C_explicit"": [""quasi_identifier"", ""criminal_justice_sensitive"", ""race_ethnicity"", ""protected_attribute"", ""gender"", ""temporal_quasi_identifier"", ""behavioural_sensitive""], ""C"": [""quasi_identifier"", ""criminal_justice_sensitive"", ""race_ethnicity"", ""protected_attribute"", ""gender"", ""temporal_quasi_identifier"", ""behavioural_sensitive"", ""personal_data"", ""sensitive_personal_data""], ""U"": [""criminal_justice_research"", ""research""], ""R"": [""delete_on_request"", ""retention_5y""], ""A"": [""AU"", ""DPO"", ""DS""]}"
"PrivacyAnnotation|PA::prop::DataRecordArtifact::D1_COMPASSelected::record::3::00119","PrivacyAnnotation","PA::prop::DataRecordArtifact::D1_COMPASSelected::record::3::00119","{""key"": ""PA::prop::DataRecordArtifact::D1_COMPASSelected::record::3::00119"", ""annotationId"": ""PA::prop::DataRecordArtifact::D1_COMPASSelected::record::3::00119"", ""target_label"": ""DataRecordArtifact"", ""target_key"": ""D1_COMPASSelected::record::3"", ""granularity"": ""record"", ""source"": ""propagated:RED"", ""policy_id"": ""B0_select_columns_policy"", ""generated_by"": ""run_fc7d525c22::001::B0_select_columns"", ""note"": ""Record-level annotation summarised from cells of D1_COMPASSelected."", ""C_explicit"": [""quasi_identifier"", ""criminal_justice_sensitive"", ""race_ethnicity"", ""protected_attribute"", ""gender"", ""temporal_quasi_identifier"", ""behavioural_sensitive""], ""C"": [""quasi_identifier"", ""criminal_justice_sensitive"", ""race_ethnicity"", ""protected_attribute"", ""gender"", ""temporal_quasi_identifier"", ""behavioural_sensitive"", ""personal_data"", ""sensitive_personal_data""], ""U"": [""criminal_justice_research"", ""research""], ""R"": [""delete_on_request"", ""retention_5y""], ""A"": [""AU"", ""DPO"", ""DS""]}"
"PrivacyAnnotation|PA::prop::DataRecordArtifact::D1_COMPASSelected::record::4::00120","PrivacyAnnotation","PA::prop::DataRecordArtifact::D1_COMPASSelected::record::4::00120","{""key"": ""PA::prop::DataRecordArtifact::D1_COMPASSelected::record::4::00120"", ""annotationId"": ""PA::prop::DataRecordArtifact::D1_COMPASSelected::record::4::00120"", ""target_label"": ""DataRecordArtifact"", ""target_key"": ""D1_COMPASSelected::record::4"", ""granularity"": ""record"", ""source"": ""propagated:RED"", ""policy_id"": ""B0_select_columns_policy"", ""generated_by"": ""run_fc7d525c22::001::B0_select_columns"", ""note"": ""Record-level annotation summarised from cells of D1_COMPASSelected."", ""C_explicit"": [""quasi_identifier"", ""criminal_justice_sensitive"", ""race_ethnicity"", ""protected_attribute"", ""gender"", ""temporal_quasi_identifier"", ""behavioural_sensitive""], ""C"": [""quasi_identifier"", ""criminal_justice_sensitive"", ""race_ethnicity"", ""protected_attribute"", ""gender"", ""temporal_quasi_identifier"", ""behavioural_sensitive"", ""personal_data"", ""sensitive_personal_data""], ""U"": [""criminal_justice_research"", ""research""], ""R"": [""delete_on_request"", ""retention_5y""], ""A"": [""AU"", ""DPO"", ""DS""]}"
"PrivacyAnnotation|PA::prop::DataRecordArtifact::D1_COMPASSelected::record::5::00121","PrivacyAnnotation","PA::prop::DataRecordArtifact::D1_COMPASSelected::record::5::00121","{""key"": ""PA::prop::DataRecordArtifact::D1_COMPASSelected::record::5::00121"", ""annotationId"": ""PA::prop::DataRecordArtifact::D1_COMPASSelected::record::5::00121"", ""target_label"": ""DataRecordArtifact"", ""target_key"": ""D1_COMPASSelected::record::5"", ""granularity"": ""record"", ""source"": ""propagated:RED"", ""policy_id"": ""B0_select_columns_policy"", ""generated_by"": ""run_fc7d525c22::001::B0_select_columns"", ""note"": ""Record-level annotation summarised from cells of D1_COMPASSelected."", ""C_explicit"": [""quasi_identifier"", ""criminal_justice_sensitive"", ""race_ethnicity"", ""protected_attribute"", ""gender"", ""temporal_quasi_identifier"", ""behavioural_sensitive""], ""C"": [""quasi_identifier"", ""criminal_justice_sensitive"", ""race_ethnicity"", ""protected_attribute"", ""gender"", ""temporal_quasi_identifier"", ""behavioural_sensitive"", ""personal_data"", ""sensitive_personal_data""], ""U"": [""criminal_justice_research"", ""research""], ""R"": [""delete_on_request"", ""retention_5y""], ""A"": [""AU"", ""DPO"", ""DS""]}"
"PrivacyAnnotation|PA::prop::DatasetArtifact::D1_COMPASSelected::00122","PrivacyAnnotation","PA::prop::DatasetArtifact::D1_COMPASSelected::00122","{""key"": ""PA::prop::DatasetArtifact::D1_COMPASSelected::00122"", ""annotationId"": ""PA::prop::DatasetArtifact::D1_COMPASSelected::00122"", ""target_label"": ""DatasetArtifact"", ""target_key"": ""D1_COMPASSelected"", ""granularity"": ""dataset"", ""source"": ""propagated:RED"", ""policy_id"": ""B0_select_columns_policy"", ""generated_by"": ""run_fc7d525c22::001::B0_select_columns"", ""note"": ""RED dataset-level propagation from retained contributors."", ""C_explicit"": [""quasi_identifier"", ""criminal_justice_sensitive"", ""race_ethnicity"", ""protected_attribute"", ""gender"", ""temporal_quasi_identifier"", ""behavioural_sensitive""], ""C"": [""quasi_identifier"", ""criminal_justice_sensitive"", ""race_ethnicity"", ""protected_attribute"", ""gender"", ""temporal_quasi_identifier"", ""behavioural_sensitive"", ""personal_data"", ""sensitive_personal_data""], ""U"": [""criminal_justice_research"", ""research""], ""R"": [""delete_on_request"", ""retention_5y""], ""A"": [""AU"", ""DPO"", ""DS""]}"
"PrivacyAnnotation|PA::prop::DataCellArtifact::D2_COMPASNoMissing::record::0::cell::age::00123","PrivacyAnnotation","PA::prop::DataCellArtifact::D2_COMPASNoMissing::record::0::cell::age::00123","{""key"": ""PA::prop::DataCellArtifact::D2_COMPASNoMissing::record::0::cell::age::00123"", ""annotationId"": ""PA::prop::DataCellArtifact::D2_COMPASNoMissing::record::0::cell::age::00123"", ""target_label"": ""DataCellArtifact"", ""target_key"": ""D2_COMPASNoMissing::record::0::cell::age"", ""granularity"": ""cell"", ""source"": ""propagated:RED"", ""policy_id"": ""B1_drop_missing_policy"", ""generated_by"": ""run_fc7d525c22::002::B1_drop_missing"", ""note"": ""RED propagation for retained attribute age"", ""C_explicit"": [""quasi_identifier""], ""C"": [""quasi_identifier"", ""personal_data""], ""U"": [""criminal_justice_research"", ""research""], ""R"": [""delete_on_request"", ""retention_5y""], ""A"": [""AU"", ""DPO"", ""DS""]}"
"PrivacyAnnotation|PA::prop::DataCellArtifact::D2_COMPASNoMissing::record::0::cell::c_charge_degree::00124","PrivacyAnnotation","PA::prop::DataCellArtifact::D2_COMPASNoMissing::record::0::cell::c_charge_degree::00124","{""key"": ""PA::prop::DataCellArtifact::D2_COMPASNoMissing::record::0::cell::c_charge_degree::00124"", ""annotationId"": ""PA::prop::DataCellArtifact::D2_COMPASNoMissing::record::0::cell::c_charge_degree::00124"", ""target_label"": ""DataCellArtifact"", ""target_key"": ""D2_COMPASNoMissing::record::0::cell::c_charge_degree"", ""granularity"": ""cell"", ""source"": ""propagated:RED"", ""policy_id"": ""B1_drop_missing_policy"", ""generated_by"": ""run_fc7d525c22::002::B1_drop_missing"", ""note"": ""RED propagation for retained attribute c_charge_degree"", ""C_explicit"": [""criminal_justice_sensitive""], ""C"": [""criminal_justice_sensitive"", ""sensitive_personal_data""], ""U"": [""criminal_justice_research"", ""research""], ""R"": [""delete_on_request"", ""retention_5y""], ""A"": [""AU"", ""DPO"", ""DS""]}"
"PrivacyAnnotation|PA::prop::DataCellArtifact::D2_COMPASNoMissing::record::0::cell::race::00125","PrivacyAnnotation","PA::prop::DataCellArtifact::D2_COMPASNoMissing::record::0::cell::race::00125","{""key"": ""PA::prop::DataCellArtifact::D2_COMPASNoMissing::record::0::cell::race::00125"", ""annotationId"": ""PA::prop::DataCellArtifact::D2_COMPASNoMissing::record::0::cell::race::00125"", ""target_label"": ""DataCellArtifact"", ""target_key"": ""D2_COMPASNoMissing::record::0::cell::race"", ""granularity"": ""cell"", ""source"": ""propagated:RED"", ""policy_id"": ""B1_drop_missing_policy"", ""generated_by"": ""run_fc7d525c22::002::B1_drop_missing"", ""note"": ""RED propagation for retained attribute race"", ""C_explicit"": [""race_ethnicity"", ""protected_attribute""], ""C"": [""race_ethnicity"", ""protected_attribute"", ""sensitive_personal_data""], ""U"": [""criminal_justice_research"", ""research""], ""R"": [""delete_on_request"", ""retention_5y""], ""A"": [""AU"", ""DPO"", ""DS""]}"
"PrivacyAnnotation|PA::prop::DataCellArtifact::D2_COMPASNoMissing::record::0::cell::sex::00126","PrivacyAnnotation","PA::prop::DataCellArtifact::D2_COMPASNoMissing::record::0::cell::sex::00126","{""key"": ""PA::prop::DataCellArtifact::D2_COMPASNoMissing::record::0::cell::sex::00126"", ""annotationId"": ""PA::prop::DataCellArtifact::D2_COMPASNoMissing::record::0::cell::sex::00126"", ""target_label"": ""DataCellArtifact"", ""target_key"": ""D2_COMPASNoMissing::record::0::cell::sex"", ""granularity"": ""cell"", ""source"": ""propagated:RED"", ""policy_id"": ""B1_drop_missing_policy"", ""generated_by"": ""run_fc7d525c22::002::B1_drop_missing"", ""note"": ""RED propagation for retained attribute sex"", ""C_explicit"": [""gender"", ""protected_attribute""], ""C"": [""gender"", ""protected_attribute"", ""sensitive_personal_data""], ""U"": [""criminal_justice_research"", ""research""], ""R"": [""delete_on_request"", ""retention_5y""], ""A"": [""AU"", ""DPO"", ""DS""]}"
"PrivacyAnnotation|PA::prop::DataCellArtifact::D2_COMPASNoMissing::record::0::cell::priors_count::00127","PrivacyAnnotation","PA::prop::DataCellArtifact::D2_COMPASNoMissing::record::0::cell::priors_count::00127","{""key"": ""PA::prop::DataCellArtifact::D2_COMPASNoMissing::record::0::cell::priors_count::00127"", ""annotationId"": ""PA::prop::DataCellArtifact::D2_COMPASNoMissing::record::0::cell::priors_count::00127"", ""target_label"": ""DataCellArtifact"", ""target_key"": ""D2_COMPASNoMissing::record::0::cell::priors_count"", ""granularity"": ""cell"", ""source"": ""propagated:RED"", ""policy_id"": ""B1_drop_missing_policy"", ""generated_by"": ""run_fc7d525c22::002::B1_drop_missing"", ""note"": ""RED propagation for retained attribute priors_count"", ""C_explicit"": [""criminal_justice_sensitive""], ""C"": [""criminal_justice_sensitive"", ""sensitive_personal_data""], ""U"": [""criminal_justice_research"", ""research""], ""R"": [""delete_on_request"", ""retention_5y""], ""A"": [""AU"", ""DPO"", ""DS""]}"
"PrivacyAnnotation|PA::prop::DataCellArtifact::D2_COMPASNoMissing::record::0::cell::days_b_screening_arrest::00128","PrivacyAnnotation","PA::prop::DataCellArtifact::D2_COMPASNoMissing::record::0::cell::days_b_screening_arrest::00128","{""key"": ""PA::prop::DataCellArtifact::D2_COMPASNoMissing::record::0::cell::days_b_screening_arrest::00128"", ""annotationId"": ""PA::prop::DataCellArtifact::D2_COMPASNoMissing::record::0::cell::days_b_screening_arrest::00128"", ""target_label"": ""DataCellArtifact"", ""target_key"": ""D2_COMPASNoMissing::record::0::cell::days_b_screening_arrest"", ""granularity"": ""cell"", ""source"": ""propagated:RED"", ""policy_id"": ""B1_drop_missing_policy"", ""generated_by"": ""run_fc7d525c22::002::B1_drop_missing"", ""note"": ""RED propagation for retained attribute days_b_screening_arrest"", ""C_explicit"": [""criminal_justice_sensitive"", ""temporal_quasi_identifier""], ""C"": [""criminal_justice_sensitive"", ""temporal_quasi_identifier"", ""sensitive_personal_data""], ""U"": [""criminal_justice_research"", ""research""], ""R"": [""delete_on_request"", ""retention_5y""], ""A"": [""AU"", ""DPO"", ""DS""]}"
"PrivacyAnnotation|PA::prop::DataCellArtifact::D2_COMPASNoMissing::record::0::cell::two_year_recid::00129","PrivacyAnnotation","PA::prop::DataCellArtifact::D2_COMPASNoMissing::record::0::cell::two_year_recid::00129","{""key"": ""PA::prop::DataCellArtifact::D2_COMPASNoMissing::record::0::cell::two_year_recid::00129"", ""annotationId"": ""PA::prop::DataCellArtifact::D2_COMPASNoMissing::record::0::cell::two_year_recid::00129"", ""target_label"": ""DataCellArtifact"", ""target_key"": ""D2_COMPASNoMissing::record::0::cell::two_year_recid"", ""granularity"": ""cell"", ""source"": ""propagated:RED"", ""policy_id"": ""B1_drop_missing_policy"", ""generated_by"": ""run_fc7d525c22::002::B1_drop_missing"", ""note"": ""RED propagation for retained attribute two_year_recid"", ""C_explicit"": [""criminal_justice_sensitive"", ""behavioural_sensitive""], ""C"": [""criminal_justice_sensitive"", ""behavioural_sensitive"", ""sensitive_personal_data""], ""U"": [""criminal_justice_research"", ""research""], ""R"": [""delete_on_request"", ""retention_5y""], ""A"": [""AU"", ""DPO"", ""DS""]}"
"PrivacyAnnotation|PA::prop::DataCellArtifact::D2_COMPASNoMissing::record::0::cell::c_jail_in::00130","PrivacyAnnotation","PA::prop::DataCellArtifact::D2_COMPASNoMissing::record::0::cell::c_jail_in::00130","{""key"": ""PA::prop::DataCellArtifact::D2_COMPASNoMissing::record::0::cell::c_jail_in::00130"", ""annotationId"": ""PA::prop::DataCellArtifact::D2_COMPASNoMissing::record::0::cell::c_jail_in::00130"", ""target_label"": ""DataCellArtifact"", ""target_key"": ""D2_COMPASNoMissing::record::0::cell::c_jail_in"", ""granularity"": ""cell"", ""source"": ""propagated:RED"", ""policy_id"": ""B1_drop_missing_policy"", ""generated_by"": ""run_fc7d525c22::002::B1_drop_missing"", ""note"": ""RED propagation for retained attribute c_jail_in"", ""C_explicit"": [""criminal_justice_sensitive"", ""temporal_quasi_identifier""], ""C"": [""criminal_justice_sensitive"", ""temporal_quasi_identifier"", ""sensitive_personal_data""], ""U"": [""criminal_justice_research"", ""research""], ""R"": [""delete_on_request"", ""retention_5y""], ""A"": [""AU"", ""DPO"", ""DS""]}"
"PrivacyAnnotation|PA::prop::DataCellArtifact::D2_COMPASNoMissing::record::0::cell::c_jail_out::00131","PrivacyAnnotation","PA::prop::DataCellArtifact::D2_COMPASNoMissing::record::0::cell::c_jail_out::00131","{""key"": ""PA::prop::DataCellArtifact::D2_COMPASNoMissing::record::0::cell::c_jail_out::00131"", ""annotationId"": ""PA::prop::DataCellArtifact::D2_COMPASNoMissing::record::0::cell::c_jail_out::00131"", ""target_label"": ""DataCellArtifact"", ""target_key"": ""D2_COMPASNoMissing::record::0::cell::c_jail_out"", ""granularity"": ""cell"", ""source"": ""propagated:RED"", ""policy_id"": ""B1_drop_missing_policy"", ""generated_by"": ""run_fc7d525c22::002::B1_drop_missing"", ""note"": ""RED propagation for retained attribute c_jail_out"", ""C_explicit"": [""criminal_justice_sensitive"", ""temporal_quasi_identifier""], ""C"": [""criminal_justice_sensitive"", ""temporal_quasi_identifier"", ""sensitive_personal_data""], ""U"": [""criminal_justice_research"", ""research""], ""R"": [""delete_on_request"", ""retention_5y""], ""A"": [""AU"", ""DPO"", ""DS""]}"
"PrivacyAnnotation|PA::prop::DataCellArtifact::D2_COMPASNoMissing::record::1::cell::age::00132","PrivacyAnnotation","PA::prop::DataCellArtifact::D2_COMPASNoMissing::record::1::cell::age::00132","{""key"": ""PA::prop::DataCellArtifact::D2_COMPASNoMissing::record::1::cell::age::00132"", ""annotationId"": ""PA::prop::DataCellArtifact::D2_COMPASNoMissing::record::1::cell::age::00132"", ""target_label"": ""DataCellArtifact"", ""target_key"": ""D2_COMPASNoMissing::record::1::cell::age"", ""granularity"": ""cell"", ""source"": ""propagated:RED"", ""policy_id"": ""B1_drop_missing_policy"", ""generated_by"": ""run_fc7d525c22::002::B1_drop_missing"", ""note"": ""RED propagation for retained attribute age"", ""C_explicit"": [""quasi_identifier""], ""C"": [""quasi_identifier"", ""personal_data""], ""U"": [""criminal_justice_research"", ""research""], ""R"": [""delete_on_request"", ""retention_5y""], ""A"": [""AU"", ""DPO"", ""DS""]}"
"PrivacyAnnotation|PA::prop::DataCellArtifact::D2_COMPASNoMissing::record::1::cell::c_charge_degree::00133","PrivacyAnnotation","PA::prop::DataCellArtifact::D2_COMPASNoMissing::record::1::cell::c_charge_degree::00133","{""key"": ""PA::prop::DataCellArtifact::D2_COMPASNoMissing::record::1::cell::c_charge_degree::00133"", ""annotationId"": ""PA::prop::DataCellArtifact::D2_COMPASNoMissing::record::1::cell::c_charge_degree::00133"", ""target_label"": ""DataCellArtifact"", ""target_key"": ""D2_COMPASNoMissing::record::1::cell::c_charge_degree"", ""granularity"": ""cell"", ""source"": ""propagated:RED"", ""policy_id"": ""B1_drop_missing_policy"", ""generated_by"": ""run_fc7d525c22::002::B1_drop_missing"", ""note"": ""RED propagation for retained attribute c_charge_degree"", ""C_explicit"": [""criminal_justice_sensitive""], ""C"": [""criminal_justice_sensitive"", ""sensitive_personal_data""], ""U"": [""criminal_justice_research"", ""research""], ""R"": [""delete_on_request"", ""retention_5y""], ""A"": [""AU"", ""DPO"", ""DS""]}"
"PrivacyAnnotation|PA::prop::DataCellArtifact::D2_COMPASNoMissing::record::1::cell::race::00134","PrivacyAnnotation","PA::prop::DataCellArtifact::D2_COMPASNoMissing::record::1::cell::race::00134","{""key"": ""PA::prop::DataCellArtifact::D2_COMPASNoMissing::record::1::cell::race::00134"", ""annotationId"": ""PA::prop::DataCellArtifact::D2_COMPASNoMissing::record::1::cell::race::00134"", ""target_label"": ""DataCellArtifact"", ""target_key"": ""D2_COMPASNoMissing::record::1::cell::race"", ""granularity"": ""cell"", ""source"": ""propagated:RED"", ""policy_id"": ""B1_drop_missing_policy"", ""generated_by"": ""run_fc7d525c22::002::B1_drop_missing"", ""note"": ""RED propagation for retained attribute race"", ""C_explicit"": [""race_ethnicity"", ""protected_attribute""], ""C"": [""race_ethnicity"", ""protected_attribute"", ""sensitive_personal_data""], ""U"": [""criminal_justice_research"", ""research""], ""R"": [""delete_on_request"", ""retention_5y""], ""A"": [""AU"", ""DPO"", ""DS""]}"
"PrivacyAnnotation|PA::prop::DataCellArtifact::D2_COMPASNoMissing::record::1::cell::sex::00135","PrivacyAnnotation","PA::prop::DataCellArtifact::D2_COMPASNoMissing::record::1::cell::sex::00135","{""key"": ""PA::prop::DataCellArtifact::D2_COMPASNoMissing::record::1::cell::sex::00135"", ""annotationId"": ""PA::prop::DataCellArtifact::D2_COMPASNoMissing::record::1::cell::sex::00135"", ""target_label"": ""DataCellArtifact"", ""target_key"": ""D2_COMPASNoMissing::record::1::cell::sex"", ""granularity"": ""cell"", ""source"": ""propagated:RED"", ""policy_id"": ""B1_drop_missing_policy"", ""generated_by"": ""run_fc7d525c22::002::B1_drop_missing"", ""note"": ""RED propagation for retained attribute sex"", ""C_explicit"": [""gender"", ""protected_attribute""], ""C"": [""gender"", ""protected_attribute"", ""sensitive_personal_data""], ""U"": [""criminal_justice_research"", ""research""], ""R"": [""delete_on_request"", ""retention_5y""], ""A"": [""AU"", ""DPO"", ""DS""]}"
"PrivacyAnnotation|PA::prop::DataCellArtifact::D2_COMPASNoMissing::record::1::cell::priors_count::00136","PrivacyAnnotation","PA::prop::DataCellArtifact::D2_COMPASNoMissing::record::1::cell::priors_count::00136","{""key"": ""PA::prop::DataCellArtifact::D2_COMPASNoMissing::record::1::cell::priors_count::00136"", ""annotationId"": ""PA::prop::DataCellArtifact::D2_COMPASNoMissing::record::1::cell::priors_count::00136"", ""target_label"": ""DataCellArtifact"", ""target_key"": ""D2_COMPASNoMissing::record::1::cell::priors_count"", ""granularity"": ""cell"", ""source"": ""propagated:RED"", ""policy_id"": ""B1_drop_missing_policy"", ""generated_by"": ""run_fc7d525c22::002::B1_drop_missing"", ""note"": ""RED propagation for retained attribute priors_count"", ""C_explicit"": [""criminal_justice_sensitive""], ""C"": [""criminal_justice_sensitive"", ""sensitive_personal_data""], ""U"": [""criminal_justice_research"", ""research""], ""R"": [""delete_on_request"", ""retention_5y""], ""A"": [""AU"", ""DPO"", ""DS""]}"
"PrivacyAnnotation|PA::prop::DataCellArtifact::D2_COMPASNoMissing::record::1::cell::days_b_screening_arrest::00137","PrivacyAnnotation","PA::prop::DataCellArtifact::D2_COMPASNoMissing::record::1::cell::days_b_screening_arrest::00137","{""key"": ""PA::prop::DataCellArtifact::D2_COMPASNoMissing::record::1::cell::days_b_screening_arrest::00137"", ""annotationId"": ""PA::prop::DataCellArtifact::D2_COMPASNoMissing::record::1::cell::days_b_screening_arrest::00137"", ""target_label"": ""DataCellArtifact"", ""target_key"": ""D2_COMPASNoMissing::record::1::cell::days_b_screening_arrest"", ""granularity"": ""cell"", ""source"": ""propagated:RED"", ""policy_id"": ""B1_drop_missing_policy"", ""generated_by"": ""run_fc7d525c22::002::B1_drop_missing"", ""note"": ""RED propagation for retained attribute days_b_screening_arrest"", ""C_explicit"": [""criminal_justice_sensitive"", ""temporal_quasi_identifier""], ""C"": [""criminal_justice_sensitive"", ""temporal_quasi_identifier"", ""sensitive_personal_data""], ""U"": [""criminal_justice_research"", ""research""], ""R"": [""delete_on_request"", ""retention_5y""], ""A"": [""AU"", ""DPO"", ""DS""]}"
"PrivacyAnnotation|PA::prop::DataCellArtifact::D2_COMPASNoMissing::record::1::cell::two_year_recid::00138","PrivacyAnnotation","PA::prop::DataCellArtifact::D2_COMPASNoMissing::record::1::cell::two_year_recid::00138","{""key"": ""PA::prop::DataCellArtifact::D2_COMPASNoMissing::record::1::cell::two_year_recid::00138"", ""annotationId"": ""PA::prop::DataCellArtifact::D2_COMPASNoMissing::record::1::cell::two_year_recid::00138"", ""target_label"": ""DataCellArtifact"", ""target_key"": ""D2_COMPASNoMissing::record::1::cell::two_year_recid"", ""granularity"": ""cell"", ""source"": ""propagated:RED"", ""policy_id"": ""B1_drop_missing_policy"", ""generated_by"": ""run_fc7d525c22::002::B1_drop_missing"", ""note"": ""RED propagation for retained attribute two_year_recid"", ""C_explicit"": [""criminal_justice_sensitive"", ""behavioural_sensitive""], ""C"": [""criminal_justice_sensitive"", ""behavioural_sensitive"", ""sensitive_personal_data""], ""U"": [""criminal_justice_research"", ""research""], ""R"": [""delete_on_request"", ""retention_5y""], ""A"": [""AU"", ""DPO"", ""DS""]}"
"PrivacyAnnotation|PA::prop::DataCellArtifact::D2_COMPASNoMissing::record::1::cell::c_jail_in::00139","PrivacyAnnotation","PA::prop::DataCellArtifact::D2_COMPASNoMissing::record::1::cell::c_jail_in::00139","{""key"": ""PA::prop::DataCellArtifact::D2_COMPASNoMissing::record::1::cell::c_jail_in::00139"", ""annotationId"": ""PA::prop::DataCellArtifact::D2_COMPASNoMissing::record::1::cell::c_jail_in::00139"", ""target_label"": ""DataCellArtifact"", ""target_key"": ""D2_COMPASNoMissing::record::1::cell::c_jail_in"", ""granularity"": ""cell"", ""source"": ""propagated:RED"", ""policy_id"": ""B1_drop_missing_policy"", ""generated_by"": ""run_fc7d525c22::002::B1_drop_missing"", ""note"": ""RED propagation for retained attribute c_jail_in"", ""C_explicit"": [""criminal_justice_sensitive"", ""temporal_quasi_identifier""], ""C"": [""criminal_justice_sensitive"", ""temporal_quasi_identifier"", ""sensitive_personal_data""], ""U"": [""criminal_justice_research"", ""research""], ""R"": [""delete_on_request"", ""retention_5y""], ""A"": [""AU"", ""DPO"", ""DS""]}"
"PrivacyAnnotation|PA::prop::DataCellArtifact::D2_COMPASNoMissing::record::1::cell::c_jail_out::00140","PrivacyAnnotation","PA::prop::DataCellArtifact::D2_COMPASNoMissing::record::1::cell::c_jail_out::00140","{""key"": ""PA::prop::DataCellArtifact::D2_COMPASNoMissing::record::1::cell::c_jail_out::00140"", ""annotationId"": ""PA::prop::DataCellArtifact::D2_COMPASNoMissing::record::1::cell::c_jail_out::00140"", ""target_label"": ""DataCellArtifact"", ""target_key"": ""D2_COMPASNoMissing::record::1::cell::c_jail_out"", ""granularity"": ""cell"", ""source"": ""propagated:RED"", ""policy_id"": ""B1_drop_missing_policy"", ""generated_by"": ""run_fc7d525c22::002::B1_drop_missing"", ""note"": ""RED propagation for retained attribute c_jail_out"", ""C_explicit"": [""criminal_justice_sensitive"", ""temporal_quasi_identifier""], ""C"": [""criminal_justice_sensitive"", ""temporal_quasi_identifier"", ""sensitive_personal_data""], ""U"": [""criminal_justice_research"", ""research""], ""R"": [""delete_on_request"", ""retention_5y""], ""A"": [""AU"", ""DPO"", ""DS""]}"
"PrivacyAnnotation|PA::prop::DataCellArtifact::D2_COMPASNoMissing::record::2::cell::age::00141","PrivacyAnnotation","PA::prop::DataCellArtifact::D2_COMPASNoMissing::record::2::cell::age::00141","{""key"": ""PA::prop::DataCellArtifact::D2_COMPASNoMissing::record::2::cell::age::00141"", ""annotationId"": ""PA::prop::DataCellArtifact::D2_COMPASNoMissing::record::2::cell::age::00141"", ""target_label"": ""DataCellArtifact"", ""target_key"": ""D2_COMPASNoMissing::record::2::cell::age"", ""granularity"": ""cell"", ""source"": ""propagated:RED"", ""policy_id"": ""B1_drop_missing_policy"", ""generated_by"": ""run_fc7d525c22::002::B1_drop_missing"", ""note"": ""RED propagation for retained attribute age"", ""C_explicit"": [""quasi_identifier""], ""C"": [""quasi_identifier"", ""personal_data""], ""U"": [""criminal_justice_research"", ""research""], ""R"": [""delete_on_request"", ""retention_5y""], ""A"": [""AU"", ""DPO"", ""DS""]}"
"PrivacyAnnotation|PA::prop::DataCellArtifact::D2_COMPASNoMissing::record::2::cell::c_charge_degree::00142","PrivacyAnnotation","PA::prop::DataCellArtifact::D2_COMPASNoMissing::record::2::cell::c_charge_degree::00142","{""key"": ""PA::prop::DataCellArtifact::D2_COMPASNoMissing::record::2::cell::c_charge_degree::00142"", ""annotationId"": ""PA::prop::DataCellArtifact::D2_COMPASNoMissing::record::2::cell::c_charge_degree::00142"", ""target_label"": ""DataCellArtifact"", ""target_key"": ""D2_COMPASNoMissing::record::2::cell::c_charge_degree"", ""granularity"": ""cell"", ""source"": ""propagated:RED"", ""policy_id"": ""B1_drop_missing_policy"", ""generated_by"": ""run_fc7d525c22::002::B1_drop_missing"", ""note"": ""RED propagation for retained attribute c_charge_degree"", ""C_explicit"": [""criminal_justice_sensitive""], ""C"": [""criminal_justice_sensitive"", ""sensitive_personal_data""], ""U"": [""criminal_justice_research"", ""research""], ""R"": [""delete_on_request"", ""retention_5y""], ""A"": [""AU"", ""DPO"", ""DS""]}"
"PrivacyAnnotation|PA::prop::DataCellArtifact::D2_COMPASNoMissing::record::2::cell::race::00143","PrivacyAnnotation","PA::prop::DataCellArtifact::D2_COMPASNoMissing::record::2::cell::race::00143","{""key"": ""PA::prop::DataCellArtifact::D2_COMPASNoMissing::record::2::cell::race::00143"", ""annotationId"": ""PA::prop::DataCellArtifact::D2_COMPASNoMissing::record::2::cell::race::00143"", ""target_label"": ""DataCellArtifact"", ""target_key"": ""D2_COMPASNoMissing::record::2::cell::race"", ""granularity"": ""cell"", ""source"": ""propagated:RED"", ""policy_id"": ""B1_drop_missing_policy"", ""generated_by"": ""run_fc7d525c22::002::B1_drop_missing"", ""note"": ""RED propagation for retained attribute race"", ""C_explicit"": [""race_ethnicity"", ""protected_attribute""], ""C"": [""race_ethnicity"", ""protected_attribute"", ""sensitive_personal_data""], ""U"": [""criminal_justice_research"", ""research""], ""R"": [""delete_on_request"", ""retention_5y""], ""A"": [""AU"", ""DPO"", ""DS""]}"
"PrivacyAnnotation|PA::prop::DataCellArtifact::D2_COMPASNoMissing::record::2::cell::sex::00144","PrivacyAnnotation","PA::prop::DataCellArtifact::D2_COMPASNoMissing::record::2::cell::sex::00144","{""key"": ""PA::prop::DataCellArtifact::D2_COMPASNoMissing::record::2::cell::sex::00144"", ""annotationId"": ""PA::prop::DataCellArtifact::D2_COMPASNoMissing::record::2::cell::sex::00144"", ""target_label"": ""DataCellArtifact"", ""target_key"": ""D2_COMPASNoMissing::record::2::cell::sex"", ""granularity"": ""cell"", ""source"": ""propagated:RED"", ""policy_id"": ""B1_drop_missing_policy"", ""generated_by"": ""run_fc7d525c22::002::B1_drop_missing"", ""note"": ""RED propagation for retained attribute sex"", ""C_explicit"": [""gender"", ""protected_attribute""], ""C"": [""gender"", ""protected_attribute"", ""sensitive_personal_data""], ""U"": [""criminal_justice_research"", ""research""], ""R"": [""delete_on_request"", ""retention_5y""], ""A"": [""AU"", ""DPO"", ""DS""]}"
"PrivacyAnnotation|PA::prop::DataCellArtifact::D2_COMPASNoMissing::record::2::cell::priors_count::00145","PrivacyAnnotation","PA::prop::DataCellArtifact::D2_COMPASNoMissing::record::2::cell::priors_count::00145","{""key"": ""PA::prop::DataCellArtifact::D2_COMPASNoMissing::record::2::cell::priors_count::00145"", ""annotationId"": ""PA::prop::DataCellArtifact::D2_COMPASNoMissing::record::2::cell::priors_count::00145"", ""target_label"": ""DataCellArtifact"", ""target_key"": ""D2_COMPASNoMissing::record::2::cell::priors_count"", ""granularity"": ""cell"", ""source"": ""propagated:RED"", ""policy_id"": ""B1_drop_missing_policy"", ""generated_by"": ""run_fc7d525c22::002::B1_drop_missing"", ""note"": ""RED propagation for retained attribute priors_count"", ""C_explicit"": [""criminal_justice_sensitive""], ""C"": [""criminal_justice_sensitive"", ""sensitive_personal_data""], ""U"": [""criminal_justice_research"", ""research""], ""R"": [""delete_on_request"", ""retention_5y""], ""A"": [""AU"", ""DPO"", ""DS""]}"
"PrivacyAnnotation|PA::prop::DataCellArtifact::D2_COMPASNoMissing::record::2::cell::days_b_screening_arrest::00146","PrivacyAnnotation","PA::prop::DataCellArtifact::D2_COMPASNoMissing::record::2::cell::days_b_screening_arrest::00146","{""key"": ""PA::prop::DataCellArtifact::D2_COMPASNoMissing::record::2::cell::days_b_screening_arrest::00146"", ""annotationId"": ""PA::prop::DataCellArtifact::D2_COMPASNoMissing::record::2::cell::days_b_screening_arrest::00146"", ""target_label"": ""DataCellArtifact"", ""target_key"": ""D2_COMPASNoMissing::record::2::cell::days_b_screening_arrest"", ""granularity"": ""cell"", ""source"": ""propagated:RED"", ""policy_id"": ""B1_drop_missing_policy"", ""generated_by"": ""run_fc7d525c22::002::B1_drop_missing"", ""note"": ""RED propagation for retained attribute days_b_screening_arrest"", ""C_explicit"": [""criminal_justice_sensitive"", ""temporal_quasi_identifier""], ""C"": [""criminal_justice_sensitive"", ""temporal_quasi_identifier"", ""sensitive_personal_data""], ""U"": [""criminal_justice_research"", ""research""], ""R"": [""delete_on_request"", ""retention_5y""], ""A"": [""AU"", ""DPO"", ""DS""]}"
"PrivacyAnnotation|PA::prop::DataCellArtifact::D2_COMPASNoMissing::record::2::cell::two_year_recid::00147","PrivacyAnnotation","PA::prop::DataCellArtifact::D2_COMPASNoMissing::record::2::cell::two_year_recid::00147","{""key"": ""PA::prop::DataCellArtifact::D2_COMPASNoMissing::record::2::cell::two_year_recid::00147"", ""annotationId"": ""PA::prop::DataCellArtifact::D2_COMPASNoMissing::record::2::cell::two_year_recid::00147"", ""target_label"": ""DataCellArtifact"", ""target_key"": ""D2_COMPASNoMissing::record::2::cell::two_year_recid"", ""granularity"": ""cell"", ""source"": ""propagated:RED"", ""policy_id"": ""B1_drop_missing_policy"", ""generated_by"": ""run_fc7d525c22::002::B1_drop_missing"", ""note"": ""RED propagation for retained attribute two_year_recid"", ""C_explicit"": [""criminal_justice_sensitive"", ""behavioural_sensitive""], ""C"": [""criminal_justice_sensitive"", ""behavioural_sensitive"", ""sensitive_personal_data""], ""U"": [""criminal_justice_research"", ""research""], ""R"": [""delete_on_request"", ""retention_5y""], ""A"": [""AU"", ""DPO"", ""DS""]}"
"PrivacyAnnotation|PA::prop::DataCellArtifact::D2_COMPASNoMissing::record::2::cell::c_jail_in::00148","PrivacyAnnotation","PA::prop::DataCellArtifact::D2_COMPASNoMissing::record::2::cell::c_jail_in::00148","{""key"": ""PA::prop::DataCellArtifact::D2_COMPASNoMissing::record::2::cell::c_jail_in::00148"", ""annotationId"": ""PA::prop::DataCellArtifact::D2_COMPASNoMissing::record::2::cell::c_jail_in::00148"", ""target_label"": ""DataCellArtifact"", ""target_key"": ""D2_COMPASNoMissing::record::2::cell::c_jail_in"", ""granularity"": ""cell"", ""source"": ""propagated:RED"", ""policy_id"": ""B1_drop_missing_policy"", ""generated_by"": ""run_fc7d525c22::002::B1_drop_missing"", ""note"": ""RED propagation for retained attribute c_jail_in"", ""C_explicit"": [""criminal_justice_sensitive"", ""temporal_quasi_identifier""], ""C"": [""criminal_justice_sensitive"", ""temporal_quasi_identifier"", ""sensitive_personal_data""], ""U"": [""criminal_justice_research"", ""research""], ""R"": [""delete_on_request"", ""retention_5y""], ""A"": [""AU"", ""DPO"", ""DS""]}"
"PrivacyAnnotation|PA::prop::DataCellArtifact::D2_COMPASNoMissing::record::2::cell::c_jail_out::00149","PrivacyAnnotation","PA::prop::DataCellArtifact::D2_COMPASNoMissing::record::2::cell::c_jail_out::00149","{""key"": ""PA::prop::DataCellArtifact::D2_COMPASNoMissing::record::2::cell::c_jail_out::00149"", ""annotationId"": ""PA::prop::DataCellArtifact::D2_COMPASNoMissing::record::2::cell::c_jail_out::00149"", ""target_label"": ""DataCellArtifact"", ""target_key"": ""D2_COMPASNoMissing::record::2::cell::c_jail_out"", ""granularity"": ""cell"", ""source"": ""propagated:RED"", ""policy_id"": ""B1_drop_missing_policy"", ""generated_by"": ""run_fc7d525c22::002::B1_drop_missing"", ""note"": ""RED propagation for retained attribute c_jail_out"", ""C_explicit"": [""criminal_justice_sensitive"", ""temporal_quasi_identifier""], ""C"": [""criminal_justice_sensitive"", ""temporal_quasi_identifier"", ""sensitive_personal_data""], ""U"": [""criminal_justice_research"", ""research""], ""R"": [""delete_on_request"", ""retention_5y""], ""A"": [""AU"", ""DPO"", ""DS""]}"
"PrivacyAnnotation|PA::prop::DataCellArtifact::D2_COMPASNoMissing::record::4::cell::age::00150","PrivacyAnnotation","PA::prop::DataCellArtifact::D2_COMPASNoMissing::record::4::cell::age::00150","{""key"": ""PA::prop::DataCellArtifact::D2_COMPASNoMissing::record::4::cell::age::00150"", ""annotationId"": ""PA::prop::DataCellArtifact::D2_COMPASNoMissing::record::4::cell::age::00150"", ""target_label"": ""DataCellArtifact"", ""target_key"": ""D2_COMPASNoMissing::record::4::cell::age"", ""granularity"": ""cell"", ""source"": ""propagated:RED"", ""policy_id"": ""B1_drop_missing_policy"", ""generated_by"": ""run_fc7d525c22::002::B1_drop_missing"", ""note"": ""RED propagation for retained attribute age"", ""C_explicit"": [""quasi_identifier""], ""C"": [""quasi_identifier"", ""personal_data""], ""U"": [""criminal_justice_research"", ""research""], ""R"": [""delete_on_request"", ""retention_5y""], ""A"": [""AU"", ""DPO"", ""DS""]}"
"PrivacyAnnotation|PA::prop::DataCellArtifact::D2_COMPASNoMissing::record::4::cell::c_charge_degree::00151","PrivacyAnnotation","PA::prop::DataCellArtifact::D2_COMPASNoMissing::record::4::cell::c_charge_degree::00151","{""key"": ""PA::prop::DataCellArtifact::D2_COMPASNoMissing::record::4::cell::c_charge_degree::00151"", ""annotationId"": ""PA::prop::DataCellArtifact::D2_COMPASNoMissing::record::4::cell::c_charge_degree::00151"", ""target_label"": ""DataCellArtifact"", ""target_key"": ""D2_COMPASNoMissing::record::4::cell::c_charge_degree"", ""granularity"": ""cell"", ""source"": ""propagated:RED"", ""policy_id"": ""B1_drop_missing_policy"", ""generated_by"": ""run_fc7d525c22::002::B1_drop_missing"", ""note"": ""RED propagation for retained attribute c_charge_degree"", ""C_explicit"": [""criminal_justice_sensitive""], ""C"": [""criminal_justice_sensitive"", ""sensitive_personal_data""], ""U"": [""criminal_justice_research"", ""research""], ""R"": [""delete_on_request"", ""retention_5y""], ""A"": [""AU"", ""DPO"", ""DS""]}"
"PrivacyAnnotation|PA::prop::DataCellArtifact::D2_COMPASNoMissing::record::4::cell::race::00152","PrivacyAnnotation","PA::prop::DataCellArtifact::D2_COMPASNoMissing::record::4::cell::race::00152","{""key"": ""PA::prop::DataCellArtifact::D2_COMPASNoMissing::record::4::cell::race::00152"", ""annotationId"": ""PA::prop::DataCellArtifact::D2_COMPASNoMissing::record::4::cell::race::00152"", ""target_label"": ""DataCellArtifact"", ""target_key"": ""D2_COMPASNoMissing::record::4::cell::race"", ""granularity"": ""cell"", ""source"": ""propagated:RED"", ""policy_id"": ""B1_drop_missing_policy"", ""generated_by"": ""run_fc7d525c22::002::B1_drop_missing"", ""note"": ""RED propagation for retained attribute race"", ""C_explicit"": [""race_ethnicity"", ""protected_attribute""], ""C"": [""race_ethnicity"", ""protected_attribute"", ""sensitive_personal_data""], ""U"": [""criminal_justice_research"", ""research""], ""R"": [""delete_on_request"", ""retention_5y""], ""A"": [""AU"", ""DPO"", ""DS""]}"
"PrivacyAnnotation|PA::prop::DataCellArtifact::D2_COMPASNoMissing::record::4::cell::sex::00153","PrivacyAnnotation","PA::prop::DataCellArtifact::D2_COMPASNoMissing::record::4::cell::sex::00153","{""key"": ""PA::prop::DataCellArtifact::D2_COMPASNoMissing::record::4::cell::sex::00153"", ""annotationId"": ""PA::prop::DataCellArtifact::D2_COMPASNoMissing::record::4::cell::sex::00153"", ""target_label"": ""DataCellArtifact"", ""target_key"": ""D2_COMPASNoMissing::record::4::cell::sex"", ""granularity"": ""cell"", ""source"": ""propagated:RED"", ""policy_id"": ""B1_drop_missing_policy"", ""generated_by"": ""run_fc7d525c22::002::B1_drop_missing"", ""note"": ""RED propagation for retained attribute sex"", ""C_explicit"": [""gender"", ""protected_attribute""], ""C"": [""gender"", ""protected_attribute"", ""sensitive_personal_data""], ""U"": [""criminal_justice_research"", ""research""], ""R"": [""delete_on_request"", ""retention_5y""], ""A"": [""AU"", ""DPO"", ""DS""]}"
"PrivacyAnnotation|PA::prop::DataCellArtifact::D2_COMPASNoMissing::record::4::cell::priors_count::00154","PrivacyAnnotation","PA::prop::DataCellArtifact::D2_COMPASNoMissing::record::4::cell::priors_count::00154","{""key"": ""PA::prop::DataCellArtifact::D2_COMPASNoMissing::record::4::cell::priors_count::00154"", ""annotationId"": ""PA::prop::DataCellArtifact::D2_COMPASNoMissing::record::4::cell::priors_count::00154"", ""target_label"": ""DataCellArtifact"", ""target_key"": ""D2_COMPASNoMissing::record::4::cell::priors_count"", ""granularity"": ""cell"", ""source"": ""propagated:RED"", ""policy_id"": ""B1_drop_missing_policy"", ""generated_by"": ""run_fc7d525c22::002::B1_drop_missing"", ""note"": ""RED propagation for retained attribute priors_count"", ""C_explicit"": [""criminal_justice_sensitive""], ""C"": [""criminal_justice_sensitive"", ""sensitive_personal_data""], ""U"": [""criminal_justice_research"", ""research""], ""R"": [""delete_on_request"", ""retention_5y""], ""A"": [""AU"", ""DPO"", ""DS""]}"
"PrivacyAnnotation|PA::prop::DataCellArtifact::D2_COMPASNoMissing::record::4::cell::days_b_screening_arrest::00155","PrivacyAnnotation","PA::prop::DataCellArtifact::D2_COMPASNoMissing::record::4::cell::days_b_screening_arrest::00155","{""key"": ""PA::prop::DataCellArtifact::D2_COMPASNoMissing::record::4::cell::days_b_screening_arrest::00155"", ""annotationId"": ""PA::prop::DataCellArtifact::D2_COMPASNoMissing::record::4::cell::days_b_screening_arrest::00155"", ""target_label"": ""DataCellArtifact"", ""target_key"": ""D2_COMPASNoMissing::record::4::cell::days_b_screening_arrest"", ""granularity"": ""cell"", ""source"": ""propagated:RED"", ""policy_id"": ""B1_drop_missing_policy"", ""generated_by"": ""run_fc7d525c22::002::B1_drop_missing"", ""note"": ""RED propagation for retained attribute days_b_screening_arrest"", ""C_explicit"": [""criminal_justice_sensitive"", ""temporal_quasi_identifier""], ""C"": [""criminal_justice_sensitive"", ""temporal_quasi_identifier"", ""sensitive_personal_data""], ""U"": [""criminal_justice_research"", ""research""], ""R"": [""delete_on_request"", ""retention_5y""], ""A"": [""AU"", ""DPO"", ""DS""]}"
"PrivacyAnnotation|PA::prop::DataCellArtifact::D2_COMPASNoMissing::record::4::cell::two_year_recid::00156","PrivacyAnnotation","PA::prop::DataCellArtifact::D2_COMPASNoMissing::record::4::cell::two_year_recid::00156","{""key"": ""PA::prop::DataCellArtifact::D2_COMPASNoMissing::record::4::cell::two_year_recid::00156"", ""annotationId"": ""PA::prop::DataCellArtifact::D2_COMPASNoMissing::record::4::cell::two_year_recid::00156"", ""target_label"": ""DataCellArtifact"", ""target_key"": ""D2_COMPASNoMissing::record::4::cell::two_year_recid"", ""granularity"": ""cell"", ""source"": ""propagated:RED"", ""policy_id"": ""B1_drop_missing_policy"", ""generated_by"": ""run_fc7d525c22::002::B1_drop_missing"", ""note"": ""RED propagation for retained attribute two_year_recid"", ""C_explicit"": [""criminal_justice_sensitive"", ""behavioural_sensitive""], ""C"": [""criminal_justice_sensitive"", ""behavioural_sensitive"", ""sensitive_personal_data""], ""U"": [""criminal_justice_research"", ""research""], ""R"": [""delete_on_request"", ""retention_5y""], ""A"": [""AU"", ""DPO"", ""DS""]}"
"PrivacyAnnotation|PA::prop::DataCellArtifact::D2_COMPASNoMissing::record::4::cell::c_jail_in::00157","PrivacyAnnotation","PA::prop::DataCellArtifact::D2_COMPASNoMissing::record::4::cell::c_jail_in::00157","{""key"": ""PA::prop::DataCellArtifact::D2_COMPASNoMissing::record::4::cell::c_jail_in::00157"", ""annotationId"": ""PA::prop::DataCellArtifact::D2_COMPASNoMissing::record::4::cell::c_jail_in::00157"", ""target_label"": ""DataCellArtifact"", ""target_key"": ""D2_COMPASNoMissing::record::4::cell::c_jail_in"", ""granularity"": ""cell"", ""source"": ""propagated:RED"", ""policy_id"": ""B1_drop_missing_policy"", ""generated_by"": ""run_fc7d525c22::002::B1_drop_missing"", ""note"": ""RED propagation for retained attribute c_jail_in"", ""C_explicit"": [""criminal_justice_sensitive"", ""temporal_quasi_identifier""], ""C"": [""criminal_justice_sensitive"", ""temporal_quasi_identifier"", ""sensitive_personal_data""], ""U"": [""criminal_justice_research"", ""research""], ""R"": [""delete_on_request"", ""retention_5y""], ""A"": [""AU"", ""DPO"", ""DS""]}"
"PrivacyAnnotation|PA::prop::DataCellArtifact::D2_COMPASNoMissing::record::4::cell::c_jail_out::00158","PrivacyAnnotation","PA::prop::DataCellArtifact::D2_COMPASNoMissing::record::4::cell::c_jail_out::00158","{""key"": ""PA::prop::DataCellArtifact::D2_COMPASNoMissing::record::4::cell::c_jail_out::00158"", ""annotationId"": ""PA::prop::DataCellArtifact::D2_COMPASNoMissing::record::4::cell::c_jail_out::00158"", ""target_label"": ""DataCellArtifact"", ""target_key"": ""D2_COMPASNoMissing::record::4::cell::c_jail_out"", ""granularity"": ""cell"", ""source"": ""propagated:RED"", ""policy_id"": ""B1_drop_missing_policy"", ""generated_by"": ""run_fc7d525c22::002::B1_drop_missing"", ""note"": ""RED propagation for retained attribute c_jail_out"", ""C_explicit"": [""criminal_justice_sensitive"", ""temporal_quasi_identifier""], ""C"": [""criminal_justice_sensitive"", ""temporal_quasi_identifier"", ""sensitive_personal_data""], ""U"": [""criminal_justice_research"", ""research""], ""R"": [""delete_on_request"", ""retention_5y""], ""A"": [""AU"", ""DPO"", ""DS""]}"
"PrivacyAnnotation|PA::prop::DataCellArtifact::D2_COMPASNoMissing::record::5::cell::age::00159","PrivacyAnnotation","PA::prop::DataCellArtifact::D2_COMPASNoMissing::record::5::cell::age::00159","{""key"": ""PA::prop::DataCellArtifact::D2_COMPASNoMissing::record::5::cell::age::00159"", ""annotationId"": ""PA::prop::DataCellArtifact::D2_COMPASNoMissing::record::5::cell::age::00159"", ""target_label"": ""DataCellArtifact"", ""target_key"": ""D2_COMPASNoMissing::record::5::cell::age"", ""granularity"": ""cell"", ""source"": ""propagated:RED"", ""policy_id"": ""B1_drop_missing_policy"", ""generated_by"": ""run_fc7d525c22::002::B1_drop_missing"", ""note"": ""RED propagation for retained attribute age"", ""C_explicit"": [""quasi_identifier""], ""C"": [""quasi_identifier"", ""personal_data""], ""U"": [""criminal_justice_research"", ""research""], ""R"": [""delete_on_request"", ""retention_5y""], ""A"": [""AU"", ""DPO"", ""DS""]}"
"PrivacyAnnotation|PA::prop::DataCellArtifact::D2_COMPASNoMissing::record::5::cell::c_charge_degree::00160","PrivacyAnnotation","PA::prop::DataCellArtifact::D2_COMPASNoMissing::record::5::cell::c_charge_degree::00160","{""key"": ""PA::prop::DataCellArtifact::D2_COMPASNoMissing::record::5::cell::c_charge_degree::00160"", ""annotationId"": ""PA::prop::DataCellArtifact::D2_COMPASNoMissing::record::5::cell::c_charge_degree::00160"", ""target_label"": ""DataCellArtifact"", ""target_key"": ""D2_COMPASNoMissing::record::5::cell::c_charge_degree"", ""granularity"": ""cell"", ""source"": ""propagated:RED"", ""policy_id"": ""B1_drop_missing_policy"", ""generated_by"": ""run_fc7d525c22::002::B1_drop_missing"", ""note"": ""RED propagation for retained attribute c_charge_degree"", ""C_explicit"": [""criminal_justice_sensitive""], ""C"": [""criminal_justice_sensitive"", ""sensitive_personal_data""], ""U"": [""criminal_justice_research"", ""research""], ""R"": [""delete_on_request"", ""retention_5y""], ""A"": [""AU"", ""DPO"", ""DS""]}"
"PrivacyAnnotation|PA::prop::DataCellArtifact::D2_COMPASNoMissing::record::5::cell::race::00161","PrivacyAnnotation","PA::prop::DataCellArtifact::D2_COMPASNoMissing::record::5::cell::race::00161","{""key"": ""PA::prop::DataCellArtifact::D2_COMPASNoMissing::record::5::cell::race::00161"", ""annotationId"": ""PA::prop::DataCellArtifact::D2_COMPASNoMissing::record::5::cell::race::00161"", ""target_label"": ""DataCellArtifact"", ""target_key"": ""D2_COMPASNoMissing::record::5::cell::race"", ""granularity"": ""cell"", ""source"": ""propagated:RED"", ""policy_id"": ""B1_drop_missing_policy"", ""generated_by"": ""run_fc7d525c22::002::B1_drop_missing"", ""note"": ""RED propagation for retained attribute race"", ""C_explicit"": [""race_ethnicity"", ""protected_attribute""], ""C"": [""race_ethnicity"", ""protected_attribute"", ""sensitive_personal_data""], ""U"": [""criminal_justice_research"", ""research""], ""R"": [""delete_on_request"", ""retention_5y""], ""A"": [""AU"", ""DPO"", ""DS""]}"
"PrivacyAnnotation|PA::prop::DataCellArtifact::D2_COMPASNoMissing::record::5::cell::sex::00162","PrivacyAnnotation","PA::prop::DataCellArtifact::D2_COMPASNoMissing::record::5::cell::sex::00162","{""key"": ""PA::prop::DataCellArtifact::D2_COMPASNoMissing::record::5::cell::sex::00162"", ""annotationId"": ""PA::prop::DataCellArtifact::D2_COMPASNoMissing::record::5::cell::sex::00162"", ""target_label"": ""DataCellArtifact"", ""target_key"": ""D2_COMPASNoMissing::record::5::cell::sex"", ""granularity"": ""cell"", ""source"": ""propagated:RED"", ""policy_id"": ""B1_drop_missing_policy"", ""generated_by"": ""run_fc7d525c22::002::B1_drop_missing"", ""note"": ""RED propagation for retained attribute sex"", ""C_explicit"": [""gender"", ""protected_attribute""], ""C"": [""gender"", ""protected_attribute"", ""sensitive_personal_data""], ""U"": [""criminal_justice_research"", ""research""], ""R"": [""delete_on_request"", ""retention_5y""], ""A"": [""AU"", ""DPO"", ""DS""]}"
"PrivacyAnnotation|PA::prop::DataCellArtifact::D2_COMPASNoMissing::record::5::cell::priors_count::00163","PrivacyAnnotation","PA::prop::DataCellArtifact::D2_COMPASNoMissing::record::5::cell::priors_count::00163","{""key"": ""PA::prop::DataCellArtifact::D2_COMPASNoMissing::record::5::cell::priors_count::00163"", ""annotationId"": ""PA::prop::DataCellArtifact::D2_COMPASNoMissing::record::5::cell::priors_count::00163"", ""target_label"": ""DataCellArtifact"", ""target_key"": ""D2_COMPASNoMissing::record::5::cell::priors_count"", ""granularity"": ""cell"", ""source"": ""propagated:RED"", ""policy_id"": ""B1_drop_missing_policy"", ""generated_by"": ""run_fc7d525c22::002::B1_drop_missing"", ""note"": ""RED propagation for retained attribute priors_count"", ""C_explicit"": [""criminal_justice_sensitive""], ""C"": [""criminal_justice_sensitive"", ""sensitive_personal_data""], ""U"": [""criminal_justice_research"", ""research""], ""R"": [""delete_on_request"", ""retention_5y""], ""A"": [""AU"", ""DPO"", ""DS""]}"
"PrivacyAnnotation|PA::prop::DataCellArtifact::D2_COMPASNoMissing::record::5::cell::days_b_screening_arrest::00164","PrivacyAnnotation","PA::prop::DataCellArtifact::D2_COMPASNoMissing::record::5::cell::days_b_screening_arrest::00164","{""key"": ""PA::prop::DataCellArtifact::D2_COMPASNoMissing::record::5::cell::days_b_screening_arrest::00164"", ""annotationId"": ""PA::prop::DataCellArtifact::D2_COMPASNoMissing::record::5::cell::days_b_screening_arrest::00164"", ""target_label"": ""DataCellArtifact"", ""target_key"": ""D2_COMPASNoMissing::record::5::cell::days_b_screening_arrest"", ""granularity"": ""cell"", ""source"": ""propagated:RED"", ""policy_id"": ""B1_drop_missing_policy"", ""generated_by"": ""run_fc7d525c22::002::B1_drop_missing"", ""note"": ""RED propagation for retained attribute days_b_screening_arrest"", ""C_explicit"": [""criminal_justice_sensitive"", ""temporal_quasi_identifier""], ""C"": [""criminal_justice_sensitive"", ""temporal_quasi_identifier"", ""sensitive_personal_data""], ""U"": [""criminal_justice_research"", ""research""], ""R"": [""delete_on_request"", ""retention_5y""], ""A"": [""AU"", ""DPO"", ""DS""]}"
"PrivacyAnnotation|PA::prop::DataCellArtifact::D2_COMPASNoMissing::record::5::cell::two_year_recid::00165","PrivacyAnnotation","PA::prop::DataCellArtifact::D2_COMPASNoMissing::record::5::cell::two_year_recid::00165","{""key"": ""PA::prop::DataCellArtifact::D2_COMPASNoMissing::record::5::cell::two_year_recid::00165"", ""annotationId"": ""PA::prop::DataCellArtifact::D2_COMPASNoMissing::record::5::cell::two_year_recid::00165"", ""target_label"": ""DataCellArtifact"", ""target_key"": ""D2_COMPASNoMissing::record::5::cell::two_year_recid"", ""granularity"": ""cell"", ""source"": ""propagated:RED"", ""policy_id"": ""B1_drop_missing_policy"", ""generated_by"": ""run_fc7d525c22::002::B1_drop_missing"", ""note"": ""RED propagation for retained attribute two_year_recid"", ""C_explicit"": [""criminal_justice_sensitive"", ""behavioural_sensitive""], ""C"": [""criminal_justice_sensitive"", ""behavioural_sensitive"", ""sensitive_personal_data""], ""U"": [""criminal_justice_research"", ""research""], ""R"": [""delete_on_request"", ""retention_5y""], ""A"": [""AU"", ""DPO"", ""DS""]}"
"PrivacyAnnotation|PA::prop::DataCellArtifact::D2_COMPASNoMissing::record::5::cell::c_jail_in::00166","PrivacyAnnotation","PA::prop::DataCellArtifact::D2_COMPASNoMissing::record::5::cell::c_jail_in::00166","{""key"": ""PA::prop::DataCellArtifact::D2_COMPASNoMissing::record::5::cell::c_jail_in::00166"", ""annotationId"": ""PA::prop::DataCellArtifact::D2_COMPASNoMissing::record::5::cell::c_jail_in::00166"", ""target_label"": ""DataCellArtifact"", ""target_key"": ""D2_COMPASNoMissing::record::5::cell::c_jail_in"", ""granularity"": ""cell"", ""source"": ""propagated:RED"", ""policy_id"": ""B1_drop_missing_policy"", ""generated_by"": ""run_fc7d525c22::002::B1_drop_missing"", ""note"": ""RED propagation for retained attribute c_jail_in"", ""C_explicit"": [""criminal_justice_sensitive"", ""temporal_quasi_identifier""], ""C"": [""criminal_justice_sensitive"", ""temporal_quasi_identifier"", ""sensitive_personal_data""], ""U"": [""criminal_justice_research"", ""research""], ""R"": [""delete_on_request"", ""retention_5y""], ""A"": [""AU"", ""DPO"", ""DS""]}"
"PrivacyAnnotation|PA::prop::DataCellArtifact::D2_COMPASNoMissing::record::5::cell::c_jail_out::00167","PrivacyAnnotation","PA::prop::DataCellArtifact::D2_COMPASNoMissing::record::5::cell::c_jail_out::00167","{""key"": ""PA::prop::DataCellArtifact::D2_COMPASNoMissing::record::5::cell::c_jail_out::00167"", ""annotationId"": ""PA::prop::DataCellArtifact::D2_COMPASNoMissing::record::5::cell::c_jail_out::00167"", ""target_label"": ""DataCellArtifact"", ""target_key"": ""D2_COMPASNoMissing::record::5::cell::c_jail_out"", ""granularity"": ""cell"", ""source"": ""propagated:RED"", ""policy_id"": ""B1_drop_missing_policy"", ""generated_by"": ""run_fc7d525c22::002::B1_drop_missing"", ""note"": ""RED propagation for retained attribute c_jail_out"", ""C_explicit"": [""criminal_justice_sensitive"", ""temporal_quasi_identifier""], ""C"": [""criminal_justice_sensitive"", ""temporal_quasi_identifier"", ""sensitive_personal_data""], ""U"": [""criminal_justice_research"", ""research""], ""R"": [""delete_on_request"", ""retention_5y""], ""A"": [""AU"", ""DPO"", ""DS""]}"
"PrivacyAnnotation|PA::prop::DataRecordArtifact::D2_COMPASNoMissing::record::0::00168","PrivacyAnnotation","PA::prop::DataRecordArtifact::D2_COMPASNoMissing::record::0::00168","{""key"": ""PA::prop::DataRecordArtifact::D2_COMPASNoMissing::record::0::00168"", ""annotationId"": ""PA::prop::DataRecordArtifact::D2_COMPASNoMissing::record::0::00168"", ""target_label"": ""DataRecordArtifact"", ""target_key"": ""D2_COMPASNoMissing::record::0"", ""granularity"": ""record"", ""source"": ""propagated:RED"", ""policy_id"": ""B1_drop_missing_policy"", ""generated_by"": ""run_fc7d525c22::002::B1_drop_missing"", ""note"": ""Record-level annotation summarised from cells of D2_COMPASNoMissing."", ""C_explicit"": [""quasi_identifier"", ""criminal_justice_sensitive"", ""race_ethnicity"", ""protected_attribute"", ""gender"", ""temporal_quasi_identifier"", ""behavioural_sensitive""], ""C"": [""quasi_identifier"", ""criminal_justice_sensitive"", ""race_ethnicity"", ""protected_attribute"", ""gender"", ""temporal_quasi_identifier"", ""behavioural_sensitive"", ""personal_data"", ""sensitive_personal_data""], ""U"": [""criminal_justice_research"", ""research""], ""R"": [""delete_on_request"", ""retention_5y""], ""A"": [""AU"", ""DPO"", ""DS""]}"
"PrivacyAnnotation|PA::prop::DataRecordArtifact::D2_COMPASNoMissing::record::1::00169","PrivacyAnnotation","PA::prop::DataRecordArtifact::D2_COMPASNoMissing::record::1::00169","{""key"": ""PA::prop::DataRecordArtifact::D2_COMPASNoMissing::record::1::00169"", ""annotationId"": ""PA::prop::DataRecordArtifact::D2_COMPASNoMissing::record::1::00169"", ""target_label"": ""DataRecordArtifact"", ""target_key"": ""D2_COMPASNoMissing::record::1"", ""granularity"": ""record"", ""source"": ""propagated:RED"", ""policy_id"": ""B1_drop_missing_policy"", ""generated_by"": ""run_fc7d525c22::002::B1_drop_missing"", ""note"": ""Record-level annotation summarised from cells of D2_COMPASNoMissing."", ""C_explicit"": [""quasi_identifier"", ""criminal_justice_sensitive"", ""race_ethnicity"", ""protected_attribute"", ""gender"", ""temporal_quasi_identifier"", ""behavioural_sensitive""], ""C"": [""quasi_identifier"", ""criminal_justice_sensitive"", ""race_ethnicity"", ""protected_attribute"", ""gender"", ""temporal_quasi_identifier"", ""behavioural_sensitive"", ""personal_data"", ""sensitive_personal_data""], ""U"": [""criminal_justice_research"", ""research""], ""R"": [""delete_on_request"", ""retention_5y""], ""A"": [""AU"", ""DPO"", ""DS""]}"
"PrivacyAnnotation|PA::prop::DataRecordArtifact::D2_COMPASNoMissing::record::2::00170","PrivacyAnnotation","PA::prop::DataRecordArtifact::D2_COMPASNoMissing::record::2::00170","{""key"": ""PA::prop::DataRecordArtifact::D2_COMPASNoMissing::record::2::00170"", ""annotationId"": ""PA::prop::DataRecordArtifact::D2_COMPASNoMissing::record::2::00170"", ""target_label"": ""DataRecordArtifact"", ""target_key"": ""D2_COMPASNoMissing::record::2"", ""granularity"": ""record"", ""source"": ""propagated:RED"", ""policy_id"": ""B1_drop_missing_policy"", ""generated_by"": ""run_fc7d525c22::002::B1_drop_missing"", ""note"": ""Record-level annotation summarised from cells of D2_COMPASNoMissing."", ""C_explicit"": [""quasi_identifier"", ""criminal_justice_sensitive"", ""race_ethnicity"", ""protected_attribute"", ""gender"", ""temporal_quasi_identifier"", ""behavioural_sensitive""], ""C"": [""quasi_identifier"", ""criminal_justice_sensitive"", ""race_ethnicity"", ""protected_attribute"", ""gender"", ""temporal_quasi_identifier"", ""behavioural_sensitive"", ""personal_data"", ""sensitive_personal_data""], ""U"": [""criminal_justice_research"", ""research""], ""R"": [""delete_on_request"", ""retention_5y""], ""A"": [""AU"", ""DPO"", ""DS""]}"
"PrivacyAnnotation|PA::prop::DataRecordArtifact::D2_COMPASNoMissing::record::4::00171","PrivacyAnnotation","PA::prop::DataRecordArtifact::D2_COMPASNoMissing::record::4::00171","{""key"": ""PA::prop::DataRecordArtifact::D2_COMPASNoMissing::record::4::00171"", ""annotationId"": ""PA::prop::DataRecordArtifact::D2_COMPASNoMissing::record::4::00171"", ""target_label"": ""DataRecordArtifact"", ""target_key"": ""D2_COMPASNoMissing::record::4"", ""granularity"": ""record"", ""source"": ""propagated:RED"", ""policy_id"": ""B1_drop_missing_policy"", ""generated_by"": ""run_fc7d525c22::002::B1_drop_missing"", ""note"": ""Record-level annotation summarised from cells of D2_COMPASNoMissing."", ""C_explicit"": [""quasi_identifier"", ""criminal_justice_sensitive"", ""race_ethnicity"", ""protected_attribute"", ""gender"", ""temporal_quasi_identifier"", ""behavioural_sensitive""], ""C"": [""quasi_identifier"", ""criminal_justice_sensitive"", ""race_ethnicity"", ""protected_attribute"", ""gender"", ""temporal_quasi_identifier"", ""behavioural_sensitive"", ""personal_data"", ""sensitive_personal_data""], ""U"": [""criminal_justice_research"", ""research""], ""R"": [""delete_on_request"", ""retention_5y""], ""A"": [""AU"", ""DPO"", ""DS""]}"
"PrivacyAnnotation|PA::prop::DataRecordArtifact::D2_COMPASNoMissing::record::5::00172","PrivacyAnnotation","PA::prop::DataRecordArtifact::D2_COMPASNoMissing::record::5::00172","{""key"": ""PA::prop::DataRecordArtifact::D2_COMPASNoMissing::record::5::00172"", ""annotationId"": ""PA::prop::DataRecordArtifact::D2_COMPASNoMissing::record::5::00172"", ""target_label"": ""DataRecordArtifact"", ""target_key"": ""D2_COMPASNoMissing::record::5"", ""granularity"": ""record"", ""source"": ""propagated:RED"", ""policy_id"": ""B1_drop_missing_policy"", ""generated_by"": ""run_fc7d525c22::002::B1_drop_missing"", ""note"": ""Record-level annotation summarised from cells of D2_COMPASNoMissing."", ""C_explicit"": [""quasi_identifier"", ""criminal_justice_sensitive"", ""race_ethnicity"", ""protected_attribute"", ""gender"", ""temporal_quasi_identifier"", ""behavioural_sensitive""], ""C"": [""quasi_identifier"", ""criminal_justice_sensitive"", ""race_ethnicity"", ""protected_attribute"", ""gender"", ""temporal_quasi_identifier"", ""behavioural_sensitive"", ""personal_data"", ""sensitive_personal_data""], ""U"": [""criminal_justice_research"", ""research""], ""R"": [""delete_on_request"", ""retention_5y""], ""A"": [""AU"", ""DPO"", ""DS""]}"
"PrivacyAnnotation|PA::prop::DatasetArtifact::D2_COMPASNoMissing::00173","PrivacyAnnotation","PA::prop::DatasetArtifact::D2_COMPASNoMissing::00173","{""key"": ""PA::prop::DatasetArtifact::D2_COMPASNoMissing::00173"", ""annotationId"": ""PA::prop::DatasetArtifact::D2_COMPASNoMissing::00173"", ""target_label"": ""DatasetArtifact"", ""target_key"": ""D2_COMPASNoMissing"", ""granularity"": ""dataset"", ""source"": ""propagated:RED"", ""policy_id"": ""B1_drop_missing_policy"", ""generated_by"": ""run_fc7d525c22::002::B1_drop_missing"", ""note"": ""RED dataset-level propagation from retained contributors."", ""C_explicit"": [""quasi_identifier"", ""criminal_justice_sensitive"", ""race_ethnicity"", ""protected_attribute"", ""gender"", ""temporal_quasi_identifier"", ""behavioural_sensitive""], ""C"": [""quasi_identifier"", ""criminal_justice_sensitive"", ""race_ethnicity"", ""protected_attribute"", ""gender"", ""temporal_quasi_identifier"", ""behavioural_sensitive"", ""personal_data"", ""sensitive_personal_data""], ""U"": [""criminal_justice_research"", ""research""], ""R"": [""delete_on_request"", ""retention_5y""], ""A"": [""AU"", ""DPO"", ""DS""]}"
"PrivacyAnnotation|PA::prop::DataCellArtifact::D3_COMPASRaceBinary::record::0::cell::age::00174","PrivacyAnnotation","PA::prop::DataCellArtifact::D3_COMPASRaceBinary::record::0::cell::age::00174","{""key"": ""PA::prop::DataCellArtifact::D3_COMPASRaceBinary::record::0::cell::age::00174"", ""annotationId"": ""PA::prop::DataCellArtifact::D3_COMPASRaceBinary::record::0::cell::age::00174"", ""target_label"": ""DataCellArtifact"", ""target_key"": ""D3_COMPASRaceBinary::record::0::cell::age"", ""granularity"": ""cell"", ""source"": ""propagated:TR"", ""policy_id"": ""B2_binary_race_policy"", ""generated_by"": ""run_fc7d525c22::003::B2_binary_race"", ""note"": ""TR propagation for output attribute age"", ""C_explicit"": [""quasi_identifier""], ""C"": [""quasi_identifier"", ""personal_data""], ""U"": [""criminal_justice_research"", ""research""], ""R"": [""delete_on_request"", ""retention_5y""], ""A"": [""AU"", ""DPO"", ""DS""]}"
"PrivacyAnnotation|PA::prop::DataCellArtifact::D3_COMPASRaceBinary::record::0::cell::c_charge_degree::00175","PrivacyAnnotation","PA::prop::DataCellArtifact::D3_COMPASRaceBinary::record::0::cell::c_charge_degree::00175","{""key"": ""PA::prop::DataCellArtifact::D3_COMPASRaceBinary::record::0::cell::c_charge_degree::00175"", ""annotationId"": ""PA::prop::DataCellArtifact::D3_COMPASRaceBinary::record::0::cell::c_charge_degree::00175"", ""target_label"": ""DataCellArtifact"", ""target_key"": ""D3_COMPASRaceBinary::record::0::cell::c_charge_degree"", ""granularity"": ""cell"", ""source"": ""propagated:TR"", ""policy_id"": ""B2_binary_race_policy"", ""generated_by"": ""run_fc7d525c22::003::B2_binary_race"", ""note"": ""TR propagation for output attribute c_charge_degree"", ""C_explicit"": [""criminal_justice_sensitive""], ""C"": [""criminal_justice_sensitive"", ""sensitive_personal_data""], ""U"": [""criminal_justice_research"", ""research""], ""R"": [""delete_on_request"", ""retention_5y""], ""A"": [""AU"", ""DPO"", ""DS""]}"
"PrivacyAnnotation|PA::prop::DataCellArtifact::D3_COMPASRaceBinary::record::0::cell::race::00176","PrivacyAnnotation","PA::prop::DataCellArtifact::D3_COMPASRaceBinary::record::0::cell::race::00176","{""key"": ""PA::prop::DataCellArtifact::D3_COMPASRaceBinary::record::0::cell::race::00176"", ""annotationId"": ""PA::prop::DataCellArtifact::D3_COMPASRaceBinary::record::0::cell::race::00176"", ""target_label"": ""DataCellArtifact"", ""target_key"": ""D3_COMPASRaceBinary::record::0::cell::race"", ""granularity"": ""cell"", ""source"": ""propagated:TR"", ""policy_id"": ""B2_binary_race_policy"", ""generated_by"": ""run_fc7d525c22::003::B2_binary_race"", ""note"": ""TR propagation for output attribute race"", ""C_explicit"": [""race_ethnicity"", ""protected_attribute""], ""C"": [""race_ethnicity"", ""protected_attribute"", ""sensitive_personal_data""], ""U"": [""criminal_justice_research"", ""research""], ""R"": [""delete_on_request"", ""retention_5y""], ""A"": [""AU"", ""DPO"", ""DS""]}"
"PrivacyAnnotation|PA::prop::DataCellArtifact::D3_COMPASRaceBinary::record::0::cell::sex::00177","PrivacyAnnotation","PA::prop::DataCellArtifact::D3_COMPASRaceBinary::record::0::cell::sex::00177","{""key"": ""PA::prop::DataCellArtifact::D3_COMPASRaceBinary::record::0::cell::sex::00177"", ""annotationId"": ""PA::prop::DataCellArtifact::D3_COMPASRaceBinary::record::0::cell::sex::00177"", ""target_label"": ""DataCellArtifact"", ""target_key"": ""D3_COMPASRaceBinary::record::0::cell::sex"", ""granularity"": ""cell"", ""source"": ""propagated:TR"", ""policy_id"": ""B2_binary_race_policy"", ""generated_by"": ""run_fc7d525c22::003::B2_binary_race"", ""note"": ""TR propagation for output attribute sex"", ""C_explicit"": [""gender"", ""protected_attribute""], ""C"": [""gender"", ""protected_attribute"", ""sensitive_personal_data""], ""U"": [""criminal_justice_research"", ""research""], ""R"": [""delete_on_request"", ""retention_5y""], ""A"": [""AU"", ""DPO"", ""DS""]}"
"PrivacyAnnotation|PA::prop::DataCellArtifact::D3_COMPASRaceBinary::record::0::cell::priors_count::00178","PrivacyAnnotation","PA::prop::DataCellArtifact::D3_COMPASRaceBinary::record::0::cell::priors_count::00178","{""key"": ""PA::prop::DataCellArtifact::D3_COMPASRaceBinary::record::0::cell::priors_count::00178"", ""annotationId"": ""PA::prop::DataCellArtifact::D3_COMPASRaceBinary::record::0::cell::priors_count::00178"", ""target_label"": ""DataCellArtifact"", ""target_key"": ""D3_COMPASRaceBinary::record::0::cell::priors_count"", ""granularity"": ""cell"", ""source"": ""propagated:TR"", ""policy_id"": ""B2_binary_race_policy"", ""generated_by"": ""run_fc7d525c22::003::B2_binary_race"", ""note"": ""TR propagation for output attribute priors_count"", ""C_explicit"": [""criminal_justice_sensitive""], ""C"": [""criminal_justice_sensitive"", ""sensitive_personal_data""], ""U"": [""criminal_justice_research"", ""research""], ""R"": [""delete_on_request"", ""retention_5y""], ""A"": [""AU"", ""DPO"", ""DS""]}"
"PrivacyAnnotation|PA::prop::DataCellArtifact::D3_COMPASRaceBinary::record::0::cell::days_b_screening_arrest::00179","PrivacyAnnotation","PA::prop::DataCellArtifact::D3_COMPASRaceBinary::record::0::cell::days_b_screening_arrest::00179","{""key"": ""PA::prop::DataCellArtifact::D3_COMPASRaceBinary::record::0::cell::days_b_screening_arrest::00179"", ""annotationId"": ""PA::prop::DataCellArtifact::D3_COMPASRaceBinary::record::0::cell::days_b_screening_arrest::00179"", ""target_label"": ""DataCellArtifact"", ""target_key"": ""D3_COMPASRaceBinary::record::0::cell::days_b_screening_arrest"", ""granularity"": ""cell"", ""source"": ""propagated:TR"", ""policy_id"": ""B2_binary_race_policy"", ""generated_by"": ""run_fc7d525c22::003::B2_binary_race"", ""note"": ""TR propagation for output attribute days_b_screening_arrest"", ""C_explicit"": [""criminal_justice_sensitive"", ""temporal_quasi_identifier""], ""C"": [""criminal_justice_sensitive"", ""temporal_quasi_identifier"", ""sensitive_personal_data""], ""U"": [""criminal_justice_research"", ""research""], ""R"": [""delete_on_request"", ""retention_5y""], ""A"": [""AU"", ""DPO"", ""DS""]}"
"PrivacyAnnotation|PA::prop::DataCellArtifact::D3_COMPASRaceBinary::record::0::cell::two_year_recid::00180","PrivacyAnnotation","PA::prop::DataCellArtifact::D3_COMPASRaceBinary::record::0::cell::two_year_recid::00180","{""key"": ""PA::prop::DataCellArtifact::D3_COMPASRaceBinary::record::0::cell::two_year_recid::00180"", ""annotationId"": ""PA::prop::DataCellArtifact::D3_COMPASRaceBinary::record::0::cell::two_year_recid::00180"", ""target_label"": ""DataCellArtifact"", ""target_key"": ""D3_COMPASRaceBinary::record::0::cell::two_year_recid"", ""granularity"": ""cell"", ""source"": ""propagated:TR"", ""policy_id"": ""B2_binary_race_policy"", ""generated_by"": ""run_fc7d525c22::003::B2_binary_race"", ""note"": ""TR propagation for output attribute two_year_recid"", ""C_explicit"": [""criminal_justice_sensitive"", ""behavioural_sensitive""], ""C"": [""criminal_justice_sensitive"", ""behavioural_sensitive"", ""sensitive_personal_data""], ""U"": [""criminal_justice_research"", ""research""], ""R"": [""delete_on_request"", ""retention_5y""], ""A"": [""AU"", ""DPO"", ""DS""]}"
"PrivacyAnnotation|PA::prop::DataCellArtifact::D3_COMPASRaceBinary::record::0::cell::c_jail_in::00181","PrivacyAnnotation","PA::prop::DataCellArtifact::D3_COMPASRaceBinary::record::0::cell::c_jail_in::00181","{""key"": ""PA::prop::DataCellArtifact::D3_COMPASRaceBinary::record::0::cell::c_jail_in::00181"", ""annotationId"": ""PA::prop::DataCellArtifact::D3_COMPASRaceBinary::record::0::cell::c_jail_in::00181"", ""target_label"": ""DataCellArtifact"", ""target_key"": ""D3_COMPASRaceBinary::record::0::cell::c_jail_in"", ""granularity"": ""cell"", ""source"": ""propagated:TR"", ""policy_id"": ""B2_binary_race_policy"", ""generated_by"": ""run_fc7d525c22::003::B2_binary_race"", ""note"": ""TR propagation for output attribute c_jail_in"", ""C_explicit"": [""criminal_justice_sensitive"", ""temporal_quasi_identifier""], ""C"": [""criminal_justice_sensitive"", ""temporal_quasi_identifier"", ""sensitive_personal_data""], ""U"": [""criminal_justice_research"", ""research""], ""R"": [""delete_on_request"", ""retention_5y""], ""A"": [""AU"", ""DPO"", ""DS""]}"
"PrivacyAnnotation|PA::prop::DataCellArtifact::D3_COMPASRaceBinary::record::0::cell::c_jail_out::00182","PrivacyAnnotation","PA::prop::DataCellArtifact::D3_COMPASRaceBinary::record::0::cell::c_jail_out::00182","{""key"": ""PA::prop::DataCellArtifact::D3_COMPASRaceBinary::record::0::cell::c_jail_out::00182"", ""annotationId"": ""PA::prop::DataCellArtifact::D3_COMPASRaceBinary::record::0::cell::c_jail_out::00182"", ""target_label"": ""DataCellArtifact"", ""target_key"": ""D3_COMPASRaceBinary::record::0::cell::c_jail_out"", ""granularity"": ""cell"", ""source"": ""propagated:TR"", ""policy_id"": ""B2_binary_race_policy"", ""generated_by"": ""run_fc7d525c22::003::B2_binary_race"", ""note"": ""TR propagation for output attribute c_jail_out"", ""C_explicit"": [""criminal_justice_sensitive"", ""temporal_quasi_identifier""], ""C"": [""criminal_justice_sensitive"", ""temporal_quasi_identifier"", ""sensitive_personal_data""], ""U"": [""criminal_justice_research"", ""research""], ""R"": [""delete_on_request"", ""retention_5y""], ""A"": [""AU"", ""DPO"", ""DS""]}"
"PrivacyAnnotation|PA::prop::DataCellArtifact::D3_COMPASRaceBinary::record::1::cell::age::00183","PrivacyAnnotation","PA::prop::DataCellArtifact::D3_COMPASRaceBinary::record::1::cell::age::00183","{""key"": ""PA::prop::DataCellArtifact::D3_COMPASRaceBinary::record::1::cell::age::00183"", ""annotationId"": ""PA::prop::DataCellArtifact::D3_COMPASRaceBinary::record::1::cell::age::00183"", ""target_label"": ""DataCellArtifact"", ""target_key"": ""D3_COMPASRaceBinary::record::1::cell::age"", ""granularity"": ""cell"", ""source"": ""propagated:TR"", ""policy_id"": ""B2_binary_race_policy"", ""generated_by"": ""run_fc7d525c22::003::B2_binary_race"", ""note"": ""TR propagation for output attribute age"", ""C_explicit"": [""quasi_identifier""], ""C"": [""quasi_identifier"", ""personal_data""], ""U"": [""criminal_justice_research"", ""research""], ""R"": [""delete_on_request"", ""retention_5y""], ""A"": [""AU"", ""DPO"", ""DS""]}"
"PrivacyAnnotation|PA::prop::DataCellArtifact::D3_COMPASRaceBinary::record::1::cell::c_charge_degree::00184","PrivacyAnnotation","PA::prop::DataCellArtifact::D3_COMPASRaceBinary::record::1::cell::c_charge_degree::00184","{""key"": ""PA::prop::DataCellArtifact::D3_COMPASRaceBinary::record::1::cell::c_charge_degree::00184"", ""annotationId"": ""PA::prop::DataCellArtifact::D3_COMPASRaceBinary::record::1::cell::c_charge_degree::00184"", ""target_label"": ""DataCellArtifact"", ""target_key"": ""D3_COMPASRaceBinary::record::1::cell::c_charge_degree"", ""granularity"": ""cell"", ""source"": ""propagated:TR"", ""policy_id"": ""B2_binary_race_policy"", ""generated_by"": ""run_fc7d525c22::003::B2_binary_race"", ""note"": ""TR propagation for output attribute c_charge_degree"", ""C_explicit"": [""criminal_justice_sensitive""], ""C"": [""criminal_justice_sensitive"", ""sensitive_personal_data""], ""U"": [""criminal_justice_research"", ""research""], ""R"": [""delete_on_request"", ""retention_5y""], ""A"": [""AU"", ""DPO"", ""DS""]}"
"PrivacyAnnotation|PA::prop::DataCellArtifact::D3_COMPASRaceBinary::record::1::cell::race::00185","PrivacyAnnotation","PA::prop::DataCellArtifact::D3_COMPASRaceBinary::record::1::cell::race::00185","{""key"": ""PA::prop::DataCellArtifact::D3_COMPASRaceBinary::record::1::cell::race::00185"", ""annotationId"": ""PA::prop::DataCellArtifact::D3_COMPASRaceBinary::record::1::cell::race::00185"", ""target_label"": ""DataCellArtifact"", ""target_key"": ""D3_COMPASRaceBinary::record::1::cell::race"", ""granularity"": ""cell"", ""source"": ""propagated:TR"", ""policy_id"": ""B2_binary_race_policy"", ""generated_by"": ""run_fc7d525c22::003::B2_binary_race"", ""note"": ""TR propagation for output attribute race"", ""C_explicit"": [""race_ethnicity"", ""protected_attribute""], ""C"": [""race_ethnicity"", ""protected_attribute"", ""sensitive_personal_data""], ""U"": [""criminal_justice_research"", ""research""], ""R"": [""delete_on_request"", ""retention_5y""], ""A"": [""AU"", ""DPO"", ""DS""]}"
"PrivacyAnnotation|PA::prop::DataCellArtifact::D3_COMPASRaceBinary::record::1::cell::sex::00186","PrivacyAnnotation","PA::prop::DataCellArtifact::D3_COMPASRaceBinary::record::1::cell::sex::00186","{""key"": ""PA::prop::DataCellArtifact::D3_COMPASRaceBinary::record::1::cell::sex::00186"", ""annotationId"": ""PA::prop::DataCellArtifact::D3_COMPASRaceBinary::record::1::cell::sex::00186"", ""target_label"": ""DataCellArtifact"", ""target_key"": ""D3_COMPASRaceBinary::record::1::cell::sex"", ""granularity"": ""cell"", ""source"": ""propagated:TR"", ""policy_id"": ""B2_binary_race_policy"", ""generated_by"": ""run_fc7d525c22::003::B2_binary_race"", ""note"": ""TR propagation for output attribute sex"", ""C_explicit"": [""gender"", ""protected_attribute""], ""C"": [""gender"", ""protected_attribute"", ""sensitive_personal_data""], ""U"": [""criminal_justice_research"", ""research""], ""R"": [""delete_on_request"", ""retention_5y""], ""A"": [""AU"", ""DPO"", ""DS""]}"
"PrivacyAnnotation|PA::prop::DataCellArtifact::D3_COMPASRaceBinary::record::1::cell::priors_count::00187","PrivacyAnnotation","PA::prop::DataCellArtifact::D3_COMPASRaceBinary::record::1::cell::priors_count::00187","{""key"": ""PA::prop::DataCellArtifact::D3_COMPASRaceBinary::record::1::cell::priors_count::00187"", ""annotationId"": ""PA::prop::DataCellArtifact::D3_COMPASRaceBinary::record::1::cell::priors_count::00187"", ""target_label"": ""DataCellArtifact"", ""target_key"": ""D3_COMPASRaceBinary::record::1::cell::priors_count"", ""granularity"": ""cell"", ""source"": ""propagated:TR"", ""policy_id"": ""B2_binary_race_policy"", ""generated_by"": ""run_fc7d525c22::003::B2_binary_race"", ""note"": ""TR propagation for output attribute priors_count"", ""C_explicit"": [""criminal_justice_sensitive""], ""C"": [""criminal_justice_sensitive"", ""sensitive_personal_data""], ""U"": [""criminal_justice_research"", ""research""], ""R"": [""delete_on_request"", ""retention_5y""], ""A"": [""AU"", ""DPO"", ""DS""]}"
"PrivacyAnnotation|PA::prop::DataCellArtifact::D3_COMPASRaceBinary::record::1::cell::days_b_screening_arrest::00188","PrivacyAnnotation","PA::prop::DataCellArtifact::D3_COMPASRaceBinary::record::1::cell::days_b_screening_arrest::00188","{""key"": ""PA::prop::DataCellArtifact::D3_COMPASRaceBinary::record::1::cell::days_b_screening_arrest::00188"", ""annotationId"": ""PA::prop::DataCellArtifact::D3_COMPASRaceBinary::record::1::cell::days_b_screening_arrest::00188"", ""target_label"": ""DataCellArtifact"", ""target_key"": ""D3_COMPASRaceBinary::record::1::cell::days_b_screening_arrest"", ""granularity"": ""cell"", ""source"": ""propagated:TR"", ""policy_id"": ""B2_binary_race_policy"", ""generated_by"": ""run_fc7d525c22::003::B2_binary_race"", ""note"": ""TR propagation for output attribute days_b_screening_arrest"", ""C_explicit"": [""criminal_justice_sensitive"", ""temporal_quasi_identifier""], ""C"": [""criminal_justice_sensitive"", ""temporal_quasi_identifier"", ""sensitive_personal_data""], ""U"": [""criminal_justice_research"", ""research""], ""R"": [""delete_on_request"", ""retention_5y""], ""A"": [""AU"", ""DPO"", ""DS""]}"
"PrivacyAnnotation|PA::prop::DataCellArtifact::D3_COMPASRaceBinary::record::1::cell::two_year_recid::00189","PrivacyAnnotation","PA::prop::DataCellArtifact::D3_COMPASRaceBinary::record::1::cell::two_year_recid::00189","{""key"": ""PA::prop::DataCellArtifact::D3_COMPASRaceBinary::record::1::cell::two_year_recid::00189"", ""annotationId"": ""PA::prop::DataCellArtifact::D3_COMPASRaceBinary::record::1::cell::two_year_recid::00189"", ""target_label"": ""DataCellArtifact"", ""target_key"": ""D3_COMPASRaceBinary::record::1::cell::two_year_recid"", ""granularity"": ""cell"", ""source"": ""propagated:TR"", ""policy_id"": ""B2_binary_race_policy"", ""generated_by"": ""run_fc7d525c22::003::B2_binary_race"", ""note"": ""TR propagation for output attribute two_year_recid"", ""C_explicit"": [""criminal_justice_sensitive"", ""behavioural_sensitive""], ""C"": [""criminal_justice_sensitive"", ""behavioural_sensitive"", ""sensitive_personal_data""], ""U"": [""criminal_justice_research"", ""research""], ""R"": [""delete_on_request"", ""retention_5y""], ""A"": [""AU"", ""DPO"", ""DS""]}"
"PrivacyAnnotation|PA::prop::DataCellArtifact::D3_COMPASRaceBinary::record::1::cell::c_jail_in::00190","PrivacyAnnotation","PA::prop::DataCellArtifact::D3_COMPASRaceBinary::record::1::cell::c_jail_in::00190","{""key"": ""PA::prop::DataCellArtifact::D3_COMPASRaceBinary::record::1::cell::c_jail_in::00190"", ""annotationId"": ""PA::prop::DataCellArtifact::D3_COMPASRaceBinary::record::1::cell::c_jail_in::00190"", ""target_label"": ""DataCellArtifact"", ""target_key"": ""D3_COMPASRaceBinary::record::1::cell::c_jail_in"", ""granularity"": ""cell"", ""source"": ""propagated:TR"", ""policy_id"": ""B2_binary_race_policy"", ""generated_by"": ""run_fc7d525c22::003::B2_binary_race"", ""note"": ""TR propagation for output attribute c_jail_in"", ""C_explicit"": [""criminal_justice_sensitive"", ""temporal_quasi_identifier""], ""C"": [""criminal_justice_sensitive"", ""temporal_quasi_identifier"", ""sensitive_personal_data""], ""U"": [""criminal_justice_research"", ""research""], ""R"": [""delete_on_request"", ""retention_5y""], ""A"": [""AU"", ""DPO"", ""DS""]}"
"PrivacyAnnotation|PA::prop::DataCellArtifact::D3_COMPASRaceBinary::record::1::cell::c_jail_out::00191","PrivacyAnnotation","PA::prop::DataCellArtifact::D3_COMPASRaceBinary::record::1::cell::c_jail_out::00191","{""key"": ""PA::prop::DataCellArtifact::D3_COMPASRaceBinary::record::1::cell::c_jail_out::00191"", ""annotationId"": ""PA::prop::DataCellArtifact::D3_COMPASRaceBinary::record::1::cell::c_jail_out::00191"", ""target_label"": ""DataCellArtifact"", ""target_key"": ""D3_COMPASRaceBinary::record::1::cell::c_jail_out"", ""granularity"": ""cell"", ""source"": ""propagated:TR"", ""policy_id"": ""B2_binary_race_policy"", ""generated_by"": ""run_fc7d525c22::003::B2_binary_race"", ""note"": ""TR propagation for output attribute c_jail_out"", ""C_explicit"": [""criminal_justice_sensitive"", ""temporal_quasi_identifier""], ""C"": [""criminal_justice_sensitive"", ""temporal_quasi_identifier"", ""sensitive_personal_data""], ""U"": [""criminal_justice_research"", ""research""], ""R"": [""delete_on_request"", ""retention_5y""], ""A"": [""AU"", ""DPO"", ""DS""]}"
"PrivacyAnnotation|PA::prop::DataCellArtifact::D3_COMPASRaceBinary::record::2::cell::age::00192","PrivacyAnnotation","PA::prop::DataCellArtifact::D3_COMPASRaceBinary::record::2::cell::age::00192","{""key"": ""PA::prop::DataCellArtifact::D3_COMPASRaceBinary::record::2::cell::age::00192"", ""annotationId"": ""PA::prop::DataCellArtifact::D3_COMPASRaceBinary::record::2::cell::age::00192"", ""target_label"": ""DataCellArtifact"", ""target_key"": ""D3_COMPASRaceBinary::record::2::cell::age"", ""granularity"": ""cell"", ""source"": ""propagated:TR"", ""policy_id"": ""B2_binary_race_policy"", ""generated_by"": ""run_fc7d525c22::003::B2_binary_race"", ""note"": ""TR propagation for output attribute age"", ""C_explicit"": [""quasi_identifier""], ""C"": [""quasi_identifier"", ""personal_data""], ""U"": [""criminal_justice_research"", ""research""], ""R"": [""delete_on_request"", ""retention_5y""], ""A"": [""AU"", ""DPO"", ""DS""]}"
"PrivacyAnnotation|PA::prop::DataCellArtifact::D3_COMPASRaceBinary::record::2::cell::c_charge_degree::00193","PrivacyAnnotation","PA::prop::DataCellArtifact::D3_COMPASRaceBinary::record::2::cell::c_charge_degree::00193","{""key"": ""PA::prop::DataCellArtifact::D3_COMPASRaceBinary::record::2::cell::c_charge_degree::00193"", ""annotationId"": ""PA::prop::DataCellArtifact::D3_COMPASRaceBinary::record::2::cell::c_charge_degree::00193"", ""target_label"": ""DataCellArtifact"", ""target_key"": ""D3_COMPASRaceBinary::record::2::cell::c_charge_degree"", ""granularity"": ""cell"", ""source"": ""propagated:TR"", ""policy_id"": ""B2_binary_race_policy"", ""generated_by"": ""run_fc7d525c22::003::B2_binary_race"", ""note"": ""TR propagation for output attribute c_charge_degree"", ""C_explicit"": [""criminal_justice_sensitive""], ""C"": [""criminal_justice_sensitive"", ""sensitive_personal_data""], ""U"": [""criminal_justice_research"", ""research""], ""R"": [""delete_on_request"", ""retention_5y""], ""A"": [""AU"", ""DPO"", ""DS""]}"
"PrivacyAnnotation|PA::prop::DataCellArtifact::D3_COMPASRaceBinary::record::2::cell::race::00194","PrivacyAnnotation","PA::prop::DataCellArtifact::D3_COMPASRaceBinary::record::2::cell::race::00194","{""key"": ""PA::prop::DataCellArtifact::D3_COMPASRaceBinary::record::2::cell::race::00194"", ""annotationId"": ""PA::prop::DataCellArtifact::D3_COMPASRaceBinary::record::2::cell::race::00194"", ""target_label"": ""DataCellArtifact"", ""target_key"": ""D3_COMPASRaceBinary::record::2::cell::race"", ""granularity"": ""cell"", ""source"": ""propagated:TR"", ""policy_id"": ""B2_binary_race_policy"", ""generated_by"": ""run_fc7d525c22::003::B2_binary_race"", ""note"": ""TR propagation for output attribute race"", ""C_explicit"": [""race_ethnicity"", ""protected_attribute""], ""C"": [""race_ethnicity"", ""protected_attribute"", ""sensitive_personal_data""], ""U"": [""criminal_justice_research"", ""research""], ""R"": [""delete_on_request"", ""retention_5y""], ""A"": [""AU"", ""DPO"", ""DS""]}"
"PrivacyAnnotation|PA::prop::DataCellArtifact::D3_COMPASRaceBinary::record::2::cell::sex::00195","PrivacyAnnotation","PA::prop::DataCellArtifact::D3_COMPASRaceBinary::record::2::cell::sex::00195","{""key"": ""PA::prop::DataCellArtifact::D3_COMPASRaceBinary::record::2::cell::sex::00195"", ""annotationId"": ""PA::prop::DataCellArtifact::D3_COMPASRaceBinary::record::2::cell::sex::00195"", ""target_label"": ""DataCellArtifact"", ""target_key"": ""D3_COMPASRaceBinary::record::2::cell::sex"", ""granularity"": ""cell"", ""source"": ""propagated:TR"", ""policy_id"": ""B2_binary_race_policy"", ""generated_by"": ""run_fc7d525c22::003::B2_binary_race"", ""note"": ""TR propagation for output attribute sex"", ""C_explicit"": [""gender"", ""protected_attribute""], ""C"": [""gender"", ""protected_attribute"", ""sensitive_personal_data""], ""U"": [""criminal_justice_research"", ""research""], ""R"": [""delete_on_request"", ""retention_5y""], ""A"": [""AU"", ""DPO"", ""DS""]}"
"PrivacyAnnotation|PA::prop::DataCellArtifact::D3_COMPASRaceBinary::record::2::cell::priors_count::00196","PrivacyAnnotation","PA::prop::DataCellArtifact::D3_COMPASRaceBinary::record::2::cell::priors_count::00196","{""key"": ""PA::prop::DataCellArtifact::D3_COMPASRaceBinary::record::2::cell::priors_count::00196"", ""annotationId"": ""PA::prop::DataCellArtifact::D3_COMPASRaceBinary::record::2::cell::priors_count::00196"", ""target_label"": ""DataCellArtifact"", ""target_key"": ""D3_COMPASRaceBinary::record::2::cell::priors_count"", ""granularity"": ""cell"", ""source"": ""propagated:TR"", ""policy_id"": ""B2_binary_race_policy"", ""generated_by"": ""run_fc7d525c22::003::B2_binary_race"", ""note"": ""TR propagation for output attribute priors_count"", ""C_explicit"": [""criminal_justice_sensitive""], ""C"": [""criminal_justice_sensitive"", ""sensitive_personal_data""], ""U"": [""criminal_justice_research"", ""research""], ""R"": [""delete_on_request"", ""retention_5y""], ""A"": [""AU"", ""DPO"", ""DS""]}"
"PrivacyAnnotation|PA::prop::DataCellArtifact::D3_COMPASRaceBinary::record::2::cell::days_b_screening_arrest::00197","PrivacyAnnotation","PA::prop::DataCellArtifact::D3_COMPASRaceBinary::record::2::cell::days_b_screening_arrest::00197","{""key"": ""PA::prop::DataCellArtifact::D3_COMPASRaceBinary::record::2::cell::days_b_screening_arrest::00197"", ""annotationId"": ""PA::prop::DataCellArtifact::D3_COMPASRaceBinary::record::2::cell::days_b_screening_arrest::00197"", ""target_label"": ""DataCellArtifact"", ""target_key"": ""D3_COMPASRaceBinary::record::2::cell::days_b_screening_arrest"", ""granularity"": ""cell"", ""source"": ""propagated:TR"", ""policy_id"": ""B2_binary_race_policy"", ""generated_by"": ""run_fc7d525c22::003::B2_binary_race"", ""note"": ""TR propagation for output attribute days_b_screening_arrest"", ""C_explicit"": [""criminal_justice_sensitive"", ""temporal_quasi_identifier""], ""C"": [""criminal_justice_sensitive"", ""temporal_quasi_identifier"", ""sensitive_personal_data""], ""U"": [""criminal_justice_research"", ""research""], ""R"": [""delete_on_request"", ""retention_5y""], ""A"": [""AU"", ""DPO"", ""DS""]}"
"PrivacyAnnotation|PA::prop::DataCellArtifact::D3_COMPASRaceBinary::record::2::cell::two_year_recid::00198","PrivacyAnnotation","PA::prop::DataCellArtifact::D3_COMPASRaceBinary::record::2::cell::two_year_recid::00198","{""key"": ""PA::prop::DataCellArtifact::D3_COMPASRaceBinary::record::2::cell::two_year_recid::00198"", ""annotationId"": ""PA::prop::DataCellArtifact::D3_COMPASRaceBinary::record::2::cell::two_year_recid::00198"", ""target_label"": ""DataCellArtifact"", ""target_key"": ""D3_COMPASRaceBinary::record::2::cell::two_year_recid"", ""granularity"": ""cell"", ""source"": ""propagated:TR"", ""policy_id"": ""B2_binary_race_policy"", ""generated_by"": ""run_fc7d525c22::003::B2_binary_race"", ""note"": ""TR propagation for output attribute two_year_recid"", ""C_explicit"": [""criminal_justice_sensitive"", ""behavioural_sensitive""], ""C"": [""criminal_justice_sensitive"", ""behavioural_sensitive"", ""sensitive_personal_data""], ""U"": [""criminal_justice_research"", ""research""], ""R"": [""delete_on_request"", ""retention_5y""], ""A"": [""AU"", ""DPO"", ""DS""]}"
"PrivacyAnnotation|PA::prop::DataCellArtifact::D3_COMPASRaceBinary::record::2::cell::c_jail_in::00199","PrivacyAnnotation","PA::prop::DataCellArtifact::D3_COMPASRaceBinary::record::2::cell::c_jail_in::00199","{""key"": ""PA::prop::DataCellArtifact::D3_COMPASRaceBinary::record::2::cell::c_jail_in::00199"", ""annotationId"": ""PA::prop::DataCellArtifact::D3_COMPASRaceBinary::record::2::cell::c_jail_in::00199"", ""target_label"": ""DataCellArtifact"", ""target_key"": ""D3_COMPASRaceBinary::record::2::cell::c_jail_in"", ""granularity"": ""cell"", ""source"": ""propagated:TR"", ""policy_id"": ""B2_binary_race_policy"", ""generated_by"": ""run_fc7d525c22::003::B2_binary_race"", ""note"": ""TR propagation for output attribute c_jail_in"", ""C_explicit"": [""criminal_justice_sensitive"", ""temporal_quasi_identifier""], ""C"": [""criminal_justice_sensitive"", ""temporal_quasi_identifier"", ""sensitive_personal_data""], ""U"": [""criminal_justice_research"", ""research""], ""R"": [""delete_on_request"", ""retention_5y""], ""A"": [""AU"", ""DPO"", ""DS""]}"
"PrivacyAnnotation|PA::prop::DataCellArtifact::D3_COMPASRaceBinary::record::2::cell::c_jail_out::00200","PrivacyAnnotation","PA::prop::DataCellArtifact::D3_COMPASRaceBinary::record::2::cell::c_jail_out::00200","{""key"": ""PA::prop::DataCellArtifact::D3_COMPASRaceBinary::record::2::cell::c_jail_out::00200"", ""annotationId"": ""PA::prop::DataCellArtifact::D3_COMPASRaceBinary::record::2::cell::c_jail_out::00200"", ""target_label"": ""DataCellArtifact"", ""target_key"": ""D3_COMPASRaceBinary::record::2::cell::c_jail_out"", ""granularity"": ""cell"", ""source"": ""propagated:TR"", ""policy_id"": ""B2_binary_race_policy"", ""generated_by"": ""run_fc7d525c22::003::B2_binary_race"", ""note"": ""TR propagation for output attribute c_jail_out"", ""C_explicit"": [""criminal_justice_sensitive"", ""temporal_quasi_identifier""], ""C"": [""criminal_justice_sensitive"", ""temporal_quasi_identifier"", ""sensitive_personal_data""], ""U"": [""criminal_justice_research"", ""research""], ""R"": [""delete_on_request"", ""retention_5y""], ""A"": [""AU"", ""DPO"", ""DS""]}"
"PrivacyAnnotation|PA::prop::DataCellArtifact::D3_COMPASRaceBinary::record::4::cell::age::00201","PrivacyAnnotation","PA::prop::DataCellArtifact::D3_COMPASRaceBinary::record::4::cell::age::00201","{""key"": ""PA::prop::DataCellArtifact::D3_COMPASRaceBinary::record::4::cell::age::00201"", ""annotationId"": ""PA::prop::DataCellArtifact::D3_COMPASRaceBinary::record::4::cell::age::00201"", ""target_label"": ""DataCellArtifact"", ""target_key"": ""D3_COMPASRaceBinary::record::4::cell::age"", ""granularity"": ""cell"", ""source"": ""propagated:TR"", ""policy_id"": ""B2_binary_race_policy"", ""generated_by"": ""run_fc7d525c22::003::B2_binary_race"", ""note"": ""TR propagation for output attribute age"", ""C_explicit"": [""quasi_identifier""], ""C"": [""quasi_identifier"", ""personal_data""], ""U"": [""criminal_justice_research"", ""research""], ""R"": [""delete_on_request"", ""retention_5y""], ""A"": [""AU"", ""DPO"", ""DS""]}"
"PrivacyAnnotation|PA::prop::DataCellArtifact::D3_COMPASRaceBinary::record::4::cell::c_charge_degree::00202","PrivacyAnnotation","PA::prop::DataCellArtifact::D3_COMPASRaceBinary::record::4::cell::c_charge_degree::00202","{""key"": ""PA::prop::DataCellArtifact::D3_COMPASRaceBinary::record::4::cell::c_charge_degree::00202"", ""annotationId"": ""PA::prop::DataCellArtifact::D3_COMPASRaceBinary::record::4::cell::c_charge_degree::00202"", ""target_label"": ""DataCellArtifact"", ""target_key"": ""D3_COMPASRaceBinary::record::4::cell::c_charge_degree"", ""granularity"": ""cell"", ""source"": ""propagated:TR"", ""policy_id"": ""B2_binary_race_policy"", ""generated_by"": ""run_fc7d525c22::003::B2_binary_race"", ""note"": ""TR propagation for output attribute c_charge_degree"", ""C_explicit"": [""criminal_justice_sensitive""], ""C"": [""criminal_justice_sensitive"", ""sensitive_personal_data""], ""U"": [""criminal_justice_research"", ""research""], ""R"": [""delete_on_request"", ""retention_5y""], ""A"": [""AU"", ""DPO"", ""DS""]}"
"PrivacyAnnotation|PA::prop::DataCellArtifact::D3_COMPASRaceBinary::record::4::cell::race::00203","PrivacyAnnotation","PA::prop::DataCellArtifact::D3_COMPASRaceBinary::record::4::cell::race::00203","{""key"": ""PA::prop::DataCellArtifact::D3_COMPASRaceBinary::record::4::cell::race::00203"", ""annotationId"": ""PA::prop::DataCellArtifact::D3_COMPASRaceBinary::record::4::cell::race::00203"", ""target_label"": ""DataCellArtifact"", ""target_key"": ""D3_COMPASRaceBinary::record::4::cell::race"", ""granularity"": ""cell"", ""source"": ""propagated:TR"", ""policy_id"": ""B2_binary_race_policy"", ""generated_by"": ""run_fc7d525c22::003::B2_binary_race"", ""note"": ""TR propagation for output attribute race"", ""C_explicit"": [""race_ethnicity"", ""protected_attribute""], ""C"": [""race_ethnicity"", ""protected_attribute"", ""sensitive_personal_data""], ""U"": [""criminal_justice_research"", ""research""], ""R"": [""delete_on_request"", ""retention_5y""], ""A"": [""AU"", ""DPO"", ""DS""]}"
"PrivacyAnnotation|PA::prop::DataCellArtifact::D3_COMPASRaceBinary::record::4::cell::sex::00204","PrivacyAnnotation","PA::prop::DataCellArtifact::D3_COMPASRaceBinary::record::4::cell::sex::00204","{""key"": ""PA::prop::DataCellArtifact::D3_COMPASRaceBinary::record::4::cell::sex::00204"", ""annotationId"": ""PA::prop::DataCellArtifact::D3_COMPASRaceBinary::record::4::cell::sex::00204"", ""target_label"": ""DataCellArtifact"", ""target_key"": ""D3_COMPASRaceBinary::record::4::cell::sex"", ""granularity"": ""cell"", ""source"": ""propagated:TR"", ""policy_id"": ""B2_binary_race_policy"", ""generated_by"": ""run_fc7d525c22::003::B2_binary_race"", ""note"": ""TR propagation for output attribute sex"", ""C_explicit"": [""gender"", ""protected_attribute""], ""C"": [""gender"", ""protected_attribute"", ""sensitive_personal_data""], ""U"": [""criminal_justice_research"", ""research""], ""R"": [""delete_on_request"", ""retention_5y""], ""A"": [""AU"", ""DPO"", ""DS""]}"
"PrivacyAnnotation|PA::prop::DataCellArtifact::D3_COMPASRaceBinary::record::4::cell::priors_count::00205","PrivacyAnnotation","PA::prop::DataCellArtifact::D3_COMPASRaceBinary::record::4::cell::priors_count::00205","{""key"": ""PA::prop::DataCellArtifact::D3_COMPASRaceBinary::record::4::cell::priors_count::00205"", ""annotationId"": ""PA::prop::DataCellArtifact::D3_COMPASRaceBinary::record::4::cell::priors_count::00205"", ""target_label"": ""DataCellArtifact"", ""target_key"": ""D3_COMPASRaceBinary::record::4::cell::priors_count"", ""granularity"": ""cell"", ""source"": ""propagated:TR"", ""policy_id"": ""B2_binary_race_policy"", ""generated_by"": ""run_fc7d525c22::003::B2_binary_race"", ""note"": ""TR propagation for output attribute priors_count"", ""C_explicit"": [""criminal_justice_sensitive""], ""C"": [""criminal_justice_sensitive"", ""sensitive_personal_data""], ""U"": [""criminal_justice_research"", ""research""], ""R"": [""delete_on_request"", ""retention_5y""], ""A"": [""AU"", ""DPO"", ""DS""]}"
"PrivacyAnnotation|PA::prop::DataCellArtifact::D3_COMPASRaceBinary::record::4::cell::days_b_screening_arrest::00206","PrivacyAnnotation","PA::prop::DataCellArtifact::D3_COMPASRaceBinary::record::4::cell::days_b_screening_arrest::00206","{""key"": ""PA::prop::DataCellArtifact::D3_COMPASRaceBinary::record::4::cell::days_b_screening_arrest::00206"", ""annotationId"": ""PA::prop::DataCellArtifact::D3_COMPASRaceBinary::record::4::cell::days_b_screening_arrest::00206"", ""target_label"": ""DataCellArtifact"", ""target_key"": ""D3_COMPASRaceBinary::record::4::cell::days_b_screening_arrest"", ""granularity"": ""cell"", ""source"": ""propagated:TR"", ""policy_id"": ""B2_binary_race_policy"", ""generated_by"": ""run_fc7d525c22::003::B2_binary_race"", ""note"": ""TR propagation for output attribute days_b_screening_arrest"", ""C_explicit"": [""criminal_justice_sensitive"", ""temporal_quasi_identifier""], ""C"": [""criminal_justice_sensitive"", ""temporal_quasi_identifier"", ""sensitive_personal_data""], ""U"": [""criminal_justice_research"", ""research""], ""R"": [""delete_on_request"", ""retention_5y""], ""A"": [""AU"", ""DPO"", ""DS""]}"
"PrivacyAnnotation|PA::prop::DataCellArtifact::D3_COMPASRaceBinary::record::4::cell::two_year_recid::00207","PrivacyAnnotation","PA::prop::DataCellArtifact::D3_COMPASRaceBinary::record::4::cell::two_year_recid::00207","{""key"": ""PA::prop::DataCellArtifact::D3_COMPASRaceBinary::record::4::cell::two_year_recid::00207"", ""annotationId"": ""PA::prop::DataCellArtifact::D3_COMPASRaceBinary::record::4::cell::two_year_recid::00207"", ""target_label"": ""DataCellArtifact"", ""target_key"": ""D3_COMPASRaceBinary::record::4::cell::two_year_recid"", ""granularity"": ""cell"", ""source"": ""propagated:TR"", ""policy_id"": ""B2_binary_race_policy"", ""generated_by"": ""run_fc7d525c22::003::B2_binary_race"", ""note"": ""TR propagation for output attribute two_year_recid"", ""C_explicit"": [""criminal_justice_sensitive"", ""behavioural_sensitive""], ""C"": [""criminal_justice_sensitive"", ""behavioural_sensitive"", ""sensitive_personal_data""], ""U"": [""criminal_justice_research"", ""research""], ""R"": [""delete_on_request"", ""retention_5y""], ""A"": [""AU"", ""DPO"", ""DS""]}"
"PrivacyAnnotation|PA::prop::DataCellArtifact::D3_COMPASRaceBinary::record::4::cell::c_jail_in::00208","PrivacyAnnotation","PA::prop::DataCellArtifact::D3_COMPASRaceBinary::record::4::cell::c_jail_in::00208","{""key"": ""PA::prop::DataCellArtifact::D3_COMPASRaceBinary::record::4::cell::c_jail_in::00208"", ""annotationId"": ""PA::prop::DataCellArtifact::D3_COMPASRaceBinary::record::4::cell::c_jail_in::00208"", ""target_label"": ""DataCellArtifact"", ""target_key"": ""D3_COMPASRaceBinary::record::4::cell::c_jail_in"", ""granularity"": ""cell"", ""source"": ""propagated:TR"", ""policy_id"": ""B2_binary_race_policy"", ""generated_by"": ""run_fc7d525c22::003::B2_binary_race"", ""note"": ""TR propagation for output attribute c_jail_in"", ""C_explicit"": [""criminal_justice_sensitive"", ""temporal_quasi_identifier""], ""C"": [""criminal_justice_sensitive"", ""temporal_quasi_identifier"", ""sensitive_personal_data""], ""U"": [""criminal_justice_research"", ""research""], ""R"": [""delete_on_request"", ""retention_5y""], ""A"": [""AU"", ""DPO"", ""DS""]}"
"PrivacyAnnotation|PA::prop::DataCellArtifact::D3_COMPASRaceBinary::record::4::cell::c_jail_out::00209","PrivacyAnnotation","PA::prop::DataCellArtifact::D3_COMPASRaceBinary::record::4::cell::c_jail_out::00209","{""key"": ""PA::prop::DataCellArtifact::D3_COMPASRaceBinary::record::4::cell::c_jail_out::00209"", ""annotationId"": ""PA::prop::DataCellArtifact::D3_COMPASRaceBinary::record::4::cell::c_jail_out::00209"", ""target_label"": ""DataCellArtifact"", ""target_key"": ""D3_COMPASRaceBinary::record::4::cell::c_jail_out"", ""granularity"": ""cell"", ""source"": ""propagated:TR"", ""policy_id"": ""B2_binary_race_policy"", ""generated_by"": ""run_fc7d525c22::003::B2_binary_race"", ""note"": ""TR propagation for output attribute c_jail_out"", ""C_explicit"": [""criminal_justice_sensitive"", ""temporal_quasi_identifier""], ""C"": [""criminal_justice_sensitive"", ""temporal_quasi_identifier"", ""sensitive_personal_data""], ""U"": [""criminal_justice_research"", ""research""], ""R"": [""delete_on_request"", ""retention_5y""], ""A"": [""AU"", ""DPO"", ""DS""]}"
"PrivacyAnnotation|PA::prop::DataCellArtifact::D3_COMPASRaceBinary::record::5::cell::age::00210","PrivacyAnnotation","PA::prop::DataCellArtifact::D3_COMPASRaceBinary::record::5::cell::age::00210","{""key"": ""PA::prop::DataCellArtifact::D3_COMPASRaceBinary::record::5::cell::age::00210"", ""annotationId"": ""PA::prop::DataCellArtifact::D3_COMPASRaceBinary::record::5::cell::age::00210"", ""target_label"": ""DataCellArtifact"", ""target_key"": ""D3_COMPASRaceBinary::record::5::cell::age"", ""granularity"": ""cell"", ""source"": ""propagated:TR"", ""policy_id"": ""B2_binary_race_policy"", ""generated_by"": ""run_fc7d525c22::003::B2_binary_race"", ""note"": ""TR propagation for output attribute age"", ""C_explicit"": [""quasi_identifier""], ""C"": [""quasi_identifier"", ""personal_data""], ""U"": [""criminal_justice_research"", ""research""], ""R"": [""delete_on_request"", ""retention_5y""], ""A"": [""AU"", ""DPO"", ""DS""]}"
"PrivacyAnnotation|PA::prop::DataCellArtifact::D3_COMPASRaceBinary::record::5::cell::c_charge_degree::00211","PrivacyAnnotation","PA::prop::DataCellArtifact::D3_COMPASRaceBinary::record::5::cell::c_charge_degree::00211","{""key"": ""PA::prop::DataCellArtifact::D3_COMPASRaceBinary::record::5::cell::c_charge_degree::00211"", ""annotationId"": ""PA::prop::DataCellArtifact::D3_COMPASRaceBinary::record::5::cell::c_charge_degree::00211"", ""target_label"": ""DataCellArtifact"", ""target_key"": ""D3_COMPASRaceBinary::record::5::cell::c_charge_degree"", ""granularity"": ""cell"", ""source"": ""propagated:TR"", ""policy_id"": ""B2_binary_race_policy"", ""generated_by"": ""run_fc7d525c22::003::B2_binary_race"", ""note"": ""TR propagation for output attribute c_charge_degree"", ""C_explicit"": [""criminal_justice_sensitive""], ""C"": [""criminal_justice_sensitive"", ""sensitive_personal_data""], ""U"": [""criminal_justice_research"", ""research""], ""R"": [""delete_on_request"", ""retention_5y""], ""A"": [""AU"", ""DPO"", ""DS""]}"
"PrivacyAnnotation|PA::prop::DataCellArtifact::D3_COMPASRaceBinary::record::5::cell::race::00212","PrivacyAnnotation","PA::prop::DataCellArtifact::D3_COMPASRaceBinary::record::5::cell::race::00212","{""key"": ""PA::prop::DataCellArtifact::D3_COMPASRaceBinary::record::5::cell::race::00212"", ""annotationId"": ""PA::prop::DataCellArtifact::D3_COMPASRaceBinary::record::5::cell::race::00212"", ""target_label"": ""DataCellArtifact"", ""target_key"": ""D3_COMPASRaceBinary::record::5::cell::race"", ""granularity"": ""cell"", ""source"": ""propagated:TR"", ""policy_id"": ""B2_binary_race_policy"", ""generated_by"": ""run_fc7d525c22::003::B2_binary_race"", ""note"": ""TR propagation for output attribute race"", ""C_explicit"": [""race_ethnicity"", ""protected_attribute""], ""C"": [""race_ethnicity"", ""protected_attribute"", ""sensitive_personal_data""], ""U"": [""criminal_justice_research"", ""research""], ""R"": [""delete_on_request"", ""retention_5y""], ""A"": [""AU"", ""DPO"", ""DS""]}"
"PrivacyAnnotation|PA::prop::DataCellArtifact::D3_COMPASRaceBinary::record::5::cell::sex::00213","PrivacyAnnotation","PA::prop::DataCellArtifact::D3_COMPASRaceBinary::record::5::cell::sex::00213","{""key"": ""PA::prop::DataCellArtifact::D3_COMPASRaceBinary::record::5::cell::sex::00213"", ""annotationId"": ""PA::prop::DataCellArtifact::D3_COMPASRaceBinary::record::5::cell::sex::00213"", ""target_label"": ""DataCellArtifact"", ""target_key"": ""D3_COMPASRaceBinary::record::5::cell::sex"", ""granularity"": ""cell"", ""source"": ""propagated:TR"", ""policy_id"": ""B2_binary_race_policy"", ""generated_by"": ""run_fc7d525c22::003::B2_binary_race"", ""note"": ""TR propagation for output attribute sex"", ""C_explicit"": [""gender"", ""protected_attribute""], ""C"": [""gender"", ""protected_attribute"", ""sensitive_personal_data""], ""U"": [""criminal_justice_research"", ""research""], ""R"": [""delete_on_request"", ""retention_5y""], ""A"": [""AU"", ""DPO"", ""DS""]}"
"PrivacyAnnotation|PA::prop::DataCellArtifact::D3_COMPASRaceBinary::record::5::cell::priors_count::00214","PrivacyAnnotation","PA::prop::DataCellArtifact::D3_COMPASRaceBinary::record::5::cell::priors_count::00214","{""key"": ""PA::prop::DataCellArtifact::D3_COMPASRaceBinary::record::5::cell::priors_count::00214"", ""annotationId"": ""PA::prop::DataCellArtifact::D3_COMPASRaceBinary::record::5::cell::priors_count::00214"", ""target_label"": ""DataCellArtifact"", ""target_key"": ""D3_COMPASRaceBinary::record::5::cell::priors_count"", ""granularity"": ""cell"", ""source"": ""propagated:TR"", ""policy_id"": ""B2_binary_race_policy"", ""generated_by"": ""run_fc7d525c22::003::B2_binary_race"", ""note"": ""TR propagation for output attribute priors_count"", ""C_explicit"": [""criminal_justice_sensitive""], ""C"": [""criminal_justice_sensitive"", ""sensitive_personal_data""], ""U"": [""criminal_justice_research"", ""research""], ""R"": [""delete_on_request"", ""retention_5y""], ""A"": [""AU"", ""DPO"", ""DS""]}"
"PrivacyAnnotation|PA::prop::DataCellArtifact::D3_COMPASRaceBinary::record::5::cell::days_b_screening_arrest::00215","PrivacyAnnotation","PA::prop::DataCellArtifact::D3_COMPASRaceBinary::record::5::cell::days_b_screening_arrest::00215","{""key"": ""PA::prop::DataCellArtifact::D3_COMPASRaceBinary::record::5::cell::days_b_screening_arrest::00215"", ""annotationId"": ""PA::prop::DataCellArtifact::D3_COMPASRaceBinary::record::5::cell::days_b_screening_arrest::00215"", ""target_label"": ""DataCellArtifact"", ""target_key"": ""D3_COMPASRaceBinary::record::5::cell::days_b_screening_arrest"", ""granularity"": ""cell"", ""source"": ""propagated:TR"", ""policy_id"": ""B2_binary_race_policy"", ""generated_by"": ""run_fc7d525c22::003::B2_binary_race"", ""note"": ""TR propagation for output attribute days_b_screening_arrest"", ""C_explicit"": [""criminal_justice_sensitive"", ""temporal_quasi_identifier""], ""C"": [""criminal_justice_sensitive"", ""temporal_quasi_identifier"", ""sensitive_personal_data""], ""U"": [""criminal_justice_research"", ""research""], ""R"": [""delete_on_request"", ""retention_5y""], ""A"": [""AU"", ""DPO"", ""DS""]}"
"PrivacyAnnotation|PA::prop::DataCellArtifact::D3_COMPASRaceBinary::record::5::cell::two_year_recid::00216","PrivacyAnnotation","PA::prop::DataCellArtifact::D3_COMPASRaceBinary::record::5::cell::two_year_recid::00216","{""key"": ""PA::prop::DataCellArtifact::D3_COMPASRaceBinary::record::5::cell::two_year_recid::00216"", ""annotationId"": ""PA::prop::DataCellArtifact::D3_COMPASRaceBinary::record::5::cell::two_year_recid::00216"", ""target_label"": ""DataCellArtifact"", ""target_key"": ""D3_COMPASRaceBinary::record::5::cell::two_year_recid"", ""granularity"": ""cell"", ""source"": ""propagated:TR"", ""policy_id"": ""B2_binary_race_policy"", ""generated_by"": ""run_fc7d525c22::003::B2_binary_race"", ""note"": ""TR propagation for output attribute two_year_recid"", ""C_explicit"": [""criminal_justice_sensitive"", ""behavioural_sensitive""], ""C"": [""criminal_justice_sensitive"", ""behavioural_sensitive"", ""sensitive_personal_data""], ""U"": [""criminal_justice_research"", ""research""], ""R"": [""delete_on_request"", ""retention_5y""], ""A"": [""AU"", ""DPO"", ""DS""]}"
"PrivacyAnnotation|PA::prop::DataCellArtifact::D3_COMPASRaceBinary::record::5::cell::c_jail_in::00217","PrivacyAnnotation","PA::prop::DataCellArtifact::D3_COMPASRaceBinary::record::5::cell::c_jail_in::00217","{""key"": ""PA::prop::DataCellArtifact::D3_COMPASRaceBinary::record::5::cell::c_jail_in::00217"", ""annotationId"": ""PA::prop::DataCellArtifact::D3_COMPASRaceBinary::record::5::cell::c_jail_in::00217"", ""target_label"": ""DataCellArtifact"", ""target_key"": ""D3_COMPASRaceBinary::record::5::cell::c_jail_in"", ""granularity"": ""cell"", ""source"": ""propagated:TR"", ""policy_id"": ""B2_binary_race_policy"", ""generated_by"": ""run_fc7d525c22::003::B2_binary_race"", ""note"": ""TR propagation for output attribute c_jail_in"", ""C_explicit"": [""criminal_justice_sensitive"", ""temporal_quasi_identifier""], ""C"": [""criminal_justice_sensitive"", ""temporal_quasi_identifier"", ""sensitive_personal_data""], ""U"": [""criminal_justice_research"", ""research""], ""R"": [""delete_on_request"", ""retention_5y""], ""A"": [""AU"", ""DPO"", ""DS""]}"
"PrivacyAnnotation|PA::prop::DataCellArtifact::D3_COMPASRaceBinary::record::5::cell::c_jail_out::00218","PrivacyAnnotation","PA::prop::DataCellArtifact::D3_COMPASRaceBinary::record::5::cell::c_jail_out::00218","{""key"": ""PA::prop::DataCellArtifact::D3_COMPASRaceBinary::record::5::cell::c_jail_out::00218"", ""annotationId"": ""PA::prop::DataCellArtifact::D3_COMPASRaceBinary::record::5::cell::c_jail_out::00218"", ""target_label"": ""DataCellArtifact"", ""target_key"": ""D3_COMPASRaceBinary::record::5::cell::c_jail_out"", ""granularity"": ""cell"", ""source"": ""propagated:TR"", ""policy_id"": ""B2_binary_race_policy"", ""generated_by"": ""run_fc7d525c22::003::B2_binary_race"", ""note"": ""TR propagation for output attribute c_jail_out"", ""C_explicit"": [""criminal_justice_sensitive"", ""temporal_quasi_identifier""], ""C"": [""criminal_justice_sensitive"", ""temporal_quasi_identifier"", ""sensitive_personal_data""], ""U"": [""criminal_justice_research"", ""research""], ""R"": [""delete_on_request"", ""retention_5y""], ""A"": [""AU"", ""DPO"", ""DS""]}"
"PrivacyAnnotation|PA::prop::DataRecordArtifact::D3_COMPASRaceBinary::record::0::00219","PrivacyAnnotation","PA::prop::DataRecordArtifact::D3_COMPASRaceBinary::record::0::00219","{""key"": ""PA::prop::DataRecordArtifact::D3_COMPASRaceBinary::record::0::00219"", ""annotationId"": ""PA::prop::DataRecordArtifact::D3_COMPASRaceBinary::record::0::00219"", ""target_label"": ""DataRecordArtifact"", ""target_key"": ""D3_COMPASRaceBinary::record::0"", ""granularity"": ""record"", ""source"": ""propagated:TR"", ""policy_id"": ""B2_binary_race_policy"", ""generated_by"": ""run_fc7d525c22::003::B2_binary_race"", ""note"": ""Record-level annotation summarised from cells of D3_COMPASRaceBinary."", ""C_explicit"": [""quasi_identifier"", ""criminal_justice_sensitive"", ""race_ethnicity"", ""protected_attribute"", ""gender"", ""temporal_quasi_identifier"", ""behavioural_sensitive""], ""C"": [""quasi_identifier"", ""criminal_justice_sensitive"", ""race_ethnicity"", ""protected_attribute"", ""gender"", ""temporal_quasi_identifier"", ""behavioural_sensitive"", ""personal_data"", ""sensitive_personal_data""], ""U"": [""criminal_justice_research"", ""research""], ""R"": [""delete_on_request"", ""retention_5y""], ""A"": [""AU"", ""DPO"", ""DS""]}"
"PrivacyAnnotation|PA::prop::DataRecordArtifact::D3_COMPASRaceBinary::record::1::00220","PrivacyAnnotation","PA::prop::DataRecordArtifact::D3_COMPASRaceBinary::record::1::00220","{""key"": ""PA::prop::DataRecordArtifact::D3_COMPASRaceBinary::record::1::00220"", ""annotationId"": ""PA::prop::DataRecordArtifact::D3_COMPASRaceBinary::record::1::00220"", ""target_label"": ""DataRecordArtifact"", ""target_key"": ""D3_COMPASRaceBinary::record::1"", ""granularity"": ""record"", ""source"": ""propagated:TR"", ""policy_id"": ""B2_binary_race_policy"", ""generated_by"": ""run_fc7d525c22::003::B2_binary_race"", ""note"": ""Record-level annotation summarised from cells of D3_COMPASRaceBinary."", ""C_explicit"": [""quasi_identifier"", ""criminal_justice_sensitive"", ""race_ethnicity"", ""protected_attribute"", ""gender"", ""temporal_quasi_identifier"", ""behavioural_sensitive""], ""C"": [""quasi_identifier"", ""criminal_justice_sensitive"", ""race_ethnicity"", ""protected_attribute"", ""gender"", ""temporal_quasi_identifier"", ""behavioural_sensitive"", ""personal_data"", ""sensitive_personal_data""], ""U"": [""criminal_justice_research"", ""research""], ""R"": [""delete_on_request"", ""retention_5y""], ""A"": [""AU"", ""DPO"", ""DS""]}"
"PrivacyAnnotation|PA::prop::DataRecordArtifact::D3_COMPASRaceBinary::record::2::00221","PrivacyAnnotation","PA::prop::DataRecordArtifact::D3_COMPASRaceBinary::record::2::00221","{""key"": ""PA::prop::DataRecordArtifact::D3_COMPASRaceBinary::record::2::00221"", ""annotationId"": ""PA::prop::DataRecordArtifact::D3_COMPASRaceBinary::record::2::00221"", ""target_label"": ""DataRecordArtifact"", ""target_key"": ""D3_COMPASRaceBinary::record::2"", ""granularity"": ""record"", ""source"": ""propagated:TR"", ""policy_id"": ""B2_binary_race_policy"", ""generated_by"": ""run_fc7d525c22::003::B2_binary_race"", ""note"": ""Record-level annotation summarised from cells of D3_COMPASRaceBinary."", ""C_explicit"": [""quasi_identifier"", ""criminal_justice_sensitive"", ""race_ethnicity"", ""protected_attribute"", ""gender"", ""temporal_quasi_identifier"", ""behavioural_sensitive""], ""C"": [""quasi_identifier"", ""criminal_justice_sensitive"", ""race_ethnicity"", ""protected_attribute"", ""gender"", ""temporal_quasi_identifier"", ""behavioural_sensitive"", ""personal_data"", ""sensitive_personal_data""], ""U"": [""criminal_justice_research"", ""research""], ""R"": [""delete_on_request"", ""retention_5y""], ""A"": [""AU"", ""DPO"", ""DS""]}"
"PrivacyAnnotation|PA::prop::DataRecordArtifact::D3_COMPASRaceBinary::record::4::00222","PrivacyAnnotation","PA::prop::DataRecordArtifact::D3_COMPASRaceBinary::record::4::00222","{""key"": ""PA::prop::DataRecordArtifact::D3_COMPASRaceBinary::record::4::00222"", ""annotationId"": ""PA::prop::DataRecordArtifact::D3_COMPASRaceBinary::record::4::00222"", ""target_label"": ""DataRecordArtifact"", ""target_key"": ""D3_COMPASRaceBinary::record::4"", ""granularity"": ""record"", ""source"": ""propagated:TR"", ""policy_id"": ""B2_binary_race_policy"", ""generated_by"": ""run_fc7d525c22::003::B2_binary_race"", ""note"": ""Record-level annotation summarised from cells of D3_COMPASRaceBinary."", ""C_explicit"": [""quasi_identifier"", ""criminal_justice_sensitive"", ""race_ethnicity"", ""protected_attribute"", ""gender"", ""temporal_quasi_identifier"", ""behavioural_sensitive""], ""C"": [""quasi_identifier"", ""criminal_justice_sensitive"", ""race_ethnicity"", ""protected_attribute"", ""gender"", ""temporal_quasi_identifier"", ""behavioural_sensitive"", ""personal_data"", ""sensitive_personal_data""], ""U"": [""criminal_justice_research"", ""research""], ""R"": [""delete_on_request"", ""retention_5y""], ""A"": [""AU"", ""DPO"", ""DS""]}"
"PrivacyAnnotation|PA::prop::DataRecordArtifact::D3_COMPASRaceBinary::record::5::00223","PrivacyAnnotation","PA::prop::DataRecordArtifact::D3_COMPASRaceBinary::record::5::00223","{""key"": ""PA::prop::DataRecordArtifact::D3_COMPASRaceBinary::record::5::00223"", ""annotationId"": ""PA::prop::DataRecordArtifact::D3_COMPASRaceBinary::record::5::00223"", ""target_label"": ""DataRecordArtifact"", ""target_key"": ""D3_COMPASRaceBinary::record::5"", ""granularity"": ""record"", ""source"": ""propagated:TR"", ""policy_id"": ""B2_binary_race_policy"", ""generated_by"": ""run_fc7d525c22::003::B2_binary_race"", ""note"": ""Record-level annotation summarised from cells of D3_COMPASRaceBinary."", ""C_explicit"": [""quasi_identifier"", ""criminal_justice_sensitive"", ""race_ethnicity"", ""protected_attribute"", ""gender"", ""temporal_quasi_identifier"", ""behavioural_sensitive""], ""C"": [""quasi_identifier"", ""criminal_justice_sensitive"", ""race_ethnicity"", ""protected_attribute"", ""gender"", ""temporal_quasi_identifier"", ""behavioural_sensitive"", ""personal_data"", ""sensitive_personal_data""], ""U"": [""criminal_justice_research"", ""research""], ""R"": [""delete_on_request"", ""retention_5y""], ""A"": [""AU"", ""DPO"", ""DS""]}"
"PrivacyAnnotation|PA::prop::DatasetArtifact::D3_COMPASRaceBinary::00224","PrivacyAnnotation","PA::prop::DatasetArtifact::D3_COMPASRaceBinary::00224","{""key"": ""PA::prop::DatasetArtifact::D3_COMPASRaceBinary::00224"", ""annotationId"": ""PA::prop::DatasetArtifact::D3_COMPASRaceBinary::00224"", ""target_label"": ""DatasetArtifact"", ""target_key"": ""D3_COMPASRaceBinary"", ""granularity"": ""dataset"", ""source"": ""propagated:TR"", ""policy_id"": ""B2_binary_race_policy"", ""generated_by"": ""run_fc7d525c22::003::B2_binary_race"", ""note"": ""TR dataset-level propagation preserving input dataset-level governance constraints."", ""C_explicit"": [""quasi_identifier"", ""criminal_justice_sensitive"", ""race_ethnicity"", ""protected_attribute"", ""gender"", ""temporal_quasi_identifier"", ""behavioural_sensitive""], ""C"": [""quasi_identifier"", ""criminal_justice_sensitive"", ""race_ethnicity"", ""protected_attribute"", ""gender"", ""temporal_quasi_identifier"", ""behavioural_sensitive"", ""personal_data"", ""sensitive_personal_data""], ""U"": [""criminal_justice_research"", ""research""], ""R"": [""delete_on_request"", ""retention_5y""], ""A"": [""AU"", ""DPO"", ""DS""]}"
"PrivacyAnnotation|PA::prop::DataCellArtifact::D4_COMPASLabelTransformed::record::0::cell::age::00225","PrivacyAnnotation","PA::prop::DataCellArtifact::D4_COMPASLabelTransformed::record::0::cell::age::00225","{""key"": ""PA::prop::DataCellArtifact::D4_COMPASLabelTransformed::record::0::cell::age::00225"", ""annotationId"": ""PA::prop::DataCellArtifact::D4_COMPASLabelTransformed::record::0::cell::age::00225"", ""target_label"": ""DataCellArtifact"", ""target_key"": ""D4_COMPASLabelTransformed::record::0::cell::age"", ""granularity"": ""cell"", ""source"": ""propagated:TR"", ""policy_id"": ""B3_label_transform_policy"", ""generated_by"": ""run_fc7d525c22::004::B3_label_transform"", ""note"": ""TR propagation for output attribute age"", ""C_explicit"": [""quasi_identifier""], ""C"": [""quasi_identifier"", ""personal_data""], ""U"": [""criminal_justice_research"", ""research""], ""R"": [""delete_on_request"", ""retention_5y""], ""A"": [""AU"", ""DPO"", ""DS""]}"
"PrivacyAnnotation|PA::prop::DataCellArtifact::D4_COMPASLabelTransformed::record::0::cell::c_charge_degree::00226","PrivacyAnnotation","PA::prop::DataCellArtifact::D4_COMPASLabelTransformed::record::0::cell::c_charge_degree::00226","{""key"": ""PA::prop::DataCellArtifact::D4_COMPASLabelTransformed::record::0::cell::c_charge_degree::00226"", ""annotationId"": ""PA::prop::DataCellArtifact::D4_COMPASLabelTransformed::record::0::cell::c_charge_degree::00226"", ""target_label"": ""DataCellArtifact"", ""target_key"": ""D4_COMPASLabelTransformed::record::0::cell::c_charge_degree"", ""granularity"": ""cell"", ""source"": ""propagated:TR"", ""policy_id"": ""B3_label_transform_policy"", ""generated_by"": ""run_fc7d525c22::004::B3_label_transform"", ""note"": ""TR propagation for output attribute c_charge_degree"", ""C_explicit"": [""criminal_justice_sensitive""], ""C"": [""criminal_justice_sensitive"", ""sensitive_personal_data""], ""U"": [""criminal_justice_research"", ""research""], ""R"": [""delete_on_request"", ""retention_5y""], ""A"": [""AU"", ""DPO"", ""DS""]}"
"PrivacyAnnotation|PA::prop::DataCellArtifact::D4_COMPASLabelTransformed::record::0::cell::race::00227","PrivacyAnnotation","PA::prop::DataCellArtifact::D4_COMPASLabelTransformed::record::0::cell::race::00227","{""key"": ""PA::prop::DataCellArtifact::D4_COMPASLabelTransformed::record::0::cell::race::00227"", ""annotationId"": ""PA::prop::DataCellArtifact::D4_COMPASLabelTransformed::record::0::cell::race::00227"", ""target_label"": ""DataCellArtifact"", ""target_key"": ""D4_COMPASLabelTransformed::record::0::cell::race"", ""granularity"": ""cell"", ""source"": ""propagated:TR"", ""policy_id"": ""B3_label_transform_policy"", ""generated_by"": ""run_fc7d525c22::004::B3_label_transform"", ""note"": ""TR propagation for output attribute race"", ""C_explicit"": [""race_ethnicity"", ""protected_attribute""], ""C"": [""race_ethnicity"", ""protected_attribute"", ""sensitive_personal_data""], ""U"": [""criminal_justice_research"", ""research""], ""R"": [""delete_on_request"", ""retention_5y""], ""A"": [""AU"", ""DPO"", ""DS""]}"
"PrivacyAnnotation|PA::prop::DataCellArtifact::D4_COMPASLabelTransformed::record::0::cell::sex::00228","PrivacyAnnotation","PA::prop::DataCellArtifact::D4_COMPASLabelTransformed::record::0::cell::sex::00228","{""key"": ""PA::prop::DataCellArtifact::D4_COMPASLabelTransformed::record::0::cell::sex::00228"", ""annotationId"": ""PA::prop::DataCellArtifact::D4_COMPASLabelTransformed::record::0::cell::sex::00228"", ""target_label"": ""DataCellArtifact"", ""target_key"": ""D4_COMPASLabelTransformed::record::0::cell::sex"", ""granularity"": ""cell"", ""source"": ""propagated:TR"", ""policy_id"": ""B3_label_transform_policy"", ""generated_by"": ""run_fc7d525c22::004::B3_label_transform"", ""note"": ""TR propagation for output attribute sex"", ""C_explicit"": [""gender"", ""protected_attribute""], ""C"": [""gender"", ""protected_attribute"", ""sensitive_personal_data""], ""U"": [""criminal_justice_research"", ""research""], ""R"": [""delete_on_request"", ""retention_5y""], ""A"": [""AU"", ""DPO"", ""DS""]}"
"PrivacyAnnotation|PA::prop::DataCellArtifact::D4_COMPASLabelTransformed::record::0::cell::priors_count::00229","PrivacyAnnotation","PA::prop::DataCellArtifact::D4_COMPASLabelTransformed::record::0::cell::priors_count::00229","{""key"": ""PA::prop::DataCellArtifact::D4_COMPASLabelTransformed::record::0::cell::priors_count::00229"", ""annotationId"": ""PA::prop::DataCellArtifact::D4_COMPASLabelTransformed::record::0::cell::priors_count::00229"", ""target_label"": ""DataCellArtifact"", ""target_key"": ""D4_COMPASLabelTransformed::record::0::cell::priors_count"", ""granularity"": ""cell"", ""source"": ""propagated:TR"", ""policy_id"": ""B3_label_transform_policy"", ""generated_by"": ""run_fc7d525c22::004::B3_label_transform"", ""note"": ""TR propagation for output attribute priors_count"", ""C_explicit"": [""criminal_justice_sensitive""], ""C"": [""criminal_justice_sensitive"", ""sensitive_personal_data""], ""U"": [""criminal_justice_research"", ""research""], ""R"": [""delete_on_request"", ""retention_5y""], ""A"": [""AU"", ""DPO"", ""DS""]}"
"PrivacyAnnotation|PA::prop::DataCellArtifact::D4_COMPASLabelTransformed::record::0::cell::days_b_screening_arrest::00230","PrivacyAnnotation","PA::prop::DataCellArtifact::D4_COMPASLabelTransformed::record::0::cell::days_b_screening_arrest::00230","{""key"": ""PA::prop::DataCellArtifact::D4_COMPASLabelTransformed::record::0::cell::days_b_screening_arrest::00230"", ""annotationId"": ""PA::prop::DataCellArtifact::D4_COMPASLabelTransformed::record::0::cell::days_b_screening_arrest::00230"", ""target_label"": ""DataCellArtifact"", ""target_key"": ""D4_COMPASLabelTransformed::record::0::cell::days_b_screening_arrest"", ""granularity"": ""cell"", ""source"": ""propagated:TR"", ""policy_id"": ""B3_label_transform_policy"", ""generated_by"": ""run_fc7d525c22::004::B3_label_transform"", ""note"": ""TR propagation for output attribute days_b_screening_arrest"", ""C_explicit"": [""criminal_justice_sensitive"", ""temporal_quasi_identifier""], ""C"": [""criminal_justice_sensitive"", ""temporal_quasi_identifier"", ""sensitive_personal_data""], ""U"": [""criminal_justice_research"", ""research""], ""R"": [""delete_on_request"", ""retention_5y""], ""A"": [""AU"", ""DPO"", ""DS""]}"
"PrivacyAnnotation|PA::prop::DataCellArtifact::D4_COMPASLabelTransformed::record::0::cell::label::00231","PrivacyAnnotation","PA::prop::DataCellArtifact::D4_COMPASLabelTransformed::record::0::cell::label::00231","{""key"": ""PA::prop::DataCellArtifact::D4_COMPASLabelTransformed::record::0::cell::label::00231"", ""annotationId"": ""PA::prop::DataCellArtifact::D4_COMPASLabelTransformed::record::0::cell::label::00231"", ""target_label"": ""DataCellArtifact"", ""target_key"": ""D4_COMPASLabelTransformed::record::0::cell::label"", ""granularity"": ""cell"", ""source"": ""propagated:TR"", ""policy_id"": ""B3_label_transform_policy"", ""generated_by"": ""run_fc7d525c22::004::B3_label_transform"", ""note"": ""TR propagation for output attribute label"", ""C_explicit"": [""criminal_justice_sensitive"", ""behavioural_sensitive""], ""C"": [""criminal_justice_sensitive"", ""behavioural_sensitive"", ""sensitive_personal_data""], ""U"": [""criminal_justice_research"", ""research""], ""R"": [""delete_on_request"", ""retention_5y""], ""A"": [""AU"", ""DPO"", ""DS""]}"
"PrivacyAnnotation|PA::prop::DataCellArtifact::D4_COMPASLabelTransformed::record::0::cell::c_jail_in::00232","PrivacyAnnotation","PA::prop::DataCellArtifact::D4_COMPASLabelTransformed::record::0::cell::c_jail_in::00232","{""key"": ""PA::prop::DataCellArtifact::D4_COMPASLabelTransformed::record::0::cell::c_jail_in::00232"", ""annotationId"": ""PA::prop::DataCellArtifact::D4_COMPASLabelTransformed::record::0::cell::c_jail_in::00232"", ""target_label"": ""DataCellArtifact"", ""target_key"": ""D4_COMPASLabelTransformed::record::0::cell::c_jail_in"", ""granularity"": ""cell"", ""source"": ""propagated:TR"", ""policy_id"": ""B3_label_transform_policy"", ""generated_by"": ""run_fc7d525c22::004::B3_label_transform"", ""note"": ""TR propagation for output attribute c_jail_in"", ""C_explicit"": [""criminal_justice_sensitive"", ""temporal_quasi_identifier""], ""C"": [""criminal_justice_sensitive"", ""temporal_quasi_identifier"", ""sensitive_personal_data""], ""U"": [""criminal_justice_research"", ""research""], ""R"": [""delete_on_request"", ""retention_5y""], ""A"": [""AU"", ""DPO"", ""DS""]}"
"PrivacyAnnotation|PA::prop::DataCellArtifact::D4_COMPASLabelTransformed::record::0::cell::c_jail_out::00233","PrivacyAnnotation","PA::prop::DataCellArtifact::D4_COMPASLabelTransformed::record::0::cell::c_jail_out::00233","{""key"": ""PA::prop::DataCellArtifact::D4_COMPASLabelTransformed::record::0::cell::c_jail_out::00233"", ""annotationId"": ""PA::prop::DataCellArtifact::D4_COMPASLabelTransformed::record::0::cell::c_jail_out::00233"", ""target_label"": ""DataCellArtifact"", ""target_key"": ""D4_COMPASLabelTransformed::record::0::cell::c_jail_out"", ""granularity"": ""cell"", ""source"": ""propagated:TR"", ""policy_id"": ""B3_label_transform_policy"", ""generated_by"": ""run_fc7d525c22::004::B3_label_transform"", ""note"": ""TR propagation for output attribute c_jail_out"", ""C_explicit"": [""criminal_justice_sensitive"", ""temporal_quasi_identifier""], ""C"": [""criminal_justice_sensitive"", ""temporal_quasi_identifier"", ""sensitive_personal_data""], ""U"": [""criminal_justice_research"", ""research""], ""R"": [""delete_on_request"", ""retention_5y""], ""A"": [""AU"", ""DPO"", ""DS""]}"
"PrivacyAnnotation|PA::prop::DataCellArtifact::D4_COMPASLabelTransformed::record::1::cell::age::00234","PrivacyAnnotation","PA::prop::DataCellArtifact::D4_COMPASLabelTransformed::record::1::cell::age::00234","{""key"": ""PA::prop::DataCellArtifact::D4_COMPASLabelTransformed::record::1::cell::age::00234"", ""annotationId"": ""PA::prop::DataCellArtifact::D4_COMPASLabelTransformed::record::1::cell::age::00234"", ""target_label"": ""DataCellArtifact"", ""target_key"": ""D4_COMPASLabelTransformed::record::1::cell::age"", ""granularity"": ""cell"", ""source"": ""propagated:TR"", ""policy_id"": ""B3_label_transform_policy"", ""generated_by"": ""run_fc7d525c22::004::B3_label_transform"", ""note"": ""TR propagation for output attribute age"", ""C_explicit"": [""quasi_identifier""], ""C"": [""quasi_identifier"", ""personal_data""], ""U"": [""criminal_justice_research"", ""research""], ""R"": [""delete_on_request"", ""retention_5y""], ""A"": [""AU"", ""DPO"", ""DS""]}"
"PrivacyAnnotation|PA::prop::DataCellArtifact::D4_COMPASLabelTransformed::record::1::cell::c_charge_degree::00235","PrivacyAnnotation","PA::prop::DataCellArtifact::D4_COMPASLabelTransformed::record::1::cell::c_charge_degree::00235","{""key"": ""PA::prop::DataCellArtifact::D4_COMPASLabelTransformed::record::1::cell::c_charge_degree::00235"", ""annotationId"": ""PA::prop::DataCellArtifact::D4_COMPASLabelTransformed::record::1::cell::c_charge_degree::00235"", ""target_label"": ""DataCellArtifact"", ""target_key"": ""D4_COMPASLabelTransformed::record::1::cell::c_charge_degree"", ""granularity"": ""cell"", ""source"": ""propagated:TR"", ""policy_id"": ""B3_label_transform_policy"", ""generated_by"": ""run_fc7d525c22::004::B3_label_transform"", ""note"": ""TR propagation for output attribute c_charge_degree"", ""C_explicit"": [""criminal_justice_sensitive""], ""C"": [""criminal_justice_sensitive"", ""sensitive_personal_data""], ""U"": [""criminal_justice_research"", ""research""], ""R"": [""delete_on_request"", ""retention_5y""], ""A"": [""AU"", ""DPO"", ""DS""]}"
"PrivacyAnnotation|PA::prop::DataCellArtifact::D4_COMPASLabelTransformed::record::1::cell::race::00236","PrivacyAnnotation","PA::prop::DataCellArtifact::D4_COMPASLabelTransformed::record::1::cell::race::00236","{""key"": ""PA::prop::DataCellArtifact::D4_COMPASLabelTransformed::record::1::cell::race::00236"", ""annotationId"": ""PA::prop::DataCellArtifact::D4_COMPASLabelTransformed::record::1::cell::race::00236"", ""target_label"": ""DataCellArtifact"", ""target_key"": ""D4_COMPASLabelTransformed::record::1::cell::race"", ""granularity"": ""cell"", ""source"": ""propagated:TR"", ""policy_id"": ""B3_label_transform_policy"", ""generated_by"": ""run_fc7d525c22::004::B3_label_transform"", ""note"": ""TR propagation for output attribute race"", ""C_explicit"": [""race_ethnicity"", ""protected_attribute""], ""C"": [""race_ethnicity"", ""protected_attribute"", ""sensitive_personal_data""], ""U"": [""criminal_justice_research"", ""research""], ""R"": [""delete_on_request"", ""retention_5y""], ""A"": [""AU"", ""DPO"", ""DS""]}"
"PrivacyAnnotation|PA::prop::DataCellArtifact::D4_COMPASLabelTransformed::record::1::cell::sex::00237","PrivacyAnnotation","PA::prop::DataCellArtifact::D4_COMPASLabelTransformed::record::1::cell::sex::00237","{""key"": ""PA::prop::DataCellArtifact::D4_COMPASLabelTransformed::record::1::cell::sex::00237"", ""annotationId"": ""PA::prop::DataCellArtifact::D4_COMPASLabelTransformed::record::1::cell::sex::00237"", ""target_label"": ""DataCellArtifact"", ""target_key"": ""D4_COMPASLabelTransformed::record::1::cell::sex"", ""granularity"": ""cell"", ""source"": ""propagated:TR"", ""policy_id"": ""B3_label_transform_policy"", ""generated_by"": ""run_fc7d525c22::004::B3_label_transform"", ""note"": ""TR propagation for output attribute sex"", ""C_explicit"": [""gender"", ""protected_attribute""], ""C"": [""gender"", ""protected_attribute"", ""sensitive_personal_data""], ""U"": [""criminal_justice_research"", ""research""], ""R"": [""delete_on_request"", ""retention_5y""], ""A"": [""AU"", ""DPO"", ""DS""]}"
"PrivacyAnnotation|PA::prop::DataCellArtifact::D4_COMPASLabelTransformed::record::1::cell::priors_count::00238","PrivacyAnnotation","PA::prop::DataCellArtifact::D4_COMPASLabelTransformed::record::1::cell::priors_count::00238","{""key"": ""PA::prop::DataCellArtifact::D4_COMPASLabelTransformed::record::1::cell::priors_count::00238"", ""annotationId"": ""PA::prop::DataCellArtifact::D4_COMPASLabelTransformed::record::1::cell::priors_count::00238"", ""target_label"": ""DataCellArtifact"", ""target_key"": ""D4_COMPASLabelTransformed::record::1::cell::priors_count"", ""granularity"": ""cell"", ""source"": ""propagated:TR"", ""policy_id"": ""B3_label_transform_policy"", ""generated_by"": ""run_fc7d525c22::004::B3_label_transform"", ""note"": ""TR propagation for output attribute priors_count"", ""C_explicit"": [""criminal_justice_sensitive""], ""C"": [""criminal_justice_sensitive"", ""sensitive_personal_data""], ""U"": [""criminal_justice_research"", ""research""], ""R"": [""delete_on_request"", ""retention_5y""], ""A"": [""AU"", ""DPO"", ""DS""]}"
"PrivacyAnnotation|PA::prop::DataCellArtifact::D4_COMPASLabelTransformed::record::1::cell::days_b_screening_arrest::00239","PrivacyAnnotation","PA::prop::DataCellArtifact::D4_COMPASLabelTransformed::record::1::cell::days_b_screening_arrest::00239","{""key"": ""PA::prop::DataCellArtifact::D4_COMPASLabelTransformed::record::1::cell::days_b_screening_arrest::00239"", ""annotationId"": ""PA::prop::DataCellArtifact::D4_COMPASLabelTransformed::record::1::cell::days_b_screening_arrest::00239"", ""target_label"": ""DataCellArtifact"", ""target_key"": ""D4_COMPASLabelTransformed::record::1::cell::days_b_screening_arrest"", ""granularity"": ""cell"", ""source"": ""propagated:TR"", ""policy_id"": ""B3_label_transform_policy"", ""generated_by"": ""run_fc7d525c22::004::B3_label_transform"", ""note"": ""TR propagation for output attribute days_b_screening_arrest"", ""C_explicit"": [""criminal_justice_sensitive"", ""temporal_quasi_identifier""], ""C"": [""criminal_justice_sensitive"", ""temporal_quasi_identifier"", ""sensitive_personal_data""], ""U"": [""criminal_justice_research"", ""research""], ""R"": [""delete_on_request"", ""retention_5y""], ""A"": [""AU"", ""DPO"", ""DS""]}"
"PrivacyAnnotation|PA::prop::DataCellArtifact::D4_COMPASLabelTransformed::record::1::cell::label::00240","PrivacyAnnotation","PA::prop::DataCellArtifact::D4_COMPASLabelTransformed::record::1::cell::label::00240","{""key"": ""PA::prop::DataCellArtifact::D4_COMPASLabelTransformed::record::1::cell::label::00240"", ""annotationId"": ""PA::prop::DataCellArtifact::D4_COMPASLabelTransformed::record::1::cell::label::00240"", ""target_label"": ""DataCellArtifact"", ""target_key"": ""D4_COMPASLabelTransformed::record::1::cell::label"", ""granularity"": ""cell"", ""source"": ""propagated:TR"", ""policy_id"": ""B3_label_transform_policy"", ""generated_by"": ""run_fc7d525c22::004::B3_label_transform"", ""note"": ""TR propagation for output attribute label"", ""C_explicit"": [""criminal_justice_sensitive"", ""behavioural_sensitive""], ""C"": [""criminal_justice_sensitive"", ""behavioural_sensitive"", ""sensitive_personal_data""], ""U"": [""criminal_justice_research"", ""research""], ""R"": [""delete_on_request"", ""retention_5y""], ""A"": [""AU"", ""DPO"", ""DS""]}"
"PrivacyAnnotation|PA::prop::DataCellArtifact::D4_COMPASLabelTransformed::record::1::cell::c_jail_in::00241","PrivacyAnnotation","PA::prop::DataCellArtifact::D4_COMPASLabelTransformed::record::1::cell::c_jail_in::00241","{""key"": ""PA::prop::DataCellArtifact::D4_COMPASLabelTransformed::record::1::cell::c_jail_in::00241"", ""annotationId"": ""PA::prop::DataCellArtifact::D4_COMPASLabelTransformed::record::1::cell::c_jail_in::00241"", ""target_label"": ""DataCellArtifact"", ""target_key"": ""D4_COMPASLabelTransformed::record::1::cell::c_jail_in"", ""granularity"": ""cell"", ""source"": ""propagated:TR"", ""policy_id"": ""B3_label_transform_policy"", ""generated_by"": ""run_fc7d525c22::004::B3_label_transform"", ""note"": ""TR propagation for output attribute c_jail_in"", ""C_explicit"": [""criminal_justice_sensitive"", ""temporal_quasi_identifier""], ""C"": [""criminal_justice_sensitive"", ""temporal_quasi_identifier"", ""sensitive_personal_data""], ""U"": [""criminal_justice_research"", ""research""], ""R"": [""delete_on_request"", ""retention_5y""], ""A"": [""AU"", ""DPO"", ""DS""]}"
"PrivacyAnnotation|PA::prop::DataCellArtifact::D4_COMPASLabelTransformed::record::1::cell::c_jail_out::00242","PrivacyAnnotation","PA::prop::DataCellArtifact::D4_COMPASLabelTransformed::record::1::cell::c_jail_out::00242","{""key"": ""PA::prop::DataCellArtifact::D4_COMPASLabelTransformed::record::1::cell::c_jail_out::00242"", ""annotationId"": ""PA::prop::DataCellArtifact::D4_COMPASLabelTransformed::record::1::cell::c_jail_out::00242"", ""target_label"": ""DataCellArtifact"", ""target_key"": ""D4_COMPASLabelTransformed::record::1::cell::c_jail_out"", ""granularity"": ""cell"", ""source"": ""propagated:TR"", ""policy_id"": ""B3_label_transform_policy"", ""generated_by"": ""run_fc7d525c22::004::B3_label_transform"", ""note"": ""TR propagation for output attribute c_jail_out"", ""C_explicit"": [""criminal_justice_sensitive"", ""temporal_quasi_identifier""], ""C"": [""criminal_justice_sensitive"", ""temporal_quasi_identifier"", ""sensitive_personal_data""], ""U"": [""criminal_justice_research"", ""research""], ""R"": [""delete_on_request"", ""retention_5y""], ""A"": [""AU"", ""DPO"", ""DS""]}"
"PrivacyAnnotation|PA::prop::DataCellArtifact::D4_COMPASLabelTransformed::record::2::cell::age::00243","PrivacyAnnotation","PA::prop::DataCellArtifact::D4_COMPASLabelTransformed::record::2::cell::age::00243","{""key"": ""PA::prop::DataCellArtifact::D4_COMPASLabelTransformed::record::2::cell::age::00243"", ""annotationId"": ""PA::prop::DataCellArtifact::D4_COMPASLabelTransformed::record::2::cell::age::00243"", ""target_label"": ""DataCellArtifact"", ""target_key"": ""D4_COMPASLabelTransformed::record::2::cell::age"", ""granularity"": ""cell"", ""source"": ""propagated:TR"", ""policy_id"": ""B3_label_transform_policy"", ""generated_by"": ""run_fc7d525c22::004::B3_label_transform"", ""note"": ""TR propagation for output attribute age"", ""C_explicit"": [""quasi_identifier""], ""C"": [""quasi_identifier"", ""personal_data""], ""U"": [""criminal_justice_research"", ""research""], ""R"": [""delete_on_request"", ""retention_5y""], ""A"": [""AU"", ""DPO"", ""DS""]}"
"PrivacyAnnotation|PA::prop::DataCellArtifact::D4_COMPASLabelTransformed::record::2::cell::c_charge_degree::00244","PrivacyAnnotation","PA::prop::DataCellArtifact::D4_COMPASLabelTransformed::record::2::cell::c_charge_degree::00244","{""key"": ""PA::prop::DataCellArtifact::D4_COMPASLabelTransformed::record::2::cell::c_charge_degree::00244"", ""annotationId"": ""PA::prop::DataCellArtifact::D4_COMPASLabelTransformed::record::2::cell::c_charge_degree::00244"", ""target_label"": ""DataCellArtifact"", ""target_key"": ""D4_COMPASLabelTransformed::record::2::cell::c_charge_degree"", ""granularity"": ""cell"", ""source"": ""propagated:TR"", ""policy_id"": ""B3_label_transform_policy"", ""generated_by"": ""run_fc7d525c22::004::B3_label_transform"", ""note"": ""TR propagation for output attribute c_charge_degree"", ""C_explicit"": [""criminal_justice_sensitive""], ""C"": [""criminal_justice_sensitive"", ""sensitive_personal_data""], ""U"": [""criminal_justice_research"", ""research""], ""R"": [""delete_on_request"", ""retention_5y""], ""A"": [""AU"", ""DPO"", ""DS""]}"
"PrivacyAnnotation|PA::prop::DataCellArtifact::D4_COMPASLabelTransformed::record::2::cell::race::00245","PrivacyAnnotation","PA::prop::DataCellArtifact::D4_COMPASLabelTransformed::record::2::cell::race::00245","{""key"": ""PA::prop::DataCellArtifact::D4_COMPASLabelTransformed::record::2::cell::race::00245"", ""annotationId"": ""PA::prop::DataCellArtifact::D4_COMPASLabelTransformed::record::2::cell::race::00245"", ""target_label"": ""DataCellArtifact"", ""target_key"": ""D4_COMPASLabelTransformed::record::2::cell::race"", ""granularity"": ""cell"", ""source"": ""propagated:TR"", ""policy_id"": ""B3_label_transform_policy"", ""generated_by"": ""run_fc7d525c22::004::B3_label_transform"", ""note"": ""TR propagation for output attribute race"", ""C_explicit"": [""race_ethnicity"", ""protected_attribute""], ""C"": [""race_ethnicity"", ""protected_attribute"", ""sensitive_personal_data""], ""U"": [""criminal_justice_research"", ""research""], ""R"": [""delete_on_request"", ""retention_5y""], ""A"": [""AU"", ""DPO"", ""DS""]}"
"PrivacyAnnotation|PA::prop::DataCellArtifact::D4_COMPASLabelTransformed::record::2::cell::sex::00246","PrivacyAnnotation","PA::prop::DataCellArtifact::D4_COMPASLabelTransformed::record::2::cell::sex::00246","{""key"": ""PA::prop::DataCellArtifact::D4_COMPASLabelTransformed::record::2::cell::sex::00246"", ""annotationId"": ""PA::prop::DataCellArtifact::D4_COMPASLabelTransformed::record::2::cell::sex::00246"", ""target_label"": ""DataCellArtifact"", ""target_key"": ""D4_COMPASLabelTransformed::record::2::cell::sex"", ""granularity"": ""cell"", ""source"": ""propagated:TR"", ""policy_id"": ""B3_label_transform_policy"", ""generated_by"": ""run_fc7d525c22::004::B3_label_transform"", ""note"": ""TR propagation for output attribute sex"", ""C_explicit"": [""gender"", ""protected_attribute""], ""C"": [""gender"", ""protected_attribute"", ""sensitive_personal_data""], ""U"": [""criminal_justice_research"", ""research""], ""R"": [""delete_on_request"", ""retention_5y""], ""A"": [""AU"", ""DPO"", ""DS""]}"
"PrivacyAnnotation|PA::prop::DataCellArtifact::D4_COMPASLabelTransformed::record::2::cell::priors_count::00247","PrivacyAnnotation","PA::prop::DataCellArtifact::D4_COMPASLabelTransformed::record::2::cell::priors_count::00247","{""key"": ""PA::prop::DataCellArtifact::D4_COMPASLabelTransformed::record::2::cell::priors_count::00247"", ""annotationId"": ""PA::prop::DataCellArtifact::D4_COMPASLabelTransformed::record::2::cell::priors_count::00247"", ""target_label"": ""DataCellArtifact"", ""target_key"": ""D4_COMPASLabelTransformed::record::2::cell::priors_count"", ""granularity"": ""cell"", ""source"": ""propagated:TR"", ""policy_id"": ""B3_label_transform_policy"", ""generated_by"": ""run_fc7d525c22::004::B3_label_transform"", ""note"": ""TR propagation for output attribute priors_count"", ""C_explicit"": [""criminal_justice_sensitive""], ""C"": [""criminal_justice_sensitive"", ""sensitive_personal_data""], ""U"": [""criminal_justice_research"", ""research""], ""R"": [""delete_on_request"", ""retention_5y""], ""A"": [""AU"", ""DPO"", ""DS""]}"
"PrivacyAnnotation|PA::prop::DataCellArtifact::D4_COMPASLabelTransformed::record::2::cell::days_b_screening_arrest::00248","PrivacyAnnotation","PA::prop::DataCellArtifact::D4_COMPASLabelTransformed::record::2::cell::days_b_screening_arrest::00248","{""key"": ""PA::prop::DataCellArtifact::D4_COMPASLabelTransformed::record::2::cell::days_b_screening_arrest::00248"", ""annotationId"": ""PA::prop::DataCellArtifact::D4_COMPASLabelTransformed::record::2::cell::days_b_screening_arrest::00248"", ""target_label"": ""DataCellArtifact"", ""target_key"": ""D4_COMPASLabelTransformed::record::2::cell::days_b_screening_arrest"", ""granularity"": ""cell"", ""source"": ""propagated:TR"", ""policy_id"": ""B3_label_transform_policy"", ""generated_by"": ""run_fc7d525c22::004::B3_label_transform"", ""note"": ""TR propagation for output attribute days_b_screening_arrest"", ""C_explicit"": [""criminal_justice_sensitive"", ""temporal_quasi_identifier""], ""C"": [""criminal_justice_sensitive"", ""temporal_quasi_identifier"", ""sensitive_personal_data""], ""U"": [""criminal_justice_research"", ""research""], ""R"": [""delete_on_request"", ""retention_5y""], ""A"": [""AU"", ""DPO"", ""DS""]}"
"PrivacyAnnotation|PA::prop::DataCellArtifact::D4_COMPASLabelTransformed::record::2::cell::label::00249","PrivacyAnnotation","PA::prop::DataCellArtifact::D4_COMPASLabelTransformed::record::2::cell::label::00249","{""key"": ""PA::prop::DataCellArtifact::D4_COMPASLabelTransformed::record::2::cell::label::00249"", ""annotationId"": ""PA::prop::DataCellArtifact::D4_COMPASLabelTransformed::record::2::cell::label::00249"", ""target_label"": ""DataCellArtifact"", ""target_key"": ""D4_COMPASLabelTransformed::record::2::cell::label"", ""granularity"": ""cell"", ""source"": ""propagated:TR"", ""policy_id"": ""B3_label_transform_policy"", ""generated_by"": ""run_fc7d525c22::004::B3_label_transform"", ""note"": ""TR propagation for output attribute label"", ""C_explicit"": [""criminal_justice_sensitive"", ""behavioural_sensitive""], ""C"": [""criminal_justice_sensitive"", ""behavioural_sensitive"", ""sensitive_personal_data""], ""U"": [""criminal_justice_research"", ""research""], ""R"": [""delete_on_request"", ""retention_5y""], ""A"": [""AU"", ""DPO"", ""DS""]}"
"PrivacyAnnotation|PA::prop::DataCellArtifact::D4_COMPASLabelTransformed::record::2::cell::c_jail_in::00250","PrivacyAnnotation","PA::prop::DataCellArtifact::D4_COMPASLabelTransformed::record::2::cell::c_jail_in::00250","{""key"": ""PA::prop::DataCellArtifact::D4_COMPASLabelTransformed::record::2::cell::c_jail_in::00250"", ""annotationId"": ""PA::prop::DataCellArtifact::D4_COMPASLabelTransformed::record::2::cell::c_jail_in::00250"", ""target_label"": ""DataCellArtifact"", ""target_key"": ""D4_COMPASLabelTransformed::record::2::cell::c_jail_in"", ""granularity"": ""cell"", ""source"": ""propagated:TR"", ""policy_id"": ""B3_label_transform_policy"", ""generated_by"": ""run_fc7d525c22::004::B3_label_transform"", ""note"": ""TR propagation for output attribute c_jail_in"", ""C_explicit"": [""criminal_justice_sensitive"", ""temporal_quasi_identifier""], ""C"": [""criminal_justice_sensitive"", ""temporal_quasi_identifier"", ""sensitive_personal_data""], ""U"": [""criminal_justice_research"", ""research""], ""R"": [""delete_on_request"", ""retention_5y""], ""A"": [""AU"", ""DPO"", ""DS""]}"
"PrivacyAnnotation|PA::prop::DataCellArtifact::D4_COMPASLabelTransformed::record::2::cell::c_jail_out::00251","PrivacyAnnotation","PA::prop::DataCellArtifact::D4_COMPASLabelTransformed::record::2::cell::c_jail_out::00251","{""key"": ""PA::prop::DataCellArtifact::D4_COMPASLabelTransformed::record::2::cell::c_jail_out::00251"", ""annotationId"": ""PA::prop::DataCellArtifact::D4_COMPASLabelTransformed::record::2::cell::c_jail_out::00251"", ""target_label"": ""DataCellArtifact"", ""target_key"": ""D4_COMPASLabelTransformed::record::2::cell::c_jail_out"", ""granularity"": ""cell"", ""source"": ""propagated:TR"", ""policy_id"": ""B3_label_transform_policy"", ""generated_by"": ""run_fc7d525c22::004::B3_label_transform"", ""note"": ""TR propagation for output attribute c_jail_out"", ""C_explicit"": [""criminal_justice_sensitive"", ""temporal_quasi_identifier""], ""C"": [""criminal_justice_sensitive"", ""temporal_quasi_identifier"", ""sensitive_personal_data""], ""U"": [""criminal_justice_research"", ""research""], ""R"": [""delete_on_request"", ""retention_5y""], ""A"": [""AU"", ""DPO"", ""DS""]}"
"PrivacyAnnotation|PA::prop::DataCellArtifact::D4_COMPASLabelTransformed::record::4::cell::age::00252","PrivacyAnnotation","PA::prop::DataCellArtifact::D4_COMPASLabelTransformed::record::4::cell::age::00252","{""key"": ""PA::prop::DataCellArtifact::D4_COMPASLabelTransformed::record::4::cell::age::00252"", ""annotationId"": ""PA::prop::DataCellArtifact::D4_COMPASLabelTransformed::record::4::cell::age::00252"", ""target_label"": ""DataCellArtifact"", ""target_key"": ""D4_COMPASLabelTransformed::record::4::cell::age"", ""granularity"": ""cell"", ""source"": ""propagated:TR"", ""policy_id"": ""B3_label_transform_policy"", ""generated_by"": ""run_fc7d525c22::004::B3_label_transform"", ""note"": ""TR propagation for output attribute age"", ""C_explicit"": [""quasi_identifier""], ""C"": [""quasi_identifier"", ""personal_data""], ""U"": [""criminal_justice_research"", ""research""], ""R"": [""delete_on_request"", ""retention_5y""], ""A"": [""AU"", ""DPO"", ""DS""]}"
"PrivacyAnnotation|PA::prop::DataCellArtifact::D4_COMPASLabelTransformed::record::4::cell::c_charge_degree::00253","PrivacyAnnotation","PA::prop::DataCellArtifact::D4_COMPASLabelTransformed::record::4::cell::c_charge_degree::00253","{""key"": ""PA::prop::DataCellArtifact::D4_COMPASLabelTransformed::record::4::cell::c_charge_degree::00253"", ""annotationId"": ""PA::prop::DataCellArtifact::D4_COMPASLabelTransformed::record::4::cell::c_charge_degree::00253"", ""target_label"": ""DataCellArtifact"", ""target_key"": ""D4_COMPASLabelTransformed::record::4::cell::c_charge_degree"", ""granularity"": ""cell"", ""source"": ""propagated:TR"", ""policy_id"": ""B3_label_transform_policy"", ""generated_by"": ""run_fc7d525c22::004::B3_label_transform"", ""note"": ""TR propagation for output attribute c_charge_degree"", ""C_explicit"": [""criminal_justice_sensitive""], ""C"": [""criminal_justice_sensitive"", ""sensitive_personal_data""], ""U"": [""criminal_justice_research"", ""research""], ""R"": [""delete_on_request"", ""retention_5y""], ""A"": [""AU"", ""DPO"", ""DS""]}"
"PrivacyAnnotation|PA::prop::DataCellArtifact::D4_COMPASLabelTransformed::record::4::cell::race::00254","PrivacyAnnotation","PA::prop::DataCellArtifact::D4_COMPASLabelTransformed::record::4::cell::race::00254","{""key"": ""PA::prop::DataCellArtifact::D4_COMPASLabelTransformed::record::4::cell::race::00254"", ""annotationId"": ""PA::prop::DataCellArtifact::D4_COMPASLabelTransformed::record::4::cell::race::00254"", ""target_label"": ""DataCellArtifact"", ""target_key"": ""D4_COMPASLabelTransformed::record::4::cell::race"", ""granularity"": ""cell"", ""source"": ""propagated:TR"", ""policy_id"": ""B3_label_transform_policy"", ""generated_by"": ""run_fc7d525c22::004::B3_label_transform"", ""note"": ""TR propagation for output attribute race"", ""C_explicit"": [""race_ethnicity"", ""protected_attribute""], ""C"": [""race_ethnicity"", ""protected_attribute"", ""sensitive_personal_data""], ""U"": [""criminal_justice_research"", ""research""], ""R"": [""delete_on_request"", ""retention_5y""], ""A"": [""AU"", ""DPO"", ""DS""]}"
"PrivacyAnnotation|PA::prop::DataCellArtifact::D4_COMPASLabelTransformed::record::4::cell::sex::00255","PrivacyAnnotation","PA::prop::DataCellArtifact::D4_COMPASLabelTransformed::record::4::cell::sex::00255","{""key"": ""PA::prop::DataCellArtifact::D4_COMPASLabelTransformed::record::4::cell::sex::00255"", ""annotationId"": ""PA::prop::DataCellArtifact::D4_COMPASLabelTransformed::record::4::cell::sex::00255"", ""target_label"": ""DataCellArtifact"", ""target_key"": ""D4_COMPASLabelTransformed::record::4::cell::sex"", ""granularity"": ""cell"", ""source"": ""propagated:TR"", ""policy_id"": ""B3_label_transform_policy"", ""generated_by"": ""run_fc7d525c22::004::B3_label_transform"", ""note"": ""TR propagation for output attribute sex"", ""C_explicit"": [""gender"", ""protected_attribute""], ""C"": [""gender"", ""protected_attribute"", ""sensitive_personal_data""], ""U"": [""criminal_justice_research"", ""research""], ""R"": [""delete_on_request"", ""retention_5y""], ""A"": [""AU"", ""DPO"", ""DS""]}"
"PrivacyAnnotation|PA::prop::DataCellArtifact::D4_COMPASLabelTransformed::record::4::cell::priors_count::00256","PrivacyAnnotation","PA::prop::DataCellArtifact::D4_COMPASLabelTransformed::record::4::cell::priors_count::00256","{""key"": ""PA::prop::DataCellArtifact::D4_COMPASLabelTransformed::record::4::cell::priors_count::00256"", ""annotationId"": ""PA::prop::DataCellArtifact::D4_COMPASLabelTransformed::record::4::cell::priors_count::00256"", ""target_label"": ""DataCellArtifact"", ""target_key"": ""D4_COMPASLabelTransformed::record::4::cell::priors_count"", ""granularity"": ""cell"", ""source"": ""propagated:TR"", ""policy_id"": ""B3_label_transform_policy"", ""generated_by"": ""run_fc7d525c22::004::B3_label_transform"", ""note"": ""TR propagation for output attribute priors_count"", ""C_explicit"": [""criminal_justice_sensitive""], ""C"": [""criminal_justice_sensitive"", ""sensitive_personal_data""], ""U"": [""criminal_justice_research"", ""research""], ""R"": [""delete_on_request"", ""retention_5y""], ""A"": [""AU"", ""DPO"", ""DS""]}"
"PrivacyAnnotation|PA::prop::DataCellArtifact::D4_COMPASLabelTransformed::record::4::cell::days_b_screening_arrest::00257","PrivacyAnnotation","PA::prop::DataCellArtifact::D4_COMPASLabelTransformed::record::4::cell::days_b_screening_arrest::00257","{""key"": ""PA::prop::DataCellArtifact::D4_COMPASLabelTransformed::record::4::cell::days_b_screening_arrest::00257"", ""annotationId"": ""PA::prop::DataCellArtifact::D4_COMPASLabelTransformed::record::4::cell::days_b_screening_arrest::00257"", ""target_label"": ""DataCellArtifact"", ""target_key"": ""D4_COMPASLabelTransformed::record::4::cell::days_b_screening_arrest"", ""granularity"": ""cell"", ""source"": ""propagated:TR"", ""policy_id"": ""B3_label_transform_policy"", ""generated_by"": ""run_fc7d525c22::004::B3_label_transform"", ""note"": ""TR propagation for output attribute days_b_screening_arrest"", ""C_explicit"": [""criminal_justice_sensitive"", ""temporal_quasi_identifier""], ""C"": [""criminal_justice_sensitive"", ""temporal_quasi_identifier"", ""sensitive_personal_data""], ""U"": [""criminal_justice_research"", ""research""], ""R"": [""delete_on_request"", ""retention_5y""], ""A"": [""AU"", ""DPO"", ""DS""]}"
"PrivacyAnnotation|PA::prop::DataCellArtifact::D4_COMPASLabelTransformed::record::4::cell::label::00258","PrivacyAnnotation","PA::prop::DataCellArtifact::D4_COMPASLabelTransformed::record::4::cell::label::00258","{""key"": ""PA::prop::DataCellArtifact::D4_COMPASLabelTransformed::record::4::cell::label::00258"", ""annotationId"": ""PA::prop::DataCellArtifact::D4_COMPASLabelTransformed::record::4::cell::label::00258"", ""target_label"": ""DataCellArtifact"", ""target_key"": ""D4_COMPASLabelTransformed::record::4::cell::label"", ""granularity"": ""cell"", ""source"": ""propagated:TR"", ""policy_id"": ""B3_label_transform_policy"", ""generated_by"": ""run_fc7d525c22::004::B3_label_transform"", ""note"": ""TR propagation for output attribute label"", ""C_explicit"": [""criminal_justice_sensitive"", ""behavioural_sensitive""], ""C"": [""criminal_justice_sensitive"", ""behavioural_sensitive"", ""sensitive_personal_data""], ""U"": [""criminal_justice_research"", ""research""], ""R"": [""delete_on_request"", ""retention_5y""], ""A"": [""AU"", ""DPO"", ""DS""]}"
"PrivacyAnnotation|PA::prop::DataCellArtifact::D4_COMPASLabelTransformed::record::4::cell::c_jail_in::00259","PrivacyAnnotation","PA::prop::DataCellArtifact::D4_COMPASLabelTransformed::record::4::cell::c_jail_in::00259","{""key"": ""PA::prop::DataCellArtifact::D4_COMPASLabelTransformed::record::4::cell::c_jail_in::00259"", ""annotationId"": ""PA::prop::DataCellArtifact::D4_COMPASLabelTransformed::record::4::cell::c_jail_in::00259"", ""target_label"": ""DataCellArtifact"", ""target_key"": ""D4_COMPASLabelTransformed::record::4::cell::c_jail_in"", ""granularity"": ""cell"", ""source"": ""propagated:TR"", ""policy_id"": ""B3_label_transform_policy"", ""generated_by"": ""run_fc7d525c22::004::B3_label_transform"", ""note"": ""TR propagation for output attribute c_jail_in"", ""C_explicit"": [""criminal_justice_sensitive"", ""temporal_quasi_identifier""], ""C"": [""criminal_justice_sensitive"", ""temporal_quasi_identifier"", ""sensitive_personal_data""], ""U"": [""criminal_justice_research"", ""research""], ""R"": [""delete_on_request"", ""retention_5y""], ""A"": [""AU"", ""DPO"", ""DS""]}"
"PrivacyAnnotation|PA::prop::DataCellArtifact::D4_COMPASLabelTransformed::record::4::cell::c_jail_out::00260","PrivacyAnnotation","PA::prop::DataCellArtifact::D4_COMPASLabelTransformed::record::4::cell::c_jail_out::00260","{""key"": ""PA::prop::DataCellArtifact::D4_COMPASLabelTransformed::record::4::cell::c_jail_out::00260"", ""annotationId"": ""PA::prop::DataCellArtifact::D4_COMPASLabelTransformed::record::4::cell::c_jail_out::00260"", ""target_label"": ""DataCellArtifact"", ""target_key"": ""D4_COMPASLabelTransformed::record::4::cell::c_jail_out"", ""granularity"": ""cell"", ""source"": ""propagated:TR"", ""policy_id"": ""B3_label_transform_policy"", ""generated_by"": ""run_fc7d525c22::004::B3_label_transform"", ""note"": ""TR propagation for output attribute c_jail_out"", ""C_explicit"": [""criminal_justice_sensitive"", ""temporal_quasi_identifier""], ""C"": [""criminal_justice_sensitive"", ""temporal_quasi_identifier"", ""sensitive_personal_data""], ""U"": [""criminal_justice_research"", ""research""], ""R"": [""delete_on_request"", ""retention_5y""], ""A"": [""AU"", ""DPO"", ""DS""]}"
"PrivacyAnnotation|PA::prop::DataCellArtifact::D4_COMPASLabelTransformed::record::5::cell::age::00261","PrivacyAnnotation","PA::prop::DataCellArtifact::D4_COMPASLabelTransformed::record::5::cell::age::00261","{""key"": ""PA::prop::DataCellArtifact::D4_COMPASLabelTransformed::record::5::cell::age::00261"", ""annotationId"": ""PA::prop::DataCellArtifact::D4_COMPASLabelTransformed::record::5::cell::age::00261"", ""target_label"": ""DataCellArtifact"", ""target_key"": ""D4_COMPASLabelTransformed::record::5::cell::age"", ""granularity"": ""cell"", ""source"": ""propagated:TR"", ""policy_id"": ""B3_label_transform_policy"", ""generated_by"": ""run_fc7d525c22::004::B3_label_transform"", ""note"": ""TR propagation for output attribute age"", ""C_explicit"": [""quasi_identifier""], ""C"": [""quasi_identifier"", ""personal_data""], ""U"": [""criminal_justice_research"", ""research""], ""R"": [""delete_on_request"", ""retention_5y""], ""A"": [""AU"", ""DPO"", ""DS""]}"
"PrivacyAnnotation|PA::prop::DataCellArtifact::D4_COMPASLabelTransformed::record::5::cell::c_charge_degree::00262","PrivacyAnnotation","PA::prop::DataCellArtifact::D4_COMPASLabelTransformed::record::5::cell::c_charge_degree::00262","{""key"": ""PA::prop::DataCellArtifact::D4_COMPASLabelTransformed::record::5::cell::c_charge_degree::00262"", ""annotationId"": ""PA::prop::DataCellArtifact::D4_COMPASLabelTransformed::record::5::cell::c_charge_degree::00262"", ""target_label"": ""DataCellArtifact"", ""target_key"": ""D4_COMPASLabelTransformed::record::5::cell::c_charge_degree"", ""granularity"": ""cell"", ""source"": ""propagated:TR"", ""policy_id"": ""B3_label_transform_policy"", ""generated_by"": ""run_fc7d525c22::004::B3_label_transform"", ""note"": ""TR propagation for output attribute c_charge_degree"", ""C_explicit"": [""criminal_justice_sensitive""], ""C"": [""criminal_justice_sensitive"", ""sensitive_personal_data""], ""U"": [""criminal_justice_research"", ""research""], ""R"": [""delete_on_request"", ""retention_5y""], ""A"": [""AU"", ""DPO"", ""DS""]}"
"PrivacyAnnotation|PA::prop::DataCellArtifact::D4_COMPASLabelTransformed::record::5::cell::race::00263","PrivacyAnnotation","PA::prop::DataCellArtifact::D4_COMPASLabelTransformed::record::5::cell::race::00263","{""key"": ""PA::prop::DataCellArtifact::D4_COMPASLabelTransformed::record::5::cell::race::00263"", ""annotationId"": ""PA::prop::DataCellArtifact::D4_COMPASLabelTransformed::record::5::cell::race::00263"", ""target_label"": ""DataCellArtifact"", ""target_key"": ""D4_COMPASLabelTransformed::record::5::cell::race"", ""granularity"": ""cell"", ""source"": ""propagated:TR"", ""policy_id"": ""B3_label_transform_policy"", ""generated_by"": ""run_fc7d525c22::004::B3_label_transform"", ""note"": ""TR propagation for output attribute race"", ""C_explicit"": [""race_ethnicity"", ""protected_attribute""], ""C"": [""race_ethnicity"", ""protected_attribute"", ""sensitive_personal_data""], ""U"": [""criminal_justice_research"", ""research""], ""R"": [""delete_on_request"", ""retention_5y""], ""A"": [""AU"", ""DPO"", ""DS""]}"
"PrivacyAnnotation|PA::prop::DataCellArtifact::D4_COMPASLabelTransformed::record::5::cell::sex::00264","PrivacyAnnotation","PA::prop::DataCellArtifact::D4_COMPASLabelTransformed::record::5::cell::sex::00264","{""key"": ""PA::prop::DataCellArtifact::D4_COMPASLabelTransformed::record::5::cell::sex::00264"", ""annotationId"": ""PA::prop::DataCellArtifact::D4_COMPASLabelTransformed::record::5::cell::sex::00264"", ""target_label"": ""DataCellArtifact"", ""target_key"": ""D4_COMPASLabelTransformed::record::5::cell::sex"", ""granularity"": ""cell"", ""source"": ""propagated:TR"", ""policy_id"": ""B3_label_transform_policy"", ""generated_by"": ""run_fc7d525c22::004::B3_label_transform"", ""note"": ""TR propagation for output attribute sex"", ""C_explicit"": [""gender"", ""protected_attribute""], ""C"": [""gender"", ""protected_attribute"", ""sensitive_personal_data""], ""U"": [""criminal_justice_research"", ""research""], ""R"": [""delete_on_request"", ""retention_5y""], ""A"": [""AU"", ""DPO"", ""DS""]}"
"PrivacyAnnotation|PA::prop::DataCellArtifact::D4_COMPASLabelTransformed::record::5::cell::priors_count::00265","PrivacyAnnotation","PA::prop::DataCellArtifact::D4_COMPASLabelTransformed::record::5::cell::priors_count::00265","{""key"": ""PA::prop::DataCellArtifact::D4_COMPASLabelTransformed::record::5::cell::priors_count::00265"", ""annotationId"": ""PA::prop::DataCellArtifact::D4_COMPASLabelTransformed::record::5::cell::priors_count::00265"", ""target_label"": ""DataCellArtifact"", ""target_key"": ""D4_COMPASLabelTransformed::record::5::cell::priors_count"", ""granularity"": ""cell"", ""source"": ""propagated:TR"", ""policy_id"": ""B3_label_transform_policy"", ""generated_by"": ""run_fc7d525c22::004::B3_label_transform"", ""note"": ""TR propagation for output attribute priors_count"", ""C_explicit"": [""criminal_justice_sensitive""], ""C"": [""criminal_justice_sensitive"", ""sensitive_personal_data""], ""U"": [""criminal_justice_research"", ""research""], ""R"": [""delete_on_request"", ""retention_5y""], ""A"": [""AU"", ""DPO"", ""DS""]}"
"PrivacyAnnotation|PA::prop::DataCellArtifact::D4_COMPASLabelTransformed::record::5::cell::days_b_screening_arrest::00266","PrivacyAnnotation","PA::prop::DataCellArtifact::D4_COMPASLabelTransformed::record::5::cell::days_b_screening_arrest::00266","{""key"": ""PA::prop::DataCellArtifact::D4_COMPASLabelTransformed::record::5::cell::days_b_screening_arrest::00266"", ""annotationId"": ""PA::prop::DataCellArtifact::D4_COMPASLabelTransformed::record::5::cell::days_b_screening_arrest::00266"", ""target_label"": ""DataCellArtifact"", ""target_key"": ""D4_COMPASLabelTransformed::record::5::cell::days_b_screening_arrest"", ""granularity"": ""cell"", ""source"": ""propagated:TR"", ""policy_id"": ""B3_label_transform_policy"", ""generated_by"": ""run_fc7d525c22::004::B3_label_transform"", ""note"": ""TR propagation for output attribute days_b_screening_arrest"", ""C_explicit"": [""criminal_justice_sensitive"", ""temporal_quasi_identifier""], ""C"": [""criminal_justice_sensitive"", ""temporal_quasi_identifier"", ""sensitive_personal_data""], ""U"": [""criminal_justice_research"", ""research""], ""R"": [""delete_on_request"", ""retention_5y""], ""A"": [""AU"", ""DPO"", ""DS""]}"
"PrivacyAnnotation|PA::prop::DataCellArtifact::D4_COMPASLabelTransformed::record::5::cell::label::00267","PrivacyAnnotation","PA::prop::DataCellArtifact::D4_COMPASLabelTransformed::record::5::cell::label::00267","{""key"": ""PA::prop::DataCellArtifact::D4_COMPASLabelTransformed::record::5::cell::label::00267"", ""annotationId"": ""PA::prop::DataCellArtifact::D4_COMPASLabelTransformed::record::5::cell::label::00267"", ""target_label"": ""DataCellArtifact"", ""target_key"": ""D4_COMPASLabelTransformed::record::5::cell::label"", ""granularity"": ""cell"", ""source"": ""propagated:TR"", ""policy_id"": ""B3_label_transform_policy"", ""generated_by"": ""run_fc7d525c22::004::B3_label_transform"", ""note"": ""TR propagation for output attribute label"", ""C_explicit"": [""criminal_justice_sensitive"", ""behavioural_sensitive""], ""C"": [""criminal_justice_sensitive"", ""behavioural_sensitive"", ""sensitive_personal_data""], ""U"": [""criminal_justice_research"", ""research""], ""R"": [""delete_on_request"", ""retention_5y""], ""A"": [""AU"", ""DPO"", ""DS""]}"
"PrivacyAnnotation|PA::prop::DataCellArtifact::D4_COMPASLabelTransformed::record::5::cell::c_jail_in::00268","PrivacyAnnotation","PA::prop::DataCellArtifact::D4_COMPASLabelTransformed::record::5::cell::c_jail_in::00268","{""key"": ""PA::prop::DataCellArtifact::D4_COMPASLabelTransformed::record::5::cell::c_jail_in::00268"", ""annotationId"": ""PA::prop::DataCellArtifact::D4_COMPASLabelTransformed::record::5::cell::c_jail_in::00268"", ""target_label"": ""DataCellArtifact"", ""target_key"": ""D4_COMPASLabelTransformed::record::5::cell::c_jail_in"", ""granularity"": ""cell"", ""source"": ""propagated:TR"", ""policy_id"": ""B3_label_transform_policy"", ""generated_by"": ""run_fc7d525c22::004::B3_label_transform"", ""note"": ""TR propagation for output attribute c_jail_in"", ""C_explicit"": [""criminal_justice_sensitive"", ""temporal_quasi_identifier""], ""C"": [""criminal_justice_sensitive"", ""temporal_quasi_identifier"", ""sensitive_personal_data""], ""U"": [""criminal_justice_research"", ""research""], ""R"": [""delete_on_request"", ""retention_5y""], ""A"": [""AU"", ""DPO"", ""DS""]}"
"PrivacyAnnotation|PA::prop::DataCellArtifact::D4_COMPASLabelTransformed::record::5::cell::c_jail_out::00269","PrivacyAnnotation","PA::prop::DataCellArtifact::D4_COMPASLabelTransformed::record::5::cell::c_jail_out::00269","{""key"": ""PA::prop::DataCellArtifact::D4_COMPASLabelTransformed::record::5::cell::c_jail_out::00269"", ""annotationId"": ""PA::prop::DataCellArtifact::D4_COMPASLabelTransformed::record::5::cell::c_jail_out::00269"", ""target_label"": ""DataCellArtifact"", ""target_key"": ""D4_COMPASLabelTransformed::record::5::cell::c_jail_out"", ""granularity"": ""cell"", ""source"": ""propagated:TR"", ""policy_id"": ""B3_label_transform_policy"", ""generated_by"": ""run_fc7d525c22::004::B3_label_transform"", ""note"": ""TR propagation for output attribute c_jail_out"", ""C_explicit"": [""criminal_justice_sensitive"", ""temporal_quasi_identifier""], ""C"": [""criminal_justice_sensitive"", ""temporal_quasi_identifier"", ""sensitive_personal_data""], ""U"": [""criminal_justice_research"", ""research""], ""R"": [""delete_on_request"", ""retention_5y""], ""A"": [""AU"", ""DPO"", ""DS""]}"
"PrivacyAnnotation|PA::prop::DataRecordArtifact::D4_COMPASLabelTransformed::record::0::00270","PrivacyAnnotation","PA::prop::DataRecordArtifact::D4_COMPASLabelTransformed::record::0::00270","{""key"": ""PA::prop::DataRecordArtifact::D4_COMPASLabelTransformed::record::0::00270"", ""annotationId"": ""PA::prop::DataRecordArtifact::D4_COMPASLabelTransformed::record::0::00270"", ""target_label"": ""DataRecordArtifact"", ""target_key"": ""D4_COMPASLabelTransformed::record::0"", ""granularity"": ""record"", ""source"": ""propagated:TR"", ""policy_id"": ""B3_label_transform_policy"", ""generated_by"": ""run_fc7d525c22::004::B3_label_transform"", ""note"": ""Record-level annotation summarised from cells of D4_COMPASLabelTransformed."", ""C_explicit"": [""quasi_identifier"", ""criminal_justice_sensitive"", ""race_ethnicity"", ""protected_attribute"", ""gender"", ""temporal_quasi_identifier"", ""behavioural_sensitive""], ""C"": [""quasi_identifier"", ""criminal_justice_sensitive"", ""race_ethnicity"", ""protected_attribute"", ""gender"", ""temporal_quasi_identifier"", ""behavioural_sensitive"", ""personal_data"", ""sensitive_personal_data""], ""U"": [""criminal_justice_research"", ""research""], ""R"": [""delete_on_request"", ""retention_5y""], ""A"": [""AU"", ""DPO"", ""DS""]}"
"PrivacyAnnotation|PA::prop::DataRecordArtifact::D4_COMPASLabelTransformed::record::1::00271","PrivacyAnnotation","PA::prop::DataRecordArtifact::D4_COMPASLabelTransformed::record::1::00271","{""key"": ""PA::prop::DataRecordArtifact::D4_COMPASLabelTransformed::record::1::00271"", ""annotationId"": ""PA::prop::DataRecordArtifact::D4_COMPASLabelTransformed::record::1::00271"", ""target_label"": ""DataRecordArtifact"", ""target_key"": ""D4_COMPASLabelTransformed::record::1"", ""granularity"": ""record"", ""source"": ""propagated:TR"", ""policy_id"": ""B3_label_transform_policy"", ""generated_by"": ""run_fc7d525c22::004::B3_label_transform"", ""note"": ""Record-level annotation summarised from cells of D4_COMPASLabelTransformed."", ""C_explicit"": [""quasi_identifier"", ""criminal_justice_sensitive"", ""race_ethnicity"", ""protected_attribute"", ""gender"", ""temporal_quasi_identifier"", ""behavioural_sensitive""], ""C"": [""quasi_identifier"", ""criminal_justice_sensitive"", ""race_ethnicity"", ""protected_attribute"", ""gender"", ""temporal_quasi_identifier"", ""behavioural_sensitive"", ""personal_data"", ""sensitive_personal_data""], ""U"": [""criminal_justice_research"", ""research""], ""R"": [""delete_on_request"", ""retention_5y""], ""A"": [""AU"", ""DPO"", ""DS""]}"
"PrivacyAnnotation|PA::prop::DataRecordArtifact::D4_COMPASLabelTransformed::record::2::00272","PrivacyAnnotation","PA::prop::DataRecordArtifact::D4_COMPASLabelTransformed::record::2::00272","{""key"": ""PA::prop::DataRecordArtifact::D4_COMPASLabelTransformed::record::2::00272"", ""annotationId"": ""PA::prop::DataRecordArtifact::D4_COMPASLabelTransformed::record::2::00272"", ""target_label"": ""DataRecordArtifact"", ""target_key"": ""D4_COMPASLabelTransformed::record::2"", ""granularity"": ""record"", ""source"": ""propagated:TR"", ""policy_id"": ""B3_label_transform_policy"", ""generated_by"": ""run_fc7d525c22::004::B3_label_transform"", ""note"": ""Record-level annotation summarised from cells of D4_COMPASLabelTransformed."", ""C_explicit"": [""quasi_identifier"", ""criminal_justice_sensitive"", ""race_ethnicity"", ""protected_attribute"", ""gender"", ""temporal_quasi_identifier"", ""behavioural_sensitive""], ""C"": [""quasi_identifier"", ""criminal_justice_sensitive"", ""race_ethnicity"", ""protected_attribute"", ""gender"", ""temporal_quasi_identifier"", ""behavioural_sensitive"", ""personal_data"", ""sensitive_personal_data""], ""U"": [""criminal_justice_research"", ""research""], ""R"": [""delete_on_request"", ""retention_5y""], ""A"": [""AU"", ""DPO"", ""DS""]}"
"PrivacyAnnotation|PA::prop::DataRecordArtifact::D4_COMPASLabelTransformed::record::4::00273","PrivacyAnnotation","PA::prop::DataRecordArtifact::D4_COMPASLabelTransformed::record::4::00273","{""key"": ""PA::prop::DataRecordArtifact::D4_COMPASLabelTransformed::record::4::00273"", ""annotationId"": ""PA::prop::DataRecordArtifact::D4_COMPASLabelTransformed::record::4::00273"", ""target_label"": ""DataRecordArtifact"", ""target_key"": ""D4_COMPASLabelTransformed::record::4"", ""granularity"": ""record"", ""source"": ""propagated:TR"", ""policy_id"": ""B3_label_transform_policy"", ""generated_by"": ""run_fc7d525c22::004::B3_label_transform"", ""note"": ""Record-level annotation summarised from cells of D4_COMPASLabelTransformed."", ""C_explicit"": [""quasi_identifier"", ""criminal_justice_sensitive"", ""race_ethnicity"", ""protected_attribute"", ""gender"", ""temporal_quasi_identifier"", ""behavioural_sensitive""], ""C"": [""quasi_identifier"", ""criminal_justice_sensitive"", ""race_ethnicity"", ""protected_attribute"", ""gender"", ""temporal_quasi_identifier"", ""behavioural_sensitive"", ""personal_data"", ""sensitive_personal_data""], ""U"": [""criminal_justice_research"", ""research""], ""R"": [""delete_on_request"", ""retention_5y""], ""A"": [""AU"", ""DPO"", ""DS""]}"
"PrivacyAnnotation|PA::prop::DataRecordArtifact::D4_COMPASLabelTransformed::record::5::00274","PrivacyAnnotation","PA::prop::DataRecordArtifact::D4_COMPASLabelTransformed::record::5::00274","{""key"": ""PA::prop::DataRecordArtifact::D4_COMPASLabelTransformed::record::5::00274"", ""annotationId"": ""PA::prop::DataRecordArtifact::D4_COMPASLabelTransformed::record::5::00274"", ""target_label"": ""DataRecordArtifact"", ""target_key"": ""D4_COMPASLabelTransformed::record::5"", ""granularity"": ""record"", ""source"": ""propagated:TR"", ""policy_id"": ""B3_label_transform_policy"", ""generated_by"": ""run_fc7d525c22::004::B3_label_transform"", ""note"": ""Record-level annotation summarised from cells of D4_COMPASLabelTransformed."", ""C_explicit"": [""quasi_identifier"", ""criminal_justice_sensitive"", ""race_ethnicity"", ""protected_attribute"", ""gender"", ""temporal_quasi_identifier"", ""behavioural_sensitive""], ""C"": [""quasi_identifier"", ""criminal_justice_sensitive"", ""race_ethnicity"", ""protected_attribute"", ""gender"", ""temporal_quasi_identifier"", ""behavioural_sensitive"", ""personal_data"", ""sensitive_personal_data""], ""U"": [""criminal_justice_research"", ""research""], ""R"": [""delete_on_request"", ""retention_5y""], ""A"": [""AU"", ""DPO"", ""DS""]}"
"PrivacyAnnotation|PA::prop::DatasetArtifact::D4_COMPASLabelTransformed::00275","PrivacyAnnotation","PA::prop::DatasetArtifact::D4_COMPASLabelTransformed::00275","{""key"": ""PA::prop::DatasetArtifact::D4_COMPASLabelTransformed::00275"", ""annotationId"": ""PA::prop::DatasetArtifact::D4_COMPASLabelTransformed::00275"", ""target_label"": ""DatasetArtifact"", ""target_key"": ""D4_COMPASLabelTransformed"", ""granularity"": ""dataset"", ""source"": ""propagated:TR"", ""policy_id"": ""B3_label_transform_policy"", ""generated_by"": ""run_fc7d525c22::004::B3_label_transform"", ""note"": ""TR dataset-level propagation preserving input dataset-level governance constraints."", ""C_explicit"": [""quasi_identifier"", ""criminal_justice_sensitive"", ""race_ethnicity"", ""protected_attribute"", ""gender"", ""temporal_quasi_identifier"", ""behavioural_sensitive""], ""C"": [""quasi_identifier"", ""criminal_justice_sensitive"", ""race_ethnicity"", ""protected_attribute"", ""gender"", ""temporal_quasi_identifier"", ""behavioural_sensitive"", ""personal_data"", ""sensitive_personal_data""], ""U"": [""criminal_justice_research"", ""research""], ""R"": [""delete_on_request"", ""retention_5y""], ""A"": [""AU"", ""DPO"", ""DS""]}"
"PrivacyAnnotation|PA::prop::DataCellArtifact::D5_COMPASJailtime::record::0::cell::age::00276","PrivacyAnnotation","PA::prop::DataCellArtifact::D5_COMPASJailtime::record::0::cell::age::00276","{""key"": ""PA::prop::DataCellArtifact::D5_COMPASJailtime::record::0::cell::age::00276"", ""annotationId"": ""PA::prop::DataCellArtifact::D5_COMPASJailtime::record::0::cell::age::00276"", ""target_label"": ""DataCellArtifact"", ""target_key"": ""D5_COMPASJailtime::record::0::cell::age"", ""granularity"": ""cell"", ""source"": ""propagated:TR"", ""policy_id"": ""B4_create_jailtime_policy"", ""generated_by"": ""run_fc7d525c22::005::B4_create_jailtime"", ""note"": ""TR propagation for output attribute age"", ""C_explicit"": [""quasi_identifier""], ""C"": [""quasi_identifier"", ""personal_data""], ""U"": [""criminal_justice_research"", ""research""], ""R"": [""delete_on_request"", ""retention_5y""], ""A"": [""AU"", ""DPO"", ""DS""]}"
"PrivacyAnnotation|PA::prop::DataCellArtifact::D5_COMPASJailtime::record::0::cell::c_charge_degree::00277","PrivacyAnnotation","PA::prop::DataCellArtifact::D5_COMPASJailtime::record::0::cell::c_charge_degree::00277","{""key"": ""PA::prop::DataCellArtifact::D5_COMPASJailtime::record::0::cell::c_charge_degree::00277"", ""annotationId"": ""PA::prop::DataCellArtifact::D5_COMPASJailtime::record::0::cell::c_charge_degree::00277"", ""target_label"": ""DataCellArtifact"", ""target_key"": ""D5_COMPASJailtime::record::0::cell::c_charge_degree"", ""granularity"": ""cell"", ""source"": ""propagated:TR"", ""policy_id"": ""B4_create_jailtime_policy"", ""generated_by"": ""run_fc7d525c22::005::B4_create_jailtime"", ""note"": ""TR propagation for output attribute c_charge_degree"", ""C_explicit"": [""criminal_justice_sensitive""], ""C"": [""criminal_justice_sensitive"", ""sensitive_personal_data""], ""U"": [""criminal_justice_research"", ""research""], ""R"": [""delete_on_request"", ""retention_5y""], ""A"": [""AU"", ""DPO"", ""DS""]}"
"PrivacyAnnotation|PA::prop::DataCellArtifact::D5_COMPASJailtime::record::0::cell::race::00278","PrivacyAnnotation","PA::prop::DataCellArtifact::D5_COMPASJailtime::record::0::cell::race::00278","{""key"": ""PA::prop::DataCellArtifact::D5_COMPASJailtime::record::0::cell::race::00278"", ""annotationId"": ""PA::prop::DataCellArtifact::D5_COMPASJailtime::record::0::cell::race::00278"", ""target_label"": ""DataCellArtifact"", ""target_key"": ""D5_COMPASJailtime::record::0::cell::race"", ""granularity"": ""cell"", ""source"": ""propagated:TR"", ""policy_id"": ""B4_create_jailtime_policy"", ""generated_by"": ""run_fc7d525c22::005::B4_create_jailtime"", ""note"": ""TR propagation for output attribute race"", ""C_explicit"": [""race_ethnicity"", ""protected_attribute""], ""C"": [""race_ethnicity"", ""protected_attribute"", ""sensitive_personal_data""], ""U"": [""criminal_justice_research"", ""research""], ""R"": [""delete_on_request"", ""retention_5y""], ""A"": [""AU"", ""DPO"", ""DS""]}"
"PrivacyAnnotation|PA::prop::DataCellArtifact::D5_COMPASJailtime::record::0::cell::sex::00279","PrivacyAnnotation","PA::prop::DataCellArtifact::D5_COMPASJailtime::record::0::cell::sex::00279","{""key"": ""PA::prop::DataCellArtifact::D5_COMPASJailtime::record::0::cell::sex::00279"", ""annotationId"": ""PA::prop::DataCellArtifact::D5_COMPASJailtime::record::0::cell::sex::00279"", ""target_label"": ""DataCellArtifact"", ""target_key"": ""D5_COMPASJailtime::record::0::cell::sex"", ""granularity"": ""cell"", ""source"": ""propagated:TR"", ""policy_id"": ""B4_create_jailtime_policy"", ""generated_by"": ""run_fc7d525c22::005::B4_create_jailtime"", ""note"": ""TR propagation for output attribute sex"", ""C_explicit"": [""gender"", ""protected_attribute""], ""C"": [""gender"", ""protected_attribute"", ""sensitive_personal_data""], ""U"": [""criminal_justice_research"", ""research""], ""R"": [""delete_on_request"", ""retention_5y""], ""A"": [""AU"", ""DPO"", ""DS""]}"
"PrivacyAnnotation|PA::prop::DataCellArtifact::D5_COMPASJailtime::record::0::cell::priors_count::00280","PrivacyAnnotation","PA::prop::DataCellArtifact::D5_COMPASJailtime::record::0::cell::priors_count::00280","{""key"": ""PA::prop::DataCellArtifact::D5_COMPASJailtime::record::0::cell::priors_count::00280"", ""annotationId"": ""PA::prop::DataCellArtifact::D5_COMPASJailtime::record::0::cell::priors_count::00280"", ""target_label"": ""DataCellArtifact"", ""target_key"": ""D5_COMPASJailtime::record::0::cell::priors_count"", ""granularity"": ""cell"", ""source"": ""propagated:TR"", ""policy_id"": ""B4_create_jailtime_policy"", ""generated_by"": ""run_fc7d525c22::005::B4_create_jailtime"", ""note"": ""TR propagation for output attribute priors_count"", ""C_explicit"": [""criminal_justice_sensitive""], ""C"": [""criminal_justice_sensitive"", ""sensitive_personal_data""], ""U"": [""criminal_justice_research"", ""research""], ""R"": [""delete_on_request"", ""retention_5y""], ""A"": [""AU"", ""DPO"", ""DS""]}"
"PrivacyAnnotation|PA::prop::DataCellArtifact::D5_COMPASJailtime::record::0::cell::days_b_screening_arrest::00281","PrivacyAnnotation","PA::prop::DataCellArtifact::D5_COMPASJailtime::record::0::cell::days_b_screening_arrest::00281","{""key"": ""PA::prop::DataCellArtifact::D5_COMPASJailtime::record::0::cell::days_b_screening_arrest::00281"", ""annotationId"": ""PA::prop::DataCellArtifact::D5_COMPASJailtime::record::0::cell::days_b_screening_arrest::00281"", ""target_label"": ""DataCellArtifact"", ""target_key"": ""D5_COMPASJailtime::record::0::cell::days_b_screening_arrest"", ""granularity"": ""cell"", ""source"": ""propagated:TR"", ""policy_id"": ""B4_create_jailtime_policy"", ""generated_by"": ""run_fc7d525c22::005::B4_create_jailtime"", ""note"": ""TR propagation for output attribute days_b_screening_arrest"", ""C_explicit"": [""criminal_justice_sensitive"", ""temporal_quasi_identifier""], ""C"": [""criminal_justice_sensitive"", ""temporal_quasi_identifier"", ""sensitive_personal_data""], ""U"": [""criminal_justice_research"", ""research""], ""R"": [""delete_on_request"", ""retention_5y""], ""A"": [""AU"", ""DPO"", ""DS""]}"
"PrivacyAnnotation|PA::prop::DataCellArtifact::D5_COMPASJailtime::record::0::cell::label::00282","PrivacyAnnotation","PA::prop::DataCellArtifact::D5_COMPASJailtime::record::0::cell::label::00282","{""key"": ""PA::prop::DataCellArtifact::D5_COMPASJailtime::record::0::cell::label::00282"", ""annotationId"": ""PA::prop::DataCellArtifact::D5_COMPASJailtime::record::0::cell::label::00282"", ""target_label"": ""DataCellArtifact"", ""target_key"": ""D5_COMPASJailtime::record::0::cell::label"", ""granularity"": ""cell"", ""source"": ""propagated:TR"", ""policy_id"": ""B4_create_jailtime_policy"", ""generated_by"": ""run_fc7d525c22::005::B4_create_jailtime"", ""note"": ""TR propagation for output attribute label"", ""C_explicit"": [""criminal_justice_sensitive"", ""behavioural_sensitive""], ""C"": [""criminal_justice_sensitive"", ""behavioural_sensitive"", ""sensitive_personal_data""], ""U"": [""criminal_justice_research"", ""research""], ""R"": [""delete_on_request"", ""retention_5y""], ""A"": [""AU"", ""DPO"", ""DS""]}"
"PrivacyAnnotation|PA::prop::DataCellArtifact::D5_COMPASJailtime::record::0::cell::c_jail_in::00283","PrivacyAnnotation","PA::prop::DataCellArtifact::D5_COMPASJailtime::record::0::cell::c_jail_in::00283","{""key"": ""PA::prop::DataCellArtifact::D5_COMPASJailtime::record::0::cell::c_jail_in::00283"", ""annotationId"": ""PA::prop::DataCellArtifact::D5_COMPASJailtime::record::0::cell::c_jail_in::00283"", ""target_label"": ""DataCellArtifact"", ""target_key"": ""D5_COMPASJailtime::record::0::cell::c_jail_in"", ""granularity"": ""cell"", ""source"": ""propagated:TR"", ""policy_id"": ""B4_create_jailtime_policy"", ""generated_by"": ""run_fc7d525c22::005::B4_create_jailtime"", ""note"": ""TR propagation for output attribute c_jail_in"", ""C_explicit"": [""criminal_justice_sensitive"", ""temporal_quasi_identifier""], ""C"": [""criminal_justice_sensitive"", ""temporal_quasi_identifier"", ""sensitive_personal_data""], ""U"": [""criminal_justice_research"", ""research""], ""R"": [""delete_on_request"", ""retention_5y""], ""A"": [""AU"", ""DPO"", ""DS""]}"
"PrivacyAnnotation|PA::prop::DataCellArtifact::D5_COMPASJailtime::record::0::cell::c_jail_out::00284","PrivacyAnnotation","PA::prop::DataCellArtifact::D5_COMPASJailtime::record::0::cell::c_jail_out::00284","{""key"": ""PA::prop::DataCellArtifact::D5_COMPASJailtime::record::0::cell::c_jail_out::00284"", ""annotationId"": ""PA::prop::DataCellArtifact::D5_COMPASJailtime::record::0::cell::c_jail_out::00284"", ""target_label"": ""DataCellArtifact"", ""target_key"": ""D5_COMPASJailtime::record::0::cell::c_jail_out"", ""granularity"": ""cell"", ""source"": ""propagated:TR"", ""policy_id"": ""B4_create_jailtime_policy"", ""generated_by"": ""run_fc7d525c22::005::B4_create_jailtime"", ""note"": ""TR propagation for output attribute c_jail_out"", ""C_explicit"": [""criminal_justice_sensitive"", ""temporal_quasi_identifier""], ""C"": [""criminal_justice_sensitive"", ""temporal_quasi_identifier"", ""sensitive_personal_data""], ""U"": [""criminal_justice_research"", ""research""], ""R"": [""delete_on_request"", ""retention_5y""], ""A"": [""AU"", ""DPO"", ""DS""]}"
"PrivacyAnnotation|PA::prop::DataCellArtifact::D5_COMPASJailtime::record::0::cell::jailtime::00285","PrivacyAnnotation","PA::prop::DataCellArtifact::D5_COMPASJailtime::record::0::cell::jailtime::00285","{""key"": ""PA::prop::DataCellArtifact::D5_COMPASJailtime::record::0::cell::jailtime::00285"", ""annotationId"": ""PA::prop::DataCellArtifact::D5_COMPASJailtime::record::0::cell::jailtime::00285"", ""target_label"": ""DataCellArtifact"", ""target_key"": ""D5_COMPASJailtime::record::0::cell::jailtime"", ""granularity"": ""cell"", ""source"": ""propagated:TR"", ""policy_id"": ""B4_create_jailtime_policy"", ""generated_by"": ""run_fc7d525c22::005::B4_create_jailtime"", ""note"": ""TR propagation for output attribute jailtime"", ""C_explicit"": [""criminal_justice_sensitive"", ""temporal_quasi_identifier""], ""C"": [""criminal_justice_sensitive"", ""temporal_quasi_identifier"", ""sensitive_personal_data""], ""U"": [""criminal_justice_research"", ""research""], ""R"": [""delete_on_request"", ""retention_5y""], ""A"": [""AU"", ""DPO"", ""DS""]}"
"PrivacyAnnotation|PA::prop::DataCellArtifact::D5_COMPASJailtime::record::1::cell::age::00286","PrivacyAnnotation","PA::prop::DataCellArtifact::D5_COMPASJailtime::record::1::cell::age::00286","{""key"": ""PA::prop::DataCellArtifact::D5_COMPASJailtime::record::1::cell::age::00286"", ""annotationId"": ""PA::prop::DataCellArtifact::D5_COMPASJailtime::record::1::cell::age::00286"", ""target_label"": ""DataCellArtifact"", ""target_key"": ""D5_COMPASJailtime::record::1::cell::age"", ""granularity"": ""cell"", ""source"": ""propagated:TR"", ""policy_id"": ""B4_create_jailtime_policy"", ""generated_by"": ""run_fc7d525c22::005::B4_create_jailtime"", ""note"": ""TR propagation for output attribute age"", ""C_explicit"": [""quasi_identifier""], ""C"": [""quasi_identifier"", ""personal_data""], ""U"": [""criminal_justice_research"", ""research""], ""R"": [""delete_on_request"", ""retention_5y""], ""A"": [""AU"", ""DPO"", ""DS""]}"
"PrivacyAnnotation|PA::prop::DataCellArtifact::D5_COMPASJailtime::record::1::cell::c_charge_degree::00287","PrivacyAnnotation","PA::prop::DataCellArtifact::D5_COMPASJailtime::record::1::cell::c_charge_degree::00287","{""key"": ""PA::prop::DataCellArtifact::D5_COMPASJailtime::record::1::cell::c_charge_degree::00287"", ""annotationId"": ""PA::prop::DataCellArtifact::D5_COMPASJailtime::record::1::cell::c_charge_degree::00287"", ""target_label"": ""DataCellArtifact"", ""target_key"": ""D5_COMPASJailtime::record::1::cell::c_charge_degree"", ""granularity"": ""cell"", ""source"": ""propagated:TR"", ""policy_id"": ""B4_create_jailtime_policy"", ""generated_by"": ""run_fc7d525c22::005::B4_create_jailtime"", ""note"": ""TR propagation for output attribute c_charge_degree"", ""C_explicit"": [""criminal_justice_sensitive""], ""C"": [""criminal_justice_sensitive"", ""sensitive_personal_data""], ""U"": [""criminal_justice_research"", ""research""], ""R"": [""delete_on_request"", ""retention_5y""], ""A"": [""AU"", ""DPO"", ""DS""]}"
"PrivacyAnnotation|PA::prop::DataCellArtifact::D5_COMPASJailtime::record::1::cell::race::00288","PrivacyAnnotation","PA::prop::DataCellArtifact::D5_COMPASJailtime::record::1::cell::race::00288","{""key"": ""PA::prop::DataCellArtifact::D5_COMPASJailtime::record::1::cell::race::00288"", ""annotationId"": ""PA::prop::DataCellArtifact::D5_COMPASJailtime::record::1::cell::race::00288"", ""target_label"": ""DataCellArtifact"", ""target_key"": ""D5_COMPASJailtime::record::1::cell::race"", ""granularity"": ""cell"", ""source"": ""propagated:TR"", ""policy_id"": ""B4_create_jailtime_policy"", ""generated_by"": ""run_fc7d525c22::005::B4_create_jailtime"", ""note"": ""TR propagation for output attribute race"", ""C_explicit"": [""race_ethnicity"", ""protected_attribute""], ""C"": [""race_ethnicity"", ""protected_attribute"", ""sensitive_personal_data""], ""U"": [""criminal_justice_research"", ""research""], ""R"": [""delete_on_request"", ""retention_5y""], ""A"": [""AU"", ""DPO"", ""DS""]}"
"PrivacyAnnotation|PA::prop::DataCellArtifact::D5_COMPASJailtime::record::1::cell::sex::00289","PrivacyAnnotation","PA::prop::DataCellArtifact::D5_COMPASJailtime::record::1::cell::sex::00289","{""key"": ""PA::prop::DataCellArtifact::D5_COMPASJailtime::record::1::cell::sex::00289"", ""annotationId"": ""PA::prop::DataCellArtifact::D5_COMPASJailtime::record::1::cell::sex::00289"", ""target_label"": ""DataCellArtifact"", ""target_key"": ""D5_COMPASJailtime::record::1::cell::sex"", ""granularity"": ""cell"", ""source"": ""propagated:TR"", ""policy_id"": ""B4_create_jailtime_policy"", ""generated_by"": ""run_fc7d525c22::005::B4_create_jailtime"", ""note"": ""TR propagation for output attribute sex"", ""C_explicit"": [""gender"", ""protected_attribute""], ""C"": [""gender"", ""protected_attribute"", ""sensitive_personal_data""], ""U"": [""criminal_justice_research"", ""research""], ""R"": [""delete_on_request"", ""retention_5y""], ""A"": [""AU"", ""DPO"", ""DS""]}"
"PrivacyAnnotation|PA::prop::DataCellArtifact::D5_COMPASJailtime::record::1::cell::priors_count::00290","PrivacyAnnotation","PA::prop::DataCellArtifact::D5_COMPASJailtime::record::1::cell::priors_count::00290","{""key"": ""PA::prop::DataCellArtifact::D5_COMPASJailtime::record::1::cell::priors_count::00290"", ""annotationId"": ""PA::prop::DataCellArtifact::D5_COMPASJailtime::record::1::cell::priors_count::00290"", ""target_label"": ""DataCellArtifact"", ""target_key"": ""D5_COMPASJailtime::record::1::cell::priors_count"", ""granularity"": ""cell"", ""source"": ""propagated:TR"", ""policy_id"": ""B4_create_jailtime_policy"", ""generated_by"": ""run_fc7d525c22::005::B4_create_jailtime"", ""note"": ""TR propagation for output attribute priors_count"", ""C_explicit"": [""criminal_justice_sensitive""], ""C"": [""criminal_justice_sensitive"", ""sensitive_personal_data""], ""U"": [""criminal_justice_research"", ""research""], ""R"": [""delete_on_request"", ""retention_5y""], ""A"": [""AU"", ""DPO"", ""DS""]}"
"PrivacyAnnotation|PA::prop::DataCellArtifact::D5_COMPASJailtime::record::1::cell::days_b_screening_arrest::00291","PrivacyAnnotation","PA::prop::DataCellArtifact::D5_COMPASJailtime::record::1::cell::days_b_screening_arrest::00291","{""key"": ""PA::prop::DataCellArtifact::D5_COMPASJailtime::record::1::cell::days_b_screening_arrest::00291"", ""annotationId"": ""PA::prop::DataCellArtifact::D5_COMPASJailtime::record::1::cell::days_b_screening_arrest::00291"", ""target_label"": ""DataCellArtifact"", ""target_key"": ""D5_COMPASJailtime::record::1::cell::days_b_screening_arrest"", ""granularity"": ""cell"", ""source"": ""propagated:TR"", ""policy_id"": ""B4_create_jailtime_policy"", ""generated_by"": ""run_fc7d525c22::005::B4_create_jailtime"", ""note"": ""TR propagation for output attribute days_b_screening_arrest"", ""C_explicit"": [""criminal_justice_sensitive"", ""temporal_quasi_identifier""], ""C"": [""criminal_justice_sensitive"", ""temporal_quasi_identifier"", ""sensitive_personal_data""], ""U"": [""criminal_justice_research"", ""research""], ""R"": [""delete_on_request"", ""retention_5y""], ""A"": [""AU"", ""DPO"", ""DS""]}"
"PrivacyAnnotation|PA::prop::DataCellArtifact::D5_COMPASJailtime::record::1::cell::label::00292","PrivacyAnnotation","PA::prop::DataCellArtifact::D5_COMPASJailtime::record::1::cell::label::00292","{""key"": ""PA::prop::DataCellArtifact::D5_COMPASJailtime::record::1::cell::label::00292"", ""annotationId"": ""PA::prop::DataCellArtifact::D5_COMPASJailtime::record::1::cell::label::00292"", ""target_label"": ""DataCellArtifact"", ""target_key"": ""D5_COMPASJailtime::record::1::cell::label"", ""granularity"": ""cell"", ""source"": ""propagated:TR"", ""policy_id"": ""B4_create_jailtime_policy"", ""generated_by"": ""run_fc7d525c22::005::B4_create_jailtime"", ""note"": ""TR propagation for output attribute label"", ""C_explicit"": [""criminal_justice_sensitive"", ""behavioural_sensitive""], ""C"": [""criminal_justice_sensitive"", ""behavioural_sensitive"", ""sensitive_personal_data""], ""U"": [""criminal_justice_research"", ""research""], ""R"": [""delete_on_request"", ""retention_5y""], ""A"": [""AU"", ""DPO"", ""DS""]}"
"PrivacyAnnotation|PA::prop::DataCellArtifact::D5_COMPASJailtime::record::1::cell::c_jail_in::00293","PrivacyAnnotation","PA::prop::DataCellArtifact::D5_COMPASJailtime::record::1::cell::c_jail_in::00293","{""key"": ""PA::prop::DataCellArtifact::D5_COMPASJailtime::record::1::cell::c_jail_in::00293"", ""annotationId"": ""PA::prop::DataCellArtifact::D5_COMPASJailtime::record::1::cell::c_jail_in::00293"", ""target_label"": ""DataCellArtifact"", ""target_key"": ""D5_COMPASJailtime::record::1::cell::c_jail_in"", ""granularity"": ""cell"", ""source"": ""propagated:TR"", ""policy_id"": ""B4_create_jailtime_policy"", ""generated_by"": ""run_fc7d525c22::005::B4_create_jailtime"", ""note"": ""TR propagation for output attribute c_jail_in"", ""C_explicit"": [""criminal_justice_sensitive"", ""temporal_quasi_identifier""], ""C"": [""criminal_justice_sensitive"", ""temporal_quasi_identifier"", ""sensitive_personal_data""], ""U"": [""criminal_justice_research"", ""research""], ""R"": [""delete_on_request"", ""retention_5y""], ""A"": [""AU"", ""DPO"", ""DS""]}"
"PrivacyAnnotation|PA::prop::DataCellArtifact::D5_COMPASJailtime::record::1::cell::c_jail_out::00294","PrivacyAnnotation","PA::prop::DataCellArtifact::D5_COMPASJailtime::record::1::cell::c_jail_out::00294","{""key"": ""PA::prop::DataCellArtifact::D5_COMPASJailtime::record::1::cell::c_jail_out::00294"", ""annotationId"": ""PA::prop::DataCellArtifact::D5_COMPASJailtime::record::1::cell::c_jail_out::00294"", ""target_label"": ""DataCellArtifact"", ""target_key"": ""D5_COMPASJailtime::record::1::cell::c_jail_out"", ""granularity"": ""cell"", ""source"": ""propagated:TR"", ""policy_id"": ""B4_create_jailtime_policy"", ""generated_by"": ""run_fc7d525c22::005::B4_create_jailtime"", ""note"": ""TR propagation for output attribute c_jail_out"", ""C_explicit"": [""criminal_justice_sensitive"", ""temporal_quasi_identifier""], ""C"": [""criminal_justice_sensitive"", ""temporal_quasi_identifier"", ""sensitive_personal_data""], ""U"": [""criminal_justice_research"", ""research""], ""R"": [""delete_on_request"", ""retention_5y""], ""A"": [""AU"", ""DPO"", ""DS""]}"
"PrivacyAnnotation|PA::prop::DataCellArtifact::D5_COMPASJailtime::record::1::cell::jailtime::00295","PrivacyAnnotation","PA::prop::DataCellArtifact::D5_COMPASJailtime::record::1::cell::jailtime::00295","{""key"": ""PA::prop::DataCellArtifact::D5_COMPASJailtime::record::1::cell::jailtime::00295"", ""annotationId"": ""PA::prop::DataCellArtifact::D5_COMPASJailtime::record::1::cell::jailtime::00295"", ""target_label"": ""DataCellArtifact"", ""target_key"": ""D5_COMPASJailtime::record::1::cell::jailtime"", ""granularity"": ""cell"", ""source"": ""propagated:TR"", ""policy_id"": ""B4_create_jailtime_policy"", ""generated_by"": ""run_fc7d525c22::005::B4_create_jailtime"", ""note"": ""TR propagation for output attribute jailtime"", ""C_explicit"": [""criminal_justice_sensitive"", ""temporal_quasi_identifier""], ""C"": [""criminal_justice_sensitive"", ""temporal_quasi_identifier"", ""sensitive_personal_data""], ""U"": [""criminal_justice_research"", ""research""], ""R"": [""delete_on_request"", ""retention_5y""], ""A"": [""AU"", ""DPO"", ""DS""]}"
"PrivacyAnnotation|PA::prop::DataCellArtifact::D5_COMPASJailtime::record::2::cell::age::00296","PrivacyAnnotation","PA::prop::DataCellArtifact::D5_COMPASJailtime::record::2::cell::age::00296","{""key"": ""PA::prop::DataCellArtifact::D5_COMPASJailtime::record::2::cell::age::00296"", ""annotationId"": ""PA::prop::DataCellArtifact::D5_COMPASJailtime::record::2::cell::age::00296"", ""target_label"": ""DataCellArtifact"", ""target_key"": ""D5_COMPASJailtime::record::2::cell::age"", ""granularity"": ""cell"", ""source"": ""propagated:TR"", ""policy_id"": ""B4_create_jailtime_policy"", ""generated_by"": ""run_fc7d525c22::005::B4_create_jailtime"", ""note"": ""TR propagation for output attribute age"", ""C_explicit"": [""quasi_identifier""], ""C"": [""quasi_identifier"", ""personal_data""], ""U"": [""criminal_justice_research"", ""research""], ""R"": [""delete_on_request"", ""retention_5y""], ""A"": [""AU"", ""DPO"", ""DS""]}"
"PrivacyAnnotation|PA::prop::DataCellArtifact::D5_COMPASJailtime::record::2::cell::c_charge_degree::00297","PrivacyAnnotation","PA::prop::DataCellArtifact::D5_COMPASJailtime::record::2::cell::c_charge_degree::00297","{""key"": ""PA::prop::DataCellArtifact::D5_COMPASJailtime::record::2::cell::c_charge_degree::00297"", ""annotationId"": ""PA::prop::DataCellArtifact::D5_COMPASJailtime::record::2::cell::c_charge_degree::00297"", ""target_label"": ""DataCellArtifact"", ""target_key"": ""D5_COMPASJailtime::record::2::cell::c_charge_degree"", ""granularity"": ""cell"", ""source"": ""propagated:TR"", ""policy_id"": ""B4_create_jailtime_policy"", ""generated_by"": ""run_fc7d525c22::005::B4_create_jailtime"", ""note"": ""TR propagation for output attribute c_charge_degree"", ""C_explicit"": [""criminal_justice_sensitive""], ""C"": [""criminal_justice_sensitive"", ""sensitive_personal_data""], ""U"": [""criminal_justice_research"", ""research""], ""R"": [""delete_on_request"", ""retention_5y""], ""A"": [""AU"", ""DPO"", ""DS""]}"
"PrivacyAnnotation|PA::prop::DataCellArtifact::D5_COMPASJailtime::record::2::cell::race::00298","PrivacyAnnotation","PA::prop::DataCellArtifact::D5_COMPASJailtime::record::2::cell::race::00298","{""key"": ""PA::prop::DataCellArtifact::D5_COMPASJailtime::record::2::cell::race::00298"", ""annotationId"": ""PA::prop::DataCellArtifact::D5_COMPASJailtime::record::2::cell::race::00298"", ""target_label"": ""DataCellArtifact"", ""target_key"": ""D5_COMPASJailtime::record::2::cell::race"", ""granularity"": ""cell"", ""source"": ""propagated:TR"", ""policy_id"": ""B4_create_jailtime_policy"", ""generated_by"": ""run_fc7d525c22::005::B4_create_jailtime"", ""note"": ""TR propagation for output attribute race"", ""C_explicit"": [""race_ethnicity"", ""protected_attribute""], ""C"": [""race_ethnicity"", ""protected_attribute"", ""sensitive_personal_data""], ""U"": [""criminal_justice_research"", ""research""], ""R"": [""delete_on_request"", ""retention_5y""], ""A"": [""AU"", ""DPO"", ""DS""]}"
"PrivacyAnnotation|PA::prop::DataCellArtifact::D5_COMPASJailtime::record::2::cell::sex::00299","PrivacyAnnotation","PA::prop::DataCellArtifact::D5_COMPASJailtime::record::2::cell::sex::00299","{""key"": ""PA::prop::DataCellArtifact::D5_COMPASJailtime::record::2::cell::sex::00299"", ""annotationId"": ""PA::prop::DataCellArtifact::D5_COMPASJailtime::record::2::cell::sex::00299"", ""target_label"": ""DataCellArtifact"", ""target_key"": ""D5_COMPASJailtime::record::2::cell::sex"", ""granularity"": ""cell"", ""source"": ""propagated:TR"", ""policy_id"": ""B4_create_jailtime_policy"", ""generated_by"": ""run_fc7d525c22::005::B4_create_jailtime"", ""note"": ""TR propagation for output attribute sex"", ""C_explicit"": [""gender"", ""protected_attribute""], ""C"": [""gender"", ""protected_attribute"", ""sensitive_personal_data""], ""U"": [""criminal_justice_research"", ""research""], ""R"": [""delete_on_request"", ""retention_5y""], ""A"": [""AU"", ""DPO"", ""DS""]}"
"PrivacyAnnotation|PA::prop::DataCellArtifact::D5_COMPASJailtime::record::2::cell::priors_count::00300","PrivacyAnnotation","PA::prop::DataCellArtifact::D5_COMPASJailtime::record::2::cell::priors_count::00300","{""key"": ""PA::prop::DataCellArtifact::D5_COMPASJailtime::record::2::cell::priors_count::00300"", ""annotationId"": ""PA::prop::DataCellArtifact::D5_COMPASJailtime::record::2::cell::priors_count::00300"", ""target_label"": ""DataCellArtifact"", ""target_key"": ""D5_COMPASJailtime::record::2::cell::priors_count"", ""granularity"": ""cell"", ""source"": ""propagated:TR"", ""policy_id"": ""B4_create_jailtime_policy"", ""generated_by"": ""run_fc7d525c22::005::B4_create_jailtime"", ""note"": ""TR propagation for output attribute priors_count"", ""C_explicit"": [""criminal_justice_sensitive""], ""C"": [""criminal_justice_sensitive"", ""sensitive_personal_data""], ""U"": [""criminal_justice_research"", ""research""], ""R"": [""delete_on_request"", ""retention_5y""], ""A"": [""AU"", ""DPO"", ""DS""]}"
"PrivacyAnnotation|PA::prop::DataCellArtifact::D5_COMPASJailtime::record::2::cell::days_b_screening_arrest::00301","PrivacyAnnotation","PA::prop::DataCellArtifact::D5_COMPASJailtime::record::2::cell::days_b_screening_arrest::00301","{""key"": ""PA::prop::DataCellArtifact::D5_COMPASJailtime::record::2::cell::days_b_screening_arrest::00301"", ""annotationId"": ""PA::prop::DataCellArtifact::D5_COMPASJailtime::record::2::cell::days_b_screening_arrest::00301"", ""target_label"": ""DataCellArtifact"", ""target_key"": ""D5_COMPASJailtime::record::2::cell::days_b_screening_arrest"", ""granularity"": ""cell"", ""source"": ""propagated:TR"", ""policy_id"": ""B4_create_jailtime_policy"", ""generated_by"": ""run_fc7d525c22::005::B4_create_jailtime"", ""note"": ""TR propagation for output attribute days_b_screening_arrest"", ""C_explicit"": [""criminal_justice_sensitive"", ""temporal_quasi_identifier""], ""C"": [""criminal_justice_sensitive"", ""temporal_quasi_identifier"", ""sensitive_personal_data""], ""U"": [""criminal_justice_research"", ""research""], ""R"": [""delete_on_request"", ""retention_5y""], ""A"": [""AU"", ""DPO"", ""DS""]}"
"PrivacyAnnotation|PA::prop::DataCellArtifact::D5_COMPASJailtime::record::2::cell::label::00302","PrivacyAnnotation","PA::prop::DataCellArtifact::D5_COMPASJailtime::record::2::cell::label::00302","{""key"": ""PA::prop::DataCellArtifact::D5_COMPASJailtime::record::2::cell::label::00302"", ""annotationId"": ""PA::prop::DataCellArtifact::D5_COMPASJailtime::record::2::cell::label::00302"", ""target_label"": ""DataCellArtifact"", ""target_key"": ""D5_COMPASJailtime::record::2::cell::label"", ""granularity"": ""cell"", ""source"": ""propagated:TR"", ""policy_id"": ""B4_create_jailtime_policy"", ""generated_by"": ""run_fc7d525c22::005::B4_create_jailtime"", ""note"": ""TR propagation for output attribute label"", ""C_explicit"": [""criminal_justice_sensitive"", ""behavioural_sensitive""], ""C"": [""criminal_justice_sensitive"", ""behavioural_sensitive"", ""sensitive_personal_data""], ""U"": [""criminal_justice_research"", ""research""], ""R"": [""delete_on_request"", ""retention_5y""], ""A"": [""AU"", ""DPO"", ""DS""]}"
"PrivacyAnnotation|PA::prop::DataCellArtifact::D5_COMPASJailtime::record::2::cell::c_jail_in::00303","PrivacyAnnotation","PA::prop::DataCellArtifact::D5_COMPASJailtime::record::2::cell::c_jail_in::00303","{""key"": ""PA::prop::DataCellArtifact::D5_COMPASJailtime::record::2::cell::c_jail_in::00303"", ""annotationId"": ""PA::prop::DataCellArtifact::D5_COMPASJailtime::record::2::cell::c_jail_in::00303"", ""target_label"": ""DataCellArtifact"", ""target_key"": ""D5_COMPASJailtime::record::2::cell::c_jail_in"", ""granularity"": ""cell"", ""source"": ""propagated:TR"", ""policy_id"": ""B4_create_jailtime_policy"", ""generated_by"": ""run_fc7d525c22::005::B4_create_jailtime"", ""note"": ""TR propagation for output attribute c_jail_in"", ""C_explicit"": [""criminal_justice_sensitive"", ""temporal_quasi_identifier""], ""C"": [""criminal_justice_sensitive"", ""temporal_quasi_identifier"", ""sensitive_personal_data""], ""U"": [""criminal_justice_research"", ""research""], ""R"": [""delete_on_request"", ""retention_5y""], ""A"": [""AU"", ""DPO"", ""DS""]}"
"PrivacyAnnotation|PA::prop::DataCellArtifact::D5_COMPASJailtime::record::2::cell::c_jail_out::00304","PrivacyAnnotation","PA::prop::DataCellArtifact::D5_COMPASJailtime::record::2::cell::c_jail_out::00304","{""key"": ""PA::prop::DataCellArtifact::D5_COMPASJailtime::record::2::cell::c_jail_out::00304"", ""annotationId"": ""PA::prop::DataCellArtifact::D5_COMPASJailtime::record::2::cell::c_jail_out::00304"", ""target_label"": ""DataCellArtifact"", ""target_key"": ""D5_COMPASJailtime::record::2::cell::c_jail_out"", ""granularity"": ""cell"", ""source"": ""propagated:TR"", ""policy_id"": ""B4_create_jailtime_policy"", ""generated_by"": ""run_fc7d525c22::005::B4_create_jailtime"", ""note"": ""TR propagation for output attribute c_jail_out"", ""C_explicit"": [""criminal_justice_sensitive"", ""temporal_quasi_identifier""], ""C"": [""criminal_justice_sensitive"", ""temporal_quasi_identifier"", ""sensitive_personal_data""], ""U"": [""criminal_justice_research"", ""research""], ""R"": [""delete_on_request"", ""retention_5y""], ""A"": [""AU"", ""DPO"", ""DS""]}"
"PrivacyAnnotation|PA::prop::DataCellArtifact::D5_COMPASJailtime::record::2::cell::jailtime::00305","PrivacyAnnotation","PA::prop::DataCellArtifact::D5_COMPASJailtime::record::2::cell::jailtime::00305","{""key"": ""PA::prop::DataCellArtifact::D5_COMPASJailtime::record::2::cell::jailtime::00305"", ""annotationId"": ""PA::prop::DataCellArtifact::D5_COMPASJailtime::record::2::cell::jailtime::00305"", ""target_label"": ""DataCellArtifact"", ""target_key"": ""D5_COMPASJailtime::record::2::cell::jailtime"", ""granularity"": ""cell"", ""source"": ""propagated:TR"", ""policy_id"": ""B4_create_jailtime_policy"", ""generated_by"": ""run_fc7d525c22::005::B4_create_jailtime"", ""note"": ""TR propagation for output attribute jailtime"", ""C_explicit"": [""criminal_justice_sensitive"", ""temporal_quasi_identifier""], ""C"": [""criminal_justice_sensitive"", ""temporal_quasi_identifier"", ""sensitive_personal_data""], ""U"": [""criminal_justice_research"", ""research""], ""R"": [""delete_on_request"", ""retention_5y""], ""A"": [""AU"", ""DPO"", ""DS""]}"
"PrivacyAnnotation|PA::prop::DataCellArtifact::D5_COMPASJailtime::record::4::cell::age::00306","PrivacyAnnotation","PA::prop::DataCellArtifact::D5_COMPASJailtime::record::4::cell::age::00306","{""key"": ""PA::prop::DataCellArtifact::D5_COMPASJailtime::record::4::cell::age::00306"", ""annotationId"": ""PA::prop::DataCellArtifact::D5_COMPASJailtime::record::4::cell::age::00306"", ""target_label"": ""DataCellArtifact"", ""target_key"": ""D5_COMPASJailtime::record::4::cell::age"", ""granularity"": ""cell"", ""source"": ""propagated:TR"", ""policy_id"": ""B4_create_jailtime_policy"", ""generated_by"": ""run_fc7d525c22::005::B4_create_jailtime"", ""note"": ""TR propagation for output attribute age"", ""C_explicit"": [""quasi_identifier""], ""C"": [""quasi_identifier"", ""personal_data""], ""U"": [""criminal_justice_research"", ""research""], ""R"": [""delete_on_request"", ""retention_5y""], ""A"": [""AU"", ""DPO"", ""DS""]}"
"PrivacyAnnotation|PA::prop::DataCellArtifact::D5_COMPASJailtime::record::4::cell::c_charge_degree::00307","PrivacyAnnotation","PA::prop::DataCellArtifact::D5_COMPASJailtime::record::4::cell::c_charge_degree::00307","{""key"": ""PA::prop::DataCellArtifact::D5_COMPASJailtime::record::4::cell::c_charge_degree::00307"", ""annotationId"": ""PA::prop::DataCellArtifact::D5_COMPASJailtime::record::4::cell::c_charge_degree::00307"", ""target_label"": ""DataCellArtifact"", ""target_key"": ""D5_COMPASJailtime::record::4::cell::c_charge_degree"", ""granularity"": ""cell"", ""source"": ""propagated:TR"", ""policy_id"": ""B4_create_jailtime_policy"", ""generated_by"": ""run_fc7d525c22::005::B4_create_jailtime"", ""note"": ""TR propagation for output attribute c_charge_degree"", ""C_explicit"": [""criminal_justice_sensitive""], ""C"": [""criminal_justice_sensitive"", ""sensitive_personal_data""], ""U"": [""criminal_justice_research"", ""research""], ""R"": [""delete_on_request"", ""retention_5y""], ""A"": [""AU"", ""DPO"", ""DS""]}"
"PrivacyAnnotation|PA::prop::DataCellArtifact::D5_COMPASJailtime::record::4::cell::race::00308","PrivacyAnnotation","PA::prop::DataCellArtifact::D5_COMPASJailtime::record::4::cell::race::00308","{""key"": ""PA::prop::DataCellArtifact::D5_COMPASJailtime::record::4::cell::race::00308"", ""annotationId"": ""PA::prop::DataCellArtifact::D5_COMPASJailtime::record::4::cell::race::00308"", ""target_label"": ""DataCellArtifact"", ""target_key"": ""D5_COMPASJailtime::record::4::cell::race"", ""granularity"": ""cell"", ""source"": ""propagated:TR"", ""policy_id"": ""B4_create_jailtime_policy"", ""generated_by"": ""run_fc7d525c22::005::B4_create_jailtime"", ""note"": ""TR propagation for output attribute race"", ""C_explicit"": [""race_ethnicity"", ""protected_attribute""], ""C"": [""race_ethnicity"", ""protected_attribute"", ""sensitive_personal_data""], ""U"": [""criminal_justice_research"", ""research""], ""R"": [""delete_on_request"", ""retention_5y""], ""A"": [""AU"", ""DPO"", ""DS""]}"
"PrivacyAnnotation|PA::prop::DataCellArtifact::D5_COMPASJailtime::record::4::cell::sex::00309","PrivacyAnnotation","PA::prop::DataCellArtifact::D5_COMPASJailtime::record::4::cell::sex::00309","{""key"": ""PA::prop::DataCellArtifact::D5_COMPASJailtime::record::4::cell::sex::00309"", ""annotationId"": ""PA::prop::DataCellArtifact::D5_COMPASJailtime::record::4::cell::sex::00309"", ""target_label"": ""DataCellArtifact"", ""target_key"": ""D5_COMPASJailtime::record::4::cell::sex"", ""granularity"": ""cell"", ""source"": ""propagated:TR"", ""policy_id"": ""B4_create_jailtime_policy"", ""generated_by"": ""run_fc7d525c22::005::B4_create_jailtime"", ""note"": ""TR propagation for output attribute sex"", ""C_explicit"": [""gender"", ""protected_attribute""], ""C"": [""gender"", ""protected_attribute"", ""sensitive_personal_data""], ""U"": [""criminal_justice_research"", ""research""], ""R"": [""delete_on_request"", ""retention_5y""], ""A"": [""AU"", ""DPO"", ""DS""]}"
"PrivacyAnnotation|PA::prop::DataCellArtifact::D5_COMPASJailtime::record::4::cell::priors_count::00310","PrivacyAnnotation","PA::prop::DataCellArtifact::D5_COMPASJailtime::record::4::cell::priors_count::00310","{""key"": ""PA::prop::DataCellArtifact::D5_COMPASJailtime::record::4::cell::priors_count::00310"", ""annotationId"": ""PA::prop::DataCellArtifact::D5_COMPASJailtime::record::4::cell::priors_count::00310"", ""target_label"": ""DataCellArtifact"", ""target_key"": ""D5_COMPASJailtime::record::4::cell::priors_count"", ""granularity"": ""cell"", ""source"": ""propagated:TR"", ""policy_id"": ""B4_create_jailtime_policy"", ""generated_by"": ""run_fc7d525c22::005::B4_create_jailtime"", ""note"": ""TR propagation for output attribute priors_count"", ""C_explicit"": [""criminal_justice_sensitive""], ""C"": [""criminal_justice_sensitive"", ""sensitive_personal_data""], ""U"": [""criminal_justice_research"", ""research""], ""R"": [""delete_on_request"", ""retention_5y""], ""A"": [""AU"", ""DPO"", ""DS""]}"
"PrivacyAnnotation|PA::prop::DataCellArtifact::D5_COMPASJailtime::record::4::cell::days_b_screening_arrest::00311","PrivacyAnnotation","PA::prop::DataCellArtifact::D5_COMPASJailtime::record::4::cell::days_b_screening_arrest::00311","{""key"": ""PA::prop::DataCellArtifact::D5_COMPASJailtime::record::4::cell::days_b_screening_arrest::00311"", ""annotationId"": ""PA::prop::DataCellArtifact::D5_COMPASJailtime::record::4::cell::days_b_screening_arrest::00311"", ""target_label"": ""DataCellArtifact"", ""target_key"": ""D5_COMPASJailtime::record::4::cell::days_b_screening_arrest"", ""granularity"": ""cell"", ""source"": ""propagated:TR"", ""policy_id"": ""B4_create_jailtime_policy"", ""generated_by"": ""run_fc7d525c22::005::B4_create_jailtime"", ""note"": ""TR propagation for output attribute days_b_screening_arrest"", ""C_explicit"": [""criminal_justice_sensitive"", ""temporal_quasi_identifier""], ""C"": [""criminal_justice_sensitive"", ""temporal_quasi_identifier"", ""sensitive_personal_data""], ""U"": [""criminal_justice_research"", ""research""], ""R"": [""delete_on_request"", ""retention_5y""], ""A"": [""AU"", ""DPO"", ""DS""]}"
"PrivacyAnnotation|PA::prop::DataCellArtifact::D5_COMPASJailtime::record::4::cell::label::00312","PrivacyAnnotation","PA::prop::DataCellArtifact::D5_COMPASJailtime::record::4::cell::label::00312","{""key"": ""PA::prop::DataCellArtifact::D5_COMPASJailtime::record::4::cell::label::00312"", ""annotationId"": ""PA::prop::DataCellArtifact::D5_COMPASJailtime::record::4::cell::label::00312"", ""target_label"": ""DataCellArtifact"", ""target_key"": ""D5_COMPASJailtime::record::4::cell::label"", ""granularity"": ""cell"", ""source"": ""propagated:TR"", ""policy_id"": ""B4_create_jailtime_policy"", ""generated_by"": ""run_fc7d525c22::005::B4_create_jailtime"", ""note"": ""TR propagation for output attribute label"", ""C_explicit"": [""criminal_justice_sensitive"", ""behavioural_sensitive""], ""C"": [""criminal_justice_sensitive"", ""behavioural_sensitive"", ""sensitive_personal_data""], ""U"": [""criminal_justice_research"", ""research""], ""R"": [""delete_on_request"", ""retention_5y""], ""A"": [""AU"", ""DPO"", ""DS""]}"
"PrivacyAnnotation|PA::prop::DataCellArtifact::D5_COMPASJailtime::record::4::cell::c_jail_in::00313","PrivacyAnnotation","PA::prop::DataCellArtifact::D5_COMPASJailtime::record::4::cell::c_jail_in::00313","{""key"": ""PA::prop::DataCellArtifact::D5_COMPASJailtime::record::4::cell::c_jail_in::00313"", ""annotationId"": ""PA::prop::DataCellArtifact::D5_COMPASJailtime::record::4::cell::c_jail_in::00313"", ""target_label"": ""DataCellArtifact"", ""target_key"": ""D5_COMPASJailtime::record::4::cell::c_jail_in"", ""granularity"": ""cell"", ""source"": ""propagated:TR"", ""policy_id"": ""B4_create_jailtime_policy"", ""generated_by"": ""run_fc7d525c22::005::B4_create_jailtime"", ""note"": ""TR propagation for output attribute c_jail_in"", ""C_explicit"": [""criminal_justice_sensitive"", ""temporal_quasi_identifier""], ""C"": [""criminal_justice_sensitive"", ""temporal_quasi_identifier"", ""sensitive_personal_data""], ""U"": [""criminal_justice_research"", ""research""], ""R"": [""delete_on_request"", ""retention_5y""], ""A"": [""AU"", ""DPO"", ""DS""]}"
"PrivacyAnnotation|PA::prop::DataCellArtifact::D5_COMPASJailtime::record::4::cell::c_jail_out::00314","PrivacyAnnotation","PA::prop::DataCellArtifact::D5_COMPASJailtime::record::4::cell::c_jail_out::00314","{""key"": ""PA::prop::DataCellArtifact::D5_COMPASJailtime::record::4::cell::c_jail_out::00314"", ""annotationId"": ""PA::prop::DataCellArtifact::D5_COMPASJailtime::record::4::cell::c_jail_out::00314"", ""target_label"": ""DataCellArtifact"", ""target_key"": ""D5_COMPASJailtime::record::4::cell::c_jail_out"", ""granularity"": ""cell"", ""source"": ""propagated:TR"", ""policy_id"": ""B4_create_jailtime_policy"", ""generated_by"": ""run_fc7d525c22::005::B4_create_jailtime"", ""note"": ""TR propagation for output attribute c_jail_out"", ""C_explicit"": [""criminal_justice_sensitive"", ""temporal_quasi_identifier""], ""C"": [""criminal_justice_sensitive"", ""temporal_quasi_identifier"", ""sensitive_personal_data""], ""U"": [""criminal_justice_research"", ""research""], ""R"": [""delete_on_request"", ""retention_5y""], ""A"": [""AU"", ""DPO"", ""DS""]}"
"PrivacyAnnotation|PA::prop::DataCellArtifact::D5_COMPASJailtime::record::4::cell::jailtime::00315","PrivacyAnnotation","PA::prop::DataCellArtifact::D5_COMPASJailtime::record::4::cell::jailtime::00315","{""key"": ""PA::prop::DataCellArtifact::D5_COMPASJailtime::record::4::cell::jailtime::00315"", ""annotationId"": ""PA::prop::DataCellArtifact::D5_COMPASJailtime::record::4::cell::jailtime::00315"", ""target_label"": ""DataCellArtifact"", ""target_key"": ""D5_COMPASJailtime::record::4::cell::jailtime"", ""granularity"": ""cell"", ""source"": ""propagated:TR"", ""policy_id"": ""B4_create_jailtime_policy"", ""generated_by"": ""run_fc7d525c22::005::B4_create_jailtime"", ""note"": ""TR propagation for output attribute jailtime"", ""C_explicit"": [""criminal_justice_sensitive"", ""temporal_quasi_identifier""], ""C"": [""criminal_justice_sensitive"", ""temporal_quasi_identifier"", ""sensitive_personal_data""], ""U"": [""criminal_justice_research"", ""research""], ""R"": [""delete_on_request"", ""retention_5y""], ""A"": [""AU"", ""DPO"", ""DS""]}"
"PrivacyAnnotation|PA::prop::DataCellArtifact::D5_COMPASJailtime::record::5::cell::age::00316","PrivacyAnnotation","PA::prop::DataCellArtifact::D5_COMPASJailtime::record::5::cell::age::00316","{""key"": ""PA::prop::DataCellArtifact::D5_COMPASJailtime::record::5::cell::age::00316"", ""annotationId"": ""PA::prop::DataCellArtifact::D5_COMPASJailtime::record::5::cell::age::00316"", ""target_label"": ""DataCellArtifact"", ""target_key"": ""D5_COMPASJailtime::record::5::cell::age"", ""granularity"": ""cell"", ""source"": ""propagated:TR"", ""policy_id"": ""B4_create_jailtime_policy"", ""generated_by"": ""run_fc7d525c22::005::B4_create_jailtime"", ""note"": ""TR propagation for output attribute age"", ""C_explicit"": [""quasi_identifier""], ""C"": [""quasi_identifier"", ""personal_data""], ""U"": [""criminal_justice_research"", ""research""], ""R"": [""delete_on_request"", ""retention_5y""], ""A"": [""AU"", ""DPO"", ""DS""]}"
"PrivacyAnnotation|PA::prop::DataCellArtifact::D5_COMPASJailtime::record::5::cell::c_charge_degree::00317","PrivacyAnnotation","PA::prop::DataCellArtifact::D5_COMPASJailtime::record::5::cell::c_charge_degree::00317","{""key"": ""PA::prop::DataCellArtifact::D5_COMPASJailtime::record::5::cell::c_charge_degree::00317"", ""annotationId"": ""PA::prop::DataCellArtifact::D5_COMPASJailtime::record::5::cell::c_charge_degree::00317"", ""target_label"": ""DataCellArtifact"", ""target_key"": ""D5_COMPASJailtime::record::5::cell::c_charge_degree"", ""granularity"": ""cell"", ""source"": ""propagated:TR"", ""policy_id"": ""B4_create_jailtime_policy"", ""generated_by"": ""run_fc7d525c22::005::B4_create_jailtime"", ""note"": ""TR propagation for output attribute c_charge_degree"", ""C_explicit"": [""criminal_justice_sensitive""], ""C"": [""criminal_justice_sensitive"", ""sensitive_personal_data""], ""U"": [""criminal_justice_research"", ""research""], ""R"": [""delete_on_request"", ""retention_5y""], ""A"": [""AU"", ""DPO"", ""DS""]}"
"PrivacyAnnotation|PA::prop::DataCellArtifact::D5_COMPASJailtime::record::5::cell::race::00318","PrivacyAnnotation","PA::prop::DataCellArtifact::D5_COMPASJailtime::record::5::cell::race::00318","{""key"": ""PA::prop::DataCellArtifact::D5_COMPASJailtime::record::5::cell::race::00318"", ""annotationId"": ""PA::prop::DataCellArtifact::D5_COMPASJailtime::record::5::cell::race::00318"", ""target_label"": ""DataCellArtifact"", ""target_key"": ""D5_COMPASJailtime::record::5::cell::race"", ""granularity"": ""cell"", ""source"": ""propagated:TR"", ""policy_id"": ""B4_create_jailtime_policy"", ""generated_by"": ""run_fc7d525c22::005::B4_create_jailtime"", ""note"": ""TR propagation for output attribute race"", ""C_explicit"": [""race_ethnicity"", ""protected_attribute""], ""C"": [""race_ethnicity"", ""protected_attribute"", ""sensitive_personal_data""], ""U"": [""criminal_justice_research"", ""research""], ""R"": [""delete_on_request"", ""retention_5y""], ""A"": [""AU"", ""DPO"", ""DS""]}"
"PrivacyAnnotation|PA::prop::DataCellArtifact::D5_COMPASJailtime::record::5::cell::sex::00319","PrivacyAnnotation","PA::prop::DataCellArtifact::D5_COMPASJailtime::record::5::cell::sex::00319","{""key"": ""PA::prop::DataCellArtifact::D5_COMPASJailtime::record::5::cell::sex::00319"", ""annotationId"": ""PA::prop::DataCellArtifact::D5_COMPASJailtime::record::5::cell::sex::00319"", ""target_label"": ""DataCellArtifact"", ""target_key"": ""D5_COMPASJailtime::record::5::cell::sex"", ""granularity"": ""cell"", ""source"": ""propagated:TR"", ""policy_id"": ""B4_create_jailtime_policy"", ""generated_by"": ""run_fc7d525c22::005::B4_create_jailtime"", ""note"": ""TR propagation for output attribute sex"", ""C_explicit"": [""gender"", ""protected_attribute""], ""C"": [""gender"", ""protected_attribute"", ""sensitive_personal_data""], ""U"": [""criminal_justice_research"", ""research""], ""R"": [""delete_on_request"", ""retention_5y""], ""A"": [""AU"", ""DPO"", ""DS""]}"
"PrivacyAnnotation|PA::prop::DataCellArtifact::D5_COMPASJailtime::record::5::cell::priors_count::00320","PrivacyAnnotation","PA::prop::DataCellArtifact::D5_COMPASJailtime::record::5::cell::priors_count::00320","{""key"": ""PA::prop::DataCellArtifact::D5_COMPASJailtime::record::5::cell::priors_count::00320"", ""annotationId"": ""PA::prop::DataCellArtifact::D5_COMPASJailtime::record::5::cell::priors_count::00320"", ""target_label"": ""DataCellArtifact"", ""target_key"": ""D5_COMPASJailtime::record::5::cell::priors_count"", ""granularity"": ""cell"", ""source"": ""propagated:TR"", ""policy_id"": ""B4_create_jailtime_policy"", ""generated_by"": ""run_fc7d525c22::005::B4_create_jailtime"", ""note"": ""TR propagation for output attribute priors_count"", ""C_explicit"": [""criminal_justice_sensitive""], ""C"": [""criminal_justice_sensitive"", ""sensitive_personal_data""], ""U"": [""criminal_justice_research"", ""research""], ""R"": [""delete_on_request"", ""retention_5y""], ""A"": [""AU"", ""DPO"", ""DS""]}"
"PrivacyAnnotation|PA::prop::DataCellArtifact::D5_COMPASJailtime::record::5::cell::days_b_screening_arrest::00321","PrivacyAnnotation","PA::prop::DataCellArtifact::D5_COMPASJailtime::record::5::cell::days_b_screening_arrest::00321","{""key"": ""PA::prop::DataCellArtifact::D5_COMPASJailtime::record::5::cell::days_b_screening_arrest::00321"", ""annotationId"": ""PA::prop::DataCellArtifact::D5_COMPASJailtime::record::5::cell::days_b_screening_arrest::00321"", ""target_label"": ""DataCellArtifact"", ""target_key"": ""D5_COMPASJailtime::record::5::cell::days_b_screening_arrest"", ""granularity"": ""cell"", ""source"": ""propagated:TR"", ""policy_id"": ""B4_create_jailtime_policy"", ""generated_by"": ""run_fc7d525c22::005::B4_create_jailtime"", ""note"": ""TR propagation for output attribute days_b_screening_arrest"", ""C_explicit"": [""criminal_justice_sensitive"", ""temporal_quasi_identifier""], ""C"": [""criminal_justice_sensitive"", ""temporal_quasi_identifier"", ""sensitive_personal_data""], ""U"": [""criminal_justice_research"", ""research""], ""R"": [""delete_on_request"", ""retention_5y""], ""A"": [""AU"", ""DPO"", ""DS""]}"
"PrivacyAnnotation|PA::prop::DataCellArtifact::D5_COMPASJailtime::record::5::cell::label::00322","PrivacyAnnotation","PA::prop::DataCellArtifact::D5_COMPASJailtime::record::5::cell::label::00322","{""key"": ""PA::prop::DataCellArtifact::D5_COMPASJailtime::record::5::cell::label::00322"", ""annotationId"": ""PA::prop::DataCellArtifact::D5_COMPASJailtime::record::5::cell::label::00322"", ""target_label"": ""DataCellArtifact"", ""target_key"": ""D5_COMPASJailtime::record::5::cell::label"", ""granularity"": ""cell"", ""source"": ""propagated:TR"", ""policy_id"": ""B4_create_jailtime_policy"", ""generated_by"": ""run_fc7d525c22::005::B4_create_jailtime"", ""note"": ""TR propagation for output attribute label"", ""C_explicit"": [""criminal_justice_sensitive"", ""behavioural_sensitive""], ""C"": [""criminal_justice_sensitive"", ""behavioural_sensitive"", ""sensitive_personal_data""], ""U"": [""criminal_justice_research"", ""research""], ""R"": [""delete_on_request"", ""retention_5y""], ""A"": [""AU"", ""DPO"", ""DS""]}"
"PrivacyAnnotation|PA::prop::DataCellArtifact::D5_COMPASJailtime::record::5::cell::c_jail_in::00323","PrivacyAnnotation","PA::prop::DataCellArtifact::D5_COMPASJailtime::record::5::cell::c_jail_in::00323","{""key"": ""PA::prop::DataCellArtifact::D5_COMPASJailtime::record::5::cell::c_jail_in::00323"", ""annotationId"": ""PA::prop::DataCellArtifact::D5_COMPASJailtime::record::5::cell::c_jail_in::00323"", ""target_label"": ""DataCellArtifact"", ""target_key"": ""D5_COMPASJailtime::record::5::cell::c_jail_in"", ""granularity"": ""cell"", ""source"": ""propagated:TR"", ""policy_id"": ""B4_create_jailtime_policy"", ""generated_by"": ""run_fc7d525c22::005::B4_create_jailtime"", ""note"": ""TR propagation for output attribute c_jail_in"", ""C_explicit"": [""criminal_justice_sensitive"", ""temporal_quasi_identifier""], ""C"": [""criminal_justice_sensitive"", ""temporal_quasi_identifier"", ""sensitive_personal_data""], ""U"": [""criminal_justice_research"", ""research""], ""R"": [""delete_on_request"", ""retention_5y""], ""A"": [""AU"", ""DPO"", ""DS""]}"
"PrivacyAnnotation|PA::prop::DataCellArtifact::D5_COMPASJailtime::record::5::cell::c_jail_out::00324","PrivacyAnnotation","PA::prop::DataCellArtifact::D5_COMPASJailtime::record::5::cell::c_jail_out::00324","{""key"": ""PA::prop::DataCellArtifact::D5_COMPASJailtime::record::5::cell::c_jail_out::00324"", ""annotationId"": ""PA::prop::DataCellArtifact::D5_COMPASJailtime::record::5::cell::c_jail_out::00324"", ""target_label"": ""DataCellArtifact"", ""target_key"": ""D5_COMPASJailtime::record::5::cell::c_jail_out"", ""granularity"": ""cell"", ""source"": ""propagated:TR"", ""policy_id"": ""B4_create_jailtime_policy"", ""generated_by"": ""run_fc7d525c22::005::B4_create_jailtime"", ""note"": ""TR propagation for output attribute c_jail_out"", ""C_explicit"": [""criminal_justice_sensitive"", ""temporal_quasi_identifier""], ""C"": [""criminal_justice_sensitive"", ""temporal_quasi_identifier"", ""sensitive_personal_data""], ""U"": [""criminal_justice_research"", ""research""], ""R"": [""delete_on_request"", ""retention_5y""], ""A"": [""AU"", ""DPO"", ""DS""]}"
"PrivacyAnnotation|PA::prop::DataCellArtifact::D5_COMPASJailtime::record::5::cell::jailtime::00325","PrivacyAnnotation","PA::prop::DataCellArtifact::D5_COMPASJailtime::record::5::cell::jailtime::00325","{""key"": ""PA::prop::DataCellArtifact::D5_COMPASJailtime::record::5::cell::jailtime::00325"", ""annotationId"": ""PA::prop::DataCellArtifact::D5_COMPASJailtime::record::5::cell::jailtime::00325"", ""target_label"": ""DataCellArtifact"", ""target_key"": ""D5_COMPASJailtime::record::5::cell::jailtime"", ""granularity"": ""cell"", ""source"": ""propagated:TR"", ""policy_id"": ""B4_create_jailtime_policy"", ""generated_by"": ""run_fc7d525c22::005::B4_create_jailtime"", ""note"": ""TR propagation for output attribute jailtime"", ""C_explicit"": [""criminal_justice_sensitive"", ""temporal_quasi_identifier""], ""C"": [""criminal_justice_sensitive"", ""temporal_quasi_identifier"", ""sensitive_personal_data""], ""U"": [""criminal_justice_research"", ""research""], ""R"": [""delete_on_request"", ""retention_5y""], ""A"": [""AU"", ""DPO"", ""DS""]}"
"PrivacyAnnotation|PA::prop::DataRecordArtifact::D5_COMPASJailtime::record::0::00326","PrivacyAnnotation","PA::prop::DataRecordArtifact::D5_COMPASJailtime::record::0::00326","{""key"": ""PA::prop::DataRecordArtifact::D5_COMPASJailtime::record::0::00326"", ""annotationId"": ""PA::prop::DataRecordArtifact::D5_COMPASJailtime::record::0::00326"", ""target_label"": ""DataRecordArtifact"", ""target_key"": ""D5_COMPASJailtime::record::0"", ""granularity"": ""record"", ""source"": ""propagated:TR"", ""policy_id"": ""B4_create_jailtime_policy"", ""generated_by"": ""run_fc7d525c22::005::B4_create_jailtime"", ""note"": ""Record-level annotation summarised from cells of D5_COMPASJailtime."", ""C_explicit"": [""quasi_identifier"", ""criminal_justice_sensitive"", ""race_ethnicity"", ""protected_attribute"", ""gender"", ""temporal_quasi_identifier"", ""behavioural_sensitive""], ""C"": [""quasi_identifier"", ""criminal_justice_sensitive"", ""race_ethnicity"", ""protected_attribute"", ""gender"", ""temporal_quasi_identifier"", ""behavioural_sensitive"", ""personal_data"", ""sensitive_personal_data""], ""U"": [""criminal_justice_research"", ""research""], ""R"": [""delete_on_request"", ""retention_5y""], ""A"": [""AU"", ""DPO"", ""DS""]}"
"PrivacyAnnotation|PA::prop::DataRecordArtifact::D5_COMPASJailtime::record::1::00327","PrivacyAnnotation","PA::prop::DataRecordArtifact::D5_COMPASJailtime::record::1::00327","{""key"": ""PA::prop::DataRecordArtifact::D5_COMPASJailtime::record::1::00327"", ""annotationId"": ""PA::prop::DataRecordArtifact::D5_COMPASJailtime::record::1::00327"", ""target_label"": ""DataRecordArtifact"", ""target_key"": ""D5_COMPASJailtime::record::1"", ""granularity"": ""record"", ""source"": ""propagated:TR"", ""policy_id"": ""B4_create_jailtime_policy"", ""generated_by"": ""run_fc7d525c22::005::B4_create_jailtime"", ""note"": ""Record-level annotation summarised from cells of D5_COMPASJailtime."", ""C_explicit"": [""quasi_identifier"", ""criminal_justice_sensitive"", ""race_ethnicity"", ""protected_attribute"", ""gender"", ""temporal_quasi_identifier"", ""behavioural_sensitive""], ""C"": [""quasi_identifier"", ""criminal_justice_sensitive"", ""race_ethnicity"", ""protected_attribute"", ""gender"", ""temporal_quasi_identifier"", ""behavioural_sensitive"", ""personal_data"", ""sensitive_personal_data""], ""U"": [""criminal_justice_research"", ""research""], ""R"": [""delete_on_request"", ""retention_5y""], ""A"": [""AU"", ""DPO"", ""DS""]}"
"PrivacyAnnotation|PA::prop::DataRecordArtifact::D5_COMPASJailtime::record::2::00328","PrivacyAnnotation","PA::prop::DataRecordArtifact::D5_COMPASJailtime::record::2::00328","{""key"": ""PA::prop::DataRecordArtifact::D5_COMPASJailtime::record::2::00328"", ""annotationId"": ""PA::prop::DataRecordArtifact::D5_COMPASJailtime::record::2::00328"", ""target_label"": ""DataRecordArtifact"", ""target_key"": ""D5_COMPASJailtime::record::2"", ""granularity"": ""record"", ""source"": ""propagated:TR"", ""policy_id"": ""B4_create_jailtime_policy"", ""generated_by"": ""run_fc7d525c22::005::B4_create_jailtime"", ""note"": ""Record-level annotation summarised from cells of D5_COMPASJailtime."", ""C_explicit"": [""quasi_identifier"", ""criminal_justice_sensitive"", ""race_ethnicity"", ""protected_attribute"", ""gender"", ""temporal_quasi_identifier"", ""behavioural_sensitive""], ""C"": [""quasi_identifier"", ""criminal_justice_sensitive"", ""race_ethnicity"", ""protected_attribute"", ""gender"", ""temporal_quasi_identifier"", ""behavioural_sensitive"", ""personal_data"", ""sensitive_personal_data""], ""U"": [""criminal_justice_research"", ""research""], ""R"": [""delete_on_request"", ""retention_5y""], ""A"": [""AU"", ""DPO"", ""DS""]}"
"PrivacyAnnotation|PA::prop::DataRecordArtifact::D5_COMPASJailtime::record::4::00329","PrivacyAnnotation","PA::prop::DataRecordArtifact::D5_COMPASJailtime::record::4::00329","{""key"": ""PA::prop::DataRecordArtifact::D5_COMPASJailtime::record::4::00329"", ""annotationId"": ""PA::prop::DataRecordArtifact::D5_COMPASJailtime::record::4::00329"", ""target_label"": ""DataRecordArtifact"", ""target_key"": ""D5_COMPASJailtime::record::4"", ""granularity"": ""record"", ""source"": ""propagated:TR"", ""policy_id"": ""B4_create_jailtime_policy"", ""generated_by"": ""run_fc7d525c22::005::B4_create_jailtime"", ""note"": ""Record-level annotation summarised from cells of D5_COMPASJailtime."", ""C_explicit"": [""quasi_identifier"", ""criminal_justice_sensitive"", ""race_ethnicity"", ""protected_attribute"", ""gender"", ""temporal_quasi_identifier"", ""behavioural_sensitive""], ""C"": [""quasi_identifier"", ""criminal_justice_sensitive"", ""race_ethnicity"", ""protected_attribute"", ""gender"", ""temporal_quasi_identifier"", ""behavioural_sensitive"", ""personal_data"", ""sensitive_personal_data""], ""U"": [""criminal_justice_research"", ""research""], ""R"": [""delete_on_request"", ""retention_5y""], ""A"": [""AU"", ""DPO"", ""DS""]}"
"PrivacyAnnotation|PA::prop::DataRecordArtifact::D5_COMPASJailtime::record::5::00330","PrivacyAnnotation","PA::prop::DataRecordArtifact::D5_COMPASJailtime::record::5::00330","{""key"": ""PA::prop::DataRecordArtifact::D5_COMPASJailtime::record::5::00330"", ""annotationId"": ""PA::prop::DataRecordArtifact::D5_COMPASJailtime::record::5::00330"", ""target_label"": ""DataRecordArtifact"", ""target_key"": ""D5_COMPASJailtime::record::5"", ""granularity"": ""record"", ""source"": ""propagated:TR"", ""policy_id"": ""B4_create_jailtime_policy"", ""generated_by"": ""run_fc7d525c22::005::B4_create_jailtime"", ""note"": ""Record-level annotation summarised from cells of D5_COMPASJailtime."", ""C_explicit"": [""quasi_identifier"", ""criminal_justice_sensitive"", ""race_ethnicity"", ""protected_attribute"", ""gender"", ""temporal_quasi_identifier"", ""behavioural_sensitive""], ""C"": [""quasi_identifier"", ""criminal_justice_sensitive"", ""race_ethnicity"", ""protected_attribute"", ""gender"", ""temporal_quasi_identifier"", ""behavioural_sensitive"", ""personal_data"", ""sensitive_personal_data""], ""U"": [""criminal_justice_research"", ""research""], ""R"": [""delete_on_request"", ""retention_5y""], ""A"": [""AU"", ""DPO"", ""DS""]}"
"PrivacyAnnotation|PA::prop::DatasetArtifact::D5_COMPASJailtime::00331","PrivacyAnnotation","PA::prop::DatasetArtifact::D5_COMPASJailtime::00331","{""key"": ""PA::prop::DatasetArtifact::D5_COMPASJailtime::00331"", ""annotationId"": ""PA::prop::DatasetArtifact::D5_COMPASJailtime::00331"", ""target_label"": ""DatasetArtifact"", ""target_key"": ""D5_COMPASJailtime"", ""granularity"": ""dataset"", ""source"": ""propagated:TR"", ""policy_id"": ""B4_create_jailtime_policy"", ""generated_by"": ""run_fc7d525c22::005::B4_create_jailtime"", ""note"": ""TR dataset-level propagation preserving input dataset-level governance constraints."", ""C_explicit"": [""quasi_identifier"", ""criminal_justice_sensitive"", ""race_ethnicity"", ""protected_attribute"", ""gender"", ""temporal_quasi_identifier"", ""behavioural_sensitive""], ""C"": [""quasi_identifier"", ""criminal_justice_sensitive"", ""race_ethnicity"", ""protected_attribute"", ""gender"", ""temporal_quasi_identifier"", ""behavioural_sensitive"", ""personal_data"", ""sensitive_personal_data""], ""U"": [""criminal_justice_research"", ""research""], ""R"": [""delete_on_request"", ""retention_5y""], ""A"": [""AU"", ""DPO"", ""DS""]}"
"PrivacyAnnotation|PA::prop::DataCellArtifact::D6_COMPASNoJailDates::record::0::cell::age::00332","PrivacyAnnotation","PA::prop::DataCellArtifact::D6_COMPASNoJailDates::record::0::cell::age::00332","{""key"": ""PA::prop::DataCellArtifact::D6_COMPASNoJailDates::record::0::cell::age::00332"", ""annotationId"": ""PA::prop::DataCellArtifact::D6_COMPASNoJailDates::record::0::cell::age::00332"", ""target_label"": ""DataCellArtifact"", ""target_key"": ""D6_COMPASNoJailDates::record::0::cell::age"", ""granularity"": ""cell"", ""source"": ""propagated:RED"", ""policy_id"": ""B5_drop_jail_dates_policy"", ""generated_by"": ""run_fc7d525c22::006::B5_drop_jail_dates"", ""note"": ""RED propagation for retained attribute age"", ""C_explicit"": [""quasi_identifier""], ""C"": [""quasi_identifier"", ""personal_data""], ""U"": [""criminal_justice_research"", ""research""], ""R"": [""delete_on_request"", ""retention_5y""], ""A"": [""AU"", ""DPO"", ""DS""]}"
"PrivacyAnnotation|PA::prop::DataCellArtifact::D6_COMPASNoJailDates::record::0::cell::c_charge_degree::00333","PrivacyAnnotation","PA::prop::DataCellArtifact::D6_COMPASNoJailDates::record::0::cell::c_charge_degree::00333","{""key"": ""PA::prop::DataCellArtifact::D6_COMPASNoJailDates::record::0::cell::c_charge_degree::00333"", ""annotationId"": ""PA::prop::DataCellArtifact::D6_COMPASNoJailDates::record::0::cell::c_charge_degree::00333"", ""target_label"": ""DataCellArtifact"", ""target_key"": ""D6_COMPASNoJailDates::record::0::cell::c_charge_degree"", ""granularity"": ""cell"", ""source"": ""propagated:RED"", ""policy_id"": ""B5_drop_jail_dates_policy"", ""generated_by"": ""run_fc7d525c22::006::B5_drop_jail_dates"", ""note"": ""RED propagation for retained attribute c_charge_degree"", ""C_explicit"": [""criminal_justice_sensitive""], ""C"": [""criminal_justice_sensitive"", ""sensitive_personal_data""], ""U"": [""criminal_justice_research"", ""research""], ""R"": [""delete_on_request"", ""retention_5y""], ""A"": [""AU"", ""DPO"", ""DS""]}"
"PrivacyAnnotation|PA::prop::DataCellArtifact::D6_COMPASNoJailDates::record::0::cell::race::00334","PrivacyAnnotation","PA::prop::DataCellArtifact::D6_COMPASNoJailDates::record::0::cell::race::00334","{""key"": ""PA::prop::DataCellArtifact::D6_COMPASNoJailDates::record::0::cell::race::00334"", ""annotationId"": ""PA::prop::DataCellArtifact::D6_COMPASNoJailDates::record::0::cell::race::00334"", ""target_label"": ""DataCellArtifact"", ""target_key"": ""D6_COMPASNoJailDates::record::0::cell::race"", ""granularity"": ""cell"", ""source"": ""propagated:RED"", ""policy_id"": ""B5_drop_jail_dates_policy"", ""generated_by"": ""run_fc7d525c22::006::B5_drop_jail_dates"", ""note"": ""RED propagation for retained attribute race"", ""C_explicit"": [""race_ethnicity"", ""protected_attribute""], ""C"": [""race_ethnicity"", ""protected_attribute"", ""sensitive_personal_data""], ""U"": [""criminal_justice_research"", ""research""], ""R"": [""delete_on_request"", ""retention_5y""], ""A"": [""AU"", ""DPO"", ""DS""]}"
"PrivacyAnnotation|PA::prop::DataCellArtifact::D6_COMPASNoJailDates::record::0::cell::sex::00335","PrivacyAnnotation","PA::prop::DataCellArtifact::D6_COMPASNoJailDates::record::0::cell::sex::00335","{""key"": ""PA::prop::DataCellArtifact::D6_COMPASNoJailDates::record::0::cell::sex::00335"", ""annotationId"": ""PA::prop::DataCellArtifact::D6_COMPASNoJailDates::record::0::cell::sex::00335"", ""target_label"": ""DataCellArtifact"", ""target_key"": ""D6_COMPASNoJailDates::record::0::cell::sex"", ""granularity"": ""cell"", ""source"": ""propagated:RED"", ""policy_id"": ""B5_drop_jail_dates_policy"", ""generated_by"": ""run_fc7d525c22::006::B5_drop_jail_dates"", ""note"": ""RED propagation for retained attribute sex"", ""C_explicit"": [""gender"", ""protected_attribute""], ""C"": [""gender"", ""protected_attribute"", ""sensitive_personal_data""], ""U"": [""criminal_justice_research"", ""research""], ""R"": [""delete_on_request"", ""retention_5y""], ""A"": [""AU"", ""DPO"", ""DS""]}"
"PrivacyAnnotation|PA::prop::DataCellArtifact::D6_COMPASNoJailDates::record::0::cell::priors_count::00336","PrivacyAnnotation","PA::prop::DataCellArtifact::D6_COMPASNoJailDates::record::0::cell::priors_count::00336","{""key"": ""PA::prop::DataCellArtifact::D6_COMPASNoJailDates::record::0::cell::priors_count::00336"", ""annotationId"": ""PA::prop::DataCellArtifact::D6_COMPASNoJailDates::record::0::cell::priors_count::00336"", ""target_label"": ""DataCellArtifact"", ""target_key"": ""D6_COMPASNoJailDates::record::0::cell::priors_count"", ""granularity"": ""cell"", ""source"": ""propagated:RED"", ""policy_id"": ""B5_drop_jail_dates_policy"", ""generated_by"": ""run_fc7d525c22::006::B5_drop_jail_dates"", ""note"": ""RED propagation for retained attribute priors_count"", ""C_explicit"": [""criminal_justice_sensitive""], ""C"": [""criminal_justice_sensitive"", ""sensitive_personal_data""], ""U"": [""criminal_justice_research"", ""research""], ""R"": [""delete_on_request"", ""retention_5y""], ""A"": [""AU"", ""DPO"", ""DS""]}"
"PrivacyAnnotation|PA::prop::DataCellArtifact::D6_COMPASNoJailDates::record::0::cell::days_b_screening_arrest::00337","PrivacyAnnotation","PA::prop::DataCellArtifact::D6_COMPASNoJailDates::record::0::cell::days_b_screening_arrest::00337","{""key"": ""PA::prop::DataCellArtifact::D6_COMPASNoJailDates::record::0::cell::days_b_screening_arrest::00337"", ""annotationId"": ""PA::prop::DataCellArtifact::D6_COMPASNoJailDates::record::0::cell::days_b_screening_arrest::00337"", ""target_label"": ""DataCellArtifact"", ""target_key"": ""D6_COMPASNoJailDates::record::0::cell::days_b_screening_arrest"", ""granularity"": ""cell"", ""source"": ""propagated:RED"", ""policy_id"": ""B5_drop_jail_dates_policy"", ""generated_by"": ""run_fc7d525c22::006::B5_drop_jail_dates"", ""note"": ""RED propagation for retained attribute days_b_screening_arrest"", ""C_explicit"": [""criminal_justice_sensitive"", ""temporal_quasi_identifier""], ""C"": [""criminal_justice_sensitive"", ""temporal_quasi_identifier"", ""sensitive_personal_data""], ""U"": [""criminal_justice_research"", ""research""], ""R"": [""delete_on_request"", ""retention_5y""], ""A"": [""AU"", ""DPO"", ""DS""]}"
"PrivacyAnnotation|PA::prop::DataCellArtifact::D6_COMPASNoJailDates::record::0::cell::label::00338","PrivacyAnnotation","PA::prop::DataCellArtifact::D6_COMPASNoJailDates::record::0::cell::label::00338","{""key"": ""PA::prop::DataCellArtifact::D6_COMPASNoJailDates::record::0::cell::label::00338"", ""annotationId"": ""PA::prop::DataCellArtifact::D6_COMPASNoJailDates::record::0::cell::label::00338"", ""target_label"": ""DataCellArtifact"", ""target_key"": ""D6_COMPASNoJailDates::record::0::cell::label"", ""granularity"": ""cell"", ""source"": ""propagated:RED"", ""policy_id"": ""B5_drop_jail_dates_policy"", ""generated_by"": ""run_fc7d525c22::006::B5_drop_jail_dates"", ""note"": ""RED propagation for retained attribute label"", ""C_explicit"": [""criminal_justice_sensitive"", ""behavioural_sensitive""], ""C"": [""criminal_justice_sensitive"", ""behavioural_sensitive"", ""sensitive_personal_data""], ""U"": [""criminal_justice_research"", ""research""], ""R"": [""delete_on_request"", ""retention_5y""], ""A"": [""AU"", ""DPO"", ""DS""]}"
"PrivacyAnnotation|PA::prop::DataCellArtifact::D6_COMPASNoJailDates::record::0::cell::jailtime::00339","PrivacyAnnotation","PA::prop::DataCellArtifact::D6_COMPASNoJailDates::record::0::cell::jailtime::00339","{""key"": ""PA::prop::DataCellArtifact::D6_COMPASNoJailDates::record::0::cell::jailtime::00339"", ""annotationId"": ""PA::prop::DataCellArtifact::D6_COMPASNoJailDates::record::0::cell::jailtime::00339"", ""target_label"": ""DataCellArtifact"", ""target_key"": ""D6_COMPASNoJailDates::record::0::cell::jailtime"", ""granularity"": ""cell"", ""source"": ""propagated:RED"", ""policy_id"": ""B5_drop_jail_dates_policy"", ""generated_by"": ""run_fc7d525c22::006::B5_drop_jail_dates"", ""note"": ""RED propagation for retained attribute jailtime"", ""C_explicit"": [""criminal_justice_sensitive"", ""temporal_quasi_identifier""], ""C"": [""criminal_justice_sensitive"", ""temporal_quasi_identifier"", ""sensitive_personal_data""], ""U"": [""criminal_justice_research"", ""research""], ""R"": [""delete_on_request"", ""retention_5y""], ""A"": [""AU"", ""DPO"", ""DS""]}"
"PrivacyAnnotation|PA::prop::DataCellArtifact::D6_COMPASNoJailDates::record::1::cell::age::00340","PrivacyAnnotation","PA::prop::DataCellArtifact::D6_COMPASNoJailDates::record::1::cell::age::00340","{""key"": ""PA::prop::DataCellArtifact::D6_COMPASNoJailDates::record::1::cell::age::00340"", ""annotationId"": ""PA::prop::DataCellArtifact::D6_COMPASNoJailDates::record::1::cell::age::00340"", ""target_label"": ""DataCellArtifact"", ""target_key"": ""D6_COMPASNoJailDates::record::1::cell::age"", ""granularity"": ""cell"", ""source"": ""propagated:RED"", ""policy_id"": ""B5_drop_jail_dates_policy"", ""generated_by"": ""run_fc7d525c22::006::B5_drop_jail_dates"", ""note"": ""RED propagation for retained attribute age"", ""C_explicit"": [""quasi_identifier""], ""C"": [""quasi_identifier"", ""personal_data""], ""U"": [""criminal_justice_research"", ""research""], ""R"": [""delete_on_request"", ""retention_5y""], ""A"": [""AU"", ""DPO"", ""DS""]}"
"PrivacyAnnotation|PA::prop::DataCellArtifact::D6_COMPASNoJailDates::record::1::cell::c_charge_degree::00341","PrivacyAnnotation","PA::prop::DataCellArtifact::D6_COMPASNoJailDates::record::1::cell::c_charge_degree::00341","{""key"": ""PA::prop::DataCellArtifact::D6_COMPASNoJailDates::record::1::cell::c_charge_degree::00341"", ""annotationId"": ""PA::prop::DataCellArtifact::D6_COMPASNoJailDates::record::1::cell::c_charge_degree::00341"", ""target_label"": ""DataCellArtifact"", ""target_key"": ""D6_COMPASNoJailDates::record::1::cell::c_charge_degree"", ""granularity"": ""cell"", ""source"": ""propagated:RED"", ""policy_id"": ""B5_drop_jail_dates_policy"", ""generated_by"": ""run_fc7d525c22::006::B5_drop_jail_dates"", ""note"": ""RED propagation for retained attribute c_charge_degree"", ""C_explicit"": [""criminal_justice_sensitive""], ""C"": [""criminal_justice_sensitive"", ""sensitive_personal_data""], ""U"": [""criminal_justice_research"", ""research""], ""R"": [""delete_on_request"", ""retention_5y""], ""A"": [""AU"", ""DPO"", ""DS""]}"
"PrivacyAnnotation|PA::prop::DataCellArtifact::D6_COMPASNoJailDates::record::1::cell::race::00342","PrivacyAnnotation","PA::prop::DataCellArtifact::D6_COMPASNoJailDates::record::1::cell::race::00342","{""key"": ""PA::prop::DataCellArtifact::D6_COMPASNoJailDates::record::1::cell::race::00342"", ""annotationId"": ""PA::prop::DataCellArtifact::D6_COMPASNoJailDates::record::1::cell::race::00342"", ""target_label"": ""DataCellArtifact"", ""target_key"": ""D6_COMPASNoJailDates::record::1::cell::race"", ""granularity"": ""cell"", ""source"": ""propagated:RED"", ""policy_id"": ""B5_drop_jail_dates_policy"", ""generated_by"": ""run_fc7d525c22::006::B5_drop_jail_dates"", ""note"": ""RED propagation for retained attribute race"", ""C_explicit"": [""race_ethnicity"", ""protected_attribute""], ""C"": [""race_ethnicity"", ""protected_attribute"", ""sensitive_personal_data""], ""U"": [""criminal_justice_research"", ""research""], ""R"": [""delete_on_request"", ""retention_5y""], ""A"": [""AU"", ""DPO"", ""DS""]}"
"PrivacyAnnotation|PA::prop::DataCellArtifact::D6_COMPASNoJailDates::record::1::cell::sex::00343","PrivacyAnnotation","PA::prop::DataCellArtifact::D6_COMPASNoJailDates::record::1::cell::sex::00343","{""key"": ""PA::prop::DataCellArtifact::D6_COMPASNoJailDates::record::1::cell::sex::00343"", ""annotationId"": ""PA::prop::DataCellArtifact::D6_COMPASNoJailDates::record::1::cell::sex::00343"", ""target_label"": ""DataCellArtifact"", ""target_key"": ""D6_COMPASNoJailDates::record::1::cell::sex"", ""granularity"": ""cell"", ""source"": ""propagated:RED"", ""policy_id"": ""B5_drop_jail_dates_policy"", ""generated_by"": ""run_fc7d525c22::006::B5_drop_jail_dates"", ""note"": ""RED propagation for retained attribute sex"", ""C_explicit"": [""gender"", ""protected_attribute""], ""C"": [""gender"", ""protected_attribute"", ""sensitive_personal_data""], ""U"": [""criminal_justice_research"", ""research""], ""R"": [""delete_on_request"", ""retention_5y""], ""A"": [""AU"", ""DPO"", ""DS""]}"
"PrivacyAnnotation|PA::prop::DataCellArtifact::D6_COMPASNoJailDates::record::1::cell::priors_count::00344","PrivacyAnnotation","PA::prop::DataCellArtifact::D6_COMPASNoJailDates::record::1::cell::priors_count::00344","{""key"": ""PA::prop::DataCellArtifact::D6_COMPASNoJailDates::record::1::cell::priors_count::00344"", ""annotationId"": ""PA::prop::DataCellArtifact::D6_COMPASNoJailDates::record::1::cell::priors_count::00344"", ""target_label"": ""DataCellArtifact"", ""target_key"": ""D6_COMPASNoJailDates::record::1::cell::priors_count"", ""granularity"": ""cell"", ""source"": ""propagated:RED"", ""policy_id"": ""B5_drop_jail_dates_policy"", ""generated_by"": ""run_fc7d525c22::006::B5_drop_jail_dates"", ""note"": ""RED propagation for retained attribute priors_count"", ""C_explicit"": [""criminal_justice_sensitive""], ""C"": [""criminal_justice_sensitive"", ""sensitive_personal_data""], ""U"": [""criminal_justice_research"", ""research""], ""R"": [""delete_on_request"", ""retention_5y""], ""A"": [""AU"", ""DPO"", ""DS""]}"
"PrivacyAnnotation|PA::prop::DataCellArtifact::D6_COMPASNoJailDates::record::1::cell::days_b_screening_arrest::00345","PrivacyAnnotation","PA::prop::DataCellArtifact::D6_COMPASNoJailDates::record::1::cell::days_b_screening_arrest::00345","{""key"": ""PA::prop::DataCellArtifact::D6_COMPASNoJailDates::record::1::cell::days_b_screening_arrest::00345"", ""annotationId"": ""PA::prop::DataCellArtifact::D6_COMPASNoJailDates::record::1::cell::days_b_screening_arrest::00345"", ""target_label"": ""DataCellArtifact"", ""target_key"": ""D6_COMPASNoJailDates::record::1::cell::days_b_screening_arrest"", ""granularity"": ""cell"", ""source"": ""propagated:RED"", ""policy_id"": ""B5_drop_jail_dates_policy"", ""generated_by"": ""run_fc7d525c22::006::B5_drop_jail_dates"", ""note"": ""RED propagation for retained attribute days_b_screening_arrest"", ""C_explicit"": [""criminal_justice_sensitive"", ""temporal_quasi_identifier""], ""C"": [""criminal_justice_sensitive"", ""temporal_quasi_identifier"", ""sensitive_personal_data""], ""U"": [""criminal_justice_research"", ""research""], ""R"": [""delete_on_request"", ""retention_5y""], ""A"": [""AU"", ""DPO"", ""DS""]}"
"PrivacyAnnotation|PA::prop::DataCellArtifact::D6_COMPASNoJailDates::record::1::cell::label::00346","PrivacyAnnotation","PA::prop::DataCellArtifact::D6_COMPASNoJailDates::record::1::cell::label::00346","{""key"": ""PA::prop::DataCellArtifact::D6_COMPASNoJailDates::record::1::cell::label::00346"", ""annotationId"": ""PA::prop::DataCellArtifact::D6_COMPASNoJailDates::record::1::cell::label::00346"", ""target_label"": ""DataCellArtifact"", ""target_key"": ""D6_COMPASNoJailDates::record::1::cell::label"", ""granularity"": ""cell"", ""source"": ""propagated:RED"", ""policy_id"": ""B5_drop_jail_dates_policy"", ""generated_by"": ""run_fc7d525c22::006::B5_drop_jail_dates"", ""note"": ""RED propagation for retained attribute label"", ""C_explicit"": [""criminal_justice_sensitive"", ""behavioural_sensitive""], ""C"": [""criminal_justice_sensitive"", ""behavioural_sensitive"", ""sensitive_personal_data""], ""U"": [""criminal_justice_research"", ""research""], ""R"": [""delete_on_request"", ""retention_5y""], ""A"": [""AU"", ""DPO"", ""DS""]}"
"PrivacyAnnotation|PA::prop::DataCellArtifact::D6_COMPASNoJailDates::record::1::cell::jailtime::00347","PrivacyAnnotation","PA::prop::DataCellArtifact::D6_COMPASNoJailDates::record::1::cell::jailtime::00347","{""key"": ""PA::prop::DataCellArtifact::D6_COMPASNoJailDates::record::1::cell::jailtime::00347"", ""annotationId"": ""PA::prop::DataCellArtifact::D6_COMPASNoJailDates::record::1::cell::jailtime::00347"", ""target_label"": ""DataCellArtifact"", ""target_key"": ""D6_COMPASNoJailDates::record::1::cell::jailtime"", ""granularity"": ""cell"", ""source"": ""propagated:RED"", ""policy_id"": ""B5_drop_jail_dates_policy"", ""generated_by"": ""run_fc7d525c22::006::B5_drop_jail_dates"", ""note"": ""RED propagation for retained attribute jailtime"", ""C_explicit"": [""criminal_justice_sensitive"", ""temporal_quasi_identifier""], ""C"": [""criminal_justice_sensitive"", ""temporal_quasi_identifier"", ""sensitive_personal_data""], ""U"": [""criminal_justice_research"", ""research""], ""R"": [""delete_on_request"", ""retention_5y""], ""A"": [""AU"", ""DPO"", ""DS""]}"
"PrivacyAnnotation|PA::prop::DataCellArtifact::D6_COMPASNoJailDates::record::2::cell::age::00348","PrivacyAnnotation","PA::prop::DataCellArtifact::D6_COMPASNoJailDates::record::2::cell::age::00348","{""key"": ""PA::prop::DataCellArtifact::D6_COMPASNoJailDates::record::2::cell::age::00348"", ""annotationId"": ""PA::prop::DataCellArtifact::D6_COMPASNoJailDates::record::2::cell::age::00348"", ""target_label"": ""DataCellArtifact"", ""target_key"": ""D6_COMPASNoJailDates::record::2::cell::age"", ""granularity"": ""cell"", ""source"": ""propagated:RED"", ""policy_id"": ""B5_drop_jail_dates_policy"", ""generated_by"": ""run_fc7d525c22::006::B5_drop_jail_dates"", ""note"": ""RED propagation for retained attribute age"", ""C_explicit"": [""quasi_identifier""], ""C"": [""quasi_identifier"", ""personal_data""], ""U"": [""criminal_justice_research"", ""research""], ""R"": [""delete_on_request"", ""retention_5y""], ""A"": [""AU"", ""DPO"", ""DS""]}"
"PrivacyAnnotation|PA::prop::DataCellArtifact::D6_COMPASNoJailDates::record::2::cell::c_charge_degree::00349","PrivacyAnnotation","PA::prop::DataCellArtifact::D6_COMPASNoJailDates::record::2::cell::c_charge_degree::00349","{""key"": ""PA::prop::DataCellArtifact::D6_COMPASNoJailDates::record::2::cell::c_charge_degree::00349"", ""annotationId"": ""PA::prop::DataCellArtifact::D6_COMPASNoJailDates::record::2::cell::c_charge_degree::00349"", ""target_label"": ""DataCellArtifact"", ""target_key"": ""D6_COMPASNoJailDates::record::2::cell::c_charge_degree"", ""granularity"": ""cell"", ""source"": ""propagated:RED"", ""policy_id"": ""B5_drop_jail_dates_policy"", ""generated_by"": ""run_fc7d525c22::006::B5_drop_jail_dates"", ""note"": ""RED propagation for retained attribute c_charge_degree"", ""C_explicit"": [""criminal_justice_sensitive""], ""C"": [""criminal_justice_sensitive"", ""sensitive_personal_data""], ""U"": [""criminal_justice_research"", ""research""], ""R"": [""delete_on_request"", ""retention_5y""], ""A"": [""AU"", ""DPO"", ""DS""]}"
"PrivacyAnnotation|PA::prop::DataCellArtifact::D6_COMPASNoJailDates::record::2::cell::race::00350","PrivacyAnnotation","PA::prop::DataCellArtifact::D6_COMPASNoJailDates::record::2::cell::race::00350","{""key"": ""PA::prop::DataCellArtifact::D6_COMPASNoJailDates::record::2::cell::race::00350"", ""annotationId"": ""PA::prop::DataCellArtifact::D6_COMPASNoJailDates::record::2::cell::race::00350"", ""target_label"": ""DataCellArtifact"", ""target_key"": ""D6_COMPASNoJailDates::record::2::cell::race"", ""granularity"": ""cell"", ""source"": ""propagated:RED"", ""policy_id"": ""B5_drop_jail_dates_policy"", ""generated_by"": ""run_fc7d525c22::006::B5_drop_jail_dates"", ""note"": ""RED propagation for retained attribute race"", ""C_explicit"": [""race_ethnicity"", ""protected_attribute""], ""C"": [""race_ethnicity"", ""protected_attribute"", ""sensitive_personal_data""], ""U"": [""criminal_justice_research"", ""research""], ""R"": [""delete_on_request"", ""retention_5y""], ""A"": [""AU"", ""DPO"", ""DS""]}"
"PrivacyAnnotation|PA::prop::DataCellArtifact::D6_COMPASNoJailDates::record::2::cell::sex::00351","PrivacyAnnotation","PA::prop::DataCellArtifact::D6_COMPASNoJailDates::record::2::cell::sex::00351","{""key"": ""PA::prop::DataCellArtifact::D6_COMPASNoJailDates::record::2::cell::sex::00351"", ""annotationId"": ""PA::prop::DataCellArtifact::D6_COMPASNoJailDates::record::2::cell::sex::00351"", ""target_label"": ""DataCellArtifact"", ""target_key"": ""D6_COMPASNoJailDates::record::2::cell::sex"", ""granularity"": ""cell"", ""source"": ""propagated:RED"", ""policy_id"": ""B5_drop_jail_dates_policy"", ""generated_by"": ""run_fc7d525c22::006::B5_drop_jail_dates"", ""note"": ""RED propagation for retained attribute sex"", ""C_explicit"": [""gender"", ""protected_attribute""], ""C"": [""gender"", ""protected_attribute"", ""sensitive_personal_data""], ""U"": [""criminal_justice_research"", ""research""], ""R"": [""delete_on_request"", ""retention_5y""], ""A"": [""AU"", ""DPO"", ""DS""]}"
"PrivacyAnnotation|PA::prop::DataCellArtifact::D6_COMPASNoJailDates::record::2::cell::priors_count::00352","PrivacyAnnotation","PA::prop::DataCellArtifact::D6_COMPASNoJailDates::record::2::cell::priors_count::00352","{""key"": ""PA::prop::DataCellArtifact::D6_COMPASNoJailDates::record::2::cell::priors_count::00352"", ""annotationId"": ""PA::prop::DataCellArtifact::D6_COMPASNoJailDates::record::2::cell::priors_count::00352"", ""target_label"": ""DataCellArtifact"", ""target_key"": ""D6_COMPASNoJailDates::record::2::cell::priors_count"", ""granularity"": ""cell"", ""source"": ""propagated:RED"", ""policy_id"": ""B5_drop_jail_dates_policy"", ""generated_by"": ""run_fc7d525c22::006::B5_drop_jail_dates"", ""note"": ""RED propagation for retained attribute priors_count"", ""C_explicit"": [""criminal_justice_sensitive""], ""C"": [""criminal_justice_sensitive"", ""sensitive_personal_data""], ""U"": [""criminal_justice_research"", ""research""], ""R"": [""delete_on_request"", ""retention_5y""], ""A"": [""AU"", ""DPO"", ""DS""]}"
"PrivacyAnnotation|PA::prop::DataCellArtifact::D6_COMPASNoJailDates::record::2::cell::days_b_screening_arrest::00353","PrivacyAnnotation","PA::prop::DataCellArtifact::D6_COMPASNoJailDates::record::2::cell::days_b_screening_arrest::00353","{""key"": ""PA::prop::DataCellArtifact::D6_COMPASNoJailDates::record::2::cell::days_b_screening_arrest::00353"", ""annotationId"": ""PA::prop::DataCellArtifact::D6_COMPASNoJailDates::record::2::cell::days_b_screening_arrest::00353"", ""target_label"": ""DataCellArtifact"", ""target_key"": ""D6_COMPASNoJailDates::record::2::cell::days_b_screening_arrest"", ""granularity"": ""cell"", ""source"": ""propagated:RED"", ""policy_id"": ""B5_drop_jail_dates_policy"", ""generated_by"": ""run_fc7d525c22::006::B5_drop_jail_dates"", ""note"": ""RED propagation for retained attribute days_b_screening_arrest"", ""C_explicit"": [""criminal_justice_sensitive"", ""temporal_quasi_identifier""], ""C"": [""criminal_justice_sensitive"", ""temporal_quasi_identifier"", ""sensitive_personal_data""], ""U"": [""criminal_justice_research"", ""research""], ""R"": [""delete_on_request"", ""retention_5y""], ""A"": [""AU"", ""DPO"", ""DS""]}"
"PrivacyAnnotation|PA::prop::DataCellArtifact::D6_COMPASNoJailDates::record::2::cell::label::00354","PrivacyAnnotation","PA::prop::DataCellArtifact::D6_COMPASNoJailDates::record::2::cell::label::00354","{""key"": ""PA::prop::DataCellArtifact::D6_COMPASNoJailDates::record::2::cell::label::00354"", ""annotationId"": ""PA::prop::DataCellArtifact::D6_COMPASNoJailDates::record::2::cell::label::00354"", ""target_label"": ""DataCellArtifact"", ""target_key"": ""D6_COMPASNoJailDates::record::2::cell::label"", ""granularity"": ""cell"", ""source"": ""propagated:RED"", ""policy_id"": ""B5_drop_jail_dates_policy"", ""generated_by"": ""run_fc7d525c22::006::B5_drop_jail_dates"", ""note"": ""RED propagation for retained attribute label"", ""C_explicit"": [""criminal_justice_sensitive"", ""behavioural_sensitive""], ""C"": [""criminal_justice_sensitive"", ""behavioural_sensitive"", ""sensitive_personal_data""], ""U"": [""criminal_justice_research"", ""research""], ""R"": [""delete_on_request"", ""retention_5y""], ""A"": [""AU"", ""DPO"", ""DS""]}"
"PrivacyAnnotation|PA::prop::DataCellArtifact::D6_COMPASNoJailDates::record::2::cell::jailtime::00355","PrivacyAnnotation","PA::prop::DataCellArtifact::D6_COMPASNoJailDates::record::2::cell::jailtime::00355","{""key"": ""PA::prop::DataCellArtifact::D6_COMPASNoJailDates::record::2::cell::jailtime::00355"", ""annotationId"": ""PA::prop::DataCellArtifact::D6_COMPASNoJailDates::record::2::cell::jailtime::00355"", ""target_label"": ""DataCellArtifact"", ""target_key"": ""D6_COMPASNoJailDates::record::2::cell::jailtime"", ""granularity"": ""cell"", ""source"": ""propagated:RED"", ""policy_id"": ""B5_drop_jail_dates_policy"", ""generated_by"": ""run_fc7d525c22::006::B5_drop_jail_dates"", ""note"": ""RED propagation for retained attribute jailtime"", ""C_explicit"": [""criminal_justice_sensitive"", ""temporal_quasi_identifier""], ""C"": [""criminal_justice_sensitive"", ""temporal_quasi_identifier"", ""sensitive_personal_data""], ""U"": [""criminal_justice_research"", ""research""], ""R"": [""delete_on_request"", ""retention_5y""], ""A"": [""AU"", ""DPO"", ""DS""]}"
"PrivacyAnnotation|PA::prop::DataCellArtifact::D6_COMPASNoJailDates::record::4::cell::age::00356","PrivacyAnnotation","PA::prop::DataCellArtifact::D6_COMPASNoJailDates::record::4::cell::age::00356","{""key"": ""PA::prop::DataCellArtifact::D6_COMPASNoJailDates::record::4::cell::age::00356"", ""annotationId"": ""PA::prop::DataCellArtifact::D6_COMPASNoJailDates::record::4::cell::age::00356"", ""target_label"": ""DataCellArtifact"", ""target_key"": ""D6_COMPASNoJailDates::record::4::cell::age"", ""granularity"": ""cell"", ""source"": ""propagated:RED"", ""policy_id"": ""B5_drop_jail_dates_policy"", ""generated_by"": ""run_fc7d525c22::006::B5_drop_jail_dates"", ""note"": ""RED propagation for retained attribute age"", ""C_explicit"": [""quasi_identifier""], ""C"": [""quasi_identifier"", ""personal_data""], ""U"": [""criminal_justice_research"", ""research""], ""R"": [""delete_on_request"", ""retention_5y""], ""A"": [""AU"", ""DPO"", ""DS""]}"
"PrivacyAnnotation|PA::prop::DataCellArtifact::D6_COMPASNoJailDates::record::4::cell::c_charge_degree::00357","PrivacyAnnotation","PA::prop::DataCellArtifact::D6_COMPASNoJailDates::record::4::cell::c_charge_degree::00357","{""key"": ""PA::prop::DataCellArtifact::D6_COMPASNoJailDates::record::4::cell::c_charge_degree::00357"", ""annotationId"": ""PA::prop::DataCellArtifact::D6_COMPASNoJailDates::record::4::cell::c_charge_degree::00357"", ""target_label"": ""DataCellArtifact"", ""target_key"": ""D6_COMPASNoJailDates::record::4::cell::c_charge_degree"", ""granularity"": ""cell"", ""source"": ""propagated:RED"", ""policy_id"": ""B5_drop_jail_dates_policy"", ""generated_by"": ""run_fc7d525c22::006::B5_drop_jail_dates"", ""note"": ""RED propagation for retained attribute c_charge_degree"", ""C_explicit"": [""criminal_justice_sensitive""], ""C"": [""criminal_justice_sensitive"", ""sensitive_personal_data""], ""U"": [""criminal_justice_research"", ""research""], ""R"": [""delete_on_request"", ""retention_5y""], ""A"": [""AU"", ""DPO"", ""DS""]}"
"PrivacyAnnotation|PA::prop::DataCellArtifact::D6_COMPASNoJailDates::record::4::cell::race::00358","PrivacyAnnotation","PA::prop::DataCellArtifact::D6_COMPASNoJailDates::record::4::cell::race::00358","{""key"": ""PA::prop::DataCellArtifact::D6_COMPASNoJailDates::record::4::cell::race::00358"", ""annotationId"": ""PA::prop::DataCellArtifact::D6_COMPASNoJailDates::record::4::cell::race::00358"", ""target_label"": ""DataCellArtifact"", ""target_key"": ""D6_COMPASNoJailDates::record::4::cell::race"", ""granularity"": ""cell"", ""source"": ""propagated:RED"", ""policy_id"": ""B5_drop_jail_dates_policy"", ""generated_by"": ""run_fc7d525c22::006::B5_drop_jail_dates"", ""note"": ""RED propagation for retained attribute race"", ""C_explicit"": [""race_ethnicity"", ""protected_attribute""], ""C"": [""race_ethnicity"", ""protected_attribute"", ""sensitive_personal_data""], ""U"": [""criminal_justice_research"", ""research""], ""R"": [""delete_on_request"", ""retention_5y""], ""A"": [""AU"", ""DPO"", ""DS""]}"
"PrivacyAnnotation|PA::prop::DataCellArtifact::D6_COMPASNoJailDates::record::4::cell::sex::00359","PrivacyAnnotation","PA::prop::DataCellArtifact::D6_COMPASNoJailDates::record::4::cell::sex::00359","{""key"": ""PA::prop::DataCellArtifact::D6_COMPASNoJailDates::record::4::cell::sex::00359"", ""annotationId"": ""PA::prop::DataCellArtifact::D6_COMPASNoJailDates::record::4::cell::sex::00359"", ""target_label"": ""DataCellArtifact"", ""target_key"": ""D6_COMPASNoJailDates::record::4::cell::sex"", ""granularity"": ""cell"", ""source"": ""propagated:RED"", ""policy_id"": ""B5_drop_jail_dates_policy"", ""generated_by"": ""run_fc7d525c22::006::B5_drop_jail_dates"", ""note"": ""RED propagation for retained attribute sex"", ""C_explicit"": [""gender"", ""protected_attribute""], ""C"": [""gender"", ""protected_attribute"", ""sensitive_personal_data""], ""U"": [""criminal_justice_research"", ""research""], ""R"": [""delete_on_request"", ""retention_5y""], ""A"": [""AU"", ""DPO"", ""DS""]}"
"PrivacyAnnotation|PA::prop::DataCellArtifact::D6_COMPASNoJailDates::record::4::cell::priors_count::00360","PrivacyAnnotation","PA::prop::DataCellArtifact::D6_COMPASNoJailDates::record::4::cell::priors_count::00360","{""key"": ""PA::prop::DataCellArtifact::D6_COMPASNoJailDates::record::4::cell::priors_count::00360"", ""annotationId"": ""PA::prop::DataCellArtifact::D6_COMPASNoJailDates::record::4::cell::priors_count::00360"", ""target_label"": ""DataCellArtifact"", ""target_key"": ""D6_COMPASNoJailDates::record::4::cell::priors_count"", ""granularity"": ""cell"", ""source"": ""propagated:RED"", ""policy_id"": ""B5_drop_jail_dates_policy"", ""generated_by"": ""run_fc7d525c22::006::B5_drop_jail_dates"", ""note"": ""RED propagation for retained attribute priors_count"", ""C_explicit"": [""criminal_justice_sensitive""], ""C"": [""criminal_justice_sensitive"", ""sensitive_personal_data""], ""U"": [""criminal_justice_research"", ""research""], ""R"": [""delete_on_request"", ""retention_5y""], ""A"": [""AU"", ""DPO"", ""DS""]}"
"PrivacyAnnotation|PA::prop::DataCellArtifact::D6_COMPASNoJailDates::record::4::cell::days_b_screening_arrest::00361","PrivacyAnnotation","PA::prop::DataCellArtifact::D6_COMPASNoJailDates::record::4::cell::days_b_screening_arrest::00361","{""key"": ""PA::prop::DataCellArtifact::D6_COMPASNoJailDates::record::4::cell::days_b_screening_arrest::00361"", ""annotationId"": ""PA::prop::DataCellArtifact::D6_COMPASNoJailDates::record::4::cell::days_b_screening_arrest::00361"", ""target_label"": ""DataCellArtifact"", ""target_key"": ""D6_COMPASNoJailDates::record::4::cell::days_b_screening_arrest"", ""granularity"": ""cell"", ""source"": ""propagated:RED"", ""policy_id"": ""B5_drop_jail_dates_policy"", ""generated_by"": ""run_fc7d525c22::006::B5_drop_jail_dates"", ""note"": ""RED propagation for retained attribute days_b_screening_arrest"", ""C_explicit"": [""criminal_justice_sensitive"", ""temporal_quasi_identifier""], ""C"": [""criminal_justice_sensitive"", ""temporal_quasi_identifier"", ""sensitive_personal_data""], ""U"": [""criminal_justice_research"", ""research""], ""R"": [""delete_on_request"", ""retention_5y""], ""A"": [""AU"", ""DPO"", ""DS""]}"
"PrivacyAnnotation|PA::prop::DataCellArtifact::D6_COMPASNoJailDates::record::4::cell::label::00362","PrivacyAnnotation","PA::prop::DataCellArtifact::D6_COMPASNoJailDates::record::4::cell::label::00362","{""key"": ""PA::prop::DataCellArtifact::D6_COMPASNoJailDates::record::4::cell::label::00362"", ""annotationId"": ""PA::prop::DataCellArtifact::D6_COMPASNoJailDates::record::4::cell::label::00362"", ""target_label"": ""DataCellArtifact"", ""target_key"": ""D6_COMPASNoJailDates::record::4::cell::label"", ""granularity"": ""cell"", ""source"": ""propagated:RED"", ""policy_id"": ""B5_drop_jail_dates_policy"", ""generated_by"": ""run_fc7d525c22::006::B5_drop_jail_dates"", ""note"": ""RED propagation for retained attribute label"", ""C_explicit"": [""criminal_justice_sensitive"", ""behavioural_sensitive""], ""C"": [""criminal_justice_sensitive"", ""behavioural_sensitive"", ""sensitive_personal_data""], ""U"": [""criminal_justice_research"", ""research""], ""R"": [""delete_on_request"", ""retention_5y""], ""A"": [""AU"", ""DPO"", ""DS""]}"
"PrivacyAnnotation|PA::prop::DataCellArtifact::D6_COMPASNoJailDates::record::4::cell::jailtime::00363","PrivacyAnnotation","PA::prop::DataCellArtifact::D6_COMPASNoJailDates::record::4::cell::jailtime::00363","{""key"": ""PA::prop::DataCellArtifact::D6_COMPASNoJailDates::record::4::cell::jailtime::00363"", ""annotationId"": ""PA::prop::DataCellArtifact::D6_COMPASNoJailDates::record::4::cell::jailtime::00363"", ""target_label"": ""DataCellArtifact"", ""target_key"": ""D6_COMPASNoJailDates::record::4::cell::jailtime"", ""granularity"": ""cell"", ""source"": ""propagated:RED"", ""policy_id"": ""B5_drop_jail_dates_policy"", ""generated_by"": ""run_fc7d525c22::006::B5_drop_jail_dates"", ""note"": ""RED propagation for retained attribute jailtime"", ""C_explicit"": [""criminal_justice_sensitive"", ""temporal_quasi_identifier""], ""C"": [""criminal_justice_sensitive"", ""temporal_quasi_identifier"", ""sensitive_personal_data""], ""U"": [""criminal_justice_research"", ""research""], ""R"": [""delete_on_request"", ""retention_5y""], ""A"": [""AU"", ""DPO"", ""DS""]}"
"PrivacyAnnotation|PA::prop::DataCellArtifact::D6_COMPASNoJailDates::record::5::cell::age::00364","PrivacyAnnotation","PA::prop::DataCellArtifact::D6_COMPASNoJailDates::record::5::cell::age::00364","{""key"": ""PA::prop::DataCellArtifact::D6_COMPASNoJailDates::record::5::cell::age::00364"", ""annotationId"": ""PA::prop::DataCellArtifact::D6_COMPASNoJailDates::record::5::cell::age::00364"", ""target_label"": ""DataCellArtifact"", ""target_key"": ""D6_COMPASNoJailDates::record::5::cell::age"", ""granularity"": ""cell"", ""source"": ""propagated:RED"", ""policy_id"": ""B5_drop_jail_dates_policy"", ""generated_by"": ""run_fc7d525c22::006::B5_drop_jail_dates"", ""note"": ""RED propagation for retained attribute age"", ""C_explicit"": [""quasi_identifier""], ""C"": [""quasi_identifier"", ""personal_data""], ""U"": [""criminal_justice_research"", ""research""], ""R"": [""delete_on_request"", ""retention_5y""], ""A"": [""AU"", ""DPO"", ""DS""]}"
"PrivacyAnnotation|PA::prop::DataCellArtifact::D6_COMPASNoJailDates::record::5::cell::c_charge_degree::00365","PrivacyAnnotation","PA::prop::DataCellArtifact::D6_COMPASNoJailDates::record::5::cell::c_charge_degree::00365","{""key"": ""PA::prop::DataCellArtifact::D6_COMPASNoJailDates::record::5::cell::c_charge_degree::00365"", ""annotationId"": ""PA::prop::DataCellArtifact::D6_COMPASNoJailDates::record::5::cell::c_charge_degree::00365"", ""target_label"": ""DataCellArtifact"", ""target_key"": ""D6_COMPASNoJailDates::record::5::cell::c_charge_degree"", ""granularity"": ""cell"", ""source"": ""propagated:RED"", ""policy_id"": ""B5_drop_jail_dates_policy"", ""generated_by"": ""run_fc7d525c22::006::B5_drop_jail_dates"", ""note"": ""RED propagation for retained attribute c_charge_degree"", ""C_explicit"": [""criminal_justice_sensitive""], ""C"": [""criminal_justice_sensitive"", ""sensitive_personal_data""], ""U"": [""criminal_justice_research"", ""research""], ""R"": [""delete_on_request"", ""retention_5y""], ""A"": [""AU"", ""DPO"", ""DS""]}"
"PrivacyAnnotation|PA::prop::DataCellArtifact::D6_COMPASNoJailDates::record::5::cell::race::00366","PrivacyAnnotation","PA::prop::DataCellArtifact::D6_COMPASNoJailDates::record::5::cell::race::00366","{""key"": ""PA::prop::DataCellArtifact::D6_COMPASNoJailDates::record::5::cell::race::00366"", ""annotationId"": ""PA::prop::DataCellArtifact::D6_COMPASNoJailDates::record::5::cell::race::00366"", ""target_label"": ""DataCellArtifact"", ""target_key"": ""D6_COMPASNoJailDates::record::5::cell::race"", ""granularity"": ""cell"", ""source"": ""propagated:RED"", ""policy_id"": ""B5_drop_jail_dates_policy"", ""generated_by"": ""run_fc7d525c22::006::B5_drop_jail_dates"", ""note"": ""RED propagation for retained attribute race"", ""C_explicit"": [""race_ethnicity"", ""protected_attribute""], ""C"": [""race_ethnicity"", ""protected_attribute"", ""sensitive_personal_data""], ""U"": [""criminal_justice_research"", ""research""], ""R"": [""delete_on_request"", ""retention_5y""], ""A"": [""AU"", ""DPO"", ""DS""]}"
"PrivacyAnnotation|PA::prop::DataCellArtifact::D6_COMPASNoJailDates::record::5::cell::sex::00367","PrivacyAnnotation","PA::prop::DataCellArtifact::D6_COMPASNoJailDates::record::5::cell::sex::00367","{""key"": ""PA::prop::DataCellArtifact::D6_COMPASNoJailDates::record::5::cell::sex::00367"", ""annotationId"": ""PA::prop::DataCellArtifact::D6_COMPASNoJailDates::record::5::cell::sex::00367"", ""target_label"": ""DataCellArtifact"", ""target_key"": ""D6_COMPASNoJailDates::record::5::cell::sex"", ""granularity"": ""cell"", ""source"": ""propagated:RED"", ""policy_id"": ""B5_drop_jail_dates_policy"", ""generated_by"": ""run_fc7d525c22::006::B5_drop_jail_dates"", ""note"": ""RED propagation for retained attribute sex"", ""C_explicit"": [""gender"", ""protected_attribute""], ""C"": [""gender"", ""protected_attribute"", ""sensitive_personal_data""], ""U"": [""criminal_justice_research"", ""research""], ""R"": [""delete_on_request"", ""retention_5y""], ""A"": [""AU"", ""DPO"", ""DS""]}"
"PrivacyAnnotation|PA::prop::DataCellArtifact::D6_COMPASNoJailDates::record::5::cell::priors_count::00368","PrivacyAnnotation","PA::prop::DataCellArtifact::D6_COMPASNoJailDates::record::5::cell::priors_count::00368","{""key"": ""PA::prop::DataCellArtifact::D6_COMPASNoJailDates::record::5::cell::priors_count::00368"", ""annotationId"": ""PA::prop::DataCellArtifact::D6_COMPASNoJailDates::record::5::cell::priors_count::00368"", ""target_label"": ""DataCellArtifact"", ""target_key"": ""D6_COMPASNoJailDates::record::5::cell::priors_count"", ""granularity"": ""cell"", ""source"": ""propagated:RED"", ""policy_id"": ""B5_drop_jail_dates_policy"", ""generated_by"": ""run_fc7d525c22::006::B5_drop_jail_dates"", ""note"": ""RED propagation for retained attribute priors_count"", ""C_explicit"": [""criminal_justice_sensitive""], ""C"": [""criminal_justice_sensitive"", ""sensitive_personal_data""], ""U"": [""criminal_justice_research"", ""research""], ""R"": [""delete_on_request"", ""retention_5y""], ""A"": [""AU"", ""DPO"", ""DS""]}"
"PrivacyAnnotation|PA::prop::DataCellArtifact::D6_COMPASNoJailDates::record::5::cell::days_b_screening_arrest::00369","PrivacyAnnotation","PA::prop::DataCellArtifact::D6_COMPASNoJailDates::record::5::cell::days_b_screening_arrest::00369","{""key"": ""PA::prop::DataCellArtifact::D6_COMPASNoJailDates::record::5::cell::days_b_screening_arrest::00369"", ""annotationId"": ""PA::prop::DataCellArtifact::D6_COMPASNoJailDates::record::5::cell::days_b_screening_arrest::00369"", ""target_label"": ""DataCellArtifact"", ""target_key"": ""D6_COMPASNoJailDates::record::5::cell::days_b_screening_arrest"", ""granularity"": ""cell"", ""source"": ""propagated:RED"", ""policy_id"": ""B5_drop_jail_dates_policy"", ""generated_by"": ""run_fc7d525c22::006::B5_drop_jail_dates"", ""note"": ""RED propagation for retained attribute days_b_screening_arrest"", ""C_explicit"": [""criminal_justice_sensitive"", ""temporal_quasi_identifier""], ""C"": [""criminal_justice_sensitive"", ""temporal_quasi_identifier"", ""sensitive_personal_data""], ""U"": [""criminal_justice_research"", ""research""], ""R"": [""delete_on_request"", ""retention_5y""], ""A"": [""AU"", ""DPO"", ""DS""]}"
"PrivacyAnnotation|PA::prop::DataCellArtifact::D6_COMPASNoJailDates::record::5::cell::label::00370","PrivacyAnnotation","PA::prop::DataCellArtifact::D6_COMPASNoJailDates::record::5::cell::label::00370","{""key"": ""PA::prop::DataCellArtifact::D6_COMPASNoJailDates::record::5::cell::label::00370"", ""annotationId"": ""PA::prop::DataCellArtifact::D6_COMPASNoJailDates::record::5::cell::label::00370"", ""target_label"": ""DataCellArtifact"", ""target_key"": ""D6_COMPASNoJailDates::record::5::cell::label"", ""granularity"": ""cell"", ""source"": ""propagated:RED"", ""policy_id"": ""B5_drop_jail_dates_policy"", ""generated_by"": ""run_fc7d525c22::006::B5_drop_jail_dates"", ""note"": ""RED propagation for retained attribute label"", ""C_explicit"": [""criminal_justice_sensitive"", ""behavioural_sensitive""], ""C"": [""criminal_justice_sensitive"", ""behavioural_sensitive"", ""sensitive_personal_data""], ""U"": [""criminal_justice_research"", ""research""], ""R"": [""delete_on_request"", ""retention_5y""], ""A"": [""AU"", ""DPO"", ""DS""]}"
"PrivacyAnnotation|PA::prop::DataCellArtifact::D6_COMPASNoJailDates::record::5::cell::jailtime::00371","PrivacyAnnotation","PA::prop::DataCellArtifact::D6_COMPASNoJailDates::record::5::cell::jailtime::00371","{""key"": ""PA::prop::DataCellArtifact::D6_COMPASNoJailDates::record::5::cell::jailtime::00371"", ""annotationId"": ""PA::prop::DataCellArtifact::D6_COMPASNoJailDates::record::5::cell::jailtime::00371"", ""target_label"": ""DataCellArtifact"", ""target_key"": ""D6_COMPASNoJailDates::record::5::cell::jailtime"", ""granularity"": ""cell"", ""source"": ""propagated:RED"", ""policy_id"": ""B5_drop_jail_dates_policy"", ""generated_by"": ""run_fc7d525c22::006::B5_drop_jail_dates"", ""note"": ""RED propagation for retained attribute jailtime"", ""C_explicit"": [""criminal_justice_sensitive"", ""temporal_quasi_identifier""], ""C"": [""criminal_justice_sensitive"", ""temporal_quasi_identifier"", ""sensitive_personal_data""], ""U"": [""criminal_justice_research"", ""research""], ""R"": [""delete_on_request"", ""retention_5y""], ""A"": [""AU"", ""DPO"", ""DS""]}"
"PrivacyAnnotation|PA::prop::DataRecordArtifact::D6_COMPASNoJailDates::record::0::00372","PrivacyAnnotation","PA::prop::DataRecordArtifact::D6_COMPASNoJailDates::record::0::00372","{""key"": ""PA::prop::DataRecordArtifact::D6_COMPASNoJailDates::record::0::00372"", ""annotationId"": ""PA::prop::DataRecordArtifact::D6_COMPASNoJailDates::record::0::00372"", ""target_label"": ""DataRecordArtifact"", ""target_key"": ""D6_COMPASNoJailDates::record::0"", ""granularity"": ""record"", ""source"": ""propagated:RED"", ""policy_id"": ""B5_drop_jail_dates_policy"", ""generated_by"": ""run_fc7d525c22::006::B5_drop_jail_dates"", ""note"": ""Record-level annotation summarised from cells of D6_COMPASNoJailDates."", ""C_explicit"": [""quasi_identifier"", ""criminal_justice_sensitive"", ""race_ethnicity"", ""protected_attribute"", ""gender"", ""temporal_quasi_identifier"", ""behavioural_sensitive""], ""C"": [""quasi_identifier"", ""criminal_justice_sensitive"", ""race_ethnicity"", ""protected_attribute"", ""gender"", ""temporal_quasi_identifier"", ""behavioural_sensitive"", ""personal_data"", ""sensitive_personal_data""], ""U"": [""criminal_justice_research"", ""research""], ""R"": [""delete_on_request"", ""retention_5y""], ""A"": [""AU"", ""DPO"", ""DS""]}"
"PrivacyAnnotation|PA::prop::DataRecordArtifact::D6_COMPASNoJailDates::record::1::00373","PrivacyAnnotation","PA::prop::DataRecordArtifact::D6_COMPASNoJailDates::record::1::00373","{""key"": ""PA::prop::DataRecordArtifact::D6_COMPASNoJailDates::record::1::00373"", ""annotationId"": ""PA::prop::DataRecordArtifact::D6_COMPASNoJailDates::record::1::00373"", ""target_label"": ""DataRecordArtifact"", ""target_key"": ""D6_COMPASNoJailDates::record::1"", ""granularity"": ""record"", ""source"": ""propagated:RED"", ""policy_id"": ""B5_drop_jail_dates_policy"", ""generated_by"": ""run_fc7d525c22::006::B5_drop_jail_dates"", ""note"": ""Record-level annotation summarised from cells of D6_COMPASNoJailDates."", ""C_explicit"": [""quasi_identifier"", ""criminal_justice_sensitive"", ""race_ethnicity"", ""protected_attribute"", ""gender"", ""temporal_quasi_identifier"", ""behavioural_sensitive""], ""C"": [""quasi_identifier"", ""criminal_justice_sensitive"", ""race_ethnicity"", ""protected_attribute"", ""gender"", ""temporal_quasi_identifier"", ""behavioural_sensitive"", ""personal_data"", ""sensitive_personal_data""], ""U"": [""criminal_justice_research"", ""research""], ""R"": [""delete_on_request"", ""retention_5y""], ""A"": [""AU"", ""DPO"", ""DS""]}"
"PrivacyAnnotation|PA::prop::DataRecordArtifact::D6_COMPASNoJailDates::record::2::00374","PrivacyAnnotation","PA::prop::DataRecordArtifact::D6_COMPASNoJailDates::record::2::00374","{""key"": ""PA::prop::DataRecordArtifact::D6_COMPASNoJailDates::record::2::00374"", ""annotationId"": ""PA::prop::DataRecordArtifact::D6_COMPASNoJailDates::record::2::00374"", ""target_label"": ""DataRecordArtifact"", ""target_key"": ""D6_COMPASNoJailDates::record::2"", ""granularity"": ""record"", ""source"": ""propagated:RED"", ""policy_id"": ""B5_drop_jail_dates_policy"", ""generated_by"": ""run_fc7d525c22::006::B5_drop_jail_dates"", ""note"": ""Record-level annotation summarised from cells of D6_COMPASNoJailDates."", ""C_explicit"": [""quasi_identifier"", ""criminal_justice_sensitive"", ""race_ethnicity"", ""protected_attribute"", ""gender"", ""temporal_quasi_identifier"", ""behavioural_sensitive""], ""C"": [""quasi_identifier"", ""criminal_justice_sensitive"", ""race_ethnicity"", ""protected_attribute"", ""gender"", ""temporal_quasi_identifier"", ""behavioural_sensitive"", ""personal_data"", ""sensitive_personal_data""], ""U"": [""criminal_justice_research"", ""research""], ""R"": [""delete_on_request"", ""retention_5y""], ""A"": [""AU"", ""DPO"", ""DS""]}"
"PrivacyAnnotation|PA::prop::DataRecordArtifact::D6_COMPASNoJailDates::record::4::00375","PrivacyAnnotation","PA::prop::DataRecordArtifact::D6_COMPASNoJailDates::record::4::00375","{""key"": ""PA::prop::DataRecordArtifact::D6_COMPASNoJailDates::record::4::00375"", ""annotationId"": ""PA::prop::DataRecordArtifact::D6_COMPASNoJailDates::record::4::00375"", ""target_label"": ""DataRecordArtifact"", ""target_key"": ""D6_COMPASNoJailDates::record::4"", ""granularity"": ""record"", ""source"": ""propagated:RED"", ""policy_id"": ""B5_drop_jail_dates_policy"", ""generated_by"": ""run_fc7d525c22::006::B5_drop_jail_dates"", ""note"": ""Record-level annotation summarised from cells of D6_COMPASNoJailDates."", ""C_explicit"": [""quasi_identifier"", ""criminal_justice_sensitive"", ""race_ethnicity"", ""protected_attribute"", ""gender"", ""temporal_quasi_identifier"", ""behavioural_sensitive""], ""C"": [""quasi_identifier"", ""criminal_justice_sensitive"", ""race_ethnicity"", ""protected_attribute"", ""gender"", ""temporal_quasi_identifier"", ""behavioural_sensitive"", ""personal_data"", ""sensitive_personal_data""], ""U"": [""criminal_justice_research"", ""research""], ""R"": [""delete_on_request"", ""retention_5y""], ""A"": [""AU"", ""DPO"", ""DS""]}"
"PrivacyAnnotation|PA::prop::DataRecordArtifact::D6_COMPASNoJailDates::record::5::00376","PrivacyAnnotation","PA::prop::DataRecordArtifact::D6_COMPASNoJailDates::record::5::00376","{""key"": ""PA::prop::DataRecordArtifact::D6_COMPASNoJailDates::record::5::00376"", ""annotationId"": ""PA::prop::DataRecordArtifact::D6_COMPASNoJailDates::record::5::00376"", ""target_label"": ""DataRecordArtifact"", ""target_key"": ""D6_COMPASNoJailDates::record::5"", ""granularity"": ""record"", ""source"": ""propagated:RED"", ""policy_id"": ""B5_drop_jail_dates_policy"", ""generated_by"": ""run_fc7d525c22::006::B5_drop_jail_dates"", ""note"": ""Record-level annotation summarised from cells of D6_COMPASNoJailDates."", ""C_explicit"": [""quasi_identifier"", ""criminal_justice_sensitive"", ""race_ethnicity"", ""protected_attribute"", ""gender"", ""temporal_quasi_identifier"", ""behavioural_sensitive""], ""C"": [""quasi_identifier"", ""criminal_justice_sensitive"", ""race_ethnicity"", ""protected_attribute"", ""gender"", ""temporal_quasi_identifier"", ""behavioural_sensitive"", ""personal_data"", ""sensitive_personal_data""], ""U"": [""criminal_justice_research"", ""research""], ""R"": [""delete_on_request"", ""retention_5y""], ""A"": [""AU"", ""DPO"", ""DS""]}"
"PrivacyAnnotation|PA::prop::DatasetArtifact::D6_COMPASNoJailDates::00377","PrivacyAnnotation","PA::prop::DatasetArtifact::D6_COMPASNoJailDates::00377","{""key"": ""PA::prop::DatasetArtifact::D6_COMPASNoJailDates::00377"", ""annotationId"": ""PA::prop::DatasetArtifact::D6_COMPASNoJailDates::00377"", ""target_label"": ""DatasetArtifact"", ""target_key"": ""D6_COMPASNoJailDates"", ""granularity"": ""dataset"", ""source"": ""propagated:RED"", ""policy_id"": ""B5_drop_jail_dates_policy"", ""generated_by"": ""run_fc7d525c22::006::B5_drop_jail_dates"", ""note"": ""RED dataset-level propagation from retained contributors."", ""C_explicit"": [""quasi_identifier"", ""criminal_justice_sensitive"", ""race_ethnicity"", ""protected_attribute"", ""gender"", ""behavioural_sensitive""], ""C"": [""quasi_identifier"", ""criminal_justice_sensitive"", ""race_ethnicity"", ""protected_attribute"", ""gender"", ""behavioural_sensitive"", ""personal_data"", ""sensitive_personal_data""], ""U"": [""criminal_justice_research"", ""research""], ""R"": [""delete_on_request"", ""retention_5y""], ""A"": [""AU"", ""DPO"", ""DS""]}"
"PrivacyAnnotation|PA::prop::DataCellArtifact::D7_COMPASFinal::record::0::cell::age::00378","PrivacyAnnotation","PA::prop::DataCellArtifact::D7_COMPASFinal::record::0::cell::age::00378","{""key"": ""PA::prop::DataCellArtifact::D7_COMPASFinal::record::0::cell::age::00378"", ""annotationId"": ""PA::prop::DataCellArtifact::D7_COMPASFinal::record::0::cell::age::00378"", ""target_label"": ""DataCellArtifact"", ""target_key"": ""D7_COMPASFinal::record::0::cell::age"", ""granularity"": ""cell"", ""source"": ""propagated:TR"", ""policy_id"": ""B6_charge_degree_binary_policy"", ""generated_by"": ""run_fc7d525c22::007::B6_charge_degree_binary"", ""note"": ""TR propagation for output attribute age"", ""C_explicit"": [""quasi_identifier""], ""C"": [""quasi_identifier"", ""personal_data""], ""U"": [""criminal_justice_research"", ""research""], ""R"": [""delete_on_request"", ""retention_5y""], ""A"": [""AU"", ""DPO"", ""DS""]}"
"PrivacyAnnotation|PA::prop::DataCellArtifact::D7_COMPASFinal::record::0::cell::c_charge_degree::00379","PrivacyAnnotation","PA::prop::DataCellArtifact::D7_COMPASFinal::record::0::cell::c_charge_degree::00379","{""key"": ""PA::prop::DataCellArtifact::D7_COMPASFinal::record::0::cell::c_charge_degree::00379"", ""annotationId"": ""PA::prop::DataCellArtifact::D7_COMPASFinal::record::0::cell::c_charge_degree::00379"", ""target_label"": ""DataCellArtifact"", ""target_key"": ""D7_COMPASFinal::record::0::cell::c_charge_degree"", ""granularity"": ""cell"", ""source"": ""propagated:TR"", ""policy_id"": ""B6_charge_degree_binary_policy"", ""generated_by"": ""run_fc7d525c22::007::B6_charge_degree_binary"", ""note"": ""TR propagation for output attribute c_charge_degree"", ""C_explicit"": [""criminal_justice_sensitive""], ""C"": [""criminal_justice_sensitive"", ""sensitive_personal_data""], ""U"": [""criminal_justice_research"", ""research""], ""R"": [""delete_on_request"", ""retention_5y""], ""A"": [""AU"", ""DPO"", ""DS""]}"
"PrivacyAnnotation|PA::prop::DataCellArtifact::D7_COMPASFinal::record::0::cell::race::00380","PrivacyAnnotation","PA::prop::DataCellArtifact::D7_COMPASFinal::record::0::cell::race::00380","{""key"": ""PA::prop::DataCellArtifact::D7_COMPASFinal::record::0::cell::race::00380"", ""annotationId"": ""PA::prop::DataCellArtifact::D7_COMPASFinal::record::0::cell::race::00380"", ""target_label"": ""DataCellArtifact"", ""target_key"": ""D7_COMPASFinal::record::0::cell::race"", ""granularity"": ""cell"", ""source"": ""propagated:TR"", ""policy_id"": ""B6_charge_degree_binary_policy"", ""generated_by"": ""run_fc7d525c22::007::B6_charge_degree_binary"", ""note"": ""TR propagation for output attribute race"", ""C_explicit"": [""race_ethnicity"", ""protected_attribute""], ""C"": [""race_ethnicity"", ""protected_attribute"", ""sensitive_personal_data""], ""U"": [""criminal_justice_research"", ""research""], ""R"": [""delete_on_request"", ""retention_5y""], ""A"": [""AU"", ""DPO"", ""DS""]}"
"PrivacyAnnotation|PA::prop::DataCellArtifact::D7_COMPASFinal::record::0::cell::sex::00381","PrivacyAnnotation","PA::prop::DataCellArtifact::D7_COMPASFinal::record::0::cell::sex::00381","{""key"": ""PA::prop::DataCellArtifact::D7_COMPASFinal::record::0::cell::sex::00381"", ""annotationId"": ""PA::prop::DataCellArtifact::D7_COMPASFinal::record::0::cell::sex::00381"", ""target_label"": ""DataCellArtifact"", ""target_key"": ""D7_COMPASFinal::record::0::cell::sex"", ""granularity"": ""cell"", ""source"": ""propagated:TR"", ""policy_id"": ""B6_charge_degree_binary_policy"", ""generated_by"": ""run_fc7d525c22::007::B6_charge_degree_binary"", ""note"": ""TR propagation for output attribute sex"", ""C_explicit"": [""gender"", ""protected_attribute""], ""C"": [""gender"", ""protected_attribute"", ""sensitive_personal_data""], ""U"": [""criminal_justice_research"", ""research""], ""R"": [""delete_on_request"", ""retention_5y""], ""A"": [""AU"", ""DPO"", ""DS""]}"
"PrivacyAnnotation|PA::prop::DataCellArtifact::D7_COMPASFinal::record::0::cell::priors_count::00382","PrivacyAnnotation","PA::prop::DataCellArtifact::D7_COMPASFinal::record::0::cell::priors_count::00382","{""key"": ""PA::prop::DataCellArtifact::D7_COMPASFinal::record::0::cell::priors_count::00382"", ""annotationId"": ""PA::prop::DataCellArtifact::D7_COMPASFinal::record::0::cell::priors_count::00382"", ""target_label"": ""DataCellArtifact"", ""target_key"": ""D7_COMPASFinal::record::0::cell::priors_count"", ""granularity"": ""cell"", ""source"": ""propagated:TR"", ""policy_id"": ""B6_charge_degree_binary_policy"", ""generated_by"": ""run_fc7d525c22::007::B6_charge_degree_binary"", ""note"": ""TR propagation for output attribute priors_count"", ""C_explicit"": [""criminal_justice_sensitive""], ""C"": [""criminal_justice_sensitive"", ""sensitive_personal_data""], ""U"": [""criminal_justice_research"", ""research""], ""R"": [""delete_on_request"", ""retention_5y""], ""A"": [""AU"", ""DPO"", ""DS""]}"
"PrivacyAnnotation|PA::prop::DataCellArtifact::D7_COMPASFinal::record::0::cell::days_b_screening_arrest::00383","PrivacyAnnotation","PA::prop::DataCellArtifact::D7_COMPASFinal::record::0::cell::days_b_screening_arrest::00383","{""key"": ""PA::prop::DataCellArtifact::D7_COMPASFinal::record::0::cell::days_b_screening_arrest::00383"", ""annotationId"": ""PA::prop::DataCellArtifact::D7_COMPASFinal::record::0::cell::days_b_screening_arrest::00383"", ""target_label"": ""DataCellArtifact"", ""target_key"": ""D7_COMPASFinal::record::0::cell::days_b_screening_arrest"", ""granularity"": ""cell"", ""source"": ""propagated:TR"", ""policy_id"": ""B6_charge_degree_binary_policy"", ""generated_by"": ""run_fc7d525c22::007::B6_charge_degree_binary"", ""note"": ""TR propagation for output attribute days_b_screening_arrest"", ""C_explicit"": [""criminal_justice_sensitive"", ""temporal_quasi_identifier""], ""C"": [""criminal_justice_sensitive"", ""temporal_quasi_identifier"", ""sensitive_personal_data""], ""U"": [""criminal_justice_research"", ""research""], ""R"": [""delete_on_request"", ""retention_5y""], ""A"": [""AU"", ""DPO"", ""DS""]}"
"PrivacyAnnotation|PA::prop::DataCellArtifact::D7_COMPASFinal::record::0::cell::label::00384","PrivacyAnnotation","PA::prop::DataCellArtifact::D7_COMPASFinal::record::0::cell::label::00384","{""key"": ""PA::prop::DataCellArtifact::D7_COMPASFinal::record::0::cell::label::00384"", ""annotationId"": ""PA::prop::DataCellArtifact::D7_COMPASFinal::record::0::cell::label::00384"", ""target_label"": ""DataCellArtifact"", ""target_key"": ""D7_COMPASFinal::record::0::cell::label"", ""granularity"": ""cell"", ""source"": ""propagated:TR"", ""policy_id"": ""B6_charge_degree_binary_policy"", ""generated_by"": ""run_fc7d525c22::007::B6_charge_degree_binary"", ""note"": ""TR propagation for output attribute label"", ""C_explicit"": [""criminal_justice_sensitive"", ""behavioural_sensitive""], ""C"": [""criminal_justice_sensitive"", ""behavioural_sensitive"", ""sensitive_personal_data""], ""U"": [""criminal_justice_research"", ""research""], ""R"": [""delete_on_request"", ""retention_5y""], ""A"": [""AU"", ""DPO"", ""DS""]}"
"PrivacyAnnotation|PA::prop::DataCellArtifact::D7_COMPASFinal::record::0::cell::jailtime::00385","PrivacyAnnotation","PA::prop::DataCellArtifact::D7_COMPASFinal::record::0::cell::jailtime::00385","{""key"": ""PA::prop::DataCellArtifact::D7_COMPASFinal::record::0::cell::jailtime::00385"", ""annotationId"": ""PA::prop::DataCellArtifact::D7_COMPASFinal::record::0::cell::jailtime::00385"", ""target_label"": ""DataCellArtifact"", ""target_key"": ""D7_COMPASFinal::record::0::cell::jailtime"", ""granularity"": ""cell"", ""source"": ""propagated:TR"", ""policy_id"": ""B6_charge_degree_binary_policy"", ""generated_by"": ""run_fc7d525c22::007::B6_charge_degree_binary"", ""note"": ""TR propagation for output attribute jailtime"", ""C_explicit"": [""criminal_justice_sensitive"", ""temporal_quasi_identifier""], ""C"": [""criminal_justice_sensitive"", ""temporal_quasi_identifier"", ""sensitive_personal_data""], ""U"": [""criminal_justice_research"", ""research""], ""R"": [""delete_on_request"", ""retention_5y""], ""A"": [""AU"", ""DPO"", ""DS""]}"
"PrivacyAnnotation|PA::prop::DataCellArtifact::D7_COMPASFinal::record::1::cell::age::00386","PrivacyAnnotation","PA::prop::DataCellArtifact::D7_COMPASFinal::record::1::cell::age::00386","{""key"": ""PA::prop::DataCellArtifact::D7_COMPASFinal::record::1::cell::age::00386"", ""annotationId"": ""PA::prop::DataCellArtifact::D7_COMPASFinal::record::1::cell::age::00386"", ""target_label"": ""DataCellArtifact"", ""target_key"": ""D7_COMPASFinal::record::1::cell::age"", ""granularity"": ""cell"", ""source"": ""propagated:TR"", ""policy_id"": ""B6_charge_degree_binary_policy"", ""generated_by"": ""run_fc7d525c22::007::B6_charge_degree_binary"", ""note"": ""TR propagation for output attribute age"", ""C_explicit"": [""quasi_identifier""], ""C"": [""quasi_identifier"", ""personal_data""], ""U"": [""criminal_justice_research"", ""research""], ""R"": [""delete_on_request"", ""retention_5y""], ""A"": [""AU"", ""DPO"", ""DS""]}"
"PrivacyAnnotation|PA::prop::DataCellArtifact::D7_COMPASFinal::record::1::cell::c_charge_degree::00387","PrivacyAnnotation","PA::prop::DataCellArtifact::D7_COMPASFinal::record::1::cell::c_charge_degree::00387","{""key"": ""PA::prop::DataCellArtifact::D7_COMPASFinal::record::1::cell::c_charge_degree::00387"", ""annotationId"": ""PA::prop::DataCellArtifact::D7_COMPASFinal::record::1::cell::c_charge_degree::00387"", ""target_label"": ""DataCellArtifact"", ""target_key"": ""D7_COMPASFinal::record::1::cell::c_charge_degree"", ""granularity"": ""cell"", ""source"": ""propagated:TR"", ""policy_id"": ""B6_charge_degree_binary_policy"", ""generated_by"": ""run_fc7d525c22::007::B6_charge_degree_binary"", ""note"": ""TR propagation for output attribute c_charge_degree"", ""C_explicit"": [""criminal_justice_sensitive""], ""C"": [""criminal_justice_sensitive"", ""sensitive_personal_data""], ""U"": [""criminal_justice_research"", ""research""], ""R"": [""delete_on_request"", ""retention_5y""], ""A"": [""AU"", ""DPO"", ""DS""]}"
"PrivacyAnnotation|PA::prop::DataCellArtifact::D7_COMPASFinal::record::1::cell::race::00388","PrivacyAnnotation","PA::prop::DataCellArtifact::D7_COMPASFinal::record::1::cell::race::00388","{""key"": ""PA::prop::DataCellArtifact::D7_COMPASFinal::record::1::cell::race::00388"", ""annotationId"": ""PA::prop::DataCellArtifact::D7_COMPASFinal::record::1::cell::race::00388"", ""target_label"": ""DataCellArtifact"", ""target_key"": ""D7_COMPASFinal::record::1::cell::race"", ""granularity"": ""cell"", ""source"": ""propagated:TR"", ""policy_id"": ""B6_charge_degree_binary_policy"", ""generated_by"": ""run_fc7d525c22::007::B6_charge_degree_binary"", ""note"": ""TR propagation for output attribute race"", ""C_explicit"": [""race_ethnicity"", ""protected_attribute""], ""C"": [""race_ethnicity"", ""protected_attribute"", ""sensitive_personal_data""], ""U"": [""criminal_justice_research"", ""research""], ""R"": [""delete_on_request"", ""retention_5y""], ""A"": [""AU"", ""DPO"", ""DS""]}"
"PrivacyAnnotation|PA::prop::DataCellArtifact::D7_COMPASFinal::record::1::cell::sex::00389","PrivacyAnnotation","PA::prop::DataCellArtifact::D7_COMPASFinal::record::1::cell::sex::00389","{""key"": ""PA::prop::DataCellArtifact::D7_COMPASFinal::record::1::cell::sex::00389"", ""annotationId"": ""PA::prop::DataCellArtifact::D7_COMPASFinal::record::1::cell::sex::00389"", ""target_label"": ""DataCellArtifact"", ""target_key"": ""D7_COMPASFinal::record::1::cell::sex"", ""granularity"": ""cell"", ""source"": ""propagated:TR"", ""policy_id"": ""B6_charge_degree_binary_policy"", ""generated_by"": ""run_fc7d525c22::007::B6_charge_degree_binary"", ""note"": ""TR propagation for output attribute sex"", ""C_explicit"": [""gender"", ""protected_attribute""], ""C"": [""gender"", ""protected_attribute"", ""sensitive_personal_data""], ""U"": [""criminal_justice_research"", ""research""], ""R"": [""delete_on_request"", ""retention_5y""], ""A"": [""AU"", ""DPO"", ""DS""]}"
"PrivacyAnnotation|PA::prop::DataCellArtifact::D7_COMPASFinal::record::1::cell::priors_count::00390","PrivacyAnnotation","PA::prop::DataCellArtifact::D7_COMPASFinal::record::1::cell::priors_count::00390","{""key"": ""PA::prop::DataCellArtifact::D7_COMPASFinal::record::1::cell::priors_count::00390"", ""annotationId"": ""PA::prop::DataCellArtifact::D7_COMPASFinal::record::1::cell::priors_count::00390"", ""target_label"": ""DataCellArtifact"", ""target_key"": ""D7_COMPASFinal::record::1::cell::priors_count"", ""granularity"": ""cell"", ""source"": ""propagated:TR"", ""policy_id"": ""B6_charge_degree_binary_policy"", ""generated_by"": ""run_fc7d525c22::007::B6_charge_degree_binary"", ""note"": ""TR propagation for output attribute priors_count"", ""C_explicit"": [""criminal_justice_sensitive""], ""C"": [""criminal_justice_sensitive"", ""sensitive_personal_data""], ""U"": [""criminal_justice_research"", ""research""], ""R"": [""delete_on_request"", ""retention_5y""], ""A"": [""AU"", ""DPO"", ""DS""]}"
"PrivacyAnnotation|PA::prop::DataCellArtifact::D7_COMPASFinal::record::1::cell::days_b_screening_arrest::00391","PrivacyAnnotation","PA::prop::DataCellArtifact::D7_COMPASFinal::record::1::cell::days_b_screening_arrest::00391","{""key"": ""PA::prop::DataCellArtifact::D7_COMPASFinal::record::1::cell::days_b_screening_arrest::00391"", ""annotationId"": ""PA::prop::DataCellArtifact::D7_COMPASFinal::record::1::cell::days_b_screening_arrest::00391"", ""target_label"": ""DataCellArtifact"", ""target_key"": ""D7_COMPASFinal::record::1::cell::days_b_screening_arrest"", ""granularity"": ""cell"", ""source"": ""propagated:TR"", ""policy_id"": ""B6_charge_degree_binary_policy"", ""generated_by"": ""run_fc7d525c22::007::B6_charge_degree_binary"", ""note"": ""TR propagation for output attribute days_b_screening_arrest"", ""C_explicit"": [""criminal_justice_sensitive"", ""temporal_quasi_identifier""], ""C"": [""criminal_justice_sensitive"", ""temporal_quasi_identifier"", ""sensitive_personal_data""], ""U"": [""criminal_justice_research"", ""research""], ""R"": [""delete_on_request"", ""retention_5y""], ""A"": [""AU"", ""DPO"", ""DS""]}"
"PrivacyAnnotation|PA::prop::DataCellArtifact::D7_COMPASFinal::record::1::cell::label::00392","PrivacyAnnotation","PA::prop::DataCellArtifact::D7_COMPASFinal::record::1::cell::label::00392","{""key"": ""PA::prop::DataCellArtifact::D7_COMPASFinal::record::1::cell::label::00392"", ""annotationId"": ""PA::prop::DataCellArtifact::D7_COMPASFinal::record::1::cell::label::00392"", ""target_label"": ""DataCellArtifact"", ""target_key"": ""D7_COMPASFinal::record::1::cell::label"", ""granularity"": ""cell"", ""source"": ""propagated:TR"", ""policy_id"": ""B6_charge_degree_binary_policy"", ""generated_by"": ""run_fc7d525c22::007::B6_charge_degree_binary"", ""note"": ""TR propagation for output attribute label"", ""C_explicit"": [""criminal_justice_sensitive"", ""behavioural_sensitive""], ""C"": [""criminal_justice_sensitive"", ""behavioural_sensitive"", ""sensitive_personal_data""], ""U"": [""criminal_justice_research"", ""research""], ""R"": [""delete_on_request"", ""retention_5y""], ""A"": [""AU"", ""DPO"", ""DS""]}"
"PrivacyAnnotation|PA::prop::DataCellArtifact::D7_COMPASFinal::record::1::cell::jailtime::00393","PrivacyAnnotation","PA::prop::DataCellArtifact::D7_COMPASFinal::record::1::cell::jailtime::00393","{""key"": ""PA::prop::DataCellArtifact::D7_COMPASFinal::record::1::cell::jailtime::00393"", ""annotationId"": ""PA::prop::DataCellArtifact::D7_COMPASFinal::record::1::cell::jailtime::00393"", ""target_label"": ""DataCellArtifact"", ""target_key"": ""D7_COMPASFinal::record::1::cell::jailtime"", ""granularity"": ""cell"", ""source"": ""propagated:TR"", ""policy_id"": ""B6_charge_degree_binary_policy"", ""generated_by"": ""run_fc7d525c22::007::B6_charge_degree_binary"", ""note"": ""TR propagation for output attribute jailtime"", ""C_explicit"": [""criminal_justice_sensitive"", ""temporal_quasi_identifier""], ""C"": [""criminal_justice_sensitive"", ""temporal_quasi_identifier"", ""sensitive_personal_data""], ""U"": [""criminal_justice_research"", ""research""], ""R"": [""delete_on_request"", ""retention_5y""], ""A"": [""AU"", ""DPO"", ""DS""]}"
"PrivacyAnnotation|PA::prop::DataCellArtifact::D7_COMPASFinal::record::2::cell::age::00394","PrivacyAnnotation","PA::prop::DataCellArtifact::D7_COMPASFinal::record::2::cell::age::00394","{""key"": ""PA::prop::DataCellArtifact::D7_COMPASFinal::record::2::cell::age::00394"", ""annotationId"": ""PA::prop::DataCellArtifact::D7_COMPASFinal::record::2::cell::age::00394"", ""target_label"": ""DataCellArtifact"", ""target_key"": ""D7_COMPASFinal::record::2::cell::age"", ""granularity"": ""cell"", ""source"": ""propagated:TR"", ""policy_id"": ""B6_charge_degree_binary_policy"", ""generated_by"": ""run_fc7d525c22::007::B6_charge_degree_binary"", ""note"": ""TR propagation for output attribute age"", ""C_explicit"": [""quasi_identifier""], ""C"": [""quasi_identifier"", ""personal_data""], ""U"": [""criminal_justice_research"", ""research""], ""R"": [""delete_on_request"", ""retention_5y""], ""A"": [""AU"", ""DPO"", ""DS""]}"
"PrivacyAnnotation|PA::prop::DataCellArtifact::D7_COMPASFinal::record::2::cell::c_charge_degree::00395","PrivacyAnnotation","PA::prop::DataCellArtifact::D7_COMPASFinal::record::2::cell::c_charge_degree::00395","{""key"": ""PA::prop::DataCellArtifact::D7_COMPASFinal::record::2::cell::c_charge_degree::00395"", ""annotationId"": ""PA::prop::DataCellArtifact::D7_COMPASFinal::record::2::cell::c_charge_degree::00395"", ""target_label"": ""DataCellArtifact"", ""target_key"": ""D7_COMPASFinal::record::2::cell::c_charge_degree"", ""granularity"": ""cell"", ""source"": ""propagated:TR"", ""policy_id"": ""B6_charge_degree_binary_policy"", ""generated_by"": ""run_fc7d525c22::007::B6_charge_degree_binary"", ""note"": ""TR propagation for output attribute c_charge_degree"", ""C_explicit"": [""criminal_justice_sensitive""], ""C"": [""criminal_justice_sensitive"", ""sensitive_personal_data""], ""U"": [""criminal_justice_research"", ""research""], ""R"": [""delete_on_request"", ""retention_5y""], ""A"": [""AU"", ""DPO"", ""DS""]}"
"PrivacyAnnotation|PA::prop::DataCellArtifact::D7_COMPASFinal::record::2::cell::race::00396","PrivacyAnnotation","PA::prop::DataCellArtifact::D7_COMPASFinal::record::2::cell::race::00396","{""key"": ""PA::prop::DataCellArtifact::D7_COMPASFinal::record::2::cell::race::00396"", ""annotationId"": ""PA::prop::DataCellArtifact::D7_COMPASFinal::record::2::cell::race::00396"", ""target_label"": ""DataCellArtifact"", ""target_key"": ""D7_COMPASFinal::record::2::cell::race"", ""granularity"": ""cell"", ""source"": ""propagated:TR"", ""policy_id"": ""B6_charge_degree_binary_policy"", ""generated_by"": ""run_fc7d525c22::007::B6_charge_degree_binary"", ""note"": ""TR propagation for output attribute race"", ""C_explicit"": [""race_ethnicity"", ""protected_attribute""], ""C"": [""race_ethnicity"", ""protected_attribute"", ""sensitive_personal_data""], ""U"": [""criminal_justice_research"", ""research""], ""R"": [""delete_on_request"", ""retention_5y""], ""A"": [""AU"", ""DPO"", ""DS""]}"
"PrivacyAnnotation|PA::prop::DataCellArtifact::D7_COMPASFinal::record::2::cell::sex::00397","PrivacyAnnotation","PA::prop::DataCellArtifact::D7_COMPASFinal::record::2::cell::sex::00397","{""key"": ""PA::prop::DataCellArtifact::D7_COMPASFinal::record::2::cell::sex::00397"", ""annotationId"": ""PA::prop::DataCellArtifact::D7_COMPASFinal::record::2::cell::sex::00397"", ""target_label"": ""DataCellArtifact"", ""target_key"": ""D7_COMPASFinal::record::2::cell::sex"", ""granularity"": ""cell"", ""source"": ""propagated:TR"", ""policy_id"": ""B6_charge_degree_binary_policy"", ""generated_by"": ""run_fc7d525c22::007::B6_charge_degree_binary"", ""note"": ""TR propagation for output attribute sex"", ""C_explicit"": [""gender"", ""protected_attribute""], ""C"": [""gender"", ""protected_attribute"", ""sensitive_personal_data""], ""U"": [""criminal_justice_research"", ""research""], ""R"": [""delete_on_request"", ""retention_5y""], ""A"": [""AU"", ""DPO"", ""DS""]}"
"PrivacyAnnotation|PA::prop::DataCellArtifact::D7_COMPASFinal::record::2::cell::priors_count::00398","PrivacyAnnotation","PA::prop::DataCellArtifact::D7_COMPASFinal::record::2::cell::priors_count::00398","{""key"": ""PA::prop::DataCellArtifact::D7_COMPASFinal::record::2::cell::priors_count::00398"", ""annotationId"": ""PA::prop::DataCellArtifact::D7_COMPASFinal::record::2::cell::priors_count::00398"", ""target_label"": ""DataCellArtifact"", ""target_key"": ""D7_COMPASFinal::record::2::cell::priors_count"", ""granularity"": ""cell"", ""source"": ""propagated:TR"", ""policy_id"": ""B6_charge_degree_binary_policy"", ""generated_by"": ""run_fc7d525c22::007::B6_charge_degree_binary"", ""note"": ""TR propagation for output attribute priors_count"", ""C_explicit"": [""criminal_justice_sensitive""], ""C"": [""criminal_justice_sensitive"", ""sensitive_personal_data""], ""U"": [""criminal_justice_research"", ""research""], ""R"": [""delete_on_request"", ""retention_5y""], ""A"": [""AU"", ""DPO"", ""DS""]}"
"PrivacyAnnotation|PA::prop::DataCellArtifact::D7_COMPASFinal::record::2::cell::days_b_screening_arrest::00399","PrivacyAnnotation","PA::prop::DataCellArtifact::D7_COMPASFinal::record::2::cell::days_b_screening_arrest::00399","{""key"": ""PA::prop::DataCellArtifact::D7_COMPASFinal::record::2::cell::days_b_screening_arrest::00399"", ""annotationId"": ""PA::prop::DataCellArtifact::D7_COMPASFinal::record::2::cell::days_b_screening_arrest::00399"", ""target_label"": ""DataCellArtifact"", ""target_key"": ""D7_COMPASFinal::record::2::cell::days_b_screening_arrest"", ""granularity"": ""cell"", ""source"": ""propagated:TR"", ""policy_id"": ""B6_charge_degree_binary_policy"", ""generated_by"": ""run_fc7d525c22::007::B6_charge_degree_binary"", ""note"": ""TR propagation for output attribute days_b_screening_arrest"", ""C_explicit"": [""criminal_justice_sensitive"", ""temporal_quasi_identifier""], ""C"": [""criminal_justice_sensitive"", ""temporal_quasi_identifier"", ""sensitive_personal_data""], ""U"": [""criminal_justice_research"", ""research""], ""R"": [""delete_on_request"", ""retention_5y""], ""A"": [""AU"", ""DPO"", ""DS""]}"
"PrivacyAnnotation|PA::prop::DataCellArtifact::D7_COMPASFinal::record::2::cell::label::00400","PrivacyAnnotation","PA::prop::DataCellArtifact::D7_COMPASFinal::record::2::cell::label::00400","{""key"": ""PA::prop::DataCellArtifact::D7_COMPASFinal::record::2::cell::label::00400"", ""annotationId"": ""PA::prop::DataCellArtifact::D7_COMPASFinal::record::2::cell::label::00400"", ""target_label"": ""DataCellArtifact"", ""target_key"": ""D7_COMPASFinal::record::2::cell::label"", ""granularity"": ""cell"", ""source"": ""propagated:TR"", ""policy_id"": ""B6_charge_degree_binary_policy"", ""generated_by"": ""run_fc7d525c22::007::B6_charge_degree_binary"", ""note"": ""TR propagation for output attribute label"", ""C_explicit"": [""criminal_justice_sensitive"", ""behavioural_sensitive""], ""C"": [""criminal_justice_sensitive"", ""behavioural_sensitive"", ""sensitive_personal_data""], ""U"": [""criminal_justice_research"", ""research""], ""R"": [""delete_on_request"", ""retention_5y""], ""A"": [""AU"", ""DPO"", ""DS""]}"
"PrivacyAnnotation|PA::prop::DataCellArtifact::D7_COMPASFinal::record::2::cell::jailtime::00401","PrivacyAnnotation","PA::prop::DataCellArtifact::D7_COMPASFinal::record::2::cell::jailtime::00401","{""key"": ""PA::prop::DataCellArtifact::D7_COMPASFinal::record::2::cell::jailtime::00401"", ""annotationId"": ""PA::prop::DataCellArtifact::D7_COMPASFinal::record::2::cell::jailtime::00401"", ""target_label"": ""DataCellArtifact"", ""target_key"": ""D7_COMPASFinal::record::2::cell::jailtime"", ""granularity"": ""cell"", ""source"": ""propagated:TR"", ""policy_id"": ""B6_charge_degree_binary_policy"", ""generated_by"": ""run_fc7d525c22::007::B6_charge_degree_binary"", ""note"": ""TR propagation for output attribute jailtime"", ""C_explicit"": [""criminal_justice_sensitive"", ""temporal_quasi_identifier""], ""C"": [""criminal_justice_sensitive"", ""temporal_quasi_identifier"", ""sensitive_personal_data""], ""U"": [""criminal_justice_research"", ""research""], ""R"": [""delete_on_request"", ""retention_5y""], ""A"": [""AU"", ""DPO"", ""DS""]}"
"PrivacyAnnotation|PA::prop::DataCellArtifact::D7_COMPASFinal::record::4::cell::age::00402","PrivacyAnnotation","PA::prop::DataCellArtifact::D7_COMPASFinal::record::4::cell::age::00402","{""key"": ""PA::prop::DataCellArtifact::D7_COMPASFinal::record::4::cell::age::00402"", ""annotationId"": ""PA::prop::DataCellArtifact::D7_COMPASFinal::record::4::cell::age::00402"", ""target_label"": ""DataCellArtifact"", ""target_key"": ""D7_COMPASFinal::record::4::cell::age"", ""granularity"": ""cell"", ""source"": ""propagated:TR"", ""policy_id"": ""B6_charge_degree_binary_policy"", ""generated_by"": ""run_fc7d525c22::007::B6_charge_degree_binary"", ""note"": ""TR propagation for output attribute age"", ""C_explicit"": [""quasi_identifier""], ""C"": [""quasi_identifier"", ""personal_data""], ""U"": [""criminal_justice_research"", ""research""], ""R"": [""delete_on_request"", ""retention_5y""], ""A"": [""AU"", ""DPO"", ""DS""]}"
"PrivacyAnnotation|PA::prop::DataCellArtifact::D7_COMPASFinal::record::4::cell::c_charge_degree::00403","PrivacyAnnotation","PA::prop::DataCellArtifact::D7_COMPASFinal::record::4::cell::c_charge_degree::00403","{""key"": ""PA::prop::DataCellArtifact::D7_COMPASFinal::record::4::cell::c_charge_degree::00403"", ""annotationId"": ""PA::prop::DataCellArtifact::D7_COMPASFinal::record::4::cell::c_charge_degree::00403"", ""target_label"": ""DataCellArtifact"", ""target_key"": ""D7_COMPASFinal::record::4::cell::c_charge_degree"", ""granularity"": ""cell"", ""source"": ""propagated:TR"", ""policy_id"": ""B6_charge_degree_binary_policy"", ""generated_by"": ""run_fc7d525c22::007::B6_charge_degree_binary"", ""note"": ""TR propagation for output attribute c_charge_degree"", ""C_explicit"": [""criminal_justice_sensitive""], ""C"": [""criminal_justice_sensitive"", ""sensitive_personal_data""], ""U"": [""criminal_justice_research"", ""research""], ""R"": [""delete_on_request"", ""retention_5y""], ""A"": [""AU"", ""DPO"", ""DS""]}"
"PrivacyAnnotation|PA::prop::DataCellArtifact::D7_COMPASFinal::record::4::cell::race::00404","PrivacyAnnotation","PA::prop::DataCellArtifact::D7_COMPASFinal::record::4::cell::race::00404","{""key"": ""PA::prop::DataCellArtifact::D7_COMPASFinal::record::4::cell::race::00404"", ""annotationId"": ""PA::prop::DataCellArtifact::D7_COMPASFinal::record::4::cell::race::00404"", ""target_label"": ""DataCellArtifact"", ""target_key"": ""D7_COMPASFinal::record::4::cell::race"", ""granularity"": ""cell"", ""source"": ""propagated:TR"", ""policy_id"": ""B6_charge_degree_binary_policy"", ""generated_by"": ""run_fc7d525c22::007::B6_charge_degree_binary"", ""note"": ""TR propagation for output attribute race"", ""C_explicit"": [""race_ethnicity"", ""protected_attribute""], ""C"": [""race_ethnicity"", ""protected_attribute"", ""sensitive_personal_data""], ""U"": [""criminal_justice_research"", ""research""], ""R"": [""delete_on_request"", ""retention_5y""], ""A"": [""AU"", ""DPO"", ""DS""]}"
"PrivacyAnnotation|PA::prop::DataCellArtifact::D7_COMPASFinal::record::4::cell::sex::00405","PrivacyAnnotation","PA::prop::DataCellArtifact::D7_COMPASFinal::record::4::cell::sex::00405","{""key"": ""PA::prop::DataCellArtifact::D7_COMPASFinal::record::4::cell::sex::00405"", ""annotationId"": ""PA::prop::DataCellArtifact::D7_COMPASFinal::record::4::cell::sex::00405"", ""target_label"": ""DataCellArtifact"", ""target_key"": ""D7_COMPASFinal::record::4::cell::sex"", ""granularity"": ""cell"", ""source"": ""propagated:TR"", ""policy_id"": ""B6_charge_degree_binary_policy"", ""generated_by"": ""run_fc7d525c22::007::B6_charge_degree_binary"", ""note"": ""TR propagation for output attribute sex"", ""C_explicit"": [""gender"", ""protected_attribute""], ""C"": [""gender"", ""protected_attribute"", ""sensitive_personal_data""], ""U"": [""criminal_justice_research"", ""research""], ""R"": [""delete_on_request"", ""retention_5y""], ""A"": [""AU"", ""DPO"", ""DS""]}"
"PrivacyAnnotation|PA::prop::DataCellArtifact::D7_COMPASFinal::record::4::cell::priors_count::00406","PrivacyAnnotation","PA::prop::DataCellArtifact::D7_COMPASFinal::record::4::cell::priors_count::00406","{""key"": ""PA::prop::DataCellArtifact::D7_COMPASFinal::record::4::cell::priors_count::00406"", ""annotationId"": ""PA::prop::DataCellArtifact::D7_COMPASFinal::record::4::cell::priors_count::00406"", ""target_label"": ""DataCellArtifact"", ""target_key"": ""D7_COMPASFinal::record::4::cell::priors_count"", ""granularity"": ""cell"", ""source"": ""propagated:TR"", ""policy_id"": ""B6_charge_degree_binary_policy"", ""generated_by"": ""run_fc7d525c22::007::B6_charge_degree_binary"", ""note"": ""TR propagation for output attribute priors_count"", ""C_explicit"": [""criminal_justice_sensitive""], ""C"": [""criminal_justice_sensitive"", ""sensitive_personal_data""], ""U"": [""criminal_justice_research"", ""research""], ""R"": [""delete_on_request"", ""retention_5y""], ""A"": [""AU"", ""DPO"", ""DS""]}"
"PrivacyAnnotation|PA::prop::DataCellArtifact::D7_COMPASFinal::record::4::cell::days_b_screening_arrest::00407","PrivacyAnnotation","PA::prop::DataCellArtifact::D7_COMPASFinal::record::4::cell::days_b_screening_arrest::00407","{""key"": ""PA::prop::DataCellArtifact::D7_COMPASFinal::record::4::cell::days_b_screening_arrest::00407"", ""annotationId"": ""PA::prop::DataCellArtifact::D7_COMPASFinal::record::4::cell::days_b_screening_arrest::00407"", ""target_label"": ""DataCellArtifact"", ""target_key"": ""D7_COMPASFinal::record::4::cell::days_b_screening_arrest"", ""granularity"": ""cell"", ""source"": ""propagated:TR"", ""policy_id"": ""B6_charge_degree_binary_policy"", ""generated_by"": ""run_fc7d525c22::007::B6_charge_degree_binary"", ""note"": ""TR propagation for output attribute days_b_screening_arrest"", ""C_explicit"": [""criminal_justice_sensitive"", ""temporal_quasi_identifier""], ""C"": [""criminal_justice_sensitive"", ""temporal_quasi_identifier"", ""sensitive_personal_data""], ""U"": [""criminal_justice_research"", ""research""], ""R"": [""delete_on_request"", ""retention_5y""], ""A"": [""AU"", ""DPO"", ""DS""]}"
"PrivacyAnnotation|PA::prop::DataCellArtifact::D7_COMPASFinal::record::4::cell::label::00408","PrivacyAnnotation","PA::prop::DataCellArtifact::D7_COMPASFinal::record::4::cell::label::00408","{""key"": ""PA::prop::DataCellArtifact::D7_COMPASFinal::record::4::cell::label::00408"", ""annotationId"": ""PA::prop::DataCellArtifact::D7_COMPASFinal::record::4::cell::label::00408"", ""target_label"": ""DataCellArtifact"", ""target_key"": ""D7_COMPASFinal::record::4::cell::label"", ""granularity"": ""cell"", ""source"": ""propagated:TR"", ""policy_id"": ""B6_charge_degree_binary_policy"", ""generated_by"": ""run_fc7d525c22::007::B6_charge_degree_binary"", ""note"": ""TR propagation for output attribute label"", ""C_explicit"": [""criminal_justice_sensitive"", ""behavioural_sensitive""], ""C"": [""criminal_justice_sensitive"", ""behavioural_sensitive"", ""sensitive_personal_data""], ""U"": [""criminal_justice_research"", ""research""], ""R"": [""delete_on_request"", ""retention_5y""], ""A"": [""AU"", ""DPO"", ""DS""]}"
"PrivacyAnnotation|PA::prop::DataCellArtifact::D7_COMPASFinal::record::4::cell::jailtime::00409","PrivacyAnnotation","PA::prop::DataCellArtifact::D7_COMPASFinal::record::4::cell::jailtime::00409","{""key"": ""PA::prop::DataCellArtifact::D7_COMPASFinal::record::4::cell::jailtime::00409"", ""annotationId"": ""PA::prop::DataCellArtifact::D7_COMPASFinal::record::4::cell::jailtime::00409"", ""target_label"": ""DataCellArtifact"", ""target_key"": ""D7_COMPASFinal::record::4::cell::jailtime"", ""granularity"": ""cell"", ""source"": ""propagated:TR"", ""policy_id"": ""B6_charge_degree_binary_policy"", ""generated_by"": ""run_fc7d525c22::007::B6_charge_degree_binary"", ""note"": ""TR propagation for output attribute jailtime"", ""C_explicit"": [""criminal_justice_sensitive"", ""temporal_quasi_identifier""], ""C"": [""criminal_justice_sensitive"", ""temporal_quasi_identifier"", ""sensitive_personal_data""], ""U"": [""criminal_justice_research"", ""research""], ""R"": [""delete_on_request"", ""retention_5y""], ""A"": [""AU"", ""DPO"", ""DS""]}"
"PrivacyAnnotation|PA::prop::DataCellArtifact::D7_COMPASFinal::record::5::cell::age::00410","PrivacyAnnotation","PA::prop::DataCellArtifact::D7_COMPASFinal::record::5::cell::age::00410","{""key"": ""PA::prop::DataCellArtifact::D7_COMPASFinal::record::5::cell::age::00410"", ""annotationId"": ""PA::prop::DataCellArtifact::D7_COMPASFinal::record::5::cell::age::00410"", ""target_label"": ""DataCellArtifact"", ""target_key"": ""D7_COMPASFinal::record::5::cell::age"", ""granularity"": ""cell"", ""source"": ""propagated:TR"", ""policy_id"": ""B6_charge_degree_binary_policy"", ""generated_by"": ""run_fc7d525c22::007::B6_charge_degree_binary"", ""note"": ""TR propagation for output attribute age"", ""C_explicit"": [""quasi_identifier""], ""C"": [""quasi_identifier"", ""personal_data""], ""U"": [""criminal_justice_research"", ""research""], ""R"": [""delete_on_request"", ""retention_5y""], ""A"": [""AU"", ""DPO"", ""DS""]}"
"PrivacyAnnotation|PA::prop::DataCellArtifact::D7_COMPASFinal::record::5::cell::c_charge_degree::00411","PrivacyAnnotation","PA::prop::DataCellArtifact::D7_COMPASFinal::record::5::cell::c_charge_degree::00411","{""key"": ""PA::prop::DataCellArtifact::D7_COMPASFinal::record::5::cell::c_charge_degree::00411"", ""annotationId"": ""PA::prop::DataCellArtifact::D7_COMPASFinal::record::5::cell::c_charge_degree::00411"", ""target_label"": ""DataCellArtifact"", ""target_key"": ""D7_COMPASFinal::record::5::cell::c_charge_degree"", ""granularity"": ""cell"", ""source"": ""propagated:TR"", ""policy_id"": ""B6_charge_degree_binary_policy"", ""generated_by"": ""run_fc7d525c22::007::B6_charge_degree_binary"", ""note"": ""TR propagation for output attribute c_charge_degree"", ""C_explicit"": [""criminal_justice_sensitive""], ""C"": [""criminal_justice_sensitive"", ""sensitive_personal_data""], ""U"": [""criminal_justice_research"", ""research""], ""R"": [""delete_on_request"", ""retention_5y""], ""A"": [""AU"", ""DPO"", ""DS""]}"
"PrivacyAnnotation|PA::prop::DataCellArtifact::D7_COMPASFinal::record::5::cell::race::00412","PrivacyAnnotation","PA::prop::DataCellArtifact::D7_COMPASFinal::record::5::cell::race::00412","{""key"": ""PA::prop::DataCellArtifact::D7_COMPASFinal::record::5::cell::race::00412"", ""annotationId"": ""PA::prop::DataCellArtifact::D7_COMPASFinal::record::5::cell::race::00412"", ""target_label"": ""DataCellArtifact"", ""target_key"": ""D7_COMPASFinal::record::5::cell::race"", ""granularity"": ""cell"", ""source"": ""propagated:TR"", ""policy_id"": ""B6_charge_degree_binary_policy"", ""generated_by"": ""run_fc7d525c22::007::B6_charge_degree_binary"", ""note"": ""TR propagation for output attribute race"", ""C_explicit"": [""race_ethnicity"", ""protected_attribute""], ""C"": [""race_ethnicity"", ""protected_attribute"", ""sensitive_personal_data""], ""U"": [""criminal_justice_research"", ""research""], ""R"": [""delete_on_request"", ""retention_5y""], ""A"": [""AU"", ""DPO"", ""DS""]}"
"PrivacyAnnotation|PA::prop::DataCellArtifact::D7_COMPASFinal::record::5::cell::sex::00413","PrivacyAnnotation","PA::prop::DataCellArtifact::D7_COMPASFinal::record::5::cell::sex::00413","{""key"": ""PA::prop::DataCellArtifact::D7_COMPASFinal::record::5::cell::sex::00413"", ""annotationId"": ""PA::prop::DataCellArtifact::D7_COMPASFinal::record::5::cell::sex::00413"", ""target_label"": ""DataCellArtifact"", ""target_key"": ""D7_COMPASFinal::record::5::cell::sex"", ""granularity"": ""cell"", ""source"": ""propagated:TR"", ""policy_id"": ""B6_charge_degree_binary_policy"", ""generated_by"": ""run_fc7d525c22::007::B6_charge_degree_binary"", ""note"": ""TR propagation for output attribute sex"", ""C_explicit"": [""gender"", ""protected_attribute""], ""C"": [""gender"", ""protected_attribute"", ""sensitive_personal_data""], ""U"": [""criminal_justice_research"", ""research""], ""R"": [""delete_on_request"", ""retention_5y""], ""A"": [""AU"", ""DPO"", ""DS""]}"
"PrivacyAnnotation|PA::prop::DataCellArtifact::D7_COMPASFinal::record::5::cell::priors_count::00414","PrivacyAnnotation","PA::prop::DataCellArtifact::D7_COMPASFinal::record::5::cell::priors_count::00414","{""key"": ""PA::prop::DataCellArtifact::D7_COMPASFinal::record::5::cell::priors_count::00414"", ""annotationId"": ""PA::prop::DataCellArtifact::D7_COMPASFinal::record::5::cell::priors_count::00414"", ""target_label"": ""DataCellArtifact"", ""target_key"": ""D7_COMPASFinal::record::5::cell::priors_count"", ""granularity"": ""cell"", ""source"": ""propagated:TR"", ""policy_id"": ""B6_charge_degree_binary_policy"", ""generated_by"": ""run_fc7d525c22::007::B6_charge_degree_binary"", ""note"": ""TR propagation for output attribute priors_count"", ""C_explicit"": [""criminal_justice_sensitive""], ""C"": [""criminal_justice_sensitive"", ""sensitive_personal_data""], ""U"": [""criminal_justice_research"", ""research""], ""R"": [""delete_on_request"", ""retention_5y""], ""A"": [""AU"", ""DPO"", ""DS""]}"
"PrivacyAnnotation|PA::prop::DataCellArtifact::D7_COMPASFinal::record::5::cell::days_b_screening_arrest::00415","PrivacyAnnotation","PA::prop::DataCellArtifact::D7_COMPASFinal::record::5::cell::days_b_screening_arrest::00415","{""key"": ""PA::prop::DataCellArtifact::D7_COMPASFinal::record::5::cell::days_b_screening_arrest::00415"", ""annotationId"": ""PA::prop::DataCellArtifact::D7_COMPASFinal::record::5::cell::days_b_screening_arrest::00415"", ""target_label"": ""DataCellArtifact"", ""target_key"": ""D7_COMPASFinal::record::5::cell::days_b_screening_arrest"", ""granularity"": ""cell"", ""source"": ""propagated:TR"", ""policy_id"": ""B6_charge_degree_binary_policy"", ""generated_by"": ""run_fc7d525c22::007::B6_charge_degree_binary"", ""note"": ""TR propagation for output attribute days_b_screening_arrest"", ""C_explicit"": [""criminal_justice_sensitive"", ""temporal_quasi_identifier""], ""C"": [""criminal_justice_sensitive"", ""temporal_quasi_identifier"", ""sensitive_personal_data""], ""U"": [""criminal_justice_research"", ""research""], ""R"": [""delete_on_request"", ""retention_5y""], ""A"": [""AU"", ""DPO"", ""DS""]}"
"PrivacyAnnotation|PA::prop::DataCellArtifact::D7_COMPASFinal::record::5::cell::label::00416","PrivacyAnnotation","PA::prop::DataCellArtifact::D7_COMPASFinal::record::5::cell::label::00416","{""key"": ""PA::prop::DataCellArtifact::D7_COMPASFinal::record::5::cell::label::00416"", ""annotationId"": ""PA::prop::DataCellArtifact::D7_COMPASFinal::record::5::cell::label::00416"", ""target_label"": ""DataCellArtifact"", ""target_key"": ""D7_COMPASFinal::record::5::cell::label"", ""granularity"": ""cell"", ""source"": ""propagated:TR"", ""policy_id"": ""B6_charge_degree_binary_policy"", ""generated_by"": ""run_fc7d525c22::007::B6_charge_degree_binary"", ""note"": ""TR propagation for output attribute label"", ""C_explicit"": [""criminal_justice_sensitive"", ""behavioural_sensitive""], ""C"": [""criminal_justice_sensitive"", ""behavioural_sensitive"", ""sensitive_personal_data""], ""U"": [""criminal_justice_research"", ""research""], ""R"": [""delete_on_request"", ""retention_5y""], ""A"": [""AU"", ""DPO"", ""DS""]}"
"PrivacyAnnotation|PA::prop::DataCellArtifact::D7_COMPASFinal::record::5::cell::jailtime::00417","PrivacyAnnotation","PA::prop::DataCellArtifact::D7_COMPASFinal::record::5::cell::jailtime::00417","{""key"": ""PA::prop::DataCellArtifact::D7_COMPASFinal::record::5::cell::jailtime::00417"", ""annotationId"": ""PA::prop::DataCellArtifact::D7_COMPASFinal::record::5::cell::jailtime::00417"", ""target_label"": ""DataCellArtifact"", ""target_key"": ""D7_COMPASFinal::record::5::cell::jailtime"", ""granularity"": ""cell"", ""source"": ""propagated:TR"", ""policy_id"": ""B6_charge_degree_binary_policy"", ""generated_by"": ""run_fc7d525c22::007::B6_charge_degree_binary"", ""note"": ""TR propagation for output attribute jailtime"", ""C_explicit"": [""criminal_justice_sensitive"", ""temporal_quasi_identifier""], ""C"": [""criminal_justice_sensitive"", ""temporal_quasi_identifier"", ""sensitive_personal_data""], ""U"": [""criminal_justice_research"", ""research""], ""R"": [""delete_on_request"", ""retention_5y""], ""A"": [""AU"", ""DPO"", ""DS""]}"
"PrivacyAnnotation|PA::prop::DataRecordArtifact::D7_COMPASFinal::record::0::00418","PrivacyAnnotation","PA::prop::DataRecordArtifact::D7_COMPASFinal::record::0::00418","{""key"": ""PA::prop::DataRecordArtifact::D7_COMPASFinal::record::0::00418"", ""annotationId"": ""PA::prop::DataRecordArtifact::D7_COMPASFinal::record::0::00418"", ""target_label"": ""DataRecordArtifact"", ""target_key"": ""D7_COMPASFinal::record::0"", ""granularity"": ""record"", ""source"": ""propagated:TR"", ""policy_id"": ""B6_charge_degree_binary_policy"", ""generated_by"": ""run_fc7d525c22::007::B6_charge_degree_binary"", ""note"": ""Record-level annotation summarised from cells of D7_COMPASFinal."", ""C_explicit"": [""quasi_identifier"", ""criminal_justice_sensitive"", ""race_ethnicity"", ""protected_attribute"", ""gender"", ""temporal_quasi_identifier"", ""behavioural_sensitive""], ""C"": [""quasi_identifier"", ""criminal_justice_sensitive"", ""race_ethnicity"", ""protected_attribute"", ""gender"", ""temporal_quasi_identifier"", ""behavioural_sensitive"", ""personal_data"", ""sensitive_personal_data""], ""U"": [""criminal_justice_research"", ""research""], ""R"": [""delete_on_request"", ""retention_5y""], ""A"": [""AU"", ""DPO"", ""DS""]}"
"PrivacyAnnotation|PA::prop::DataRecordArtifact::D7_COMPASFinal::record::1::00419","PrivacyAnnotation","PA::prop::DataRecordArtifact::D7_COMPASFinal::record::1::00419","{""key"": ""PA::prop::DataRecordArtifact::D7_COMPASFinal::record::1::00419"", ""annotationId"": ""PA::prop::DataRecordArtifact::D7_COMPASFinal::record::1::00419"", ""target_label"": ""DataRecordArtifact"", ""target_key"": ""D7_COMPASFinal::record::1"", ""granularity"": ""record"", ""source"": ""propagated:TR"", ""policy_id"": ""B6_charge_degree_binary_policy"", ""generated_by"": ""run_fc7d525c22::007::B6_charge_degree_binary"", ""note"": ""Record-level annotation summarised from cells of D7_COMPASFinal."", ""C_explicit"": [""quasi_identifier"", ""criminal_justice_sensitive"", ""race_ethnicity"", ""protected_attribute"", ""gender"", ""temporal_quasi_identifier"", ""behavioural_sensitive""], ""C"": [""quasi_identifier"", ""criminal_justice_sensitive"", ""race_ethnicity"", ""protected_attribute"", ""gender"", ""temporal_quasi_identifier"", ""behavioural_sensitive"", ""personal_data"", ""sensitive_personal_data""], ""U"": [""criminal_justice_research"", ""research""], ""R"": [""delete_on_request"", ""retention_5y""], ""A"": [""AU"", ""DPO"", ""DS""]}"
"PrivacyAnnotation|PA::prop::DataRecordArtifact::D7_COMPASFinal::record::2::00420","PrivacyAnnotation","PA::prop::DataRecordArtifact::D7_COMPASFinal::record::2::00420","{""key"": ""PA::prop::DataRecordArtifact::D7_COMPASFinal::record::2::00420"", ""annotationId"": ""PA::prop::DataRecordArtifact::D7_COMPASFinal::record::2::00420"", ""target_label"": ""DataRecordArtifact"", ""target_key"": ""D7_COMPASFinal::record::2"", ""granularity"": ""record"", ""source"": ""propagated:TR"", ""policy_id"": ""B6_charge_degree_binary_policy"", ""generated_by"": ""run_fc7d525c22::007::B6_charge_degree_binary"", ""note"": ""Record-level annotation summarised from cells of D7_COMPASFinal."", ""C_explicit"": [""quasi_identifier"", ""criminal_justice_sensitive"", ""race_ethnicity"", ""protected_attribute"", ""gender"", ""temporal_quasi_identifier"", ""behavioural_sensitive""], ""C"": [""quasi_identifier"", ""criminal_justice_sensitive"", ""race_ethnicity"", ""protected_attribute"", ""gender"", ""temporal_quasi_identifier"", ""behavioural_sensitive"", ""personal_data"", ""sensitive_personal_data""], ""U"": [""criminal_justice_research"", ""research""], ""R"": [""delete_on_request"", ""retention_5y""], ""A"": [""AU"", ""DPO"", ""DS""]}"
"PrivacyAnnotation|PA::prop::DataRecordArtifact::D7_COMPASFinal::record::4::00421","PrivacyAnnotation","PA::prop::DataRecordArtifact::D7_COMPASFinal::record::4::00421","{""key"": ""PA::prop::DataRecordArtifact::D7_COMPASFinal::record::4::00421"", ""annotationId"": ""PA::prop::DataRecordArtifact::D7_COMPASFinal::record::4::00421"", ""target_label"": ""DataRecordArtifact"", ""target_key"": ""D7_COMPASFinal::record::4"", ""granularity"": ""record"", ""source"": ""propagated:TR"", ""policy_id"": ""B6_charge_degree_binary_policy"", ""generated_by"": ""run_fc7d525c22::007::B6_charge_degree_binary"", ""note"": ""Record-level annotation summarised from cells of D7_COMPASFinal."", ""C_explicit"": [""quasi_identifier"", ""criminal_justice_sensitive"", ""race_ethnicity"", ""protected_attribute"", ""gender"", ""temporal_quasi_identifier"", ""behavioural_sensitive""], ""C"": [""quasi_identifier"", ""criminal_justice_sensitive"", ""race_ethnicity"", ""protected_attribute"", ""gender"", ""temporal_quasi_identifier"", ""behavioural_sensitive"", ""personal_data"", ""sensitive_personal_data""], ""U"": [""criminal_justice_research"", ""research""], ""R"": [""delete_on_request"", ""retention_5y""], ""A"": [""AU"", ""DPO"", ""DS""]}"
"PrivacyAnnotation|PA::prop::DataRecordArtifact::D7_COMPASFinal::record::5::00422","PrivacyAnnotation","PA::prop::DataRecordArtifact::D7_COMPASFinal::record::5::00422","{""key"": ""PA::prop::DataRecordArtifact::D7_COMPASFinal::record::5::00422"", ""annotationId"": ""PA::prop::DataRecordArtifact::D7_COMPASFinal::record::5::00422"", ""target_label"": ""DataRecordArtifact"", ""target_key"": ""D7_COMPASFinal::record::5"", ""granularity"": ""record"", ""source"": ""propagated:TR"", ""policy_id"": ""B6_charge_degree_binary_policy"", ""generated_by"": ""run_fc7d525c22::007::B6_charge_degree_binary"", ""note"": ""Record-level annotation summarised from cells of D7_COMPASFinal."", ""C_explicit"": [""quasi_identifier"", ""criminal_justice_sensitive"", ""race_ethnicity"", ""protected_attribute"", ""gender"", ""temporal_quasi_identifier"", ""behavioural_sensitive""], ""C"": [""quasi_identifier"", ""criminal_justice_sensitive"", ""race_ethnicity"", ""protected_attribute"", ""gender"", ""temporal_quasi_identifier"", ""behavioural_sensitive"", ""personal_data"", ""sensitive_personal_data""], ""U"": [""criminal_justice_research"", ""research""], ""R"": [""delete_on_request"", ""retention_5y""], ""A"": [""AU"", ""DPO"", ""DS""]}"
"PrivacyAnnotation|PA::prop::DatasetArtifact::D7_COMPASFinal::00423","PrivacyAnnotation","PA::prop::DatasetArtifact::D7_COMPASFinal::00423","{""key"": ""PA::prop::DatasetArtifact::D7_COMPASFinal::00423"", ""annotationId"": ""PA::prop::DatasetArtifact::D7_COMPASFinal::00423"", ""target_label"": ""DatasetArtifact"", ""target_key"": ""D7_COMPASFinal"", ""granularity"": ""dataset"", ""source"": ""propagated:TR"", ""policy_id"": ""B6_charge_degree_binary_policy"", ""generated_by"": ""run_fc7d525c22::007::B6_charge_degree_binary"", ""note"": ""TR dataset-level propagation preserving input dataset-level governance constraints."", ""C_explicit"": [""quasi_identifier"", ""criminal_justice_sensitive"", ""race_ethnicity"", ""protected_attribute"", ""gender"", ""behavioural_sensitive"", ""temporal_quasi_identifier""], ""C"": [""quasi_identifier"", ""criminal_justice_sensitive"", ""race_ethnicity"", ""protected_attribute"", ""gender"", ""behavioural_sensitive"", ""temporal_quasi_identifier"", ""personal_data"", ""sensitive_personal_data""], ""U"": [""criminal_justice_research"", ""research""], ""R"": [""delete_on_request"", ""retention_5y""], ""A"": [""AU"", ""DPO"", ""DS""]}"
"PrivacyAnnotation|PA::prop::DataCellArtifact::D8_COMPASTrainDataset::record::0::cell::age::00424","PrivacyAnnotation","PA::prop::DataCellArtifact::D8_COMPASTrainDataset::record::0::cell::age::00424","{""key"": ""PA::prop::DataCellArtifact::D8_COMPASTrainDataset::record::0::cell::age::00424"", ""annotationId"": ""PA::prop::DataCellArtifact::D8_COMPASTrainDataset::record::0::cell::age::00424"", ""target_label"": ""DataCellArtifact"", ""target_key"": ""D8_COMPASTrainDataset::record::0::cell::age"", ""granularity"": ""cell"", ""source"": ""propagated:RED"", ""policy_id"": ""B7_split_train_test_policy"", ""generated_by"": ""run_fc7d525c22::008::B7_split_train_test"", ""note"": ""RED propagation for retained attribute age"", ""C_explicit"": [""quasi_identifier""], ""C"": [""quasi_identifier"", ""personal_data""], ""U"": [""criminal_justice_research"", ""research""], ""R"": [""delete_on_request"", ""retention_5y""], ""A"": [""AU"", ""DPO"", ""DS""]}"
"PrivacyAnnotation|PA::prop::DataCellArtifact::D8_COMPASTrainDataset::record::0::cell::c_charge_degree::00425","PrivacyAnnotation","PA::prop::DataCellArtifact::D8_COMPASTrainDataset::record::0::cell::c_charge_degree::00425","{""key"": ""PA::prop::DataCellArtifact::D8_COMPASTrainDataset::record::0::cell::c_charge_degree::00425"", ""annotationId"": ""PA::prop::DataCellArtifact::D8_COMPASTrainDataset::record::0::cell::c_charge_degree::00425"", ""target_label"": ""DataCellArtifact"", ""target_key"": ""D8_COMPASTrainDataset::record::0::cell::c_charge_degree"", ""granularity"": ""cell"", ""source"": ""propagated:RED"", ""policy_id"": ""B7_split_train_test_policy"", ""generated_by"": ""run_fc7d525c22::008::B7_split_train_test"", ""note"": ""RED propagation for retained attribute c_charge_degree"", ""C_explicit"": [""criminal_justice_sensitive""], ""C"": [""criminal_justice_sensitive"", ""sensitive_personal_data""], ""U"": [""criminal_justice_research"", ""research""], ""R"": [""delete_on_request"", ""retention_5y""], ""A"": [""AU"", ""DPO"", ""DS""]}"
"PrivacyAnnotation|PA::prop::DataCellArtifact::D8_COMPASTrainDataset::record::0::cell::race::00426","PrivacyAnnotation","PA::prop::DataCellArtifact::D8_COMPASTrainDataset::record::0::cell::race::00426","{""key"": ""PA::prop::DataCellArtifact::D8_COMPASTrainDataset::record::0::cell::race::00426"", ""annotationId"": ""PA::prop::DataCellArtifact::D8_COMPASTrainDataset::record::0::cell::race::00426"", ""target_label"": ""DataCellArtifact"", ""target_key"": ""D8_COMPASTrainDataset::record::0::cell::race"", ""granularity"": ""cell"", ""source"": ""propagated:RED"", ""policy_id"": ""B7_split_train_test_policy"", ""generated_by"": ""run_fc7d525c22::008::B7_split_train_test"", ""note"": ""RED propagation for retained attribute race"", ""C_explicit"": [""race_ethnicity"", ""protected_attribute""], ""C"": [""race_ethnicity"", ""protected_attribute"", ""sensitive_personal_data""], ""U"": [""criminal_justice_research"", ""research""], ""R"": [""delete_on_request"", ""retention_5y""], ""A"": [""AU"", ""DPO"", ""DS""]}"
"PrivacyAnnotation|PA::prop::DataCellArtifact::D8_COMPASTrainDataset::record::0::cell::sex::00427","PrivacyAnnotation","PA::prop::DataCellArtifact::D8_COMPASTrainDataset::record::0::cell::sex::00427","{""key"": ""PA::prop::DataCellArtifact::D8_COMPASTrainDataset::record::0::cell::sex::00427"", ""annotationId"": ""PA::prop::DataCellArtifact::D8_COMPASTrainDataset::record::0::cell::sex::00427"", ""target_label"": ""DataCellArtifact"", ""target_key"": ""D8_COMPASTrainDataset::record::0::cell::sex"", ""granularity"": ""cell"", ""source"": ""propagated:RED"", ""policy_id"": ""B7_split_train_test_policy"", ""generated_by"": ""run_fc7d525c22::008::B7_split_train_test"", ""note"": ""RED propagation for retained attribute sex"", ""C_explicit"": [""gender"", ""protected_attribute""], ""C"": [""gender"", ""protected_attribute"", ""sensitive_personal_data""], ""U"": [""criminal_justice_research"", ""research""], ""R"": [""delete_on_request"", ""retention_5y""], ""A"": [""AU"", ""DPO"", ""DS""]}"
"PrivacyAnnotation|PA::prop::DataCellArtifact::D8_COMPASTrainDataset::record::0::cell::priors_count::00428","PrivacyAnnotation","PA::prop::DataCellArtifact::D8_COMPASTrainDataset::record::0::cell::priors_count::00428","{""key"": ""PA::prop::DataCellArtifact::D8_COMPASTrainDataset::record::0::cell::priors_count::00428"", ""annotationId"": ""PA::prop::DataCellArtifact::D8_COMPASTrainDataset::record::0::cell::priors_count::00428"", ""target_label"": ""DataCellArtifact"", ""target_key"": ""D8_COMPASTrainDataset::record::0::cell::priors_count"", ""granularity"": ""cell"", ""source"": ""propagated:RED"", ""policy_id"": ""B7_split_train_test_policy"", ""generated_by"": ""run_fc7d525c22::008::B7_split_train_test"", ""note"": ""RED propagation for retained attribute priors_count"", ""C_explicit"": [""criminal_justice_sensitive""], ""C"": [""criminal_justice_sensitive"", ""sensitive_personal_data""], ""U"": [""criminal_justice_research"", ""research""], ""R"": [""delete_on_request"", ""retention_5y""], ""A"": [""AU"", ""DPO"", ""DS""]}"
"PrivacyAnnotation|PA::prop::DataCellArtifact::D8_COMPASTrainDataset::record::0::cell::days_b_screening_arrest::00429","PrivacyAnnotation","PA::prop::DataCellArtifact::D8_COMPASTrainDataset::record::0::cell::days_b_screening_arrest::00429","{""key"": ""PA::prop::DataCellArtifact::D8_COMPASTrainDataset::record::0::cell::days_b_screening_arrest::00429"", ""annotationId"": ""PA::prop::DataCellArtifact::D8_COMPASTrainDataset::record::0::cell::days_b_screening_arrest::00429"", ""target_label"": ""DataCellArtifact"", ""target_key"": ""D8_COMPASTrainDataset::record::0::cell::days_b_screening_arrest"", ""granularity"": ""cell"", ""source"": ""propagated:RED"", ""policy_id"": ""B7_split_train_test_policy"", ""generated_by"": ""run_fc7d525c22::008::B7_split_train_test"", ""note"": ""RED propagation for retained attribute days_b_screening_arrest"", ""C_explicit"": [""criminal_justice_sensitive"", ""temporal_quasi_identifier""], ""C"": [""criminal_justice_sensitive"", ""temporal_quasi_identifier"", ""sensitive_personal_data""], ""U"": [""criminal_justice_research"", ""research""], ""R"": [""delete_on_request"", ""retention_5y""], ""A"": [""AU"", ""DPO"", ""DS""]}"
"PrivacyAnnotation|PA::prop::DataCellArtifact::D8_COMPASTrainDataset::record::0::cell::label::00430","PrivacyAnnotation","PA::prop::DataCellArtifact::D8_COMPASTrainDataset::record::0::cell::label::00430","{""key"": ""PA::prop::DataCellArtifact::D8_COMPASTrainDataset::record::0::cell::label::00430"", ""annotationId"": ""PA::prop::DataCellArtifact::D8_COMPASTrainDataset::record::0::cell::label::00430"", ""target_label"": ""DataCellArtifact"", ""target_key"": ""D8_COMPASTrainDataset::record::0::cell::label"", ""granularity"": ""cell"", ""source"": ""propagated:RED"", ""policy_id"": ""B7_split_train_test_policy"", ""generated_by"": ""run_fc7d525c22::008::B7_split_train_test"", ""note"": ""RED propagation for retained attribute label"", ""C_explicit"": [""criminal_justice_sensitive"", ""behavioural_sensitive""], ""C"": [""criminal_justice_sensitive"", ""behavioural_sensitive"", ""sensitive_personal_data""], ""U"": [""criminal_justice_research"", ""research""], ""R"": [""delete_on_request"", ""retention_5y""], ""A"": [""AU"", ""DPO"", ""DS""]}"
"PrivacyAnnotation|PA::prop::DataCellArtifact::D8_COMPASTrainDataset::record::0::cell::jailtime::00431","PrivacyAnnotation","PA::prop::DataCellArtifact::D8_COMPASTrainDataset::record::0::cell::jailtime::00431","{""key"": ""PA::prop::DataCellArtifact::D8_COMPASTrainDataset::record::0::cell::jailtime::00431"", ""annotationId"": ""PA::prop::DataCellArtifact::D8_COMPASTrainDataset::record::0::cell::jailtime::00431"", ""target_label"": ""DataCellArtifact"", ""target_key"": ""D8_COMPASTrainDataset::record::0::cell::jailtime"", ""granularity"": ""cell"", ""source"": ""propagated:RED"", ""policy_id"": ""B7_split_train_test_policy"", ""generated_by"": ""run_fc7d525c22::008::B7_split_train_test"", ""note"": ""RED propagation for retained attribute jailtime"", ""C_explicit"": [""criminal_justice_sensitive"", ""temporal_quasi_identifier""], ""C"": [""criminal_justice_sensitive"", ""temporal_quasi_identifier"", ""sensitive_personal_data""], ""U"": [""criminal_justice_research"", ""research""], ""R"": [""delete_on_request"", ""retention_5y""], ""A"": [""AU"", ""DPO"", ""DS""]}"
"PrivacyAnnotation|PA::prop::DataCellArtifact::D8_COMPASTrainDataset::record::1::cell::age::00432","PrivacyAnnotation","PA::prop::DataCellArtifact::D8_COMPASTrainDataset::record::1::cell::age::00432","{""key"": ""PA::prop::DataCellArtifact::D8_COMPASTrainDataset::record::1::cell::age::00432"", ""annotationId"": ""PA::prop::DataCellArtifact::D8_COMPASTrainDataset::record::1::cell::age::00432"", ""target_label"": ""DataCellArtifact"", ""target_key"": ""D8_COMPASTrainDataset::record::1::cell::age"", ""granularity"": ""cell"", ""source"": ""propagated:RED"", ""policy_id"": ""B7_split_train_test_policy"", ""generated_by"": ""run_fc7d525c22::008::B7_split_train_test"", ""note"": ""RED propagation for retained attribute age"", ""C_explicit"": [""quasi_identifier""], ""C"": [""quasi_identifier"", ""personal_data""], ""U"": [""criminal_justice_research"", ""research""], ""R"": [""delete_on_request"", ""retention_5y""], ""A"": [""AU"", ""DPO"", ""DS""]}"
"PrivacyAnnotation|PA::prop::DataCellArtifact::D8_COMPASTrainDataset::record::1::cell::c_charge_degree::00433","PrivacyAnnotation","PA::prop::DataCellArtifact::D8_COMPASTrainDataset::record::1::cell::c_charge_degree::00433","{""key"": ""PA::prop::DataCellArtifact::D8_COMPASTrainDataset::record::1::cell::c_charge_degree::00433"", ""annotationId"": ""PA::prop::DataCellArtifact::D8_COMPASTrainDataset::record::1::cell::c_charge_degree::00433"", ""target_label"": ""DataCellArtifact"", ""target_key"": ""D8_COMPASTrainDataset::record::1::cell::c_charge_degree"", ""granularity"": ""cell"", ""source"": ""propagated:RED"", ""policy_id"": ""B7_split_train_test_policy"", ""generated_by"": ""run_fc7d525c22::008::B7_split_train_test"", ""note"": ""RED propagation for retained attribute c_charge_degree"", ""C_explicit"": [""criminal_justice_sensitive""], ""C"": [""criminal_justice_sensitive"", ""sensitive_personal_data""], ""U"": [""criminal_justice_research"", ""research""], ""R"": [""delete_on_request"", ""retention_5y""], ""A"": [""AU"", ""DPO"", ""DS""]}"
"PrivacyAnnotation|PA::prop::DataCellArtifact::D8_COMPASTrainDataset::record::1::cell::race::00434","PrivacyAnnotation","PA::prop::DataCellArtifact::D8_COMPASTrainDataset::record::1::cell::race::00434","{""key"": ""PA::prop::DataCellArtifact::D8_COMPASTrainDataset::record::1::cell::race::00434"", ""annotationId"": ""PA::prop::DataCellArtifact::D8_COMPASTrainDataset::record::1::cell::race::00434"", ""target_label"": ""DataCellArtifact"", ""target_key"": ""D8_COMPASTrainDataset::record::1::cell::race"", ""granularity"": ""cell"", ""source"": ""propagated:RED"", ""policy_id"": ""B7_split_train_test_policy"", ""generated_by"": ""run_fc7d525c22::008::B7_split_train_test"", ""note"": ""RED propagation for retained attribute race"", ""C_explicit"": [""race_ethnicity"", ""protected_attribute""], ""C"": [""race_ethnicity"", ""protected_attribute"", ""sensitive_personal_data""], ""U"": [""criminal_justice_research"", ""research""], ""R"": [""delete_on_request"", ""retention_5y""], ""A"": [""AU"", ""DPO"", ""DS""]}"
"PrivacyAnnotation|PA::prop::DataCellArtifact::D8_COMPASTrainDataset::record::1::cell::sex::00435","PrivacyAnnotation","PA::prop::DataCellArtifact::D8_COMPASTrainDataset::record::1::cell::sex::00435","{""key"": ""PA::prop::DataCellArtifact::D8_COMPASTrainDataset::record::1::cell::sex::00435"", ""annotationId"": ""PA::prop::DataCellArtifact::D8_COMPASTrainDataset::record::1::cell::sex::00435"", ""target_label"": ""DataCellArtifact"", ""target_key"": ""D8_COMPASTrainDataset::record::1::cell::sex"", ""granularity"": ""cell"", ""source"": ""propagated:RED"", ""policy_id"": ""B7_split_train_test_policy"", ""generated_by"": ""run_fc7d525c22::008::B7_split_train_test"", ""note"": ""RED propagation for retained attribute sex"", ""C_explicit"": [""gender"", ""protected_attribute""], ""C"": [""gender"", ""protected_attribute"", ""sensitive_personal_data""], ""U"": [""criminal_justice_research"", ""research""], ""R"": [""delete_on_request"", ""retention_5y""], ""A"": [""AU"", ""DPO"", ""DS""]}"
"PrivacyAnnotation|PA::prop::DataCellArtifact::D8_COMPASTrainDataset::record::1::cell::priors_count::00436","PrivacyAnnotation","PA::prop::DataCellArtifact::D8_COMPASTrainDataset::record::1::cell::priors_count::00436","{""key"": ""PA::prop::DataCellArtifact::D8_COMPASTrainDataset::record::1::cell::priors_count::00436"", ""annotationId"": ""PA::prop::DataCellArtifact::D8_COMPASTrainDataset::record::1::cell::priors_count::00436"", ""target_label"": ""DataCellArtifact"", ""target_key"": ""D8_COMPASTrainDataset::record::1::cell::priors_count"", ""granularity"": ""cell"", ""source"": ""propagated:RED"", ""policy_id"": ""B7_split_train_test_policy"", ""generated_by"": ""run_fc7d525c22::008::B7_split_train_test"", ""note"": ""RED propagation for retained attribute priors_count"", ""C_explicit"": [""criminal_justice_sensitive""], ""C"": [""criminal_justice_sensitive"", ""sensitive_personal_data""], ""U"": [""criminal_justice_research"", ""research""], ""R"": [""delete_on_request"", ""retention_5y""], ""A"": [""AU"", ""DPO"", ""DS""]}"
"PrivacyAnnotation|PA::prop::DataCellArtifact::D8_COMPASTrainDataset::record::1::cell::days_b_screening_arrest::00437","PrivacyAnnotation","PA::prop::DataCellArtifact::D8_COMPASTrainDataset::record::1::cell::days_b_screening_arrest::00437","{""key"": ""PA::prop::DataCellArtifact::D8_COMPASTrainDataset::record::1::cell::days_b_screening_arrest::00437"", ""annotationId"": ""PA::prop::DataCellArtifact::D8_COMPASTrainDataset::record::1::cell::days_b_screening_arrest::00437"", ""target_label"": ""DataCellArtifact"", ""target_key"": ""D8_COMPASTrainDataset::record::1::cell::days_b_screening_arrest"", ""granularity"": ""cell"", ""source"": ""propagated:RED"", ""policy_id"": ""B7_split_train_test_policy"", ""generated_by"": ""run_fc7d525c22::008::B7_split_train_test"", ""note"": ""RED propagation for retained attribute days_b_screening_arrest"", ""C_explicit"": [""criminal_justice_sensitive"", ""temporal_quasi_identifier""], ""C"": [""criminal_justice_sensitive"", ""temporal_quasi_identifier"", ""sensitive_personal_data""], ""U"": [""criminal_justice_research"", ""research""], ""R"": [""delete_on_request"", ""retention_5y""], ""A"": [""AU"", ""DPO"", ""DS""]}"
"PrivacyAnnotation|PA::prop::DataCellArtifact::D8_COMPASTrainDataset::record::1::cell::label::00438","PrivacyAnnotation","PA::prop::DataCellArtifact::D8_COMPASTrainDataset::record::1::cell::label::00438","{""key"": ""PA::prop::DataCellArtifact::D8_COMPASTrainDataset::record::1::cell::label::00438"", ""annotationId"": ""PA::prop::DataCellArtifact::D8_COMPASTrainDataset::record::1::cell::label::00438"", ""target_label"": ""DataCellArtifact"", ""target_key"": ""D8_COMPASTrainDataset::record::1::cell::label"", ""granularity"": ""cell"", ""source"": ""propagated:RED"", ""policy_id"": ""B7_split_train_test_policy"", ""generated_by"": ""run_fc7d525c22::008::B7_split_train_test"", ""note"": ""RED propagation for retained attribute label"", ""C_explicit"": [""criminal_justice_sensitive"", ""behavioural_sensitive""], ""C"": [""criminal_justice_sensitive"", ""behavioural_sensitive"", ""sensitive_personal_data""], ""U"": [""criminal_justice_research"", ""research""], ""R"": [""delete_on_request"", ""retention_5y""], ""A"": [""AU"", ""DPO"", ""DS""]}"
"PrivacyAnnotation|PA::prop::DataCellArtifact::D8_COMPASTrainDataset::record::1::cell::jailtime::00439","PrivacyAnnotation","PA::prop::DataCellArtifact::D8_COMPASTrainDataset::record::1::cell::jailtime::00439","{""key"": ""PA::prop::DataCellArtifact::D8_COMPASTrainDataset::record::1::cell::jailtime::00439"", ""annotationId"": ""PA::prop::DataCellArtifact::D8_COMPASTrainDataset::record::1::cell::jailtime::00439"", ""target_label"": ""DataCellArtifact"", ""target_key"": ""D8_COMPASTrainDataset::record::1::cell::jailtime"", ""granularity"": ""cell"", ""source"": ""propagated:RED"", ""policy_id"": ""B7_split_train_test_policy"", ""generated_by"": ""run_fc7d525c22::008::B7_split_train_test"", ""note"": ""RED propagation for retained attribute jailtime"", ""C_explicit"": [""criminal_justice_sensitive"", ""temporal_quasi_identifier""], ""C"": [""criminal_justice_sensitive"", ""temporal_quasi_identifier"", ""sensitive_personal_data""], ""U"": [""criminal_justice_research"", ""research""], ""R"": [""delete_on_request"", ""retention_5y""], ""A"": [""AU"", ""DPO"", ""DS""]}"
"PrivacyAnnotation|PA::prop::DataCellArtifact::D8_COMPASTrainDataset::record::2::cell::age::00440","PrivacyAnnotation","PA::prop::DataCellArtifact::D8_COMPASTrainDataset::record::2::cell::age::00440","{""key"": ""PA::prop::DataCellArtifact::D8_COMPASTrainDataset::record::2::cell::age::00440"", ""annotationId"": ""PA::prop::DataCellArtifact::D8_COMPASTrainDataset::record::2::cell::age::00440"", ""target_label"": ""DataCellArtifact"", ""target_key"": ""D8_COMPASTrainDataset::record::2::cell::age"", ""granularity"": ""cell"", ""source"": ""propagated:RED"", ""policy_id"": ""B7_split_train_test_policy"", ""generated_by"": ""run_fc7d525c22::008::B7_split_train_test"", ""note"": ""RED propagation for retained attribute age"", ""C_explicit"": [""quasi_identifier""], ""C"": [""quasi_identifier"", ""personal_data""], ""U"": [""criminal_justice_research"", ""research""], ""R"": [""delete_on_request"", ""retention_5y""], ""A"": [""AU"", ""DPO"", ""DS""]}"
"PrivacyAnnotation|PA::prop::DataCellArtifact::D8_COMPASTrainDataset::record::2::cell::c_charge_degree::00441","PrivacyAnnotation","PA::prop::DataCellArtifact::D8_COMPASTrainDataset::record::2::cell::c_charge_degree::00441","{""key"": ""PA::prop::DataCellArtifact::D8_COMPASTrainDataset::record::2::cell::c_charge_degree::00441"", ""annotationId"": ""PA::prop::DataCellArtifact::D8_COMPASTrainDataset::record::2::cell::c_charge_degree::00441"", ""target_label"": ""DataCellArtifact"", ""target_key"": ""D8_COMPASTrainDataset::record::2::cell::c_charge_degree"", ""granularity"": ""cell"", ""source"": ""propagated:RED"", ""policy_id"": ""B7_split_train_test_policy"", ""generated_by"": ""run_fc7d525c22::008::B7_split_train_test"", ""note"": ""RED propagation for retained attribute c_charge_degree"", ""C_explicit"": [""criminal_justice_sensitive""], ""C"": [""criminal_justice_sensitive"", ""sensitive_personal_data""], ""U"": [""criminal_justice_research"", ""research""], ""R"": [""delete_on_request"", ""retention_5y""], ""A"": [""AU"", ""DPO"", ""DS""]}"
"PrivacyAnnotation|PA::prop::DataCellArtifact::D8_COMPASTrainDataset::record::2::cell::race::00442","PrivacyAnnotation","PA::prop::DataCellArtifact::D8_COMPASTrainDataset::record::2::cell::race::00442","{""key"": ""PA::prop::DataCellArtifact::D8_COMPASTrainDataset::record::2::cell::race::00442"", ""annotationId"": ""PA::prop::DataCellArtifact::D8_COMPASTrainDataset::record::2::cell::race::00442"", ""target_label"": ""DataCellArtifact"", ""target_key"": ""D8_COMPASTrainDataset::record::2::cell::race"", ""granularity"": ""cell"", ""source"": ""propagated:RED"", ""policy_id"": ""B7_split_train_test_policy"", ""generated_by"": ""run_fc7d525c22::008::B7_split_train_test"", ""note"": ""RED propagation for retained attribute race"", ""C_explicit"": [""race_ethnicity"", ""protected_attribute""], ""C"": [""race_ethnicity"", ""protected_attribute"", ""sensitive_personal_data""], ""U"": [""criminal_justice_research"", ""research""], ""R"": [""delete_on_request"", ""retention_5y""], ""A"": [""AU"", ""DPO"", ""DS""]}"
"PrivacyAnnotation|PA::prop::DataCellArtifact::D8_COMPASTrainDataset::record::2::cell::sex::00443","PrivacyAnnotation","PA::prop::DataCellArtifact::D8_COMPASTrainDataset::record::2::cell::sex::00443","{""key"": ""PA::prop::DataCellArtifact::D8_COMPASTrainDataset::record::2::cell::sex::00443"", ""annotationId"": ""PA::prop::DataCellArtifact::D8_COMPASTrainDataset::record::2::cell::sex::00443"", ""target_label"": ""DataCellArtifact"", ""target_key"": ""D8_COMPASTrainDataset::record::2::cell::sex"", ""granularity"": ""cell"", ""source"": ""propagated:RED"", ""policy_id"": ""B7_split_train_test_policy"", ""generated_by"": ""run_fc7d525c22::008::B7_split_train_test"", ""note"": ""RED propagation for retained attribute sex"", ""C_explicit"": [""gender"", ""protected_attribute""], ""C"": [""gender"", ""protected_attribute"", ""sensitive_personal_data""], ""U"": [""criminal_justice_research"", ""research""], ""R"": [""delete_on_request"", ""retention_5y""], ""A"": [""AU"", ""DPO"", ""DS""]}"
"PrivacyAnnotation|PA::prop::DataCellArtifact::D8_COMPASTrainDataset::record::2::cell::priors_count::00444","PrivacyAnnotation","PA::prop::DataCellArtifact::D8_COMPASTrainDataset::record::2::cell::priors_count::00444","{""key"": ""PA::prop::DataCellArtifact::D8_COMPASTrainDataset::record::2::cell::priors_count::00444"", ""annotationId"": ""PA::prop::DataCellArtifact::D8_COMPASTrainDataset::record::2::cell::priors_count::00444"", ""target_label"": ""DataCellArtifact"", ""target_key"": ""D8_COMPASTrainDataset::record::2::cell::priors_count"", ""granularity"": ""cell"", ""source"": ""propagated:RED"", ""policy_id"": ""B7_split_train_test_policy"", ""generated_by"": ""run_fc7d525c22::008::B7_split_train_test"", ""note"": ""RED propagation for retained attribute priors_count"", ""C_explicit"": [""criminal_justice_sensitive""], ""C"": [""criminal_justice_sensitive"", ""sensitive_personal_data""], ""U"": [""criminal_justice_research"", ""research""], ""R"": [""delete_on_request"", ""retention_5y""], ""A"": [""AU"", ""DPO"", ""DS""]}"
"PrivacyAnnotation|PA::prop::DataCellArtifact::D8_COMPASTrainDataset::record::2::cell::days_b_screening_arrest::00445","PrivacyAnnotation","PA::prop::DataCellArtifact::D8_COMPASTrainDataset::record::2::cell::days_b_screening_arrest::00445","{""key"": ""PA::prop::DataCellArtifact::D8_COMPASTrainDataset::record::2::cell::days_b_screening_arrest::00445"", ""annotationId"": ""PA::prop::DataCellArtifact::D8_COMPASTrainDataset::record::2::cell::days_b_screening_arrest::00445"", ""target_label"": ""DataCellArtifact"", ""target_key"": ""D8_COMPASTrainDataset::record::2::cell::days_b_screening_arrest"", ""granularity"": ""cell"", ""source"": ""propagated:RED"", ""policy_id"": ""B7_split_train_test_policy"", ""generated_by"": ""run_fc7d525c22::008::B7_split_train_test"", ""note"": ""RED propagation for retained attribute days_b_screening_arrest"", ""C_explicit"": [""criminal_justice_sensitive"", ""temporal_quasi_identifier""], ""C"": [""criminal_justice_sensitive"", ""temporal_quasi_identifier"", ""sensitive_personal_data""], ""U"": [""criminal_justice_research"", ""research""], ""R"": [""delete_on_request"", ""retention_5y""], ""A"": [""AU"", ""DPO"", ""DS""]}"
"PrivacyAnnotation|PA::prop::DataCellArtifact::D8_COMPASTrainDataset::record::2::cell::label::00446","PrivacyAnnotation","PA::prop::DataCellArtifact::D8_COMPASTrainDataset::record::2::cell::label::00446","{""key"": ""PA::prop::DataCellArtifact::D8_COMPASTrainDataset::record::2::cell::label::00446"", ""annotationId"": ""PA::prop::DataCellArtifact::D8_COMPASTrainDataset::record::2::cell::label::00446"", ""target_label"": ""DataCellArtifact"", ""target_key"": ""D8_COMPASTrainDataset::record::2::cell::label"", ""granularity"": ""cell"", ""source"": ""propagated:RED"", ""policy_id"": ""B7_split_train_test_policy"", ""generated_by"": ""run_fc7d525c22::008::B7_split_train_test"", ""note"": ""RED propagation for retained attribute label"", ""C_explicit"": [""criminal_justice_sensitive"", ""behavioural_sensitive""], ""C"": [""criminal_justice_sensitive"", ""behavioural_sensitive"", ""sensitive_personal_data""], ""U"": [""criminal_justice_research"", ""research""], ""R"": [""delete_on_request"", ""retention_5y""], ""A"": [""AU"", ""DPO"", ""DS""]}"
"PrivacyAnnotation|PA::prop::DataCellArtifact::D8_COMPASTrainDataset::record::2::cell::jailtime::00447","PrivacyAnnotation","PA::prop::DataCellArtifact::D8_COMPASTrainDataset::record::2::cell::jailtime::00447","{""key"": ""PA::prop::DataCellArtifact::D8_COMPASTrainDataset::record::2::cell::jailtime::00447"", ""annotationId"": ""PA::prop::DataCellArtifact::D8_COMPASTrainDataset::record::2::cell::jailtime::00447"", ""target_label"": ""DataCellArtifact"", ""target_key"": ""D8_COMPASTrainDataset::record::2::cell::jailtime"", ""granularity"": ""cell"", ""source"": ""propagated:RED"", ""policy_id"": ""B7_split_train_test_policy"", ""generated_by"": ""run_fc7d525c22::008::B7_split_train_test"", ""note"": ""RED propagation for retained attribute jailtime"", ""C_explicit"": [""criminal_justice_sensitive"", ""temporal_quasi_identifier""], ""C"": [""criminal_justice_sensitive"", ""temporal_quasi_identifier"", ""sensitive_personal_data""], ""U"": [""criminal_justice_research"", ""research""], ""R"": [""delete_on_request"", ""retention_5y""], ""A"": [""AU"", ""DPO"", ""DS""]}"
"PrivacyAnnotation|PA::prop::DataRecordArtifact::D8_COMPASTrainDataset::record::0::00448","PrivacyAnnotation","PA::prop::DataRecordArtifact::D8_COMPASTrainDataset::record::0::00448","{""key"": ""PA::prop::DataRecordArtifact::D8_COMPASTrainDataset::record::0::00448"", ""annotationId"": ""PA::prop::DataRecordArtifact::D8_COMPASTrainDataset::record::0::00448"", ""target_label"": ""DataRecordArtifact"", ""target_key"": ""D8_COMPASTrainDataset::record::0"", ""granularity"": ""record"", ""source"": ""propagated:RED"", ""policy_id"": ""B7_split_train_test_policy"", ""generated_by"": ""run_fc7d525c22::008::B7_split_train_test"", ""note"": ""Record-level annotation summarised from cells of D8_COMPASTrainDataset."", ""C_explicit"": [""quasi_identifier"", ""criminal_justice_sensitive"", ""race_ethnicity"", ""protected_attribute"", ""gender"", ""temporal_quasi_identifier"", ""behavioural_sensitive""], ""C"": [""quasi_identifier"", ""criminal_justice_sensitive"", ""race_ethnicity"", ""protected_attribute"", ""gender"", ""temporal_quasi_identifier"", ""behavioural_sensitive"", ""personal_data"", ""sensitive_personal_data""], ""U"": [""criminal_justice_research"", ""research""], ""R"": [""delete_on_request"", ""retention_5y""], ""A"": [""AU"", ""DPO"", ""DS""]}"
"PrivacyAnnotation|PA::prop::DataRecordArtifact::D8_COMPASTrainDataset::record::1::00449","PrivacyAnnotation","PA::prop::DataRecordArtifact::D8_COMPASTrainDataset::record::1::00449","{""key"": ""PA::prop::DataRecordArtifact::D8_COMPASTrainDataset::record::1::00449"", ""annotationId"": ""PA::prop::DataRecordArtifact::D8_COMPASTrainDataset::record::1::00449"", ""target_label"": ""DataRecordArtifact"", ""target_key"": ""D8_COMPASTrainDataset::record::1"", ""granularity"": ""record"", ""source"": ""propagated:RED"", ""policy_id"": ""B7_split_train_test_policy"", ""generated_by"": ""run_fc7d525c22::008::B7_split_train_test"", ""note"": ""Record-level annotation summarised from cells of D8_COMPASTrainDataset."", ""C_explicit"": [""quasi_identifier"", ""criminal_justice_sensitive"", ""race_ethnicity"", ""protected_attribute"", ""gender"", ""temporal_quasi_identifier"", ""behavioural_sensitive""], ""C"": [""quasi_identifier"", ""criminal_justice_sensitive"", ""race_ethnicity"", ""protected_attribute"", ""gender"", ""temporal_quasi_identifier"", ""behavioural_sensitive"", ""personal_data"", ""sensitive_personal_data""], ""U"": [""criminal_justice_research"", ""research""], ""R"": [""delete_on_request"", ""retention_5y""], ""A"": [""AU"", ""DPO"", ""DS""]}"
"PrivacyAnnotation|PA::prop::DataRecordArtifact::D8_COMPASTrainDataset::record::2::00450","PrivacyAnnotation","PA::prop::DataRecordArtifact::D8_COMPASTrainDataset::record::2::00450","{""key"": ""PA::prop::DataRecordArtifact::D8_COMPASTrainDataset::record::2::00450"", ""annotationId"": ""PA::prop::DataRecordArtifact::D8_COMPASTrainDataset::record::2::00450"", ""target_label"": ""DataRecordArtifact"", ""target_key"": ""D8_COMPASTrainDataset::record::2"", ""granularity"": ""record"", ""source"": ""propagated:RED"", ""policy_id"": ""B7_split_train_test_policy"", ""generated_by"": ""run_fc7d525c22::008::B7_split_train_test"", ""note"": ""Record-level annotation summarised from cells of D8_COMPASTrainDataset."", ""C_explicit"": [""quasi_identifier"", ""criminal_justice_sensitive"", ""race_ethnicity"", ""protected_attribute"", ""gender"", ""temporal_quasi_identifier"", ""behavioural_sensitive""], ""C"": [""quasi_identifier"", ""criminal_justice_sensitive"", ""race_ethnicity"", ""protected_attribute"", ""gender"", ""temporal_quasi_identifier"", ""behavioural_sensitive"", ""personal_data"", ""sensitive_personal_data""], ""U"": [""criminal_justice_research"", ""research""], ""R"": [""delete_on_request"", ""retention_5y""], ""A"": [""AU"", ""DPO"", ""DS""]}"
"PrivacyAnnotation|PA::prop::DatasetArtifact::D8_COMPASTrainDataset::00451","PrivacyAnnotation","PA::prop::DatasetArtifact::D8_COMPASTrainDataset::00451","{""key"": ""PA::prop::DatasetArtifact::D8_COMPASTrainDataset::00451"", ""annotationId"": ""PA::prop::DatasetArtifact::D8_COMPASTrainDataset::00451"", ""target_label"": ""DatasetArtifact"", ""target_key"": ""D8_COMPASTrainDataset"", ""granularity"": ""dataset"", ""source"": ""propagated:RED"", ""policy_id"": ""B7_split_train_test_policy"", ""generated_by"": ""run_fc7d525c22::008::B7_split_train_test"", ""note"": ""RED dataset-level propagation from retained contributors."", ""C_explicit"": [""quasi_identifier"", ""criminal_justice_sensitive"", ""race_ethnicity"", ""protected_attribute"", ""gender"", ""temporal_quasi_identifier"", ""behavioural_sensitive""], ""C"": [""quasi_identifier"", ""criminal_justice_sensitive"", ""race_ethnicity"", ""protected_attribute"", ""gender"", ""temporal_quasi_identifier"", ""behavioural_sensitive"", ""personal_data"", ""sensitive_personal_data""], ""U"": [""criminal_justice_research"", ""research""], ""R"": [""delete_on_request"", ""retention_5y""], ""A"": [""AU"", ""DPO"", ""DS""]}"
"PrivacyAnnotation|PA::prop::DataCellArtifact::D9_COMPASTestDataset::record::4::cell::age::00452","PrivacyAnnotation","PA::prop::DataCellArtifact::D9_COMPASTestDataset::record::4::cell::age::00452","{""key"": ""PA::prop::DataCellArtifact::D9_COMPASTestDataset::record::4::cell::age::00452"", ""annotationId"": ""PA::prop::DataCellArtifact::D9_COMPASTestDataset::record::4::cell::age::00452"", ""target_label"": ""DataCellArtifact"", ""target_key"": ""D9_COMPASTestDataset::record::4::cell::age"", ""granularity"": ""cell"", ""source"": ""propagated:RED"", ""policy_id"": ""B7_split_train_test_policy"", ""generated_by"": ""run_fc7d525c22::008::B7_split_train_test"", ""note"": ""RED propagation for retained attribute age"", ""C_explicit"": [""quasi_identifier""], ""C"": [""quasi_identifier"", ""personal_data""], ""U"": [""criminal_justice_research"", ""research""], ""R"": [""delete_on_request"", ""retention_5y""], ""A"": [""AU"", ""DPO"", ""DS""]}"
"PrivacyAnnotation|PA::prop::DataCellArtifact::D9_COMPASTestDataset::record::4::cell::c_charge_degree::00453","PrivacyAnnotation","PA::prop::DataCellArtifact::D9_COMPASTestDataset::record::4::cell::c_charge_degree::00453","{""key"": ""PA::prop::DataCellArtifact::D9_COMPASTestDataset::record::4::cell::c_charge_degree::00453"", ""annotationId"": ""PA::prop::DataCellArtifact::D9_COMPASTestDataset::record::4::cell::c_charge_degree::00453"", ""target_label"": ""DataCellArtifact"", ""target_key"": ""D9_COMPASTestDataset::record::4::cell::c_charge_degree"", ""granularity"": ""cell"", ""source"": ""propagated:RED"", ""policy_id"": ""B7_split_train_test_policy"", ""generated_by"": ""run_fc7d525c22::008::B7_split_train_test"", ""note"": ""RED propagation for retained attribute c_charge_degree"", ""C_explicit"": [""criminal_justice_sensitive""], ""C"": [""criminal_justice_sensitive"", ""sensitive_personal_data""], ""U"": [""criminal_justice_research"", ""research""], ""R"": [""delete_on_request"", ""retention_5y""], ""A"": [""AU"", ""DPO"", ""DS""]}"
"PrivacyAnnotation|PA::prop::DataCellArtifact::D9_COMPASTestDataset::record::4::cell::race::00454","PrivacyAnnotation","PA::prop::DataCellArtifact::D9_COMPASTestDataset::record::4::cell::race::00454","{""key"": ""PA::prop::DataCellArtifact::D9_COMPASTestDataset::record::4::cell::race::00454"", ""annotationId"": ""PA::prop::DataCellArtifact::D9_COMPASTestDataset::record::4::cell::race::00454"", ""target_label"": ""DataCellArtifact"", ""target_key"": ""D9_COMPASTestDataset::record::4::cell::race"", ""granularity"": ""cell"", ""source"": ""propagated:RED"", ""policy_id"": ""B7_split_train_test_policy"", ""generated_by"": ""run_fc7d525c22::008::B7_split_train_test"", ""note"": ""RED propagation for retained attribute race"", ""C_explicit"": [""race_ethnicity"", ""protected_attribute""], ""C"": [""race_ethnicity"", ""protected_attribute"", ""sensitive_personal_data""], ""U"": [""criminal_justice_research"", ""research""], ""R"": [""delete_on_request"", ""retention_5y""], ""A"": [""AU"", ""DPO"", ""DS""]}"
"PrivacyAnnotation|PA::prop::DataCellArtifact::D9_COMPASTestDataset::record::4::cell::sex::00455","PrivacyAnnotation","PA::prop::DataCellArtifact::D9_COMPASTestDataset::record::4::cell::sex::00455","{""key"": ""PA::prop::DataCellArtifact::D9_COMPASTestDataset::record::4::cell::sex::00455"", ""annotationId"": ""PA::prop::DataCellArtifact::D9_COMPASTestDataset::record::4::cell::sex::00455"", ""target_label"": ""DataCellArtifact"", ""target_key"": ""D9_COMPASTestDataset::record::4::cell::sex"", ""granularity"": ""cell"", ""source"": ""propagated:RED"", ""policy_id"": ""B7_split_train_test_policy"", ""generated_by"": ""run_fc7d525c22::008::B7_split_train_test"", ""note"": ""RED propagation for retained attribute sex"", ""C_explicit"": [""gender"", ""protected_attribute""], ""C"": [""gender"", ""protected_attribute"", ""sensitive_personal_data""], ""U"": [""criminal_justice_research"", ""research""], ""R"": [""delete_on_request"", ""retention_5y""], ""A"": [""AU"", ""DPO"", ""DS""]}"
"PrivacyAnnotation|PA::prop::DataCellArtifact::D9_COMPASTestDataset::record::4::cell::priors_count::00456","PrivacyAnnotation","PA::prop::DataCellArtifact::D9_COMPASTestDataset::record::4::cell::priors_count::00456","{""key"": ""PA::prop::DataCellArtifact::D9_COMPASTestDataset::record::4::cell::priors_count::00456"", ""annotationId"": ""PA::prop::DataCellArtifact::D9_COMPASTestDataset::record::4::cell::priors_count::00456"", ""target_label"": ""DataCellArtifact"", ""target_key"": ""D9_COMPASTestDataset::record::4::cell::priors_count"", ""granularity"": ""cell"", ""source"": ""propagated:RED"", ""policy_id"": ""B7_split_train_test_policy"", ""generated_by"": ""run_fc7d525c22::008::B7_split_train_test"", ""note"": ""RED propagation for retained attribute priors_count"", ""C_explicit"": [""criminal_justice_sensitive""], ""C"": [""criminal_justice_sensitive"", ""sensitive_personal_data""], ""U"": [""criminal_justice_research"", ""research""], ""R"": [""delete_on_request"", ""retention_5y""], ""A"": [""AU"", ""DPO"", ""DS""]}"
"PrivacyAnnotation|PA::prop::DataCellArtifact::D9_COMPASTestDataset::record::4::cell::days_b_screening_arrest::00457","PrivacyAnnotation","PA::prop::DataCellArtifact::D9_COMPASTestDataset::record::4::cell::days_b_screening_arrest::00457","{""key"": ""PA::prop::DataCellArtifact::D9_COMPASTestDataset::record::4::cell::days_b_screening_arrest::00457"", ""annotationId"": ""PA::prop::DataCellArtifact::D9_COMPASTestDataset::record::4::cell::days_b_screening_arrest::00457"", ""target_label"": ""DataCellArtifact"", ""target_key"": ""D9_COMPASTestDataset::record::4::cell::days_b_screening_arrest"", ""granularity"": ""cell"", ""source"": ""propagated:RED"", ""policy_id"": ""B7_split_train_test_policy"", ""generated_by"": ""run_fc7d525c22::008::B7_split_train_test"", ""note"": ""RED propagation for retained attribute days_b_screening_arrest"", ""C_explicit"": [""criminal_justice_sensitive"", ""temporal_quasi_identifier""], ""C"": [""criminal_justice_sensitive"", ""temporal_quasi_identifier"", ""sensitive_personal_data""], ""U"": [""criminal_justice_research"", ""research""], ""R"": [""delete_on_request"", ""retention_5y""], ""A"": [""AU"", ""DPO"", ""DS""]}"
"PrivacyAnnotation|PA::prop::DataCellArtifact::D9_COMPASTestDataset::record::4::cell::label::00458","PrivacyAnnotation","PA::prop::DataCellArtifact::D9_COMPASTestDataset::record::4::cell::label::00458","{""key"": ""PA::prop::DataCellArtifact::D9_COMPASTestDataset::record::4::cell::label::00458"", ""annotationId"": ""PA::prop::DataCellArtifact::D9_COMPASTestDataset::record::4::cell::label::00458"", ""target_label"": ""DataCellArtifact"", ""target_key"": ""D9_COMPASTestDataset::record::4::cell::label"", ""granularity"": ""cell"", ""source"": ""propagated:RED"", ""policy_id"": ""B7_split_train_test_policy"", ""generated_by"": ""run_fc7d525c22::008::B7_split_train_test"", ""note"": ""RED propagation for retained attribute label"", ""C_explicit"": [""criminal_justice_sensitive"", ""behavioural_sensitive""], ""C"": [""criminal_justice_sensitive"", ""behavioural_sensitive"", ""sensitive_personal_data""], ""U"": [""criminal_justice_research"", ""research""], ""R"": [""delete_on_request"", ""retention_5y""], ""A"": [""AU"", ""DPO"", ""DS""]}"
"PrivacyAnnotation|PA::prop::DataCellArtifact::D9_COMPASTestDataset::record::4::cell::jailtime::00459","PrivacyAnnotation","PA::prop::DataCellArtifact::D9_COMPASTestDataset::record::4::cell::jailtime::00459","{""key"": ""PA::prop::DataCellArtifact::D9_COMPASTestDataset::record::4::cell::jailtime::00459"", ""annotationId"": ""PA::prop::DataCellArtifact::D9_COMPASTestDataset::record::4::cell::jailtime::00459"", ""target_label"": ""DataCellArtifact"", ""target_key"": ""D9_COMPASTestDataset::record::4::cell::jailtime"", ""granularity"": ""cell"", ""source"": ""propagated:RED"", ""policy_id"": ""B7_split_train_test_policy"", ""generated_by"": ""run_fc7d525c22::008::B7_split_train_test"", ""note"": ""RED propagation for retained attribute jailtime"", ""C_explicit"": [""criminal_justice_sensitive"", ""temporal_quasi_identifier""], ""C"": [""criminal_justice_sensitive"", ""temporal_quasi_identifier"", ""sensitive_personal_data""], ""U"": [""criminal_justice_research"", ""research""], ""R"": [""delete_on_request"", ""retention_5y""], ""A"": [""AU"", ""DPO"", ""DS""]}"
"PrivacyAnnotation|PA::prop::DataCellArtifact::D9_COMPASTestDataset::record::5::cell::age::00460","PrivacyAnnotation","PA::prop::DataCellArtifact::D9_COMPASTestDataset::record::5::cell::age::00460","{""key"": ""PA::prop::DataCellArtifact::D9_COMPASTestDataset::record::5::cell::age::00460"", ""annotationId"": ""PA::prop::DataCellArtifact::D9_COMPASTestDataset::record::5::cell::age::00460"", ""target_label"": ""DataCellArtifact"", ""target_key"": ""D9_COMPASTestDataset::record::5::cell::age"", ""granularity"": ""cell"", ""source"": ""propagated:RED"", ""policy_id"": ""B7_split_train_test_policy"", ""generated_by"": ""run_fc7d525c22::008::B7_split_train_test"", ""note"": ""RED propagation for retained attribute age"", ""C_explicit"": [""quasi_identifier""], ""C"": [""quasi_identifier"", ""personal_data""], ""U"": [""criminal_justice_research"", ""research""], ""R"": [""delete_on_request"", ""retention_5y""], ""A"": [""AU"", ""DPO"", ""DS""]}"
"PrivacyAnnotation|PA::prop::DataCellArtifact::D9_COMPASTestDataset::record::5::cell::c_charge_degree::00461","PrivacyAnnotation","PA::prop::DataCellArtifact::D9_COMPASTestDataset::record::5::cell::c_charge_degree::00461","{""key"": ""PA::prop::DataCellArtifact::D9_COMPASTestDataset::record::5::cell::c_charge_degree::00461"", ""annotationId"": ""PA::prop::DataCellArtifact::D9_COMPASTestDataset::record::5::cell::c_charge_degree::00461"", ""target_label"": ""DataCellArtifact"", ""target_key"": ""D9_COMPASTestDataset::record::5::cell::c_charge_degree"", ""granularity"": ""cell"", ""source"": ""propagated:RED"", ""policy_id"": ""B7_split_train_test_policy"", ""generated_by"": ""run_fc7d525c22::008::B7_split_train_test"", ""note"": ""RED propagation for retained attribute c_charge_degree"", ""C_explicit"": [""criminal_justice_sensitive""], ""C"": [""criminal_justice_sensitive"", ""sensitive_personal_data""], ""U"": [""criminal_justice_research"", ""research""], ""R"": [""delete_on_request"", ""retention_5y""], ""A"": [""AU"", ""DPO"", ""DS""]}"
"PrivacyAnnotation|PA::prop::DataCellArtifact::D9_COMPASTestDataset::record::5::cell::race::00462","PrivacyAnnotation","PA::prop::DataCellArtifact::D9_COMPASTestDataset::record::5::cell::race::00462","{""key"": ""PA::prop::DataCellArtifact::D9_COMPASTestDataset::record::5::cell::race::00462"", ""annotationId"": ""PA::prop::DataCellArtifact::D9_COMPASTestDataset::record::5::cell::race::00462"", ""target_label"": ""DataCellArtifact"", ""target_key"": ""D9_COMPASTestDataset::record::5::cell::race"", ""granularity"": ""cell"", ""source"": ""propagated:RED"", ""policy_id"": ""B7_split_train_test_policy"", ""generated_by"": ""run_fc7d525c22::008::B7_split_train_test"", ""note"": ""RED propagation for retained attribute race"", ""C_explicit"": [""race_ethnicity"", ""protected_attribute""], ""C"": [""race_ethnicity"", ""protected_attribute"", ""sensitive_personal_data""], ""U"": [""criminal_justice_research"", ""research""], ""R"": [""delete_on_request"", ""retention_5y""], ""A"": [""AU"", ""DPO"", ""DS""]}"
"PrivacyAnnotation|PA::prop::DataCellArtifact::D9_COMPASTestDataset::record::5::cell::sex::00463","PrivacyAnnotation","PA::prop::DataCellArtifact::D9_COMPASTestDataset::record::5::cell::sex::00463","{""key"": ""PA::prop::DataCellArtifact::D9_COMPASTestDataset::record::5::cell::sex::00463"", ""annotationId"": ""PA::prop::DataCellArtifact::D9_COMPASTestDataset::record::5::cell::sex::00463"", ""target_label"": ""DataCellArtifact"", ""target_key"": ""D9_COMPASTestDataset::record::5::cell::sex"", ""granularity"": ""cell"", ""source"": ""propagated:RED"", ""policy_id"": ""B7_split_train_test_policy"", ""generated_by"": ""run_fc7d525c22::008::B7_split_train_test"", ""note"": ""RED propagation for retained attribute sex"", ""C_explicit"": [""gender"", ""protected_attribute""], ""C"": [""gender"", ""protected_attribute"", ""sensitive_personal_data""], ""U"": [""criminal_justice_research"", ""research""], ""R"": [""delete_on_request"", ""retention_5y""], ""A"": [""AU"", ""DPO"", ""DS""]}"
"PrivacyAnnotation|PA::prop::DataCellArtifact::D9_COMPASTestDataset::record::5::cell::priors_count::00464","PrivacyAnnotation","PA::prop::DataCellArtifact::D9_COMPASTestDataset::record::5::cell::priors_count::00464","{""key"": ""PA::prop::DataCellArtifact::D9_COMPASTestDataset::record::5::cell::priors_count::00464"", ""annotationId"": ""PA::prop::DataCellArtifact::D9_COMPASTestDataset::record::5::cell::priors_count::00464"", ""target_label"": ""DataCellArtifact"", ""target_key"": ""D9_COMPASTestDataset::record::5::cell::priors_count"", ""granularity"": ""cell"", ""source"": ""propagated:RED"", ""policy_id"": ""B7_split_train_test_policy"", ""generated_by"": ""run_fc7d525c22::008::B7_split_train_test"", ""note"": ""RED propagation for retained attribute priors_count"", ""C_explicit"": [""criminal_justice_sensitive""], ""C"": [""criminal_justice_sensitive"", ""sensitive_personal_data""], ""U"": [""criminal_justice_research"", ""research""], ""R"": [""delete_on_request"", ""retention_5y""], ""A"": [""AU"", ""DPO"", ""DS""]}"
"PrivacyAnnotation|PA::prop::DataCellArtifact::D9_COMPASTestDataset::record::5::cell::days_b_screening_arrest::00465","PrivacyAnnotation","PA::prop::DataCellArtifact::D9_COMPASTestDataset::record::5::cell::days_b_screening_arrest::00465","{""key"": ""PA::prop::DataCellArtifact::D9_COMPASTestDataset::record::5::cell::days_b_screening_arrest::00465"", ""annotationId"": ""PA::prop::DataCellArtifact::D9_COMPASTestDataset::record::5::cell::days_b_screening_arrest::00465"", ""target_label"": ""DataCellArtifact"", ""target_key"": ""D9_COMPASTestDataset::record::5::cell::days_b_screening_arrest"", ""granularity"": ""cell"", ""source"": ""propagated:RED"", ""policy_id"": ""B7_split_train_test_policy"", ""generated_by"": ""run_fc7d525c22::008::B7_split_train_test"", ""note"": ""RED propagation for retained attribute days_b_screening_arrest"", ""C_explicit"": [""criminal_justice_sensitive"", ""temporal_quasi_identifier""], ""C"": [""criminal_justice_sensitive"", ""temporal_quasi_identifier"", ""sensitive_personal_data""], ""U"": [""criminal_justice_research"", ""research""], ""R"": [""delete_on_request"", ""retention_5y""], ""A"": [""AU"", ""DPO"", ""DS""]}"
"PrivacyAnnotation|PA::prop::DataCellArtifact::D9_COMPASTestDataset::record::5::cell::label::00466","PrivacyAnnotation","PA::prop::DataCellArtifact::D9_COMPASTestDataset::record::5::cell::label::00466","{""key"": ""PA::prop::DataCellArtifact::D9_COMPASTestDataset::record::5::cell::label::00466"", ""annotationId"": ""PA::prop::DataCellArtifact::D9_COMPASTestDataset::record::5::cell::label::00466"", ""target_label"": ""DataCellArtifact"", ""target_key"": ""D9_COMPASTestDataset::record::5::cell::label"", ""granularity"": ""cell"", ""source"": ""propagated:RED"", ""policy_id"": ""B7_split_train_test_policy"", ""generated_by"": ""run_fc7d525c22::008::B7_split_train_test"", ""note"": ""RED propagation for retained attribute label"", ""C_explicit"": [""criminal_justice_sensitive"", ""behavioural_sensitive""], ""C"": [""criminal_justice_sensitive"", ""behavioural_sensitive"", ""sensitive_personal_data""], ""U"": [""criminal_justice_research"", ""research""], ""R"": [""delete_on_request"", ""retention_5y""], ""A"": [""AU"", ""DPO"", ""DS""]}"
"PrivacyAnnotation|PA::prop::DataCellArtifact::D9_COMPASTestDataset::record::5::cell::jailtime::00467","PrivacyAnnotation","PA::prop::DataCellArtifact::D9_COMPASTestDataset::record::5::cell::jailtime::00467","{""key"": ""PA::prop::DataCellArtifact::D9_COMPASTestDataset::record::5::cell::jailtime::00467"", ""annotationId"": ""PA::prop::DataCellArtifact::D9_COMPASTestDataset::record::5::cell::jailtime::00467"", ""target_label"": ""DataCellArtifact"", ""target_key"": ""D9_COMPASTestDataset::record::5::cell::jailtime"", ""granularity"": ""cell"", ""source"": ""propagated:RED"", ""policy_id"": ""B7_split_train_test_policy"", ""generated_by"": ""run_fc7d525c22::008::B7_split_train_test"", ""note"": ""RED propagation for retained attribute jailtime"", ""C_explicit"": [""criminal_justice_sensitive"", ""temporal_quasi_identifier""], ""C"": [""criminal_justice_sensitive"", ""temporal_quasi_identifier"", ""sensitive_personal_data""], ""U"": [""criminal_justice_research"", ""research""], ""R"": [""delete_on_request"", ""retention_5y""], ""A"": [""AU"", ""DPO"", ""DS""]}"
"PrivacyAnnotation|PA::prop::DataRecordArtifact::D9_COMPASTestDataset::record::4::00468","PrivacyAnnotation","PA::prop::DataRecordArtifact::D9_COMPASTestDataset::record::4::00468","{""key"": ""PA::prop::DataRecordArtifact::D9_COMPASTestDataset::record::4::00468"", ""annotationId"": ""PA::prop::DataRecordArtifact::D9_COMPASTestDataset::record::4::00468"", ""target_label"": ""DataRecordArtifact"", ""target_key"": ""D9_COMPASTestDataset::record::4"", ""granularity"": ""record"", ""source"": ""propagated:RED"", ""policy_id"": ""B7_split_train_test_policy"", ""generated_by"": ""run_fc7d525c22::008::B7_split_train_test"", ""note"": ""Record-level annotation summarised from cells of D9_COMPASTestDataset."", ""C_explicit"": [""quasi_identifier"", ""criminal_justice_sensitive"", ""race_ethnicity"", ""protected_attribute"", ""gender"", ""temporal_quasi_identifier"", ""behavioural_sensitive""], ""C"": [""quasi_identifier"", ""criminal_justice_sensitive"", ""race_ethnicity"", ""protected_attribute"", ""gender"", ""temporal_quasi_identifier"", ""behavioural_sensitive"", ""personal_data"", ""sensitive_personal_data""], ""U"": [""criminal_justice_research"", ""research""], ""R"": [""delete_on_request"", ""retention_5y""], ""A"": [""AU"", ""DPO"", ""DS""]}"
"PrivacyAnnotation|PA::prop::DataRecordArtifact::D9_COMPASTestDataset::record::5::00469","PrivacyAnnotation","PA::prop::DataRecordArtifact::D9_COMPASTestDataset::record::5::00469","{""key"": ""PA::prop::DataRecordArtifact::D9_COMPASTestDataset::record::5::00469"", ""annotationId"": ""PA::prop::DataRecordArtifact::D9_COMPASTestDataset::record::5::00469"", ""target_label"": ""DataRecordArtifact"", ""target_key"": ""D9_COMPASTestDataset::record::5"", ""granularity"": ""record"", ""source"": ""propagated:RED"", ""policy_id"": ""B7_split_train_test_policy"", ""generated_by"": ""run_fc7d525c22::008::B7_split_train_test"", ""note"": ""Record-level annotation summarised from cells of D9_COMPASTestDataset."", ""C_explicit"": [""quasi_identifier"", ""criminal_justice_sensitive"", ""race_ethnicity"", ""protected_attribute"", ""gender"", ""temporal_quasi_identifier"", ""behavioural_sensitive""], ""C"": [""quasi_identifier"", ""criminal_justice_sensitive"", ""race_ethnicity"", ""protected_attribute"", ""gender"", ""temporal_quasi_identifier"", ""behavioural_sensitive"", ""personal_data"", ""sensitive_personal_data""], ""U"": [""criminal_justice_research"", ""research""], ""R"": [""delete_on_request"", ""retention_5y""], ""A"": [""AU"", ""DPO"", ""DS""]}"
"PrivacyAnnotation|PA::prop::DatasetArtifact::D9_COMPASTestDataset::00470","PrivacyAnnotation","PA::prop::DatasetArtifact::D9_COMPASTestDataset::00470","{""key"": ""PA::prop::DatasetArtifact::D9_COMPASTestDataset::00470"", ""annotationId"": ""PA::prop::DatasetArtifact::D9_COMPASTestDataset::00470"", ""target_label"": ""DatasetArtifact"", ""target_key"": ""D9_COMPASTestDataset"", ""granularity"": ""dataset"", ""source"": ""propagated:RED"", ""policy_id"": ""B7_split_train_test_policy"", ""generated_by"": ""run_fc7d525c22::008::B7_split_train_test"", ""note"": ""RED dataset-level propagation from retained contributors."", ""C_explicit"": [""quasi_identifier"", ""criminal_justice_sensitive"", ""race_ethnicity"", ""protected_attribute"", ""gender"", ""temporal_quasi_identifier"", ""behavioural_sensitive""], ""C"": [""quasi_identifier"", ""criminal_justice_sensitive"", ""race_ethnicity"", ""protected_attribute"", ""gender"", ""temporal_quasi_identifier"", ""behavioural_sensitive"", ""personal_data"", ""sensitive_personal_data""], ""U"": [""criminal_justice_research"", ""research""], ""R"": [""delete_on_request"", ""retention_5y""], ""A"": [""AU"", ""DPO"", ""DS""]}"
"PrivacyAnnotation|PA::prop::ModelArtifact::M1_COMPASRecidivismClassifier::00471","PrivacyAnnotation","PA::prop::ModelArtifact::M1_COMPASRecidivismClassifier::00471","{""key"": ""PA::prop::ModelArtifact::M1_COMPASRecidivismClassifier::00471"", ""annotationId"": ""PA::prop::ModelArtifact::M1_COMPASRecidivismClassifier::00471"", ""target_label"": ""ModelArtifact"", ""target_key"": ""M1_COMPASRecidivismClassifier"", ""granularity"": ""model"", ""source"": ""propagated:LEARN"", ""policy_id"": ""B8_train_classifier_policy"", ""generated_by"": ""run_fc7d525c22::009::B8_train_classifier"", ""note"": ""LEARN propagation using model-exposure category mapping."", ""C_explicit"": [""model_exposed_to_criminal_justice_sensitive_data"", ""model_exposed_to_protected_attributes"", ""model_exposed_to_behavioural_sensitive_label"", ""model_exposed_to_personal_data"", ""model_exposed_to_sensitive_personal_data""], ""C"": [""model_exposed_to_criminal_justice_sensitive_data"", ""model_exposed_to_protected_attributes"", ""model_exposed_to_behavioural_sensitive_label"", ""model_exposed_to_personal_data"", ""model_exposed_to_sensitive_personal_data"", ""model_exposure""], ""U"": [""criminal_justice_research"", ""research""], ""R"": [""retrain_or_review_on_erasure"", ""retention_5y""], ""A"": [""DS"", ""AU"", ""DPO"", ""DomainExpert""]}"
"PrivacyAnnotation|PA::prop::EvaluationMetric::E1_COMPASAccuracy::00472","PrivacyAnnotation","PA::prop::EvaluationMetric::E1_COMPASAccuracy::00472","{""key"": ""PA::prop::EvaluationMetric::E1_COMPASAccuracy::00472"", ""annotationId"": ""PA::prop::EvaluationMetric::E1_COMPASAccuracy::00472"", ""target_label"": ""EvaluationMetric"", ""target_key"": ""E1_COMPASAccuracy"", ""granularity"": ""metric"", ""source"": ""propagated:GENERIC"", ""policy_id"": ""B9_evaluate_classifier_policy"", ""generated_by"": ""run_fc7d525c22::010::B9_evaluate_classifier"", ""note"": ""Generic artifact-level propagation fallback."", ""C_explicit"": [""model_exposed_to_criminal_justice_sensitive_data"", ""model_exposed_to_protected_attributes"", ""model_exposed_to_behavioural_sensitive_label"", ""model_exposed_to_personal_data"", ""model_exposed_to_sensitive_personal_data"", ""quasi_identifier"", ""criminal_justice_sensitive"", ""race_ethnicity"", ""protected_attribute"", ""gender"", ""temporal_quasi_identifier"", ""behavioural_sensitive""], ""C"": [""model_exposed_to_criminal_justice_sensitive_data"", ""model_exposed_to_protected_attributes"", ""model_exposed_to_behavioural_sensitive_label"", ""model_exposed_to_personal_data"", ""model_exposed_to_sensitive_personal_data"", ""quasi_identifier"", ""criminal_justice_sensitive"", ""race_ethnicity"", ""protected_attribute"", ""gender"", ""temporal_quasi_identifier"", ""behavioural_sensitive"", ""model_exposure"", ""personal_data"", ""sensitive_personal_data""], ""U"": [""criminal_justice_research"", ""research""], ""R"": [""retrain_or_review_on_erasure"", ""retention_5y"", ""delete_on_request""], ""A"": [""AU"", ""DPO"", ""DS""]}"
