"START_ID","END_ID","TYPE","props_json"
"PipelineRun|asd_run_001","Pipeline|ASD_privacy_walkthrough","executes","{}"
"DatasetArtifact|D6_EnrichedEpisodeData","DataRecordArtifact|D6_EnrichedEpisodeData::record::0","containsDR","{}"
"DataRecordArtifact|D6_EnrichedEpisodeData::record::0","DataCellArtifact|D6_EnrichedEpisodeData::record::0::cell::Id","containsRC","{}"
"DataRecordArtifact|D6_EnrichedEpisodeData::record::0","DataCellArtifact|D6_EnrichedEpisodeData::record::0::cell::window_start","containsRC","{}"
"DataRecordArtifact|D6_EnrichedEpisodeData::record::0","DataCellArtifact|D6_EnrichedEpisodeData::record::0::cell::HR_res","containsRC","{}"
"DataRecordArtifact|D6_EnrichedEpisodeData::record::0","DataCellArtifact|D6_EnrichedEpisodeData::record::0::cell::EDA_res","containsRC","{}"
"DataRecordArtifact|D6_EnrichedEpisodeData::record::0","DataCellArtifact|D6_EnrichedEpisodeData::record::0::cell::ACC_res","containsRC","{}"
"DataRecordArtifact|D6_EnrichedEpisodeData::record::0","DataCellArtifact|D6_EnrichedEpisodeData::record::0::cell::chall_behav","containsRC","{}"
"DataRecordArtifact|D6_EnrichedEpisodeData::record::0","DataCellArtifact|D6_EnrichedEpisodeData::record::0::cell::sev","containsRC","{}"
"DataRecordArtifact|D6_EnrichedEpisodeData::record::0","DataCellArtifact|D6_EnrichedEpisodeData::record::0::cell::age_grp","containsRC","{}"
"DataRecordArtifact|D6_EnrichedEpisodeData::record::0","DataCellArtifact|D6_EnrichedEpisodeData::record::0::cell::sex","containsRC","{}"
"DataRecordArtifact|D6_EnrichedEpisodeData::record::0","DataCellArtifact|D6_EnrichedEpisodeData::record::0::cell::clinic_site","containsRC","{}"
"DataRecordArtifact|D6_EnrichedEpisodeData::record::0","DataCellArtifact|D6_EnrichedEpisodeData::record::0::cell::diag","containsRC","{}"
"DatasetArtifact|D6_EnrichedEpisodeData","DataRecordArtifact|D6_EnrichedEpisodeData::record::1","containsDR","{}"
"DataRecordArtifact|D6_EnrichedEpisodeData::record::1","DataCellArtifact|D6_EnrichedEpisodeData::record::1::cell::Id","containsRC","{}"
"DataRecordArtifact|D6_EnrichedEpisodeData::record::1","DataCellArtifact|D6_EnrichedEpisodeData::record::1::cell::window_start","containsRC","{}"
"DataRecordArtifact|D6_EnrichedEpisodeData::record::1","DataCellArtifact|D6_EnrichedEpisodeData::record::1::cell::HR_res","containsRC","{}"
"DataRecordArtifact|D6_EnrichedEpisodeData::record::1","DataCellArtifact|D6_EnrichedEpisodeData::record::1::cell::EDA_res","containsRC","{}"
"DataRecordArtifact|D6_EnrichedEpisodeData::record::1","DataCellArtifact|D6_EnrichedEpisodeData::record::1::cell::ACC_res","containsRC","{}"
"DataRecordArtifact|D6_EnrichedEpisodeData::record::1","DataCellArtifact|D6_EnrichedEpisodeData::record::1::cell::chall_behav","containsRC","{}"
"DataRecordArtifact|D6_EnrichedEpisodeData::record::1","DataCellArtifact|D6_EnrichedEpisodeData::record::1::cell::sev","containsRC","{}"
"DataRecordArtifact|D6_EnrichedEpisodeData::record::1","DataCellArtifact|D6_EnrichedEpisodeData::record::1::cell::age_grp","containsRC","{}"
"DataRecordArtifact|D6_EnrichedEpisodeData::record::1","DataCellArtifact|D6_EnrichedEpisodeData::record::1::cell::sex","containsRC","{}"
"DataRecordArtifact|D6_EnrichedEpisodeData::record::1","DataCellArtifact|D6_EnrichedEpisodeData::record::1::cell::clinic_site","containsRC","{}"
"DataRecordArtifact|D6_EnrichedEpisodeData::record::1","DataCellArtifact|D6_EnrichedEpisodeData::record::1::cell::diag","containsRC","{}"
"DatasetArtifact|D6_EnrichedEpisodeData","DataRecordArtifact|D6_EnrichedEpisodeData::record::2","containsDR","{}"
"DataRecordArtifact|D6_EnrichedEpisodeData::record::2","DataCellArtifact|D6_EnrichedEpisodeData::record::2::cell::Id","containsRC","{}"
"DataRecordArtifact|D6_EnrichedEpisodeData::record::2","DataCellArtifact|D6_EnrichedEpisodeData::record::2::cell::window_start","containsRC","{}"
"DataRecordArtifact|D6_EnrichedEpisodeData::record::2","DataCellArtifact|D6_EnrichedEpisodeData::record::2::cell::HR_res","containsRC","{}"
"DataRecordArtifact|D6_EnrichedEpisodeData::record::2","DataCellArtifact|D6_EnrichedEpisodeData::record::2::cell::EDA_res","containsRC","{}"
"DataRecordArtifact|D6_EnrichedEpisodeData::record::2","DataCellArtifact|D6_EnrichedEpisodeData::record::2::cell::ACC_res","containsRC","{}"
"DataRecordArtifact|D6_EnrichedEpisodeData::record::2","DataCellArtifact|D6_EnrichedEpisodeData::record::2::cell::chall_behav","containsRC","{}"
"DataRecordArtifact|D6_EnrichedEpisodeData::record::2","DataCellArtifact|D6_EnrichedEpisodeData::record::2::cell::sev","containsRC","{}"
"DataRecordArtifact|D6_EnrichedEpisodeData::record::2","DataCellArtifact|D6_EnrichedEpisodeData::record::2::cell::age_grp","containsRC","{}"
"DataRecordArtifact|D6_EnrichedEpisodeData::record::2","DataCellArtifact|D6_EnrichedEpisodeData::record::2::cell::sex","containsRC","{}"
"DataRecordArtifact|D6_EnrichedEpisodeData::record::2","DataCellArtifact|D6_EnrichedEpisodeData::record::2::cell::clinic_site","containsRC","{}"
"DataRecordArtifact|D6_EnrichedEpisodeData::record::2","DataCellArtifact|D6_EnrichedEpisodeData::record::2::cell::diag","containsRC","{}"
"DatasetArtifact|D6_EnrichedEpisodeData","DataRecordArtifact|D6_EnrichedEpisodeData::record::3","containsDR","{}"
"DataRecordArtifact|D6_EnrichedEpisodeData::record::3","DataCellArtifact|D6_EnrichedEpisodeData::record::3::cell::Id","containsRC","{}"
"DataRecordArtifact|D6_EnrichedEpisodeData::record::3","DataCellArtifact|D6_EnrichedEpisodeData::record::3::cell::window_start","containsRC","{}"
"DataRecordArtifact|D6_EnrichedEpisodeData::record::3","DataCellArtifact|D6_EnrichedEpisodeData::record::3::cell::HR_res","containsRC","{}"
"DataRecordArtifact|D6_EnrichedEpisodeData::record::3","DataCellArtifact|D6_EnrichedEpisodeData::record::3::cell::EDA_res","containsRC","{}"
"DataRecordArtifact|D6_EnrichedEpisodeData::record::3","DataCellArtifact|D6_EnrichedEpisodeData::record::3::cell::ACC_res","containsRC","{}"
"DataRecordArtifact|D6_EnrichedEpisodeData::record::3","DataCellArtifact|D6_EnrichedEpisodeData::record::3::cell::chall_behav","containsRC","{}"
"DataRecordArtifact|D6_EnrichedEpisodeData::record::3","DataCellArtifact|D6_EnrichedEpisodeData::record::3::cell::sev","containsRC","{}"
"DataRecordArtifact|D6_EnrichedEpisodeData::record::3","DataCellArtifact|D6_EnrichedEpisodeData::record::3::cell::age_grp","containsRC","{}"
"DataRecordArtifact|D6_EnrichedEpisodeData::record::3","DataCellArtifact|D6_EnrichedEpisodeData::record::3::cell::sex","containsRC","{}"
"DataRecordArtifact|D6_EnrichedEpisodeData::record::3","DataCellArtifact|D6_EnrichedEpisodeData::record::3::cell::clinic_site","containsRC","{}"
"DataRecordArtifact|D6_EnrichedEpisodeData::record::3","DataCellArtifact|D6_EnrichedEpisodeData::record::3::cell::diag","containsRC","{}"
"PipelineRun|asd_run_001","StepRun|asd_run_001::001::S5_normalise","contains","{}"
"StepRun|asd_run_001::001::S5_normalise","Step|S5_normalise","executes","{}"
"StepRun|asd_run_001::001::S5_normalise","DatasetArtifact|D6_EnrichedEpisodeData","used","{}"
"DatasetArtifact|D7_NormalizedEpisodeData","DataRecordArtifact|D7_NormalizedEpisodeData::record::0","containsDR","{}"
"DataRecordArtifact|D7_NormalizedEpisodeData::record::0","DataCellArtifact|D7_NormalizedEpisodeData::record::0::cell::Id","containsRC","{}"
"DataRecordArtifact|D7_NormalizedEpisodeData::record::0","DataCellArtifact|D7_NormalizedEpisodeData::record::0::cell::window_start","containsRC","{}"
"DataRecordArtifact|D7_NormalizedEpisodeData::record::0","DataCellArtifact|D7_NormalizedEpisodeData::record::0::cell::HR_norm","containsRC","{}"
"DataRecordArtifact|D7_NormalizedEpisodeData::record::0","DataCellArtifact|D7_NormalizedEpisodeData::record::0::cell::EDA_norm","containsRC","{}"
"DataRecordArtifact|D7_NormalizedEpisodeData::record::0","DataCellArtifact|D7_NormalizedEpisodeData::record::0::cell::ACC_norm","containsRC","{}"
"DataRecordArtifact|D7_NormalizedEpisodeData::record::0","DataCellArtifact|D7_NormalizedEpisodeData::record::0::cell::chall_behav","containsRC","{}"
"DataRecordArtifact|D7_NormalizedEpisodeData::record::0","DataCellArtifact|D7_NormalizedEpisodeData::record::0::cell::sev","containsRC","{}"
"DataRecordArtifact|D7_NormalizedEpisodeData::record::0","DataCellArtifact|D7_NormalizedEpisodeData::record::0::cell::age_grp","containsRC","{}"
"DataRecordArtifact|D7_NormalizedEpisodeData::record::0","DataCellArtifact|D7_NormalizedEpisodeData::record::0::cell::sex","containsRC","{}"
"DataRecordArtifact|D7_NormalizedEpisodeData::record::0","DataCellArtifact|D7_NormalizedEpisodeData::record::0::cell::clinic_site","containsRC","{}"
"DataRecordArtifact|D7_NormalizedEpisodeData::record::0","DataCellArtifact|D7_NormalizedEpisodeData::record::0::cell::diag","containsRC","{}"
"DatasetArtifact|D7_NormalizedEpisodeData","DataRecordArtifact|D7_NormalizedEpisodeData::record::1","containsDR","{}"
"DataRecordArtifact|D7_NormalizedEpisodeData::record::1","DataCellArtifact|D7_NormalizedEpisodeData::record::1::cell::Id","containsRC","{}"
"DataRecordArtifact|D7_NormalizedEpisodeData::record::1","DataCellArtifact|D7_NormalizedEpisodeData::record::1::cell::window_start","containsRC","{}"
"DataRecordArtifact|D7_NormalizedEpisodeData::record::1","DataCellArtifact|D7_NormalizedEpisodeData::record::1::cell::HR_norm","containsRC","{}"
"DataRecordArtifact|D7_NormalizedEpisodeData::record::1","DataCellArtifact|D7_NormalizedEpisodeData::record::1::cell::EDA_norm","containsRC","{}"
"DataRecordArtifact|D7_NormalizedEpisodeData::record::1","DataCellArtifact|D7_NormalizedEpisodeData::record::1::cell::ACC_norm","containsRC","{}"
"DataRecordArtifact|D7_NormalizedEpisodeData::record::1","DataCellArtifact|D7_NormalizedEpisodeData::record::1::cell::chall_behav","containsRC","{}"
"DataRecordArtifact|D7_NormalizedEpisodeData::record::1","DataCellArtifact|D7_NormalizedEpisodeData::record::1::cell::sev","containsRC","{}"
"DataRecordArtifact|D7_NormalizedEpisodeData::record::1","DataCellArtifact|D7_NormalizedEpisodeData::record::1::cell::age_grp","containsRC","{}"
"DataRecordArtifact|D7_NormalizedEpisodeData::record::1","DataCellArtifact|D7_NormalizedEpisodeData::record::1::cell::sex","containsRC","{}"
"DataRecordArtifact|D7_NormalizedEpisodeData::record::1","DataCellArtifact|D7_NormalizedEpisodeData::record::1::cell::clinic_site","containsRC","{}"
"DataRecordArtifact|D7_NormalizedEpisodeData::record::1","DataCellArtifact|D7_NormalizedEpisodeData::record::1::cell::diag","containsRC","{}"
"DatasetArtifact|D7_NormalizedEpisodeData","DataRecordArtifact|D7_NormalizedEpisodeData::record::2","containsDR","{}"
"DataRecordArtifact|D7_NormalizedEpisodeData::record::2","DataCellArtifact|D7_NormalizedEpisodeData::record::2::cell::Id","containsRC","{}"
"DataRecordArtifact|D7_NormalizedEpisodeData::record::2","DataCellArtifact|D7_NormalizedEpisodeData::record::2::cell::window_start","containsRC","{}"
"DataRecordArtifact|D7_NormalizedEpisodeData::record::2","DataCellArtifact|D7_NormalizedEpisodeData::record::2::cell::HR_norm","containsRC","{}"
"DataRecordArtifact|D7_NormalizedEpisodeData::record::2","DataCellArtifact|D7_NormalizedEpisodeData::record::2::cell::EDA_norm","containsRC","{}"
"DataRecordArtifact|D7_NormalizedEpisodeData::record::2","DataCellArtifact|D7_NormalizedEpisodeData::record::2::cell::ACC_norm","containsRC","{}"
"DataRecordArtifact|D7_NormalizedEpisodeData::record::2","DataCellArtifact|D7_NormalizedEpisodeData::record::2::cell::chall_behav","containsRC","{}"
"DataRecordArtifact|D7_NormalizedEpisodeData::record::2","DataCellArtifact|D7_NormalizedEpisodeData::record::2::cell::sev","containsRC","{}"
"DataRecordArtifact|D7_NormalizedEpisodeData::record::2","DataCellArtifact|D7_NormalizedEpisodeData::record::2::cell::age_grp","containsRC","{}"
"DataRecordArtifact|D7_NormalizedEpisodeData::record::2","DataCellArtifact|D7_NormalizedEpisodeData::record::2::cell::sex","containsRC","{}"
"DataRecordArtifact|D7_NormalizedEpisodeData::record::2","DataCellArtifact|D7_NormalizedEpisodeData::record::2::cell::clinic_site","containsRC","{}"
"DataRecordArtifact|D7_NormalizedEpisodeData::record::2","DataCellArtifact|D7_NormalizedEpisodeData::record::2::cell::diag","containsRC","{}"
"DatasetArtifact|D7_NormalizedEpisodeData","DataRecordArtifact|D7_NormalizedEpisodeData::record::3","containsDR","{}"
"DataRecordArtifact|D7_NormalizedEpisodeData::record::3","DataCellArtifact|D7_NormalizedEpisodeData::record::3::cell::Id","containsRC","{}"
"DataRecordArtifact|D7_NormalizedEpisodeData::record::3","DataCellArtifact|D7_NormalizedEpisodeData::record::3::cell::window_start","containsRC","{}"
"DataRecordArtifact|D7_NormalizedEpisodeData::record::3","DataCellArtifact|D7_NormalizedEpisodeData::record::3::cell::HR_norm","containsRC","{}"
"DataRecordArtifact|D7_NormalizedEpisodeData::record::3","DataCellArtifact|D7_NormalizedEpisodeData::record::3::cell::EDA_norm","containsRC","{}"
"DataRecordArtifact|D7_NormalizedEpisodeData::record::3","DataCellArtifact|D7_NormalizedEpisodeData::record::3::cell::ACC_norm","containsRC","{}"
"DataRecordArtifact|D7_NormalizedEpisodeData::record::3","DataCellArtifact|D7_NormalizedEpisodeData::record::3::cell::chall_behav","containsRC","{}"
"DataRecordArtifact|D7_NormalizedEpisodeData::record::3","DataCellArtifact|D7_NormalizedEpisodeData::record::3::cell::sev","containsRC","{}"
"DataRecordArtifact|D7_NormalizedEpisodeData::record::3","DataCellArtifact|D7_NormalizedEpisodeData::record::3::cell::age_grp","containsRC","{}"
"DataRecordArtifact|D7_NormalizedEpisodeData::record::3","DataCellArtifact|D7_NormalizedEpisodeData::record::3::cell::sex","containsRC","{}"
"DataRecordArtifact|D7_NormalizedEpisodeData::record::3","DataCellArtifact|D7_NormalizedEpisodeData::record::3::cell::clinic_site","containsRC","{}"
"DataRecordArtifact|D7_NormalizedEpisodeData::record::3","DataCellArtifact|D7_NormalizedEpisodeData::record::3::cell::diag","containsRC","{}"
"DatasetArtifact|D7_NormalizedEpisodeData","StepRun|asd_run_001::001::S5_normalise","wasGeneratedBy","{}"
"DatasetArtifact|D7_NormalizedEpisodeData","DatasetArtifact|D6_EnrichedEpisodeData","wasDerivedFrom","{}"
"PipelineRun|asd_run_001","StepRun|asd_run_001::002::S6_select_modelling_features","contains","{}"
"StepRun|asd_run_001::002::S6_select_modelling_features","Step|S6_select_modelling_features","executes","{}"
"StepRun|asd_run_001::002::S6_select_modelling_features","DatasetArtifact|D7_NormalizedEpisodeData","used","{}"
"DatasetArtifact|D8_ModellingDataset","DataRecordArtifact|D8_ModellingDataset::record::0","containsDR","{}"
"DataRecordArtifact|D8_ModellingDataset::record::0","DataCellArtifact|D8_ModellingDataset::record::0::cell::HR_norm","containsRC","{}"
"DataRecordArtifact|D8_ModellingDataset::record::0","DataCellArtifact|D8_ModellingDataset::record::0::cell::EDA_norm","containsRC","{}"
"DataRecordArtifact|D8_ModellingDataset::record::0","DataCellArtifact|D8_ModellingDataset::record::0::cell::ACC_norm","containsRC","{}"
"DataRecordArtifact|D8_ModellingDataset::record::0","DataCellArtifact|D8_ModellingDataset::record::0::cell::chall_behav","containsRC","{}"
"DataRecordArtifact|D8_ModellingDataset::record::0","DataCellArtifact|D8_ModellingDataset::record::0::cell::sev","containsRC","{}"
"DataRecordArtifact|D8_ModellingDataset::record::0","DataCellArtifact|D8_ModellingDataset::record::0::cell::age_grp","containsRC","{}"
"DataRecordArtifact|D8_ModellingDataset::record::0","DataCellArtifact|D8_ModellingDataset::record::0::cell::sex","containsRC","{}"
"DatasetArtifact|D8_ModellingDataset","DataRecordArtifact|D8_ModellingDataset::record::1","containsDR","{}"
"DataRecordArtifact|D8_ModellingDataset::record::1","DataCellArtifact|D8_ModellingDataset::record::1::cell::HR_norm","containsRC","{}"
"DataRecordArtifact|D8_ModellingDataset::record::1","DataCellArtifact|D8_ModellingDataset::record::1::cell::EDA_norm","containsRC","{}"
"DataRecordArtifact|D8_ModellingDataset::record::1","DataCellArtifact|D8_ModellingDataset::record::1::cell::ACC_norm","containsRC","{}"
"DataRecordArtifact|D8_ModellingDataset::record::1","DataCellArtifact|D8_ModellingDataset::record::1::cell::chall_behav","containsRC","{}"
"DataRecordArtifact|D8_ModellingDataset::record::1","DataCellArtifact|D8_ModellingDataset::record::1::cell::sev","containsRC","{}"
"DataRecordArtifact|D8_ModellingDataset::record::1","DataCellArtifact|D8_ModellingDataset::record::1::cell::age_grp","containsRC","{}"
"DataRecordArtifact|D8_ModellingDataset::record::1","DataCellArtifact|D8_ModellingDataset::record::1::cell::sex","containsRC","{}"
"DatasetArtifact|D8_ModellingDataset","DataRecordArtifact|D8_ModellingDataset::record::2","containsDR","{}"
"DataRecordArtifact|D8_ModellingDataset::record::2","DataCellArtifact|D8_ModellingDataset::record::2::cell::HR_norm","containsRC","{}"
"DataRecordArtifact|D8_ModellingDataset::record::2","DataCellArtifact|D8_ModellingDataset::record::2::cell::EDA_norm","containsRC","{}"
"DataRecordArtifact|D8_ModellingDataset::record::2","DataCellArtifact|D8_ModellingDataset::record::2::cell::ACC_norm","containsRC","{}"
"DataRecordArtifact|D8_ModellingDataset::record::2","DataCellArtifact|D8_ModellingDataset::record::2::cell::chall_behav","containsRC","{}"
"DataRecordArtifact|D8_ModellingDataset::record::2","DataCellArtifact|D8_ModellingDataset::record::2::cell::sev","containsRC","{}"
"DataRecordArtifact|D8_ModellingDataset::record::2","DataCellArtifact|D8_ModellingDataset::record::2::cell::age_grp","containsRC","{}"
"DataRecordArtifact|D8_ModellingDataset::record::2","DataCellArtifact|D8_ModellingDataset::record::2::cell::sex","containsRC","{}"
"DatasetArtifact|D8_ModellingDataset","DataRecordArtifact|D8_ModellingDataset::record::3","containsDR","{}"
"DataRecordArtifact|D8_ModellingDataset::record::3","DataCellArtifact|D8_ModellingDataset::record::3::cell::HR_norm","containsRC","{}"
"DataRecordArtifact|D8_ModellingDataset::record::3","DataCellArtifact|D8_ModellingDataset::record::3::cell::EDA_norm","containsRC","{}"
"DataRecordArtifact|D8_ModellingDataset::record::3","DataCellArtifact|D8_ModellingDataset::record::3::cell::ACC_norm","containsRC","{}"
"DataRecordArtifact|D8_ModellingDataset::record::3","DataCellArtifact|D8_ModellingDataset::record::3::cell::chall_behav","containsRC","{}"
"DataRecordArtifact|D8_ModellingDataset::record::3","DataCellArtifact|D8_ModellingDataset::record::3::cell::sev","containsRC","{}"
"DataRecordArtifact|D8_ModellingDataset::record::3","DataCellArtifact|D8_ModellingDataset::record::3::cell::age_grp","containsRC","{}"
"DataRecordArtifact|D8_ModellingDataset::record::3","DataCellArtifact|D8_ModellingDataset::record::3::cell::sex","containsRC","{}"
"DatasetArtifact|D8_ModellingDataset","StepRun|asd_run_001::002::S6_select_modelling_features","wasGeneratedBy","{}"
"DatasetArtifact|D8_ModellingDataset","DatasetArtifact|D7_NormalizedEpisodeData","wasDerivedFrom","{}"
"PipelineRun|asd_run_001","StepRun|asd_run_001::003::S7_split_train_test","contains","{}"
"StepRun|asd_run_001::003::S7_split_train_test","Step|S7_split_train_test","executes","{}"
"StepRun|asd_run_001::003::S7_split_train_test","DatasetArtifact|D8_ModellingDataset","used","{}"
"DatasetArtifact|D9_TrainDataset","DataRecordArtifact|D9_TrainDataset::record::0","containsDR","{}"
"DataRecordArtifact|D9_TrainDataset::record::0","DataCellArtifact|D9_TrainDataset::record::0::cell::HR_norm","containsRC","{}"
"DataRecordArtifact|D9_TrainDataset::record::0","DataCellArtifact|D9_TrainDataset::record::0::cell::EDA_norm","containsRC","{}"
"DataRecordArtifact|D9_TrainDataset::record::0","DataCellArtifact|D9_TrainDataset::record::0::cell::ACC_norm","containsRC","{}"
"DataRecordArtifact|D9_TrainDataset::record::0","DataCellArtifact|D9_TrainDataset::record::0::cell::chall_behav","containsRC","{}"
"DataRecordArtifact|D9_TrainDataset::record::0","DataCellArtifact|D9_TrainDataset::record::0::cell::sev","containsRC","{}"
"DataRecordArtifact|D9_TrainDataset::record::0","DataCellArtifact|D9_TrainDataset::record::0::cell::age_grp","containsRC","{}"
"DataRecordArtifact|D9_TrainDataset::record::0","DataCellArtifact|D9_TrainDataset::record::0::cell::sex","containsRC","{}"
"DatasetArtifact|D9_TrainDataset","DataRecordArtifact|D9_TrainDataset::record::1","containsDR","{}"
"DataRecordArtifact|D9_TrainDataset::record::1","DataCellArtifact|D9_TrainDataset::record::1::cell::HR_norm","containsRC","{}"
"DataRecordArtifact|D9_TrainDataset::record::1","DataCellArtifact|D9_TrainDataset::record::1::cell::EDA_norm","containsRC","{}"
"DataRecordArtifact|D9_TrainDataset::record::1","DataCellArtifact|D9_TrainDataset::record::1::cell::ACC_norm","containsRC","{}"
"DataRecordArtifact|D9_TrainDataset::record::1","DataCellArtifact|D9_TrainDataset::record::1::cell::chall_behav","containsRC","{}"
"DataRecordArtifact|D9_TrainDataset::record::1","DataCellArtifact|D9_TrainDataset::record::1::cell::sev","containsRC","{}"
"DataRecordArtifact|D9_TrainDataset::record::1","DataCellArtifact|D9_TrainDataset::record::1::cell::age_grp","containsRC","{}"
"DataRecordArtifact|D9_TrainDataset::record::1","DataCellArtifact|D9_TrainDataset::record::1::cell::sex","containsRC","{}"
"DatasetArtifact|D9_TrainDataset","StepRun|asd_run_001::003::S7_split_train_test","wasGeneratedBy","{}"
"DatasetArtifact|D9_TrainDataset","DatasetArtifact|D8_ModellingDataset","wasDerivedFrom","{}"
"DatasetArtifact|D10_TestDataset","DataRecordArtifact|D10_TestDataset::record::2","containsDR","{}"
"DataRecordArtifact|D10_TestDataset::record::2","DataCellArtifact|D10_TestDataset::record::2::cell::HR_norm","containsRC","{}"
"DataRecordArtifact|D10_TestDataset::record::2","DataCellArtifact|D10_TestDataset::record::2::cell::EDA_norm","containsRC","{}"
"DataRecordArtifact|D10_TestDataset::record::2","DataCellArtifact|D10_TestDataset::record::2::cell::ACC_norm","containsRC","{}"
"DataRecordArtifact|D10_TestDataset::record::2","DataCellArtifact|D10_TestDataset::record::2::cell::chall_behav","containsRC","{}"
"DataRecordArtifact|D10_TestDataset::record::2","DataCellArtifact|D10_TestDataset::record::2::cell::sev","containsRC","{}"
"DataRecordArtifact|D10_TestDataset::record::2","DataCellArtifact|D10_TestDataset::record::2::cell::age_grp","containsRC","{}"
"DataRecordArtifact|D10_TestDataset::record::2","DataCellArtifact|D10_TestDataset::record::2::cell::sex","containsRC","{}"
"DatasetArtifact|D10_TestDataset","DataRecordArtifact|D10_TestDataset::record::3","containsDR","{}"
"DataRecordArtifact|D10_TestDataset::record::3","DataCellArtifact|D10_TestDataset::record::3::cell::HR_norm","containsRC","{}"
"DataRecordArtifact|D10_TestDataset::record::3","DataCellArtifact|D10_TestDataset::record::3::cell::EDA_norm","containsRC","{}"
"DataRecordArtifact|D10_TestDataset::record::3","DataCellArtifact|D10_TestDataset::record::3::cell::ACC_norm","containsRC","{}"
"DataRecordArtifact|D10_TestDataset::record::3","DataCellArtifact|D10_TestDataset::record::3::cell::chall_behav","containsRC","{}"
"DataRecordArtifact|D10_TestDataset::record::3","DataCellArtifact|D10_TestDataset::record::3::cell::sev","containsRC","{}"
"DataRecordArtifact|D10_TestDataset::record::3","DataCellArtifact|D10_TestDataset::record::3::cell::age_grp","containsRC","{}"
"DataRecordArtifact|D10_TestDataset::record::3","DataCellArtifact|D10_TestDataset::record::3::cell::sex","containsRC","{}"
"DatasetArtifact|D10_TestDataset","StepRun|asd_run_001::003::S7_split_train_test","wasGeneratedBy","{}"
"DatasetArtifact|D10_TestDataset","DatasetArtifact|D8_ModellingDataset","wasDerivedFrom","{}"
"PipelineRun|asd_run_001","StepRun|asd_run_001::004::S8_train_classifier","contains","{}"
"StepRun|asd_run_001::004::S8_train_classifier","Step|S8_train_classifier","executes","{}"
"StepRun|asd_run_001::004::S8_train_classifier","DatasetArtifact|D9_TrainDataset","used","{}"
"ModelArtifact|M1_ChallengingBehaviourClassifier","StepRun|asd_run_001::004::S8_train_classifier","wasGeneratedBy","{}"
"ModelArtifact|M1_ChallengingBehaviourClassifier","DatasetArtifact|D9_TrainDataset","wasDerivedFrom","{}"
"SensitivityCategory|biometric","SensitivityCategory|sensitive_personal_data","implies","{}"
"SensitivityCategory|health","SensitivityCategory|sensitive_personal_data","implies","{}"
"SensitivityCategory|behavioural_sensitive","SensitivityCategory|sensitive_personal_data","implies","{}"
"SensitivityCategory|direct_identifier","SensitivityCategory|identifier","implies","{}"
"SensitivityCategory|pseudonymous_identifier","SensitivityCategory|identifier","implies","{}"
"SensitivityCategory|temporal_quasi_identifier","SensitivityCategory|quasi_identifier","implies","{}"
"SensitivityCategory|organisational_context","SensitivityCategory|quasi_identifier","implies","{}"
"PrivacyAnnotation|PA::DatasetArtifact::D6_EnrichedEpisodeData::0001","DatasetArtifact|D6_EnrichedEpisodeData","annotates","{}"
"PrivacyAnnotation|PA::DatasetArtifact::D6_EnrichedEpisodeData::0001","SensitivityCategory|direct_identifier","hasCategory","{""explicit"": true}"
"PrivacyAnnotation|PA::DatasetArtifact::D6_EnrichedEpisodeData::0001","SensitivityCategory|temporal_quasi_identifier","hasCategory","{""explicit"": true}"
"PrivacyAnnotation|PA::DatasetArtifact::D6_EnrichedEpisodeData::0001","SensitivityCategory|quasi_identifier","hasCategory","{""explicit"": true}"
"PrivacyAnnotation|PA::DatasetArtifact::D6_EnrichedEpisodeData::0001","SensitivityCategory|biometric","hasCategory","{""explicit"": true}"
"PrivacyAnnotation|PA::DatasetArtifact::D6_EnrichedEpisodeData::0001","SensitivityCategory|health","hasCategory","{""explicit"": true}"
"PrivacyAnnotation|PA::DatasetArtifact::D6_EnrichedEpisodeData::0001","SensitivityCategory|behavioural_sensor_data","hasCategory","{""explicit"": true}"
"PrivacyAnnotation|PA::DatasetArtifact::D6_EnrichedEpisodeData::0001","SensitivityCategory|behavioural_sensitive","hasCategory","{""explicit"": true}"
"PrivacyAnnotation|PA::DatasetArtifact::D6_EnrichedEpisodeData::0001","SensitivityCategory|organisational_context","hasCategory","{""explicit"": true}"
"PrivacyAnnotation|PA::DatasetArtifact::D6_EnrichedEpisodeData::0001","SensitivityCategory|reidentification_risk","hasCategory","{""explicit"": true}"
"PrivacyAnnotation|PA::DatasetArtifact::D6_EnrichedEpisodeData::0001","SensitivityCategory|identifier","hasCategory","{""explicit"": false}"
"PrivacyAnnotation|PA::DatasetArtifact::D6_EnrichedEpisodeData::0001","SensitivityCategory|sensitive_personal_data","hasCategory","{""explicit"": false}"
"PrivacyAnnotation|PA::DatasetArtifact::D6_EnrichedEpisodeData::0001","UsageConstraint|clinical_research","hasUsage","{}"
"PrivacyAnnotation|PA::DatasetArtifact::D6_EnrichedEpisodeData::0001","ErasureConstraint|delete_on_request","hasErasure","{}"
"PrivacyAnnotation|PA::DatasetArtifact::D6_EnrichedEpisodeData::0001","ErasureConstraint|retention_5y","hasErasure","{}"
"PrivacyAnnotation|PA::DatasetArtifact::D6_EnrichedEpisodeData::0001","AccessRole|CL","allowsRole","{}"
"PrivacyAnnotation|PA::DatasetArtifact::D6_EnrichedEpisodeData::0001","AccessRole|DPO","allowsRole","{}"
"PrivacyAnnotation|PA::DataRecordArtifact::D6_EnrichedEpisodeData::record::0::0002","DataRecordArtifact|D6_EnrichedEpisodeData::record::0","annotates","{}"
"PrivacyAnnotation|PA::DataRecordArtifact::D6_EnrichedEpisodeData::record::0::0002","UsageConstraint|clinical_research","hasUsage","{}"
"PrivacyAnnotation|PA::DataRecordArtifact::D6_EnrichedEpisodeData::record::0::0002","ErasureConstraint|delete_on_request","hasErasure","{}"
"PrivacyAnnotation|PA::DataRecordArtifact::D6_EnrichedEpisodeData::record::0::0002","ErasureConstraint|retention_5y","hasErasure","{}"
"PrivacyAnnotation|PA::DataRecordArtifact::D6_EnrichedEpisodeData::record::0::0002","AccessRole|CL","allowsRole","{}"
"PrivacyAnnotation|PA::DataRecordArtifact::D6_EnrichedEpisodeData::record::0::0002","AccessRole|DPO","allowsRole","{}"
"PrivacyAnnotation|PA::DataRecordArtifact::D6_EnrichedEpisodeData::record::1::0003","DataRecordArtifact|D6_EnrichedEpisodeData::record::1","annotates","{}"
"PrivacyAnnotation|PA::DataRecordArtifact::D6_EnrichedEpisodeData::record::1::0003","UsageConstraint|clinical_research","hasUsage","{}"
"PrivacyAnnotation|PA::DataRecordArtifact::D6_EnrichedEpisodeData::record::1::0003","ErasureConstraint|delete_on_request","hasErasure","{}"
"PrivacyAnnotation|PA::DataRecordArtifact::D6_EnrichedEpisodeData::record::1::0003","ErasureConstraint|retention_5y","hasErasure","{}"
"PrivacyAnnotation|PA::DataRecordArtifact::D6_EnrichedEpisodeData::record::1::0003","AccessRole|CL","allowsRole","{}"
"PrivacyAnnotation|PA::DataRecordArtifact::D6_EnrichedEpisodeData::record::1::0003","AccessRole|DPO","allowsRole","{}"
"PrivacyAnnotation|PA::DataRecordArtifact::D6_EnrichedEpisodeData::record::2::0004","DataRecordArtifact|D6_EnrichedEpisodeData::record::2","annotates","{}"
"PrivacyAnnotation|PA::DataRecordArtifact::D6_EnrichedEpisodeData::record::2::0004","UsageConstraint|clinical_research","hasUsage","{}"
"PrivacyAnnotation|PA::DataRecordArtifact::D6_EnrichedEpisodeData::record::2::0004","ErasureConstraint|delete_on_request","hasErasure","{}"
"PrivacyAnnotation|PA::DataRecordArtifact::D6_EnrichedEpisodeData::record::2::0004","ErasureConstraint|retention_5y","hasErasure","{}"
"PrivacyAnnotation|PA::DataRecordArtifact::D6_EnrichedEpisodeData::record::2::0004","AccessRole|CL","allowsRole","{}"
"PrivacyAnnotation|PA::DataRecordArtifact::D6_EnrichedEpisodeData::record::2::0004","AccessRole|DPO","allowsRole","{}"
"PrivacyAnnotation|PA::DataRecordArtifact::D6_EnrichedEpisodeData::record::3::0005","DataRecordArtifact|D6_EnrichedEpisodeData::record::3","annotates","{}"
"PrivacyAnnotation|PA::DataRecordArtifact::D6_EnrichedEpisodeData::record::3::0005","UsageConstraint|clinical_research","hasUsage","{}"
"PrivacyAnnotation|PA::DataRecordArtifact::D6_EnrichedEpisodeData::record::3::0005","ErasureConstraint|delete_on_request","hasErasure","{}"
"PrivacyAnnotation|PA::DataRecordArtifact::D6_EnrichedEpisodeData::record::3::0005","ErasureConstraint|retention_5y","hasErasure","{}"
"PrivacyAnnotation|PA::DataRecordArtifact::D6_EnrichedEpisodeData::record::3::0005","AccessRole|CL","allowsRole","{}"
"PrivacyAnnotation|PA::DataRecordArtifact::D6_EnrichedEpisodeData::record::3::0005","AccessRole|DPO","allowsRole","{}"
"PrivacyAnnotation|PA::DataCellArtifact::D6_EnrichedEpisodeData::record::0::cell::Id::0006","DataCellArtifact|D6_EnrichedEpisodeData::record::0::cell::Id","annotates","{}"
"PrivacyAnnotation|PA::DataCellArtifact::D6_EnrichedEpisodeData::record::0::cell::Id::0006","SensitivityCategory|direct_identifier","hasCategory","{""explicit"": true}"
"PrivacyAnnotation|PA::DataCellArtifact::D6_EnrichedEpisodeData::record::0::cell::Id::0006","SensitivityCategory|identifier","hasCategory","{""explicit"": false}"
"PrivacyAnnotation|PA::DataCellArtifact::D6_EnrichedEpisodeData::record::0::cell::Id::0006","UsageConstraint|clinical_research","hasUsage","{}"
"PrivacyAnnotation|PA::DataCellArtifact::D6_EnrichedEpisodeData::record::0::cell::Id::0006","ErasureConstraint|delete_on_request","hasErasure","{}"
"PrivacyAnnotation|PA::DataCellArtifact::D6_EnrichedEpisodeData::record::0::cell::Id::0006","ErasureConstraint|retention_5y","hasErasure","{}"
"PrivacyAnnotation|PA::DataCellArtifact::D6_EnrichedEpisodeData::record::0::cell::Id::0006","AccessRole|CL","allowsRole","{}"
"PrivacyAnnotation|PA::DataCellArtifact::D6_EnrichedEpisodeData::record::0::cell::Id::0006","AccessRole|DPO","allowsRole","{}"
"PrivacyAnnotation|PA::DataCellArtifact::D6_EnrichedEpisodeData::record::1::cell::Id::0007","DataCellArtifact|D6_EnrichedEpisodeData::record::1::cell::Id","annotates","{}"
"PrivacyAnnotation|PA::DataCellArtifact::D6_EnrichedEpisodeData::record::1::cell::Id::0007","SensitivityCategory|direct_identifier","hasCategory","{""explicit"": true}"
"PrivacyAnnotation|PA::DataCellArtifact::D6_EnrichedEpisodeData::record::1::cell::Id::0007","SensitivityCategory|identifier","hasCategory","{""explicit"": false}"
"PrivacyAnnotation|PA::DataCellArtifact::D6_EnrichedEpisodeData::record::1::cell::Id::0007","UsageConstraint|clinical_research","hasUsage","{}"
"PrivacyAnnotation|PA::DataCellArtifact::D6_EnrichedEpisodeData::record::1::cell::Id::0007","ErasureConstraint|delete_on_request","hasErasure","{}"
"PrivacyAnnotation|PA::DataCellArtifact::D6_EnrichedEpisodeData::record::1::cell::Id::0007","ErasureConstraint|retention_5y","hasErasure","{}"
"PrivacyAnnotation|PA::DataCellArtifact::D6_EnrichedEpisodeData::record::1::cell::Id::0007","AccessRole|CL","allowsRole","{}"
"PrivacyAnnotation|PA::DataCellArtifact::D6_EnrichedEpisodeData::record::1::cell::Id::0007","AccessRole|DPO","allowsRole","{}"
"PrivacyAnnotation|PA::DataCellArtifact::D6_EnrichedEpisodeData::record::2::cell::Id::0008","DataCellArtifact|D6_EnrichedEpisodeData::record::2::cell::Id","annotates","{}"
"PrivacyAnnotation|PA::DataCellArtifact::D6_EnrichedEpisodeData::record::2::cell::Id::0008","SensitivityCategory|direct_identifier","hasCategory","{""explicit"": true}"
"PrivacyAnnotation|PA::DataCellArtifact::D6_EnrichedEpisodeData::record::2::cell::Id::0008","SensitivityCategory|identifier","hasCategory","{""explicit"": false}"
"PrivacyAnnotation|PA::DataCellArtifact::D6_EnrichedEpisodeData::record::2::cell::Id::0008","UsageConstraint|clinical_research","hasUsage","{}"
"PrivacyAnnotation|PA::DataCellArtifact::D6_EnrichedEpisodeData::record::2::cell::Id::0008","ErasureConstraint|delete_on_request","hasErasure","{}"
"PrivacyAnnotation|PA::DataCellArtifact::D6_EnrichedEpisodeData::record::2::cell::Id::0008","ErasureConstraint|retention_5y","hasErasure","{}"
"PrivacyAnnotation|PA::DataCellArtifact::D6_EnrichedEpisodeData::record::2::cell::Id::0008","AccessRole|CL","allowsRole","{}"
"PrivacyAnnotation|PA::DataCellArtifact::D6_EnrichedEpisodeData::record::2::cell::Id::0008","AccessRole|DPO","allowsRole","{}"
"PrivacyAnnotation|PA::DataCellArtifact::D6_EnrichedEpisodeData::record::3::cell::Id::0009","DataCellArtifact|D6_EnrichedEpisodeData::record::3::cell::Id","annotates","{}"
"PrivacyAnnotation|PA::DataCellArtifact::D6_EnrichedEpisodeData::record::3::cell::Id::0009","SensitivityCategory|direct_identifier","hasCategory","{""explicit"": true}"
"PrivacyAnnotation|PA::DataCellArtifact::D6_EnrichedEpisodeData::record::3::cell::Id::0009","SensitivityCategory|identifier","hasCategory","{""explicit"": false}"
"PrivacyAnnotation|PA::DataCellArtifact::D6_EnrichedEpisodeData::record::3::cell::Id::0009","UsageConstraint|clinical_research","hasUsage","{}"
"PrivacyAnnotation|PA::DataCellArtifact::D6_EnrichedEpisodeData::record::3::cell::Id::0009","ErasureConstraint|delete_on_request","hasErasure","{}"
"PrivacyAnnotation|PA::DataCellArtifact::D6_EnrichedEpisodeData::record::3::cell::Id::0009","ErasureConstraint|retention_5y","hasErasure","{}"
"PrivacyAnnotation|PA::DataCellArtifact::D6_EnrichedEpisodeData::record::3::cell::Id::0009","AccessRole|CL","allowsRole","{}"
"PrivacyAnnotation|PA::DataCellArtifact::D6_EnrichedEpisodeData::record::3::cell::Id::0009","AccessRole|DPO","allowsRole","{}"
"PrivacyAnnotation|PA::DataCellArtifact::D6_EnrichedEpisodeData::record::0::cell::window_start::0010","DataCellArtifact|D6_EnrichedEpisodeData::record::0::cell::window_start","annotates","{}"
"PrivacyAnnotation|PA::DataCellArtifact::D6_EnrichedEpisodeData::record::0::cell::window_start::0010","SensitivityCategory|temporal_quasi_identifier","hasCategory","{""explicit"": true}"
"PrivacyAnnotation|PA::DataCellArtifact::D6_EnrichedEpisodeData::record::0::cell::window_start::0010","SensitivityCategory|quasi_identifier","hasCategory","{""explicit"": false}"
"PrivacyAnnotation|PA::DataCellArtifact::D6_EnrichedEpisodeData::record::0::cell::window_start::0010","UsageConstraint|clinical_research","hasUsage","{}"
"PrivacyAnnotation|PA::DataCellArtifact::D6_EnrichedEpisodeData::record::0::cell::window_start::0010","ErasureConstraint|delete_on_request","hasErasure","{}"
"PrivacyAnnotation|PA::DataCellArtifact::D6_EnrichedEpisodeData::record::0::cell::window_start::0010","ErasureConstraint|retention_5y","hasErasure","{}"
"PrivacyAnnotation|PA::DataCellArtifact::D6_EnrichedEpisodeData::record::0::cell::window_start::0010","AccessRole|DS","allowsRole","{}"
"PrivacyAnnotation|PA::DataCellArtifact::D6_EnrichedEpisodeData::record::0::cell::window_start::0010","AccessRole|CL","allowsRole","{}"
"PrivacyAnnotation|PA::DataCellArtifact::D6_EnrichedEpisodeData::record::0::cell::window_start::0010","AccessRole|AU","allowsRole","{}"
"PrivacyAnnotation|PA::DataCellArtifact::D6_EnrichedEpisodeData::record::0::cell::window_start::0010","AccessRole|DPO","allowsRole","{}"
"PrivacyAnnotation|PA::DataCellArtifact::D6_EnrichedEpisodeData::record::1::cell::window_start::0011","DataCellArtifact|D6_EnrichedEpisodeData::record::1::cell::window_start","annotates","{}"
"PrivacyAnnotation|PA::DataCellArtifact::D6_EnrichedEpisodeData::record::1::cell::window_start::0011","SensitivityCategory|temporal_quasi_identifier","hasCategory","{""explicit"": true}"
"PrivacyAnnotation|PA::DataCellArtifact::D6_EnrichedEpisodeData::record::1::cell::window_start::0011","SensitivityCategory|quasi_identifier","hasCategory","{""explicit"": false}"
"PrivacyAnnotation|PA::DataCellArtifact::D6_EnrichedEpisodeData::record::1::cell::window_start::0011","UsageConstraint|clinical_research","hasUsage","{}"
"PrivacyAnnotation|PA::DataCellArtifact::D6_EnrichedEpisodeData::record::1::cell::window_start::0011","ErasureConstraint|delete_on_request","hasErasure","{}"
"PrivacyAnnotation|PA::DataCellArtifact::D6_EnrichedEpisodeData::record::1::cell::window_start::0011","ErasureConstraint|retention_5y","hasErasure","{}"
"PrivacyAnnotation|PA::DataCellArtifact::D6_EnrichedEpisodeData::record::1::cell::window_start::0011","AccessRole|DS","allowsRole","{}"
"PrivacyAnnotation|PA::DataCellArtifact::D6_EnrichedEpisodeData::record::1::cell::window_start::0011","AccessRole|CL","allowsRole","{}"
"PrivacyAnnotation|PA::DataCellArtifact::D6_EnrichedEpisodeData::record::1::cell::window_start::0011","AccessRole|AU","allowsRole","{}"
"PrivacyAnnotation|PA::DataCellArtifact::D6_EnrichedEpisodeData::record::1::cell::window_start::0011","AccessRole|DPO","allowsRole","{}"
"PrivacyAnnotation|PA::DataCellArtifact::D6_EnrichedEpisodeData::record::2::cell::window_start::0012","DataCellArtifact|D6_EnrichedEpisodeData::record::2::cell::window_start","annotates","{}"
"PrivacyAnnotation|PA::DataCellArtifact::D6_EnrichedEpisodeData::record::2::cell::window_start::0012","SensitivityCategory|temporal_quasi_identifier","hasCategory","{""explicit"": true}"
"PrivacyAnnotation|PA::DataCellArtifact::D6_EnrichedEpisodeData::record::2::cell::window_start::0012","SensitivityCategory|quasi_identifier","hasCategory","{""explicit"": false}"
"PrivacyAnnotation|PA::DataCellArtifact::D6_EnrichedEpisodeData::record::2::cell::window_start::0012","UsageConstraint|clinical_research","hasUsage","{}"
"PrivacyAnnotation|PA::DataCellArtifact::D6_EnrichedEpisodeData::record::2::cell::window_start::0012","ErasureConstraint|delete_on_request","hasErasure","{}"
"PrivacyAnnotation|PA::DataCellArtifact::D6_EnrichedEpisodeData::record::2::cell::window_start::0012","ErasureConstraint|retention_5y","hasErasure","{}"
"PrivacyAnnotation|PA::DataCellArtifact::D6_EnrichedEpisodeData::record::2::cell::window_start::0012","AccessRole|DS","allowsRole","{}"
"PrivacyAnnotation|PA::DataCellArtifact::D6_EnrichedEpisodeData::record::2::cell::window_start::0012","AccessRole|CL","allowsRole","{}"
"PrivacyAnnotation|PA::DataCellArtifact::D6_EnrichedEpisodeData::record::2::cell::window_start::0012","AccessRole|AU","allowsRole","{}"
"PrivacyAnnotation|PA::DataCellArtifact::D6_EnrichedEpisodeData::record::2::cell::window_start::0012","AccessRole|DPO","allowsRole","{}"
"PrivacyAnnotation|PA::DataCellArtifact::D6_EnrichedEpisodeData::record::3::cell::window_start::0013","DataCellArtifact|D6_EnrichedEpisodeData::record::3::cell::window_start","annotates","{}"
"PrivacyAnnotation|PA::DataCellArtifact::D6_EnrichedEpisodeData::record::3::cell::window_start::0013","SensitivityCategory|temporal_quasi_identifier","hasCategory","{""explicit"": true}"
"PrivacyAnnotation|PA::DataCellArtifact::D6_EnrichedEpisodeData::record::3::cell::window_start::0013","SensitivityCategory|quasi_identifier","hasCategory","{""explicit"": false}"
"PrivacyAnnotation|PA::DataCellArtifact::D6_EnrichedEpisodeData::record::3::cell::window_start::0013","UsageConstraint|clinical_research","hasUsage","{}"
"PrivacyAnnotation|PA::DataCellArtifact::D6_EnrichedEpisodeData::record::3::cell::window_start::0013","ErasureConstraint|delete_on_request","hasErasure","{}"
"PrivacyAnnotation|PA::DataCellArtifact::D6_EnrichedEpisodeData::record::3::cell::window_start::0013","ErasureConstraint|retention_5y","hasErasure","{}"
"PrivacyAnnotation|PA::DataCellArtifact::D6_EnrichedEpisodeData::record::3::cell::window_start::0013","AccessRole|DS","allowsRole","{}"
"PrivacyAnnotation|PA::DataCellArtifact::D6_EnrichedEpisodeData::record::3::cell::window_start::0013","AccessRole|CL","allowsRole","{}"
"PrivacyAnnotation|PA::DataCellArtifact::D6_EnrichedEpisodeData::record::3::cell::window_start::0013","AccessRole|AU","allowsRole","{}"
"PrivacyAnnotation|PA::DataCellArtifact::D6_EnrichedEpisodeData::record::3::cell::window_start::0013","AccessRole|DPO","allowsRole","{}"
"PrivacyAnnotation|PA::DataCellArtifact::D6_EnrichedEpisodeData::record::0::cell::HR_res::0014","DataCellArtifact|D6_EnrichedEpisodeData::record::0::cell::HR_res","annotates","{}"
"PrivacyAnnotation|PA::DataCellArtifact::D6_EnrichedEpisodeData::record::0::cell::HR_res::0014","SensitivityCategory|biometric","hasCategory","{""explicit"": true}"
"PrivacyAnnotation|PA::DataCellArtifact::D6_EnrichedEpisodeData::record::0::cell::HR_res::0014","SensitivityCategory|health","hasCategory","{""explicit"": true}"
"PrivacyAnnotation|PA::DataCellArtifact::D6_EnrichedEpisodeData::record::0::cell::HR_res::0014","SensitivityCategory|sensitive_personal_data","hasCategory","{""explicit"": false}"
"PrivacyAnnotation|PA::DataCellArtifact::D6_EnrichedEpisodeData::record::0::cell::HR_res::0014","UsageConstraint|clinical_research","hasUsage","{}"
"PrivacyAnnotation|PA::DataCellArtifact::D6_EnrichedEpisodeData::record::0::cell::HR_res::0014","ErasureConstraint|delete_on_request","hasErasure","{}"
"PrivacyAnnotation|PA::DataCellArtifact::D6_EnrichedEpisodeData::record::0::cell::HR_res::0014","ErasureConstraint|retention_5y","hasErasure","{}"
"PrivacyAnnotation|PA::DataCellArtifact::D6_EnrichedEpisodeData::record::0::cell::HR_res::0014","AccessRole|DS","allowsRole","{}"
"PrivacyAnnotation|PA::DataCellArtifact::D6_EnrichedEpisodeData::record::0::cell::HR_res::0014","AccessRole|CL","allowsRole","{}"
"PrivacyAnnotation|PA::DataCellArtifact::D6_EnrichedEpisodeData::record::0::cell::HR_res::0014","AccessRole|AU","allowsRole","{}"
"PrivacyAnnotation|PA::DataCellArtifact::D6_EnrichedEpisodeData::record::0::cell::HR_res::0014","AccessRole|DPO","allowsRole","{}"
"PrivacyAnnotation|PA::DataCellArtifact::D6_EnrichedEpisodeData::record::1::cell::HR_res::0015","DataCellArtifact|D6_EnrichedEpisodeData::record::1::cell::HR_res","annotates","{}"
"PrivacyAnnotation|PA::DataCellArtifact::D6_EnrichedEpisodeData::record::1::cell::HR_res::0015","SensitivityCategory|biometric","hasCategory","{""explicit"": true}"
"PrivacyAnnotation|PA::DataCellArtifact::D6_EnrichedEpisodeData::record::1::cell::HR_res::0015","SensitivityCategory|health","hasCategory","{""explicit"": true}"
"PrivacyAnnotation|PA::DataCellArtifact::D6_EnrichedEpisodeData::record::1::cell::HR_res::0015","SensitivityCategory|sensitive_personal_data","hasCategory","{""explicit"": false}"
"PrivacyAnnotation|PA::DataCellArtifact::D6_EnrichedEpisodeData::record::1::cell::HR_res::0015","UsageConstraint|clinical_research","hasUsage","{}"
"PrivacyAnnotation|PA::DataCellArtifact::D6_EnrichedEpisodeData::record::1::cell::HR_res::0015","ErasureConstraint|delete_on_request","hasErasure","{}"
"PrivacyAnnotation|PA::DataCellArtifact::D6_EnrichedEpisodeData::record::1::cell::HR_res::0015","ErasureConstraint|retention_5y","hasErasure","{}"
"PrivacyAnnotation|PA::DataCellArtifact::D6_EnrichedEpisodeData::record::1::cell::HR_res::0015","AccessRole|DS","allowsRole","{}"
"PrivacyAnnotation|PA::DataCellArtifact::D6_EnrichedEpisodeData::record::1::cell::HR_res::0015","AccessRole|CL","allowsRole","{}"
"PrivacyAnnotation|PA::DataCellArtifact::D6_EnrichedEpisodeData::record::1::cell::HR_res::0015","AccessRole|AU","allowsRole","{}"
"PrivacyAnnotation|PA::DataCellArtifact::D6_EnrichedEpisodeData::record::1::cell::HR_res::0015","AccessRole|DPO","allowsRole","{}"
"PrivacyAnnotation|PA::DataCellArtifact::D6_EnrichedEpisodeData::record::2::cell::HR_res::0016","DataCellArtifact|D6_EnrichedEpisodeData::record::2::cell::HR_res","annotates","{}"
"PrivacyAnnotation|PA::DataCellArtifact::D6_EnrichedEpisodeData::record::2::cell::HR_res::0016","SensitivityCategory|biometric","hasCategory","{""explicit"": true}"
"PrivacyAnnotation|PA::DataCellArtifact::D6_EnrichedEpisodeData::record::2::cell::HR_res::0016","SensitivityCategory|health","hasCategory","{""explicit"": true}"
"PrivacyAnnotation|PA::DataCellArtifact::D6_EnrichedEpisodeData::record::2::cell::HR_res::0016","SensitivityCategory|sensitive_personal_data","hasCategory","{""explicit"": false}"
"PrivacyAnnotation|PA::DataCellArtifact::D6_EnrichedEpisodeData::record::2::cell::HR_res::0016","UsageConstraint|clinical_research","hasUsage","{}"
"PrivacyAnnotation|PA::DataCellArtifact::D6_EnrichedEpisodeData::record::2::cell::HR_res::0016","ErasureConstraint|delete_on_request","hasErasure","{}"
"PrivacyAnnotation|PA::DataCellArtifact::D6_EnrichedEpisodeData::record::2::cell::HR_res::0016","ErasureConstraint|retention_5y","hasErasure","{}"
"PrivacyAnnotation|PA::DataCellArtifact::D6_EnrichedEpisodeData::record::2::cell::HR_res::0016","AccessRole|DS","allowsRole","{}"
"PrivacyAnnotation|PA::DataCellArtifact::D6_EnrichedEpisodeData::record::2::cell::HR_res::0016","AccessRole|CL","allowsRole","{}"
"PrivacyAnnotation|PA::DataCellArtifact::D6_EnrichedEpisodeData::record::2::cell::HR_res::0016","AccessRole|AU","allowsRole","{}"
"PrivacyAnnotation|PA::DataCellArtifact::D6_EnrichedEpisodeData::record::2::cell::HR_res::0016","AccessRole|DPO","allowsRole","{}"
"PrivacyAnnotation|PA::DataCellArtifact::D6_EnrichedEpisodeData::record::3::cell::HR_res::0017","DataCellArtifact|D6_EnrichedEpisodeData::record::3::cell::HR_res","annotates","{}"
"PrivacyAnnotation|PA::DataCellArtifact::D6_EnrichedEpisodeData::record::3::cell::HR_res::0017","SensitivityCategory|biometric","hasCategory","{""explicit"": true}"
"PrivacyAnnotation|PA::DataCellArtifact::D6_EnrichedEpisodeData::record::3::cell::HR_res::0017","SensitivityCategory|health","hasCategory","{""explicit"": true}"
"PrivacyAnnotation|PA::DataCellArtifact::D6_EnrichedEpisodeData::record::3::cell::HR_res::0017","SensitivityCategory|sensitive_personal_data","hasCategory","{""explicit"": false}"
"PrivacyAnnotation|PA::DataCellArtifact::D6_EnrichedEpisodeData::record::3::cell::HR_res::0017","UsageConstraint|clinical_research","hasUsage","{}"
"PrivacyAnnotation|PA::DataCellArtifact::D6_EnrichedEpisodeData::record::3::cell::HR_res::0017","ErasureConstraint|delete_on_request","hasErasure","{}"
"PrivacyAnnotation|PA::DataCellArtifact::D6_EnrichedEpisodeData::record::3::cell::HR_res::0017","ErasureConstraint|retention_5y","hasErasure","{}"
"PrivacyAnnotation|PA::DataCellArtifact::D6_EnrichedEpisodeData::record::3::cell::HR_res::0017","AccessRole|DS","allowsRole","{}"
"PrivacyAnnotation|PA::DataCellArtifact::D6_EnrichedEpisodeData::record::3::cell::HR_res::0017","AccessRole|CL","allowsRole","{}"
"PrivacyAnnotation|PA::DataCellArtifact::D6_EnrichedEpisodeData::record::3::cell::HR_res::0017","AccessRole|AU","allowsRole","{}"
"PrivacyAnnotation|PA::DataCellArtifact::D6_EnrichedEpisodeData::record::3::cell::HR_res::0017","AccessRole|DPO","allowsRole","{}"
"PrivacyAnnotation|PA::DataCellArtifact::D6_EnrichedEpisodeData::record::0::cell::EDA_res::0018","DataCellArtifact|D6_EnrichedEpisodeData::record::0::cell::EDA_res","annotates","{}"
"PrivacyAnnotation|PA::DataCellArtifact::D6_EnrichedEpisodeData::record::0::cell::EDA_res::0018","SensitivityCategory|biometric","hasCategory","{""explicit"": true}"
"PrivacyAnnotation|PA::DataCellArtifact::D6_EnrichedEpisodeData::record::0::cell::EDA_res::0018","SensitivityCategory|health","hasCategory","{""explicit"": true}"
"PrivacyAnnotation|PA::DataCellArtifact::D6_EnrichedEpisodeData::record::0::cell::EDA_res::0018","SensitivityCategory|sensitive_personal_data","hasCategory","{""explicit"": false}"
"PrivacyAnnotation|PA::DataCellArtifact::D6_EnrichedEpisodeData::record::0::cell::EDA_res::0018","UsageConstraint|clinical_research","hasUsage","{}"
"PrivacyAnnotation|PA::DataCellArtifact::D6_EnrichedEpisodeData::record::0::cell::EDA_res::0018","ErasureConstraint|delete_on_request","hasErasure","{}"
"PrivacyAnnotation|PA::DataCellArtifact::D6_EnrichedEpisodeData::record::0::cell::EDA_res::0018","ErasureConstraint|retention_5y","hasErasure","{}"
"PrivacyAnnotation|PA::DataCellArtifact::D6_EnrichedEpisodeData::record::0::cell::EDA_res::0018","AccessRole|DS","allowsRole","{}"
"PrivacyAnnotation|PA::DataCellArtifact::D6_EnrichedEpisodeData::record::0::cell::EDA_res::0018","AccessRole|CL","allowsRole","{}"
"PrivacyAnnotation|PA::DataCellArtifact::D6_EnrichedEpisodeData::record::0::cell::EDA_res::0018","AccessRole|AU","allowsRole","{}"
"PrivacyAnnotation|PA::DataCellArtifact::D6_EnrichedEpisodeData::record::0::cell::EDA_res::0018","AccessRole|DPO","allowsRole","{}"
"PrivacyAnnotation|PA::DataCellArtifact::D6_EnrichedEpisodeData::record::1::cell::EDA_res::0019","DataCellArtifact|D6_EnrichedEpisodeData::record::1::cell::EDA_res","annotates","{}"
"PrivacyAnnotation|PA::DataCellArtifact::D6_EnrichedEpisodeData::record::1::cell::EDA_res::0019","SensitivityCategory|biometric","hasCategory","{""explicit"": true}"
"PrivacyAnnotation|PA::DataCellArtifact::D6_EnrichedEpisodeData::record::1::cell::EDA_res::0019","SensitivityCategory|health","hasCategory","{""explicit"": true}"
"PrivacyAnnotation|PA::DataCellArtifact::D6_EnrichedEpisodeData::record::1::cell::EDA_res::0019","SensitivityCategory|sensitive_personal_data","hasCategory","{""explicit"": false}"
"PrivacyAnnotation|PA::DataCellArtifact::D6_EnrichedEpisodeData::record::1::cell::EDA_res::0019","UsageConstraint|clinical_research","hasUsage","{}"
"PrivacyAnnotation|PA::DataCellArtifact::D6_EnrichedEpisodeData::record::1::cell::EDA_res::0019","ErasureConstraint|delete_on_request","hasErasure","{}"
"PrivacyAnnotation|PA::DataCellArtifact::D6_EnrichedEpisodeData::record::1::cell::EDA_res::0019","ErasureConstraint|retention_5y","hasErasure","{}"
"PrivacyAnnotation|PA::DataCellArtifact::D6_EnrichedEpisodeData::record::1::cell::EDA_res::0019","AccessRole|DS","allowsRole","{}"
"PrivacyAnnotation|PA::DataCellArtifact::D6_EnrichedEpisodeData::record::1::cell::EDA_res::0019","AccessRole|CL","allowsRole","{}"
"PrivacyAnnotation|PA::DataCellArtifact::D6_EnrichedEpisodeData::record::1::cell::EDA_res::0019","AccessRole|AU","allowsRole","{}"
"PrivacyAnnotation|PA::DataCellArtifact::D6_EnrichedEpisodeData::record::1::cell::EDA_res::0019","AccessRole|DPO","allowsRole","{}"
"PrivacyAnnotation|PA::DataCellArtifact::D6_EnrichedEpisodeData::record::2::cell::EDA_res::0020","DataCellArtifact|D6_EnrichedEpisodeData::record::2::cell::EDA_res","annotates","{}"
"PrivacyAnnotation|PA::DataCellArtifact::D6_EnrichedEpisodeData::record::2::cell::EDA_res::0020","SensitivityCategory|biometric","hasCategory","{""explicit"": true}"
"PrivacyAnnotation|PA::DataCellArtifact::D6_EnrichedEpisodeData::record::2::cell::EDA_res::0020","SensitivityCategory|health","hasCategory","{""explicit"": true}"
"PrivacyAnnotation|PA::DataCellArtifact::D6_EnrichedEpisodeData::record::2::cell::EDA_res::0020","SensitivityCategory|sensitive_personal_data","hasCategory","{""explicit"": false}"
"PrivacyAnnotation|PA::DataCellArtifact::D6_EnrichedEpisodeData::record::2::cell::EDA_res::0020","UsageConstraint|clinical_research","hasUsage","{}"
"PrivacyAnnotation|PA::DataCellArtifact::D6_EnrichedEpisodeData::record::2::cell::EDA_res::0020","ErasureConstraint|delete_on_request","hasErasure","{}"
"PrivacyAnnotation|PA::DataCellArtifact::D6_EnrichedEpisodeData::record::2::cell::EDA_res::0020","ErasureConstraint|retention_5y","hasErasure","{}"
"PrivacyAnnotation|PA::DataCellArtifact::D6_EnrichedEpisodeData::record::2::cell::EDA_res::0020","AccessRole|DS","allowsRole","{}"
"PrivacyAnnotation|PA::DataCellArtifact::D6_EnrichedEpisodeData::record::2::cell::EDA_res::0020","AccessRole|CL","allowsRole","{}"
"PrivacyAnnotation|PA::DataCellArtifact::D6_EnrichedEpisodeData::record::2::cell::EDA_res::0020","AccessRole|AU","allowsRole","{}"
"PrivacyAnnotation|PA::DataCellArtifact::D6_EnrichedEpisodeData::record::2::cell::EDA_res::0020","AccessRole|DPO","allowsRole","{}"
"PrivacyAnnotation|PA::DataCellArtifact::D6_EnrichedEpisodeData::record::3::cell::EDA_res::0021","DataCellArtifact|D6_EnrichedEpisodeData::record::3::cell::EDA_res","annotates","{}"
"PrivacyAnnotation|PA::DataCellArtifact::D6_EnrichedEpisodeData::record::3::cell::EDA_res::0021","SensitivityCategory|biometric","hasCategory","{""explicit"": true}"
"PrivacyAnnotation|PA::DataCellArtifact::D6_EnrichedEpisodeData::record::3::cell::EDA_res::0021","SensitivityCategory|health","hasCategory","{""explicit"": true}"
"PrivacyAnnotation|PA::DataCellArtifact::D6_EnrichedEpisodeData::record::3::cell::EDA_res::0021","SensitivityCategory|sensitive_personal_data","hasCategory","{""explicit"": false}"
"PrivacyAnnotation|PA::DataCellArtifact::D6_EnrichedEpisodeData::record::3::cell::EDA_res::0021","UsageConstraint|clinical_research","hasUsage","{}"
"PrivacyAnnotation|PA::DataCellArtifact::D6_EnrichedEpisodeData::record::3::cell::EDA_res::0021","ErasureConstraint|delete_on_request","hasErasure","{}"
"PrivacyAnnotation|PA::DataCellArtifact::D6_EnrichedEpisodeData::record::3::cell::EDA_res::0021","ErasureConstraint|retention_5y","hasErasure","{}"
"PrivacyAnnotation|PA::DataCellArtifact::D6_EnrichedEpisodeData::record::3::cell::EDA_res::0021","AccessRole|DS","allowsRole","{}"
"PrivacyAnnotation|PA::DataCellArtifact::D6_EnrichedEpisodeData::record::3::cell::EDA_res::0021","AccessRole|CL","allowsRole","{}"
"PrivacyAnnotation|PA::DataCellArtifact::D6_EnrichedEpisodeData::record::3::cell::EDA_res::0021","AccessRole|AU","allowsRole","{}"
"PrivacyAnnotation|PA::DataCellArtifact::D6_EnrichedEpisodeData::record::3::cell::EDA_res::0021","AccessRole|DPO","allowsRole","{}"
"PrivacyAnnotation|PA::DataCellArtifact::D6_EnrichedEpisodeData::record::0::cell::ACC_res::0022","DataCellArtifact|D6_EnrichedEpisodeData::record::0::cell::ACC_res","annotates","{}"
"PrivacyAnnotation|PA::DataCellArtifact::D6_EnrichedEpisodeData::record::0::cell::ACC_res::0022","SensitivityCategory|behavioural_sensor_data","hasCategory","{""explicit"": true}"
"PrivacyAnnotation|PA::DataCellArtifact::D6_EnrichedEpisodeData::record::0::cell::ACC_res::0022","UsageConstraint|clinical_research","hasUsage","{}"
"PrivacyAnnotation|PA::DataCellArtifact::D6_EnrichedEpisodeData::record::0::cell::ACC_res::0022","ErasureConstraint|delete_on_request","hasErasure","{}"
"PrivacyAnnotation|PA::DataCellArtifact::D6_EnrichedEpisodeData::record::0::cell::ACC_res::0022","ErasureConstraint|retention_5y","hasErasure","{}"
"PrivacyAnnotation|PA::DataCellArtifact::D6_EnrichedEpisodeData::record::0::cell::ACC_res::0022","AccessRole|DS","allowsRole","{}"
"PrivacyAnnotation|PA::DataCellArtifact::D6_EnrichedEpisodeData::record::0::cell::ACC_res::0022","AccessRole|CL","allowsRole","{}"
"PrivacyAnnotation|PA::DataCellArtifact::D6_EnrichedEpisodeData::record::0::cell::ACC_res::0022","AccessRole|AU","allowsRole","{}"
"PrivacyAnnotation|PA::DataCellArtifact::D6_EnrichedEpisodeData::record::0::cell::ACC_res::0022","AccessRole|DPO","allowsRole","{}"
"PrivacyAnnotation|PA::DataCellArtifact::D6_EnrichedEpisodeData::record::1::cell::ACC_res::0023","DataCellArtifact|D6_EnrichedEpisodeData::record::1::cell::ACC_res","annotates","{}"
"PrivacyAnnotation|PA::DataCellArtifact::D6_EnrichedEpisodeData::record::1::cell::ACC_res::0023","SensitivityCategory|behavioural_sensor_data","hasCategory","{""explicit"": true}"
"PrivacyAnnotation|PA::DataCellArtifact::D6_EnrichedEpisodeData::record::1::cell::ACC_res::0023","UsageConstraint|clinical_research","hasUsage","{}"
"PrivacyAnnotation|PA::DataCellArtifact::D6_EnrichedEpisodeData::record::1::cell::ACC_res::0023","ErasureConstraint|delete_on_request","hasErasure","{}"
"PrivacyAnnotation|PA::DataCellArtifact::D6_EnrichedEpisodeData::record::1::cell::ACC_res::0023","ErasureConstraint|retention_5y","hasErasure","{}"
"PrivacyAnnotation|PA::DataCellArtifact::D6_EnrichedEpisodeData::record::1::cell::ACC_res::0023","AccessRole|DS","allowsRole","{}"
"PrivacyAnnotation|PA::DataCellArtifact::D6_EnrichedEpisodeData::record::1::cell::ACC_res::0023","AccessRole|CL","allowsRole","{}"
"PrivacyAnnotation|PA::DataCellArtifact::D6_EnrichedEpisodeData::record::1::cell::ACC_res::0023","AccessRole|AU","allowsRole","{}"
"PrivacyAnnotation|PA::DataCellArtifact::D6_EnrichedEpisodeData::record::1::cell::ACC_res::0023","AccessRole|DPO","allowsRole","{}"
"PrivacyAnnotation|PA::DataCellArtifact::D6_EnrichedEpisodeData::record::2::cell::ACC_res::0024","DataCellArtifact|D6_EnrichedEpisodeData::record::2::cell::ACC_res","annotates","{}"
"PrivacyAnnotation|PA::DataCellArtifact::D6_EnrichedEpisodeData::record::2::cell::ACC_res::0024","SensitivityCategory|behavioural_sensor_data","hasCategory","{""explicit"": true}"
"PrivacyAnnotation|PA::DataCellArtifact::D6_EnrichedEpisodeData::record::2::cell::ACC_res::0024","UsageConstraint|clinical_research","hasUsage","{}"
"PrivacyAnnotation|PA::DataCellArtifact::D6_EnrichedEpisodeData::record::2::cell::ACC_res::0024","ErasureConstraint|delete_on_request","hasErasure","{}"
"PrivacyAnnotation|PA::DataCellArtifact::D6_EnrichedEpisodeData::record::2::cell::ACC_res::0024","ErasureConstraint|retention_5y","hasErasure","{}"
"PrivacyAnnotation|PA::DataCellArtifact::D6_EnrichedEpisodeData::record::2::cell::ACC_res::0024","AccessRole|DS","allowsRole","{}"
"PrivacyAnnotation|PA::DataCellArtifact::D6_EnrichedEpisodeData::record::2::cell::ACC_res::0024","AccessRole|CL","allowsRole","{}"
"PrivacyAnnotation|PA::DataCellArtifact::D6_EnrichedEpisodeData::record::2::cell::ACC_res::0024","AccessRole|AU","allowsRole","{}"
"PrivacyAnnotation|PA::DataCellArtifact::D6_EnrichedEpisodeData::record::2::cell::ACC_res::0024","AccessRole|DPO","allowsRole","{}"
"PrivacyAnnotation|PA::DataCellArtifact::D6_EnrichedEpisodeData::record::3::cell::ACC_res::0025","DataCellArtifact|D6_EnrichedEpisodeData::record::3::cell::ACC_res","annotates","{}"
"PrivacyAnnotation|PA::DataCellArtifact::D6_EnrichedEpisodeData::record::3::cell::ACC_res::0025","SensitivityCategory|behavioural_sensor_data","hasCategory","{""explicit"": true}"
"PrivacyAnnotation|PA::DataCellArtifact::D6_EnrichedEpisodeData::record::3::cell::ACC_res::0025","UsageConstraint|clinical_research","hasUsage","{}"
"PrivacyAnnotation|PA::DataCellArtifact::D6_EnrichedEpisodeData::record::3::cell::ACC_res::0025","ErasureConstraint|delete_on_request","hasErasure","{}"
"PrivacyAnnotation|PA::DataCellArtifact::D6_EnrichedEpisodeData::record::3::cell::ACC_res::0025","ErasureConstraint|retention_5y","hasErasure","{}"
"PrivacyAnnotation|PA::DataCellArtifact::D6_EnrichedEpisodeData::record::3::cell::ACC_res::0025","AccessRole|DS","allowsRole","{}"
"PrivacyAnnotation|PA::DataCellArtifact::D6_EnrichedEpisodeData::record::3::cell::ACC_res::0025","AccessRole|CL","allowsRole","{}"
"PrivacyAnnotation|PA::DataCellArtifact::D6_EnrichedEpisodeData::record::3::cell::ACC_res::0025","AccessRole|AU","allowsRole","{}"
"PrivacyAnnotation|PA::DataCellArtifact::D6_EnrichedEpisodeData::record::3::cell::ACC_res::0025","AccessRole|DPO","allowsRole","{}"
"PrivacyAnnotation|PA::DataCellArtifact::D6_EnrichedEpisodeData::record::0::cell::chall_behav::0026","DataCellArtifact|D6_EnrichedEpisodeData::record::0::cell::chall_behav","annotates","{}"
"PrivacyAnnotation|PA::DataCellArtifact::D6_EnrichedEpisodeData::record::0::cell::chall_behav::0026","SensitivityCategory|health","hasCategory","{""explicit"": true}"
"PrivacyAnnotation|PA::DataCellArtifact::D6_EnrichedEpisodeData::record::0::cell::chall_behav::0026","SensitivityCategory|behavioural_sensitive","hasCategory","{""explicit"": true}"
"PrivacyAnnotation|PA::DataCellArtifact::D6_EnrichedEpisodeData::record::0::cell::chall_behav::0026","SensitivityCategory|sensitive_personal_data","hasCategory","{""explicit"": false}"
"PrivacyAnnotation|PA::DataCellArtifact::D6_EnrichedEpisodeData::record::0::cell::chall_behav::0026","UsageConstraint|clinical_research","hasUsage","{}"
"PrivacyAnnotation|PA::DataCellArtifact::D6_EnrichedEpisodeData::record::0::cell::chall_behav::0026","ErasureConstraint|delete_on_request","hasErasure","{}"
"PrivacyAnnotation|PA::DataCellArtifact::D6_EnrichedEpisodeData::record::0::cell::chall_behav::0026","ErasureConstraint|retention_5y","hasErasure","{}"
"PrivacyAnnotation|PA::DataCellArtifact::D6_EnrichedEpisodeData::record::0::cell::chall_behav::0026","AccessRole|DS","allowsRole","{}"
"PrivacyAnnotation|PA::DataCellArtifact::D6_EnrichedEpisodeData::record::0::cell::chall_behav::0026","AccessRole|CL","allowsRole","{}"
"PrivacyAnnotation|PA::DataCellArtifact::D6_EnrichedEpisodeData::record::0::cell::chall_behav::0026","AccessRole|AU","allowsRole","{}"
"PrivacyAnnotation|PA::DataCellArtifact::D6_EnrichedEpisodeData::record::0::cell::chall_behav::0026","AccessRole|DPO","allowsRole","{}"
"PrivacyAnnotation|PA::DataCellArtifact::D6_EnrichedEpisodeData::record::1::cell::chall_behav::0027","DataCellArtifact|D6_EnrichedEpisodeData::record::1::cell::chall_behav","annotates","{}"
"PrivacyAnnotation|PA::DataCellArtifact::D6_EnrichedEpisodeData::record::1::cell::chall_behav::0027","SensitivityCategory|health","hasCategory","{""explicit"": true}"
"PrivacyAnnotation|PA::DataCellArtifact::D6_EnrichedEpisodeData::record::1::cell::chall_behav::0027","SensitivityCategory|behavioural_sensitive","hasCategory","{""explicit"": true}"
"PrivacyAnnotation|PA::DataCellArtifact::D6_EnrichedEpisodeData::record::1::cell::chall_behav::0027","SensitivityCategory|sensitive_personal_data","hasCategory","{""explicit"": false}"
"PrivacyAnnotation|PA::DataCellArtifact::D6_EnrichedEpisodeData::record::1::cell::chall_behav::0027","UsageConstraint|clinical_research","hasUsage","{}"
"PrivacyAnnotation|PA::DataCellArtifact::D6_EnrichedEpisodeData::record::1::cell::chall_behav::0027","ErasureConstraint|delete_on_request","hasErasure","{}"
"PrivacyAnnotation|PA::DataCellArtifact::D6_EnrichedEpisodeData::record::1::cell::chall_behav::0027","ErasureConstraint|retention_5y","hasErasure","{}"
"PrivacyAnnotation|PA::DataCellArtifact::D6_EnrichedEpisodeData::record::1::cell::chall_behav::0027","AccessRole|DS","allowsRole","{}"
"PrivacyAnnotation|PA::DataCellArtifact::D6_EnrichedEpisodeData::record::1::cell::chall_behav::0027","AccessRole|CL","allowsRole","{}"
"PrivacyAnnotation|PA::DataCellArtifact::D6_EnrichedEpisodeData::record::1::cell::chall_behav::0027","AccessRole|AU","allowsRole","{}"
"PrivacyAnnotation|PA::DataCellArtifact::D6_EnrichedEpisodeData::record::1::cell::chall_behav::0027","AccessRole|DPO","allowsRole","{}"
"PrivacyAnnotation|PA::DataCellArtifact::D6_EnrichedEpisodeData::record::2::cell::chall_behav::0028","DataCellArtifact|D6_EnrichedEpisodeData::record::2::cell::chall_behav","annotates","{}"
"PrivacyAnnotation|PA::DataCellArtifact::D6_EnrichedEpisodeData::record::2::cell::chall_behav::0028","SensitivityCategory|health","hasCategory","{""explicit"": true}"
"PrivacyAnnotation|PA::DataCellArtifact::D6_EnrichedEpisodeData::record::2::cell::chall_behav::0028","SensitivityCategory|behavioural_sensitive","hasCategory","{""explicit"": true}"
"PrivacyAnnotation|PA::DataCellArtifact::D6_EnrichedEpisodeData::record::2::cell::chall_behav::0028","SensitivityCategory|sensitive_personal_data","hasCategory","{""explicit"": false}"
"PrivacyAnnotation|PA::DataCellArtifact::D6_EnrichedEpisodeData::record::2::cell::chall_behav::0028","UsageConstraint|clinical_research","hasUsage","{}"
"PrivacyAnnotation|PA::DataCellArtifact::D6_EnrichedEpisodeData::record::2::cell::chall_behav::0028","ErasureConstraint|delete_on_request","hasErasure","{}"
"PrivacyAnnotation|PA::DataCellArtifact::D6_EnrichedEpisodeData::record::2::cell::chall_behav::0028","ErasureConstraint|retention_5y","hasErasure","{}"
"PrivacyAnnotation|PA::DataCellArtifact::D6_EnrichedEpisodeData::record::2::cell::chall_behav::0028","AccessRole|DS","allowsRole","{}"
"PrivacyAnnotation|PA::DataCellArtifact::D6_EnrichedEpisodeData::record::2::cell::chall_behav::0028","AccessRole|CL","allowsRole","{}"
"PrivacyAnnotation|PA::DataCellArtifact::D6_EnrichedEpisodeData::record::2::cell::chall_behav::0028","AccessRole|AU","allowsRole","{}"
"PrivacyAnnotation|PA::DataCellArtifact::D6_EnrichedEpisodeData::record::2::cell::chall_behav::0028","AccessRole|DPO","allowsRole","{}"
"PrivacyAnnotation|PA::DataCellArtifact::D6_EnrichedEpisodeData::record::3::cell::chall_behav::0029","DataCellArtifact|D6_EnrichedEpisodeData::record::3::cell::chall_behav","annotates","{}"
"PrivacyAnnotation|PA::DataCellArtifact::D6_EnrichedEpisodeData::record::3::cell::chall_behav::0029","SensitivityCategory|health","hasCategory","{""explicit"": true}"
"PrivacyAnnotation|PA::DataCellArtifact::D6_EnrichedEpisodeData::record::3::cell::chall_behav::0029","SensitivityCategory|behavioural_sensitive","hasCategory","{""explicit"": true}"
"PrivacyAnnotation|PA::DataCellArtifact::D6_EnrichedEpisodeData::record::3::cell::chall_behav::0029","SensitivityCategory|sensitive_personal_data","hasCategory","{""explicit"": false}"
"PrivacyAnnotation|PA::DataCellArtifact::D6_EnrichedEpisodeData::record::3::cell::chall_behav::0029","UsageConstraint|clinical_research","hasUsage","{}"
"PrivacyAnnotation|PA::DataCellArtifact::D6_EnrichedEpisodeData::record::3::cell::chall_behav::0029","ErasureConstraint|delete_on_request","hasErasure","{}"
"PrivacyAnnotation|PA::DataCellArtifact::D6_EnrichedEpisodeData::record::3::cell::chall_behav::0029","ErasureConstraint|retention_5y","hasErasure","{}"
"PrivacyAnnotation|PA::DataCellArtifact::D6_EnrichedEpisodeData::record::3::cell::chall_behav::0029","AccessRole|DS","allowsRole","{}"
"PrivacyAnnotation|PA::DataCellArtifact::D6_EnrichedEpisodeData::record::3::cell::chall_behav::0029","AccessRole|CL","allowsRole","{}"
"PrivacyAnnotation|PA::DataCellArtifact::D6_EnrichedEpisodeData::record::3::cell::chall_behav::0029","AccessRole|AU","allowsRole","{}"
"PrivacyAnnotation|PA::DataCellArtifact::D6_EnrichedEpisodeData::record::3::cell::chall_behav::0029","AccessRole|DPO","allowsRole","{}"
"PrivacyAnnotation|PA::DataCellArtifact::D6_EnrichedEpisodeData::record::0::cell::sev::0030","DataCellArtifact|D6_EnrichedEpisodeData::record::0::cell::sev","annotates","{}"
"PrivacyAnnotation|PA::DataCellArtifact::D6_EnrichedEpisodeData::record::0::cell::sev::0030","SensitivityCategory|health","hasCategory","{""explicit"": true}"
"PrivacyAnnotation|PA::DataCellArtifact::D6_EnrichedEpisodeData::record::0::cell::sev::0030","SensitivityCategory|behavioural_sensitive","hasCategory","{""explicit"": true}"
"PrivacyAnnotation|PA::DataCellArtifact::D6_EnrichedEpisodeData::record::0::cell::sev::0030","SensitivityCategory|sensitive_personal_data","hasCategory","{""explicit"": false}"
"PrivacyAnnotation|PA::DataCellArtifact::D6_EnrichedEpisodeData::record::0::cell::sev::0030","UsageConstraint|clinical_research","hasUsage","{}"
"PrivacyAnnotation|PA::DataCellArtifact::D6_EnrichedEpisodeData::record::0::cell::sev::0030","ErasureConstraint|delete_on_request","hasErasure","{}"
"PrivacyAnnotation|PA::DataCellArtifact::D6_EnrichedEpisodeData::record::0::cell::sev::0030","ErasureConstraint|retention_5y","hasErasure","{}"
"PrivacyAnnotation|PA::DataCellArtifact::D6_EnrichedEpisodeData::record::0::cell::sev::0030","AccessRole|DS","allowsRole","{}"
"PrivacyAnnotation|PA::DataCellArtifact::D6_EnrichedEpisodeData::record::0::cell::sev::0030","AccessRole|CL","allowsRole","{}"
"PrivacyAnnotation|PA::DataCellArtifact::D6_EnrichedEpisodeData::record::0::cell::sev::0030","AccessRole|AU","allowsRole","{}"
"PrivacyAnnotation|PA::DataCellArtifact::D6_EnrichedEpisodeData::record::0::cell::sev::0030","AccessRole|DPO","allowsRole","{}"
"PrivacyAnnotation|PA::DataCellArtifact::D6_EnrichedEpisodeData::record::1::cell::sev::0031","DataCellArtifact|D6_EnrichedEpisodeData::record::1::cell::sev","annotates","{}"
"PrivacyAnnotation|PA::DataCellArtifact::D6_EnrichedEpisodeData::record::1::cell::sev::0031","SensitivityCategory|health","hasCategory","{""explicit"": true}"
"PrivacyAnnotation|PA::DataCellArtifact::D6_EnrichedEpisodeData::record::1::cell::sev::0031","SensitivityCategory|behavioural_sensitive","hasCategory","{""explicit"": true}"
"PrivacyAnnotation|PA::DataCellArtifact::D6_EnrichedEpisodeData::record::1::cell::sev::0031","SensitivityCategory|sensitive_personal_data","hasCategory","{""explicit"": false}"
"PrivacyAnnotation|PA::DataCellArtifact::D6_EnrichedEpisodeData::record::1::cell::sev::0031","UsageConstraint|clinical_research","hasUsage","{}"
"PrivacyAnnotation|PA::DataCellArtifact::D6_EnrichedEpisodeData::record::1::cell::sev::0031","ErasureConstraint|delete_on_request","hasErasure","{}"
"PrivacyAnnotation|PA::DataCellArtifact::D6_EnrichedEpisodeData::record::1::cell::sev::0031","ErasureConstraint|retention_5y","hasErasure","{}"
"PrivacyAnnotation|PA::DataCellArtifact::D6_EnrichedEpisodeData::record::1::cell::sev::0031","AccessRole|DS","allowsRole","{}"
"PrivacyAnnotation|PA::DataCellArtifact::D6_EnrichedEpisodeData::record::1::cell::sev::0031","AccessRole|CL","allowsRole","{}"
"PrivacyAnnotation|PA::DataCellArtifact::D6_EnrichedEpisodeData::record::1::cell::sev::0031","AccessRole|AU","allowsRole","{}"
"PrivacyAnnotation|PA::DataCellArtifact::D6_EnrichedEpisodeData::record::1::cell::sev::0031","AccessRole|DPO","allowsRole","{}"
"PrivacyAnnotation|PA::DataCellArtifact::D6_EnrichedEpisodeData::record::2::cell::sev::0032","DataCellArtifact|D6_EnrichedEpisodeData::record::2::cell::sev","annotates","{}"
"PrivacyAnnotation|PA::DataCellArtifact::D6_EnrichedEpisodeData::record::2::cell::sev::0032","SensitivityCategory|health","hasCategory","{""explicit"": true}"
"PrivacyAnnotation|PA::DataCellArtifact::D6_EnrichedEpisodeData::record::2::cell::sev::0032","SensitivityCategory|behavioural_sensitive","hasCategory","{""explicit"": true}"
"PrivacyAnnotation|PA::DataCellArtifact::D6_EnrichedEpisodeData::record::2::cell::sev::0032","SensitivityCategory|sensitive_personal_data","hasCategory","{""explicit"": false}"
"PrivacyAnnotation|PA::DataCellArtifact::D6_EnrichedEpisodeData::record::2::cell::sev::0032","UsageConstraint|clinical_research","hasUsage","{}"
"PrivacyAnnotation|PA::DataCellArtifact::D6_EnrichedEpisodeData::record::2::cell::sev::0032","ErasureConstraint|delete_on_request","hasErasure","{}"
"PrivacyAnnotation|PA::DataCellArtifact::D6_EnrichedEpisodeData::record::2::cell::sev::0032","ErasureConstraint|retention_5y","hasErasure","{}"
"PrivacyAnnotation|PA::DataCellArtifact::D6_EnrichedEpisodeData::record::2::cell::sev::0032","AccessRole|DS","allowsRole","{}"
"PrivacyAnnotation|PA::DataCellArtifact::D6_EnrichedEpisodeData::record::2::cell::sev::0032","AccessRole|CL","allowsRole","{}"
"PrivacyAnnotation|PA::DataCellArtifact::D6_EnrichedEpisodeData::record::2::cell::sev::0032","AccessRole|AU","allowsRole","{}"
"PrivacyAnnotation|PA::DataCellArtifact::D6_EnrichedEpisodeData::record::2::cell::sev::0032","AccessRole|DPO","allowsRole","{}"
"PrivacyAnnotation|PA::DataCellArtifact::D6_EnrichedEpisodeData::record::3::cell::sev::0033","DataCellArtifact|D6_EnrichedEpisodeData::record::3::cell::sev","annotates","{}"
"PrivacyAnnotation|PA::DataCellArtifact::D6_EnrichedEpisodeData::record::3::cell::sev::0033","SensitivityCategory|health","hasCategory","{""explicit"": true}"
"PrivacyAnnotation|PA::DataCellArtifact::D6_EnrichedEpisodeData::record::3::cell::sev::0033","SensitivityCategory|behavioural_sensitive","hasCategory","{""explicit"": true}"
"PrivacyAnnotation|PA::DataCellArtifact::D6_EnrichedEpisodeData::record::3::cell::sev::0033","SensitivityCategory|sensitive_personal_data","hasCategory","{""explicit"": false}"
"PrivacyAnnotation|PA::DataCellArtifact::D6_EnrichedEpisodeData::record::3::cell::sev::0033","UsageConstraint|clinical_research","hasUsage","{}"
"PrivacyAnnotation|PA::DataCellArtifact::D6_EnrichedEpisodeData::record::3::cell::sev::0033","ErasureConstraint|delete_on_request","hasErasure","{}"
"PrivacyAnnotation|PA::DataCellArtifact::D6_EnrichedEpisodeData::record::3::cell::sev::0033","ErasureConstraint|retention_5y","hasErasure","{}"
"PrivacyAnnotation|PA::DataCellArtifact::D6_EnrichedEpisodeData::record::3::cell::sev::0033","AccessRole|DS","allowsRole","{}"
"PrivacyAnnotation|PA::DataCellArtifact::D6_EnrichedEpisodeData::record::3::cell::sev::0033","AccessRole|CL","allowsRole","{}"
"PrivacyAnnotation|PA::DataCellArtifact::D6_EnrichedEpisodeData::record::3::cell::sev::0033","AccessRole|AU","allowsRole","{}"
"PrivacyAnnotation|PA::DataCellArtifact::D6_EnrichedEpisodeData::record::3::cell::sev::0033","AccessRole|DPO","allowsRole","{}"
"PrivacyAnnotation|PA::DataCellArtifact::D6_EnrichedEpisodeData::record::0::cell::age_grp::0034","DataCellArtifact|D6_EnrichedEpisodeData::record::0::cell::age_grp","annotates","{}"
"PrivacyAnnotation|PA::DataCellArtifact::D6_EnrichedEpisodeData::record::0::cell::age_grp::0034","SensitivityCategory|quasi_identifier","hasCategory","{""explicit"": true}"
"PrivacyAnnotation|PA::DataCellArtifact::D6_EnrichedEpisodeData::record::0::cell::age_grp::0034","UsageConstraint|clinical_research","hasUsage","{}"
"PrivacyAnnotation|PA::DataCellArtifact::D6_EnrichedEpisodeData::record::0::cell::age_grp::0034","ErasureConstraint|delete_on_request","hasErasure","{}"
"PrivacyAnnotation|PA::DataCellArtifact::D6_EnrichedEpisodeData::record::0::cell::age_grp::0034","ErasureConstraint|retention_5y","hasErasure","{}"
"PrivacyAnnotation|PA::DataCellArtifact::D6_EnrichedEpisodeData::record::0::cell::age_grp::0034","AccessRole|DS","allowsRole","{}"
"PrivacyAnnotation|PA::DataCellArtifact::D6_EnrichedEpisodeData::record::0::cell::age_grp::0034","AccessRole|CL","allowsRole","{}"
"PrivacyAnnotation|PA::DataCellArtifact::D6_EnrichedEpisodeData::record::0::cell::age_grp::0034","AccessRole|AU","allowsRole","{}"
"PrivacyAnnotation|PA::DataCellArtifact::D6_EnrichedEpisodeData::record::0::cell::age_grp::0034","AccessRole|DPO","allowsRole","{}"
"PrivacyAnnotation|PA::DataCellArtifact::D6_EnrichedEpisodeData::record::1::cell::age_grp::0035","DataCellArtifact|D6_EnrichedEpisodeData::record::1::cell::age_grp","annotates","{}"
"PrivacyAnnotation|PA::DataCellArtifact::D6_EnrichedEpisodeData::record::1::cell::age_grp::0035","SensitivityCategory|quasi_identifier","hasCategory","{""explicit"": true}"
"PrivacyAnnotation|PA::DataCellArtifact::D6_EnrichedEpisodeData::record::1::cell::age_grp::0035","UsageConstraint|clinical_research","hasUsage","{}"
"PrivacyAnnotation|PA::DataCellArtifact::D6_EnrichedEpisodeData::record::1::cell::age_grp::0035","ErasureConstraint|delete_on_request","hasErasure","{}"
"PrivacyAnnotation|PA::DataCellArtifact::D6_EnrichedEpisodeData::record::1::cell::age_grp::0035","ErasureConstraint|retention_5y","hasErasure","{}"
"PrivacyAnnotation|PA::DataCellArtifact::D6_EnrichedEpisodeData::record::1::cell::age_grp::0035","AccessRole|DS","allowsRole","{}"
"PrivacyAnnotation|PA::DataCellArtifact::D6_EnrichedEpisodeData::record::1::cell::age_grp::0035","AccessRole|CL","allowsRole","{}"
"PrivacyAnnotation|PA::DataCellArtifact::D6_EnrichedEpisodeData::record::1::cell::age_grp::0035","AccessRole|AU","allowsRole","{}"
"PrivacyAnnotation|PA::DataCellArtifact::D6_EnrichedEpisodeData::record::1::cell::age_grp::0035","AccessRole|DPO","allowsRole","{}"
"PrivacyAnnotation|PA::DataCellArtifact::D6_EnrichedEpisodeData::record::2::cell::age_grp::0036","DataCellArtifact|D6_EnrichedEpisodeData::record::2::cell::age_grp","annotates","{}"
"PrivacyAnnotation|PA::DataCellArtifact::D6_EnrichedEpisodeData::record::2::cell::age_grp::0036","SensitivityCategory|quasi_identifier","hasCategory","{""explicit"": true}"
"PrivacyAnnotation|PA::DataCellArtifact::D6_EnrichedEpisodeData::record::2::cell::age_grp::0036","UsageConstraint|clinical_research","hasUsage","{}"
"PrivacyAnnotation|PA::DataCellArtifact::D6_EnrichedEpisodeData::record::2::cell::age_grp::0036","ErasureConstraint|delete_on_request","hasErasure","{}"
"PrivacyAnnotation|PA::DataCellArtifact::D6_EnrichedEpisodeData::record::2::cell::age_grp::0036","ErasureConstraint|retention_5y","hasErasure","{}"
"PrivacyAnnotation|PA::DataCellArtifact::D6_EnrichedEpisodeData::record::2::cell::age_grp::0036","AccessRole|DS","allowsRole","{}"
"PrivacyAnnotation|PA::DataCellArtifact::D6_EnrichedEpisodeData::record::2::cell::age_grp::0036","AccessRole|CL","allowsRole","{}"
"PrivacyAnnotation|PA::DataCellArtifact::D6_EnrichedEpisodeData::record::2::cell::age_grp::0036","AccessRole|AU","allowsRole","{}"
"PrivacyAnnotation|PA::DataCellArtifact::D6_EnrichedEpisodeData::record::2::cell::age_grp::0036","AccessRole|DPO","allowsRole","{}"
"PrivacyAnnotation|PA::DataCellArtifact::D6_EnrichedEpisodeData::record::3::cell::age_grp::0037","DataCellArtifact|D6_EnrichedEpisodeData::record::3::cell::age_grp","annotates","{}"
"PrivacyAnnotation|PA::DataCellArtifact::D6_EnrichedEpisodeData::record::3::cell::age_grp::0037","SensitivityCategory|quasi_identifier","hasCategory","{""explicit"": true}"
"PrivacyAnnotation|PA::DataCellArtifact::D6_EnrichedEpisodeData::record::3::cell::age_grp::0037","UsageConstraint|clinical_research","hasUsage","{}"
"PrivacyAnnotation|PA::DataCellArtifact::D6_EnrichedEpisodeData::record::3::cell::age_grp::0037","ErasureConstraint|delete_on_request","hasErasure","{}"
"PrivacyAnnotation|PA::DataCellArtifact::D6_EnrichedEpisodeData::record::3::cell::age_grp::0037","ErasureConstraint|retention_5y","hasErasure","{}"
"PrivacyAnnotation|PA::DataCellArtifact::D6_EnrichedEpisodeData::record::3::cell::age_grp::0037","AccessRole|DS","allowsRole","{}"
"PrivacyAnnotation|PA::DataCellArtifact::D6_EnrichedEpisodeData::record::3::cell::age_grp::0037","AccessRole|CL","allowsRole","{}"
"PrivacyAnnotation|PA::DataCellArtifact::D6_EnrichedEpisodeData::record::3::cell::age_grp::0037","AccessRole|AU","allowsRole","{}"
"PrivacyAnnotation|PA::DataCellArtifact::D6_EnrichedEpisodeData::record::3::cell::age_grp::0037","AccessRole|DPO","allowsRole","{}"
"PrivacyAnnotation|PA::DataCellArtifact::D6_EnrichedEpisodeData::record::0::cell::sex::0038","DataCellArtifact|D6_EnrichedEpisodeData::record::0::cell::sex","annotates","{}"
"PrivacyAnnotation|PA::DataCellArtifact::D6_EnrichedEpisodeData::record::0::cell::sex::0038","SensitivityCategory|quasi_identifier","hasCategory","{""explicit"": true}"
"PrivacyAnnotation|PA::DataCellArtifact::D6_EnrichedEpisodeData::record::0::cell::sex::0038","UsageConstraint|clinical_research","hasUsage","{}"
"PrivacyAnnotation|PA::DataCellArtifact::D6_EnrichedEpisodeData::record::0::cell::sex::0038","ErasureConstraint|delete_on_request","hasErasure","{}"
"PrivacyAnnotation|PA::DataCellArtifact::D6_EnrichedEpisodeData::record::0::cell::sex::0038","ErasureConstraint|retention_5y","hasErasure","{}"
"PrivacyAnnotation|PA::DataCellArtifact::D6_EnrichedEpisodeData::record::0::cell::sex::0038","AccessRole|DS","allowsRole","{}"
"PrivacyAnnotation|PA::DataCellArtifact::D6_EnrichedEpisodeData::record::0::cell::sex::0038","AccessRole|CL","allowsRole","{}"
"PrivacyAnnotation|PA::DataCellArtifact::D6_EnrichedEpisodeData::record::0::cell::sex::0038","AccessRole|AU","allowsRole","{}"
"PrivacyAnnotation|PA::DataCellArtifact::D6_EnrichedEpisodeData::record::0::cell::sex::0038","AccessRole|DPO","allowsRole","{}"
"PrivacyAnnotation|PA::DataCellArtifact::D6_EnrichedEpisodeData::record::1::cell::sex::0039","DataCellArtifact|D6_EnrichedEpisodeData::record::1::cell::sex","annotates","{}"
"PrivacyAnnotation|PA::DataCellArtifact::D6_EnrichedEpisodeData::record::1::cell::sex::0039","SensitivityCategory|quasi_identifier","hasCategory","{""explicit"": true}"
"PrivacyAnnotation|PA::DataCellArtifact::D6_EnrichedEpisodeData::record::1::cell::sex::0039","UsageConstraint|clinical_research","hasUsage","{}"
"PrivacyAnnotation|PA::DataCellArtifact::D6_EnrichedEpisodeData::record::1::cell::sex::0039","ErasureConstraint|delete_on_request","hasErasure","{}"
"PrivacyAnnotation|PA::DataCellArtifact::D6_EnrichedEpisodeData::record::1::cell::sex::0039","ErasureConstraint|retention_5y","hasErasure","{}"
"PrivacyAnnotation|PA::DataCellArtifact::D6_EnrichedEpisodeData::record::1::cell::sex::0039","AccessRole|DS","allowsRole","{}"
"PrivacyAnnotation|PA::DataCellArtifact::D6_EnrichedEpisodeData::record::1::cell::sex::0039","AccessRole|CL","allowsRole","{}"
"PrivacyAnnotation|PA::DataCellArtifact::D6_EnrichedEpisodeData::record::1::cell::sex::0039","AccessRole|AU","allowsRole","{}"
"PrivacyAnnotation|PA::DataCellArtifact::D6_EnrichedEpisodeData::record::1::cell::sex::0039","AccessRole|DPO","allowsRole","{}"
"PrivacyAnnotation|PA::DataCellArtifact::D6_EnrichedEpisodeData::record::2::cell::sex::0040","DataCellArtifact|D6_EnrichedEpisodeData::record::2::cell::sex","annotates","{}"
"PrivacyAnnotation|PA::DataCellArtifact::D6_EnrichedEpisodeData::record::2::cell::sex::0040","SensitivityCategory|quasi_identifier","hasCategory","{""explicit"": true}"
"PrivacyAnnotation|PA::DataCellArtifact::D6_EnrichedEpisodeData::record::2::cell::sex::0040","UsageConstraint|clinical_research","hasUsage","{}"
"PrivacyAnnotation|PA::DataCellArtifact::D6_EnrichedEpisodeData::record::2::cell::sex::0040","ErasureConstraint|delete_on_request","hasErasure","{}"
"PrivacyAnnotation|PA::DataCellArtifact::D6_EnrichedEpisodeData::record::2::cell::sex::0040","ErasureConstraint|retention_5y","hasErasure","{}"
"PrivacyAnnotation|PA::DataCellArtifact::D6_EnrichedEpisodeData::record::2::cell::sex::0040","AccessRole|DS","allowsRole","{}"
"PrivacyAnnotation|PA::DataCellArtifact::D6_EnrichedEpisodeData::record::2::cell::sex::0040","AccessRole|CL","allowsRole","{}"
"PrivacyAnnotation|PA::DataCellArtifact::D6_EnrichedEpisodeData::record::2::cell::sex::0040","AccessRole|AU","allowsRole","{}"
"PrivacyAnnotation|PA::DataCellArtifact::D6_EnrichedEpisodeData::record::2::cell::sex::0040","AccessRole|DPO","allowsRole","{}"
"PrivacyAnnotation|PA::DataCellArtifact::D6_EnrichedEpisodeData::record::3::cell::sex::0041","DataCellArtifact|D6_EnrichedEpisodeData::record::3::cell::sex","annotates","{}"
"PrivacyAnnotation|PA::DataCellArtifact::D6_EnrichedEpisodeData::record::3::cell::sex::0041","SensitivityCategory|quasi_identifier","hasCategory","{""explicit"": true}"
"PrivacyAnnotation|PA::DataCellArtifact::D6_EnrichedEpisodeData::record::3::cell::sex::0041","UsageConstraint|clinical_research","hasUsage","{}"
"PrivacyAnnotation|PA::DataCellArtifact::D6_EnrichedEpisodeData::record::3::cell::sex::0041","ErasureConstraint|delete_on_request","hasErasure","{}"
"PrivacyAnnotation|PA::DataCellArtifact::D6_EnrichedEpisodeData::record::3::cell::sex::0041","ErasureConstraint|retention_5y","hasErasure","{}"
"PrivacyAnnotation|PA::DataCellArtifact::D6_EnrichedEpisodeData::record::3::cell::sex::0041","AccessRole|DS","allowsRole","{}"
"PrivacyAnnotation|PA::DataCellArtifact::D6_EnrichedEpisodeData::record::3::cell::sex::0041","AccessRole|CL","allowsRole","{}"
"PrivacyAnnotation|PA::DataCellArtifact::D6_EnrichedEpisodeData::record::3::cell::sex::0041","AccessRole|AU","allowsRole","{}"
"PrivacyAnnotation|PA::DataCellArtifact::D6_EnrichedEpisodeData::record::3::cell::sex::0041","AccessRole|DPO","allowsRole","{}"
"PrivacyAnnotation|PA::DataCellArtifact::D6_EnrichedEpisodeData::record::0::cell::clinic_site::0042","DataCellArtifact|D6_EnrichedEpisodeData::record::0::cell::clinic_site","annotates","{}"
"PrivacyAnnotation|PA::DataCellArtifact::D6_EnrichedEpisodeData::record::0::cell::clinic_site::0042","SensitivityCategory|quasi_identifier","hasCategory","{""explicit"": true}"
"PrivacyAnnotation|PA::DataCellArtifact::D6_EnrichedEpisodeData::record::0::cell::clinic_site::0042","SensitivityCategory|organisational_context","hasCategory","{""explicit"": true}"
"PrivacyAnnotation|PA::DataCellArtifact::D6_EnrichedEpisodeData::record::0::cell::clinic_site::0042","UsageConstraint|clinical_research","hasUsage","{}"
"PrivacyAnnotation|PA::DataCellArtifact::D6_EnrichedEpisodeData::record::0::cell::clinic_site::0042","ErasureConstraint|delete_on_request","hasErasure","{}"
"PrivacyAnnotation|PA::DataCellArtifact::D6_EnrichedEpisodeData::record::0::cell::clinic_site::0042","ErasureConstraint|retention_5y","hasErasure","{}"
"PrivacyAnnotation|PA::DataCellArtifact::D6_EnrichedEpisodeData::record::0::cell::clinic_site::0042","AccessRole|CL","allowsRole","{}"
"PrivacyAnnotation|PA::DataCellArtifact::D6_EnrichedEpisodeData::record::0::cell::clinic_site::0042","AccessRole|AU","allowsRole","{}"
"PrivacyAnnotation|PA::DataCellArtifact::D6_EnrichedEpisodeData::record::0::cell::clinic_site::0042","AccessRole|DPO","allowsRole","{}"
"PrivacyAnnotation|PA::DataCellArtifact::D6_EnrichedEpisodeData::record::1::cell::clinic_site::0043","DataCellArtifact|D6_EnrichedEpisodeData::record::1::cell::clinic_site","annotates","{}"
"PrivacyAnnotation|PA::DataCellArtifact::D6_EnrichedEpisodeData::record::1::cell::clinic_site::0043","SensitivityCategory|quasi_identifier","hasCategory","{""explicit"": true}"
"PrivacyAnnotation|PA::DataCellArtifact::D6_EnrichedEpisodeData::record::1::cell::clinic_site::0043","SensitivityCategory|organisational_context","hasCategory","{""explicit"": true}"
"PrivacyAnnotation|PA::DataCellArtifact::D6_EnrichedEpisodeData::record::1::cell::clinic_site::0043","UsageConstraint|clinical_research","hasUsage","{}"
"PrivacyAnnotation|PA::DataCellArtifact::D6_EnrichedEpisodeData::record::1::cell::clinic_site::0043","ErasureConstraint|delete_on_request","hasErasure","{}"
"PrivacyAnnotation|PA::DataCellArtifact::D6_EnrichedEpisodeData::record::1::cell::clinic_site::0043","ErasureConstraint|retention_5y","hasErasure","{}"
"PrivacyAnnotation|PA::DataCellArtifact::D6_EnrichedEpisodeData::record::1::cell::clinic_site::0043","AccessRole|CL","allowsRole","{}"
"PrivacyAnnotation|PA::DataCellArtifact::D6_EnrichedEpisodeData::record::1::cell::clinic_site::0043","AccessRole|AU","allowsRole","{}"
"PrivacyAnnotation|PA::DataCellArtifact::D6_EnrichedEpisodeData::record::1::cell::clinic_site::0043","AccessRole|DPO","allowsRole","{}"
"PrivacyAnnotation|PA::DataCellArtifact::D6_EnrichedEpisodeData::record::2::cell::clinic_site::0044","DataCellArtifact|D6_EnrichedEpisodeData::record::2::cell::clinic_site","annotates","{}"
"PrivacyAnnotation|PA::DataCellArtifact::D6_EnrichedEpisodeData::record::2::cell::clinic_site::0044","SensitivityCategory|quasi_identifier","hasCategory","{""explicit"": true}"
"PrivacyAnnotation|PA::DataCellArtifact::D6_EnrichedEpisodeData::record::2::cell::clinic_site::0044","SensitivityCategory|organisational_context","hasCategory","{""explicit"": true}"
"PrivacyAnnotation|PA::DataCellArtifact::D6_EnrichedEpisodeData::record::2::cell::clinic_site::0044","UsageConstraint|clinical_research","hasUsage","{}"
"PrivacyAnnotation|PA::DataCellArtifact::D6_EnrichedEpisodeData::record::2::cell::clinic_site::0044","ErasureConstraint|delete_on_request","hasErasure","{}"
"PrivacyAnnotation|PA::DataCellArtifact::D6_EnrichedEpisodeData::record::2::cell::clinic_site::0044","ErasureConstraint|retention_5y","hasErasure","{}"
"PrivacyAnnotation|PA::DataCellArtifact::D6_EnrichedEpisodeData::record::2::cell::clinic_site::0044","AccessRole|CL","allowsRole","{}"
"PrivacyAnnotation|PA::DataCellArtifact::D6_EnrichedEpisodeData::record::2::cell::clinic_site::0044","AccessRole|AU","allowsRole","{}"
"PrivacyAnnotation|PA::DataCellArtifact::D6_EnrichedEpisodeData::record::2::cell::clinic_site::0044","AccessRole|DPO","allowsRole","{}"
"PrivacyAnnotation|PA::DataCellArtifact::D6_EnrichedEpisodeData::record::3::cell::clinic_site::0045","DataCellArtifact|D6_EnrichedEpisodeData::record::3::cell::clinic_site","annotates","{}"
"PrivacyAnnotation|PA::DataCellArtifact::D6_EnrichedEpisodeData::record::3::cell::clinic_site::0045","SensitivityCategory|quasi_identifier","hasCategory","{""explicit"": true}"
"PrivacyAnnotation|PA::DataCellArtifact::D6_EnrichedEpisodeData::record::3::cell::clinic_site::0045","SensitivityCategory|organisational_context","hasCategory","{""explicit"": true}"
"PrivacyAnnotation|PA::DataCellArtifact::D6_EnrichedEpisodeData::record::3::cell::clinic_site::0045","UsageConstraint|clinical_research","hasUsage","{}"
"PrivacyAnnotation|PA::DataCellArtifact::D6_EnrichedEpisodeData::record::3::cell::clinic_site::0045","ErasureConstraint|delete_on_request","hasErasure","{}"
"PrivacyAnnotation|PA::DataCellArtifact::D6_EnrichedEpisodeData::record::3::cell::clinic_site::0045","ErasureConstraint|retention_5y","hasErasure","{}"
"PrivacyAnnotation|PA::DataCellArtifact::D6_EnrichedEpisodeData::record::3::cell::clinic_site::0045","AccessRole|CL","allowsRole","{}"
"PrivacyAnnotation|PA::DataCellArtifact::D6_EnrichedEpisodeData::record::3::cell::clinic_site::0045","AccessRole|AU","allowsRole","{}"
"PrivacyAnnotation|PA::DataCellArtifact::D6_EnrichedEpisodeData::record::3::cell::clinic_site::0045","AccessRole|DPO","allowsRole","{}"
"PrivacyAnnotation|PA::DataCellArtifact::D6_EnrichedEpisodeData::record::0::cell::diag::0046","DataCellArtifact|D6_EnrichedEpisodeData::record::0::cell::diag","annotates","{}"
"PrivacyAnnotation|PA::DataCellArtifact::D6_EnrichedEpisodeData::record::0::cell::diag::0046","SensitivityCategory|health","hasCategory","{""explicit"": true}"
"PrivacyAnnotation|PA::DataCellArtifact::D6_EnrichedEpisodeData::record::0::cell::diag::0046","SensitivityCategory|sensitive_personal_data","hasCategory","{""explicit"": true}"
"PrivacyAnnotation|PA::DataCellArtifact::D6_EnrichedEpisodeData::record::0::cell::diag::0046","UsageConstraint|clinical_research","hasUsage","{}"
"PrivacyAnnotation|PA::DataCellArtifact::D6_EnrichedEpisodeData::record::0::cell::diag::0046","ErasureConstraint|delete_on_request","hasErasure","{}"
"PrivacyAnnotation|PA::DataCellArtifact::D6_EnrichedEpisodeData::record::0::cell::diag::0046","ErasureConstraint|retention_5y","hasErasure","{}"
"PrivacyAnnotation|PA::DataCellArtifact::D6_EnrichedEpisodeData::record::0::cell::diag::0046","AccessRole|CL","allowsRole","{}"
"PrivacyAnnotation|PA::DataCellArtifact::D6_EnrichedEpisodeData::record::0::cell::diag::0046","AccessRole|AU","allowsRole","{}"
"PrivacyAnnotation|PA::DataCellArtifact::D6_EnrichedEpisodeData::record::0::cell::diag::0046","AccessRole|DPO","allowsRole","{}"
"PrivacyAnnotation|PA::DataCellArtifact::D6_EnrichedEpisodeData::record::1::cell::diag::0047","DataCellArtifact|D6_EnrichedEpisodeData::record::1::cell::diag","annotates","{}"
"PrivacyAnnotation|PA::DataCellArtifact::D6_EnrichedEpisodeData::record::1::cell::diag::0047","SensitivityCategory|health","hasCategory","{""explicit"": true}"
"PrivacyAnnotation|PA::DataCellArtifact::D6_EnrichedEpisodeData::record::1::cell::diag::0047","SensitivityCategory|sensitive_personal_data","hasCategory","{""explicit"": true}"
"PrivacyAnnotation|PA::DataCellArtifact::D6_EnrichedEpisodeData::record::1::cell::diag::0047","UsageConstraint|clinical_research","hasUsage","{}"
"PrivacyAnnotation|PA::DataCellArtifact::D6_EnrichedEpisodeData::record::1::cell::diag::0047","ErasureConstraint|delete_on_request","hasErasure","{}"
"PrivacyAnnotation|PA::DataCellArtifact::D6_EnrichedEpisodeData::record::1::cell::diag::0047","ErasureConstraint|retention_5y","hasErasure","{}"
"PrivacyAnnotation|PA::DataCellArtifact::D6_EnrichedEpisodeData::record::1::cell::diag::0047","AccessRole|CL","allowsRole","{}"
"PrivacyAnnotation|PA::DataCellArtifact::D6_EnrichedEpisodeData::record::1::cell::diag::0047","AccessRole|AU","allowsRole","{}"
"PrivacyAnnotation|PA::DataCellArtifact::D6_EnrichedEpisodeData::record::1::cell::diag::0047","AccessRole|DPO","allowsRole","{}"
"PrivacyAnnotation|PA::DataCellArtifact::D6_EnrichedEpisodeData::record::2::cell::diag::0048","DataCellArtifact|D6_EnrichedEpisodeData::record::2::cell::diag","annotates","{}"
"PrivacyAnnotation|PA::DataCellArtifact::D6_EnrichedEpisodeData::record::2::cell::diag::0048","SensitivityCategory|health","hasCategory","{""explicit"": true}"
"PrivacyAnnotation|PA::DataCellArtifact::D6_EnrichedEpisodeData::record::2::cell::diag::0048","SensitivityCategory|sensitive_personal_data","hasCategory","{""explicit"": true}"
"PrivacyAnnotation|PA::DataCellArtifact::D6_EnrichedEpisodeData::record::2::cell::diag::0048","UsageConstraint|clinical_research","hasUsage","{}"
"PrivacyAnnotation|PA::DataCellArtifact::D6_EnrichedEpisodeData::record::2::cell::diag::0048","ErasureConstraint|delete_on_request","hasErasure","{}"
"PrivacyAnnotation|PA::DataCellArtifact::D6_EnrichedEpisodeData::record::2::cell::diag::0048","ErasureConstraint|retention_5y","hasErasure","{}"
"PrivacyAnnotation|PA::DataCellArtifact::D6_EnrichedEpisodeData::record::2::cell::diag::0048","AccessRole|CL","allowsRole","{}"
"PrivacyAnnotation|PA::DataCellArtifact::D6_EnrichedEpisodeData::record::2::cell::diag::0048","AccessRole|AU","allowsRole","{}"
"PrivacyAnnotation|PA::DataCellArtifact::D6_EnrichedEpisodeData::record::2::cell::diag::0048","AccessRole|DPO","allowsRole","{}"
"PrivacyAnnotation|PA::DataCellArtifact::D6_EnrichedEpisodeData::record::3::cell::diag::0049","DataCellArtifact|D6_EnrichedEpisodeData::record::3::cell::diag","annotates","{}"
"PrivacyAnnotation|PA::DataCellArtifact::D6_EnrichedEpisodeData::record::3::cell::diag::0049","SensitivityCategory|health","hasCategory","{""explicit"": true}"
"PrivacyAnnotation|PA::DataCellArtifact::D6_EnrichedEpisodeData::record::3::cell::diag::0049","SensitivityCategory|sensitive_personal_data","hasCategory","{""explicit"": true}"
"PrivacyAnnotation|PA::DataCellArtifact::D6_EnrichedEpisodeData::record::3::cell::diag::0049","UsageConstraint|clinical_research","hasUsage","{}"
"PrivacyAnnotation|PA::DataCellArtifact::D6_EnrichedEpisodeData::record::3::cell::diag::0049","ErasureConstraint|delete_on_request","hasErasure","{}"
"PrivacyAnnotation|PA::DataCellArtifact::D6_EnrichedEpisodeData::record::3::cell::diag::0049","ErasureConstraint|retention_5y","hasErasure","{}"
"PrivacyAnnotation|PA::DataCellArtifact::D6_EnrichedEpisodeData::record::3::cell::diag::0049","AccessRole|CL","allowsRole","{}"
"PrivacyAnnotation|PA::DataCellArtifact::D6_EnrichedEpisodeData::record::3::cell::diag::0049","AccessRole|AU","allowsRole","{}"
"PrivacyAnnotation|PA::DataCellArtifact::D6_EnrichedEpisodeData::record::3::cell::diag::0049","AccessRole|DPO","allowsRole","{}"
"OperationPolicy|S5_normalise_policy","OperatorType|TR","hasOperatorType","{}"
"Step|S5_normalise","OperationPolicy|S5_normalise_policy","hasPolicy","{}"
"StepRun|asd_run_001::001::S5_normalise","OperationPolicy|S5_normalise_policy","usesPolicy","{}"
"OperationPolicy|S5_normalise_policy","TransformationRule|S5_normalise_policy::transformation::HR_norm","hasTransformationRule","{}"
"OperationPolicy|S5_normalise_policy","TransformationRule|S5_normalise_policy::transformation::EDA_norm","hasTransformationRule","{}"
"OperationPolicy|S5_normalise_policy","TransformationRule|S5_normalise_policy::transformation::ACC_norm","hasTransformationRule","{}"
"OperationPolicy|S5_normalise_policy","TransformationRule|S5_normalise_policy::transformation::Id","hasTransformationRule","{}"
"OperationPolicy|S5_normalise_policy","TransformationRule|S5_normalise_policy::transformation::window_start","hasTransformationRule","{}"
"OperationPolicy|S5_normalise_policy","TransformationRule|S5_normalise_policy::transformation::chall_behav","hasTransformationRule","{}"
"OperationPolicy|S5_normalise_policy","TransformationRule|S5_normalise_policy::transformation::sev","hasTransformationRule","{}"
"OperationPolicy|S5_normalise_policy","TransformationRule|S5_normalise_policy::transformation::age_grp","hasTransformationRule","{}"
"OperationPolicy|S5_normalise_policy","TransformationRule|S5_normalise_policy::transformation::sex","hasTransformationRule","{}"
"OperationPolicy|S5_normalise_policy","TransformationRule|S5_normalise_policy::transformation::clinic_site","hasTransformationRule","{}"
"OperationPolicy|S5_normalise_policy","TransformationRule|S5_normalise_policy::transformation::diag","hasTransformationRule","{}"
"OperationPolicy|S6_select_modelling_features_policy","OperatorType|RED","hasOperatorType","{}"
"Step|S6_select_modelling_features","OperationPolicy|S6_select_modelling_features_policy","hasPolicy","{}"
"StepRun|asd_run_001::002::S6_select_modelling_features","OperationPolicy|S6_select_modelling_features_policy","usesPolicy","{}"
"OperationPolicy|S6_select_modelling_features_policy","RiskRemovalRule|S6_select_modelling_features_policy::RiskRemovalRule::001","hasRiskRemovalRule","{}"
"RiskRemovalRule|S6_select_modelling_features_policy::RiskRemovalRule::001","SensitivityCategory|direct_identifier","removesCategory","{}"
"RiskRemovalRule|S6_select_modelling_features_policy::RiskRemovalRule::001","SensitivityCategory|temporal_quasi_identifier","removesCategory","{}"
"RiskRemovalRule|S6_select_modelling_features_policy::RiskRemovalRule::001","SensitivityCategory|organisational_context","removesCategory","{}"
"RiskRemovalRule|S6_select_modelling_features_policy::RiskRemovalRule::001","SensitivityCategory|reidentification_risk","removesCategory","{}"
"OperationPolicy|S7_split_train_test_policy","OperatorType|RED","hasOperatorType","{}"
"Step|S7_split_train_test","OperationPolicy|S7_split_train_test_policy","hasPolicy","{}"
"StepRun|asd_run_001::003::S7_split_train_test","OperationPolicy|S7_split_train_test_policy","usesPolicy","{}"
"OperationPolicy|S8_train_classifier_policy","OperatorType|LEARN","hasOperatorType","{}"
"Step|S8_train_classifier","OperationPolicy|S8_train_classifier_policy","hasPolicy","{}"
"StepRun|asd_run_001::004::S8_train_classifier","OperationPolicy|S8_train_classifier_policy","usesPolicy","{}"
"OperationPolicy|S8_train_classifier_policy","MintingRule|S8_train_classifier_policy::MintingRule::001","hasMintingRule","{}"
"MintingRule|S8_train_classifier_policy::MintingRule::001","SensitivityCategory|small_training_set_model_disclosure_risk","addsCategory","{}"
"OperationPolicy|S8_train_classifier_policy","ModelExposureMapping|S8_train_classifier_policy::modelExposure::biometric::model_exposed_to_biometric_data","hasModelExposureMapping","{}"
"ModelExposureMapping|S8_train_classifier_policy::modelExposure::biometric::model_exposed_to_biometric_data","SensitivityCategory|biometric","mapsFromCategory","{}"
"ModelExposureMapping|S8_train_classifier_policy::modelExposure::biometric::model_exposed_to_biometric_data","SensitivityCategory|model_exposed_to_biometric_data","mapsToCategory","{}"
"OperationPolicy|S8_train_classifier_policy","ModelExposureMapping|S8_train_classifier_policy::modelExposure::health::model_exposed_to_health_data","hasModelExposureMapping","{}"
"ModelExposureMapping|S8_train_classifier_policy::modelExposure::health::model_exposed_to_health_data","SensitivityCategory|health","mapsFromCategory","{}"
"ModelExposureMapping|S8_train_classifier_policy::modelExposure::health::model_exposed_to_health_data","SensitivityCategory|model_exposed_to_health_data","mapsToCategory","{}"
"OperationPolicy|S8_train_classifier_policy","ModelExposureMapping|S8_train_classifier_policy::modelExposure::behavioural_sensor_data::model_exposed_to_behavioural_sensor_data","hasModelExposureMapping","{}"
"ModelExposureMapping|S8_train_classifier_policy::modelExposure::behavioural_sensor_data::model_exposed_to_behavioural_sensor_data","SensitivityCategory|behavioural_sensor_data","mapsFromCategory","{}"
"ModelExposureMapping|S8_train_classifier_policy::modelExposure::behavioural_sensor_data::model_exposed_to_behavioural_sensor_data","SensitivityCategory|model_exposed_to_behavioural_sensor_data","mapsToCategory","{}"
"OperationPolicy|S8_train_classifier_policy","ModelExposureMapping|S8_train_classifier_policy::modelExposure::behavioural_sensitive::model_exposed_to_behavioural_sensitive_label","hasModelExposureMapping","{}"
"ModelExposureMapping|S8_train_classifier_policy::modelExposure::behavioural_sensitive::model_exposed_to_behavioural_sensitive_label","SensitivityCategory|behavioural_sensitive","mapsFromCategory","{}"
"ModelExposureMapping|S8_train_classifier_policy::modelExposure::behavioural_sensitive::model_exposed_to_behavioural_sensitive_label","SensitivityCategory|model_exposed_to_behavioural_sensitive_label","mapsToCategory","{}"
"OperationPolicy|S8_train_classifier_policy","ModelExposureMapping|S8_train_classifier_policy::modelExposure::quasi_identifier::model_exposed_to_quasi_identifier_features","hasModelExposureMapping","{}"
"ModelExposureMapping|S8_train_classifier_policy::modelExposure::quasi_identifier::model_exposed_to_quasi_identifier_features","SensitivityCategory|quasi_identifier","mapsFromCategory","{}"
"ModelExposureMapping|S8_train_classifier_policy::modelExposure::quasi_identifier::model_exposed_to_quasi_identifier_features","SensitivityCategory|model_exposed_to_quasi_identifier_features","mapsToCategory","{}"
"OperationPolicy|S8_train_classifier_policy","ErasureRewriteRule|S8_train_classifier_policy::erasureRewrite::delete_on_request::retrain_or_review_on_erasure","hasErasureRewriteRule","{}"
"ErasureRewriteRule|S8_train_classifier_policy::erasureRewrite::delete_on_request::retrain_or_review_on_erasure","ErasureConstraint|delete_on_request","rewritesFromErasure","{}"
"ErasureRewriteRule|S8_train_classifier_policy::erasureRewrite::delete_on_request::retrain_or_review_on_erasure","ErasureConstraint|retrain_or_review_on_erasure","rewritesToErasure","{}"
"PrivacyAnnotation|PA::prop::DataCellArtifact::D7_NormalizedEpisodeData::record::0::cell::Id::00050","DataCellArtifact|D7_NormalizedEpisodeData::record::0::cell::Id","annotates","{}"
"StepRun|asd_run_001::001::S5_normalise","PrivacyAnnotation|PA::prop::DataCellArtifact::D7_NormalizedEpisodeData::record::0::cell::Id::00050","generatedPrivacyAnnotation","{}"
"PrivacyAnnotation|PA::prop::DataCellArtifact::D7_NormalizedEpisodeData::record::0::cell::Id::00050","StepRun|asd_run_001::001::S5_normalise","wasGeneratedBy","{}"
"PrivacyAnnotation|PA::prop::DataCellArtifact::D7_NormalizedEpisodeData::record::0::cell::Id::00050","OperationPolicy|S5_normalise_policy","usedPolicy","{}"
"PrivacyAnnotation|PA::prop::DataCellArtifact::D7_NormalizedEpisodeData::record::0::cell::Id::00050","SensitivityCategory|direct_identifier","hasCategory","{""explicit"": true}"
"PrivacyAnnotation|PA::prop::DataCellArtifact::D7_NormalizedEpisodeData::record::0::cell::Id::00050","SensitivityCategory|identifier","hasCategory","{""explicit"": false}"
"PrivacyAnnotation|PA::prop::DataCellArtifact::D7_NormalizedEpisodeData::record::0::cell::Id::00050","UsageConstraint|clinical_research","hasUsage","{}"
"PrivacyAnnotation|PA::prop::DataCellArtifact::D7_NormalizedEpisodeData::record::0::cell::Id::00050","ErasureConstraint|delete_on_request","hasErasure","{}"
"PrivacyAnnotation|PA::prop::DataCellArtifact::D7_NormalizedEpisodeData::record::0::cell::Id::00050","ErasureConstraint|retention_5y","hasErasure","{}"
"PrivacyAnnotation|PA::prop::DataCellArtifact::D7_NormalizedEpisodeData::record::0::cell::Id::00050","AccessRole|CL","allowsRole","{}"
"PrivacyAnnotation|PA::prop::DataCellArtifact::D7_NormalizedEpisodeData::record::0::cell::Id::00050","AccessRole|DPO","allowsRole","{}"
"PrivacyAnnotation|PA::prop::DataCellArtifact::D7_NormalizedEpisodeData::record::0::cell::window_start::00051","DataCellArtifact|D7_NormalizedEpisodeData::record::0::cell::window_start","annotates","{}"
"StepRun|asd_run_001::001::S5_normalise","PrivacyAnnotation|PA::prop::DataCellArtifact::D7_NormalizedEpisodeData::record::0::cell::window_start::00051","generatedPrivacyAnnotation","{}"
"PrivacyAnnotation|PA::prop::DataCellArtifact::D7_NormalizedEpisodeData::record::0::cell::window_start::00051","StepRun|asd_run_001::001::S5_normalise","wasGeneratedBy","{}"
"PrivacyAnnotation|PA::prop::DataCellArtifact::D7_NormalizedEpisodeData::record::0::cell::window_start::00051","OperationPolicy|S5_normalise_policy","usedPolicy","{}"
"PrivacyAnnotation|PA::prop::DataCellArtifact::D7_NormalizedEpisodeData::record::0::cell::window_start::00051","SensitivityCategory|temporal_quasi_identifier","hasCategory","{""explicit"": true}"
"PrivacyAnnotation|PA::prop::DataCellArtifact::D7_NormalizedEpisodeData::record::0::cell::window_start::00051","SensitivityCategory|quasi_identifier","hasCategory","{""explicit"": false}"
"PrivacyAnnotation|PA::prop::DataCellArtifact::D7_NormalizedEpisodeData::record::0::cell::window_start::00051","UsageConstraint|clinical_research","hasUsage","{}"
"PrivacyAnnotation|PA::prop::DataCellArtifact::D7_NormalizedEpisodeData::record::0::cell::window_start::00051","ErasureConstraint|delete_on_request","hasErasure","{}"
"PrivacyAnnotation|PA::prop::DataCellArtifact::D7_NormalizedEpisodeData::record::0::cell::window_start::00051","ErasureConstraint|retention_5y","hasErasure","{}"
"PrivacyAnnotation|PA::prop::DataCellArtifact::D7_NormalizedEpisodeData::record::0::cell::window_start::00051","AccessRole|AU","allowsRole","{}"
"PrivacyAnnotation|PA::prop::DataCellArtifact::D7_NormalizedEpisodeData::record::0::cell::window_start::00051","AccessRole|CL","allowsRole","{}"
"PrivacyAnnotation|PA::prop::DataCellArtifact::D7_NormalizedEpisodeData::record::0::cell::window_start::00051","AccessRole|DPO","allowsRole","{}"
"PrivacyAnnotation|PA::prop::DataCellArtifact::D7_NormalizedEpisodeData::record::0::cell::window_start::00051","AccessRole|DS","allowsRole","{}"
"PrivacyAnnotation|PA::prop::DataCellArtifact::D7_NormalizedEpisodeData::record::0::cell::HR_norm::00052","DataCellArtifact|D7_NormalizedEpisodeData::record::0::cell::HR_norm","annotates","{}"
"StepRun|asd_run_001::001::S5_normalise","PrivacyAnnotation|PA::prop::DataCellArtifact::D7_NormalizedEpisodeData::record::0::cell::HR_norm::00052","generatedPrivacyAnnotation","{}"
"PrivacyAnnotation|PA::prop::DataCellArtifact::D7_NormalizedEpisodeData::record::0::cell::HR_norm::00052","StepRun|asd_run_001::001::S5_normalise","wasGeneratedBy","{}"
"PrivacyAnnotation|PA::prop::DataCellArtifact::D7_NormalizedEpisodeData::record::0::cell::HR_norm::00052","OperationPolicy|S5_normalise_policy","usedPolicy","{}"
"PrivacyAnnotation|PA::prop::DataCellArtifact::D7_NormalizedEpisodeData::record::0::cell::HR_norm::00052","SensitivityCategory|biometric","hasCategory","{""explicit"": true}"
"PrivacyAnnotation|PA::prop::DataCellArtifact::D7_NormalizedEpisodeData::record::0::cell::HR_norm::00052","SensitivityCategory|health","hasCategory","{""explicit"": true}"
"PrivacyAnnotation|PA::prop::DataCellArtifact::D7_NormalizedEpisodeData::record::0::cell::HR_norm::00052","SensitivityCategory|sensitive_personal_data","hasCategory","{""explicit"": false}"
"PrivacyAnnotation|PA::prop::DataCellArtifact::D7_NormalizedEpisodeData::record::0::cell::HR_norm::00052","UsageConstraint|clinical_research","hasUsage","{}"
"PrivacyAnnotation|PA::prop::DataCellArtifact::D7_NormalizedEpisodeData::record::0::cell::HR_norm::00052","ErasureConstraint|delete_on_request","hasErasure","{}"
"PrivacyAnnotation|PA::prop::DataCellArtifact::D7_NormalizedEpisodeData::record::0::cell::HR_norm::00052","ErasureConstraint|retention_5y","hasErasure","{}"
"PrivacyAnnotation|PA::prop::DataCellArtifact::D7_NormalizedEpisodeData::record::0::cell::HR_norm::00052","AccessRole|AU","allowsRole","{}"
"PrivacyAnnotation|PA::prop::DataCellArtifact::D7_NormalizedEpisodeData::record::0::cell::HR_norm::00052","AccessRole|CL","allowsRole","{}"
"PrivacyAnnotation|PA::prop::DataCellArtifact::D7_NormalizedEpisodeData::record::0::cell::HR_norm::00052","AccessRole|DPO","allowsRole","{}"
"PrivacyAnnotation|PA::prop::DataCellArtifact::D7_NormalizedEpisodeData::record::0::cell::HR_norm::00052","AccessRole|DS","allowsRole","{}"
"PrivacyAnnotation|PA::prop::DataCellArtifact::D7_NormalizedEpisodeData::record::0::cell::EDA_norm::00053","DataCellArtifact|D7_NormalizedEpisodeData::record::0::cell::EDA_norm","annotates","{}"
"StepRun|asd_run_001::001::S5_normalise","PrivacyAnnotation|PA::prop::DataCellArtifact::D7_NormalizedEpisodeData::record::0::cell::EDA_norm::00053","generatedPrivacyAnnotation","{}"
"PrivacyAnnotation|PA::prop::DataCellArtifact::D7_NormalizedEpisodeData::record::0::cell::EDA_norm::00053","StepRun|asd_run_001::001::S5_normalise","wasGeneratedBy","{}"
"PrivacyAnnotation|PA::prop::DataCellArtifact::D7_NormalizedEpisodeData::record::0::cell::EDA_norm::00053","OperationPolicy|S5_normalise_policy","usedPolicy","{}"
"PrivacyAnnotation|PA::prop::DataCellArtifact::D7_NormalizedEpisodeData::record::0::cell::EDA_norm::00053","SensitivityCategory|biometric","hasCategory","{""explicit"": true}"
"PrivacyAnnotation|PA::prop::DataCellArtifact::D7_NormalizedEpisodeData::record::0::cell::EDA_norm::00053","SensitivityCategory|health","hasCategory","{""explicit"": true}"
"PrivacyAnnotation|PA::prop::DataCellArtifact::D7_NormalizedEpisodeData::record::0::cell::EDA_norm::00053","SensitivityCategory|sensitive_personal_data","hasCategory","{""explicit"": false}"
"PrivacyAnnotation|PA::prop::DataCellArtifact::D7_NormalizedEpisodeData::record::0::cell::EDA_norm::00053","UsageConstraint|clinical_research","hasUsage","{}"
"PrivacyAnnotation|PA::prop::DataCellArtifact::D7_NormalizedEpisodeData::record::0::cell::EDA_norm::00053","ErasureConstraint|delete_on_request","hasErasure","{}"
"PrivacyAnnotation|PA::prop::DataCellArtifact::D7_NormalizedEpisodeData::record::0::cell::EDA_norm::00053","ErasureConstraint|retention_5y","hasErasure","{}"
"PrivacyAnnotation|PA::prop::DataCellArtifact::D7_NormalizedEpisodeData::record::0::cell::EDA_norm::00053","AccessRole|AU","allowsRole","{}"
"PrivacyAnnotation|PA::prop::DataCellArtifact::D7_NormalizedEpisodeData::record::0::cell::EDA_norm::00053","AccessRole|CL","allowsRole","{}"
"PrivacyAnnotation|PA::prop::DataCellArtifact::D7_NormalizedEpisodeData::record::0::cell::EDA_norm::00053","AccessRole|DPO","allowsRole","{}"
"PrivacyAnnotation|PA::prop::DataCellArtifact::D7_NormalizedEpisodeData::record::0::cell::EDA_norm::00053","AccessRole|DS","allowsRole","{}"
"PrivacyAnnotation|PA::prop::DataCellArtifact::D7_NormalizedEpisodeData::record::0::cell::ACC_norm::00054","DataCellArtifact|D7_NormalizedEpisodeData::record::0::cell::ACC_norm","annotates","{}"
"StepRun|asd_run_001::001::S5_normalise","PrivacyAnnotation|PA::prop::DataCellArtifact::D7_NormalizedEpisodeData::record::0::cell::ACC_norm::00054","generatedPrivacyAnnotation","{}"
"PrivacyAnnotation|PA::prop::DataCellArtifact::D7_NormalizedEpisodeData::record::0::cell::ACC_norm::00054","StepRun|asd_run_001::001::S5_normalise","wasGeneratedBy","{}"
"PrivacyAnnotation|PA::prop::DataCellArtifact::D7_NormalizedEpisodeData::record::0::cell::ACC_norm::00054","OperationPolicy|S5_normalise_policy","usedPolicy","{}"
"PrivacyAnnotation|PA::prop::DataCellArtifact::D7_NormalizedEpisodeData::record::0::cell::ACC_norm::00054","SensitivityCategory|behavioural_sensor_data","hasCategory","{""explicit"": true}"
"PrivacyAnnotation|PA::prop::DataCellArtifact::D7_NormalizedEpisodeData::record::0::cell::ACC_norm::00054","UsageConstraint|clinical_research","hasUsage","{}"
"PrivacyAnnotation|PA::prop::DataCellArtifact::D7_NormalizedEpisodeData::record::0::cell::ACC_norm::00054","ErasureConstraint|delete_on_request","hasErasure","{}"
"PrivacyAnnotation|PA::prop::DataCellArtifact::D7_NormalizedEpisodeData::record::0::cell::ACC_norm::00054","ErasureConstraint|retention_5y","hasErasure","{}"
"PrivacyAnnotation|PA::prop::DataCellArtifact::D7_NormalizedEpisodeData::record::0::cell::ACC_norm::00054","AccessRole|AU","allowsRole","{}"
"PrivacyAnnotation|PA::prop::DataCellArtifact::D7_NormalizedEpisodeData::record::0::cell::ACC_norm::00054","AccessRole|CL","allowsRole","{}"
"PrivacyAnnotation|PA::prop::DataCellArtifact::D7_NormalizedEpisodeData::record::0::cell::ACC_norm::00054","AccessRole|DPO","allowsRole","{}"
"PrivacyAnnotation|PA::prop::DataCellArtifact::D7_NormalizedEpisodeData::record::0::cell::ACC_norm::00054","AccessRole|DS","allowsRole","{}"
"PrivacyAnnotation|PA::prop::DataCellArtifact::D7_NormalizedEpisodeData::record::0::cell::chall_behav::00055","DataCellArtifact|D7_NormalizedEpisodeData::record::0::cell::chall_behav","annotates","{}"
"StepRun|asd_run_001::001::S5_normalise","PrivacyAnnotation|PA::prop::DataCellArtifact::D7_NormalizedEpisodeData::record::0::cell::chall_behav::00055","generatedPrivacyAnnotation","{}"
"PrivacyAnnotation|PA::prop::DataCellArtifact::D7_NormalizedEpisodeData::record::0::cell::chall_behav::00055","StepRun|asd_run_001::001::S5_normalise","wasGeneratedBy","{}"
"PrivacyAnnotation|PA::prop::DataCellArtifact::D7_NormalizedEpisodeData::record::0::cell::chall_behav::00055","OperationPolicy|S5_normalise_policy","usedPolicy","{}"
"PrivacyAnnotation|PA::prop::DataCellArtifact::D7_NormalizedEpisodeData::record::0::cell::chall_behav::00055","SensitivityCategory|health","hasCategory","{""explicit"": true}"
"PrivacyAnnotation|PA::prop::DataCellArtifact::D7_NormalizedEpisodeData::record::0::cell::chall_behav::00055","SensitivityCategory|behavioural_sensitive","hasCategory","{""explicit"": true}"
"PrivacyAnnotation|PA::prop::DataCellArtifact::D7_NormalizedEpisodeData::record::0::cell::chall_behav::00055","SensitivityCategory|sensitive_personal_data","hasCategory","{""explicit"": false}"
"PrivacyAnnotation|PA::prop::DataCellArtifact::D7_NormalizedEpisodeData::record::0::cell::chall_behav::00055","UsageConstraint|clinical_research","hasUsage","{}"
"PrivacyAnnotation|PA::prop::DataCellArtifact::D7_NormalizedEpisodeData::record::0::cell::chall_behav::00055","ErasureConstraint|delete_on_request","hasErasure","{}"
"PrivacyAnnotation|PA::prop::DataCellArtifact::D7_NormalizedEpisodeData::record::0::cell::chall_behav::00055","ErasureConstraint|retention_5y","hasErasure","{}"
"PrivacyAnnotation|PA::prop::DataCellArtifact::D7_NormalizedEpisodeData::record::0::cell::chall_behav::00055","AccessRole|AU","allowsRole","{}"
"PrivacyAnnotation|PA::prop::DataCellArtifact::D7_NormalizedEpisodeData::record::0::cell::chall_behav::00055","AccessRole|CL","allowsRole","{}"
"PrivacyAnnotation|PA::prop::DataCellArtifact::D7_NormalizedEpisodeData::record::0::cell::chall_behav::00055","AccessRole|DPO","allowsRole","{}"
"PrivacyAnnotation|PA::prop::DataCellArtifact::D7_NormalizedEpisodeData::record::0::cell::chall_behav::00055","AccessRole|DS","allowsRole","{}"
"PrivacyAnnotation|PA::prop::DataCellArtifact::D7_NormalizedEpisodeData::record::0::cell::sev::00056","DataCellArtifact|D7_NormalizedEpisodeData::record::0::cell::sev","annotates","{}"
"StepRun|asd_run_001::001::S5_normalise","PrivacyAnnotation|PA::prop::DataCellArtifact::D7_NormalizedEpisodeData::record::0::cell::sev::00056","generatedPrivacyAnnotation","{}"
"PrivacyAnnotation|PA::prop::DataCellArtifact::D7_NormalizedEpisodeData::record::0::cell::sev::00056","StepRun|asd_run_001::001::S5_normalise","wasGeneratedBy","{}"
"PrivacyAnnotation|PA::prop::DataCellArtifact::D7_NormalizedEpisodeData::record::0::cell::sev::00056","OperationPolicy|S5_normalise_policy","usedPolicy","{}"
"PrivacyAnnotation|PA::prop::DataCellArtifact::D7_NormalizedEpisodeData::record::0::cell::sev::00056","SensitivityCategory|health","hasCategory","{""explicit"": true}"
"PrivacyAnnotation|PA::prop::DataCellArtifact::D7_NormalizedEpisodeData::record::0::cell::sev::00056","SensitivityCategory|behavioural_sensitive","hasCategory","{""explicit"": true}"
"PrivacyAnnotation|PA::prop::DataCellArtifact::D7_NormalizedEpisodeData::record::0::cell::sev::00056","SensitivityCategory|sensitive_personal_data","hasCategory","{""explicit"": false}"
"PrivacyAnnotation|PA::prop::DataCellArtifact::D7_NormalizedEpisodeData::record::0::cell::sev::00056","UsageConstraint|clinical_research","hasUsage","{}"
"PrivacyAnnotation|PA::prop::DataCellArtifact::D7_NormalizedEpisodeData::record::0::cell::sev::00056","ErasureConstraint|delete_on_request","hasErasure","{}"
"PrivacyAnnotation|PA::prop::DataCellArtifact::D7_NormalizedEpisodeData::record::0::cell::sev::00056","ErasureConstraint|retention_5y","hasErasure","{}"
"PrivacyAnnotation|PA::prop::DataCellArtifact::D7_NormalizedEpisodeData::record::0::cell::sev::00056","AccessRole|AU","allowsRole","{}"
"PrivacyAnnotation|PA::prop::DataCellArtifact::D7_NormalizedEpisodeData::record::0::cell::sev::00056","AccessRole|CL","allowsRole","{}"
"PrivacyAnnotation|PA::prop::DataCellArtifact::D7_NormalizedEpisodeData::record::0::cell::sev::00056","AccessRole|DPO","allowsRole","{}"
"PrivacyAnnotation|PA::prop::DataCellArtifact::D7_NormalizedEpisodeData::record::0::cell::sev::00056","AccessRole|DS","allowsRole","{}"
"PrivacyAnnotation|PA::prop::DataCellArtifact::D7_NormalizedEpisodeData::record::0::cell::age_grp::00057","DataCellArtifact|D7_NormalizedEpisodeData::record::0::cell::age_grp","annotates","{}"
"StepRun|asd_run_001::001::S5_normalise","PrivacyAnnotation|PA::prop::DataCellArtifact::D7_NormalizedEpisodeData::record::0::cell::age_grp::00057","generatedPrivacyAnnotation","{}"
"PrivacyAnnotation|PA::prop::DataCellArtifact::D7_NormalizedEpisodeData::record::0::cell::age_grp::00057","StepRun|asd_run_001::001::S5_normalise","wasGeneratedBy","{}"
"PrivacyAnnotation|PA::prop::DataCellArtifact::D7_NormalizedEpisodeData::record::0::cell::age_grp::00057","OperationPolicy|S5_normalise_policy","usedPolicy","{}"
"PrivacyAnnotation|PA::prop::DataCellArtifact::D7_NormalizedEpisodeData::record::0::cell::age_grp::00057","SensitivityCategory|quasi_identifier","hasCategory","{""explicit"": true}"
"PrivacyAnnotation|PA::prop::DataCellArtifact::D7_NormalizedEpisodeData::record::0::cell::age_grp::00057","UsageConstraint|clinical_research","hasUsage","{}"
"PrivacyAnnotation|PA::prop::DataCellArtifact::D7_NormalizedEpisodeData::record::0::cell::age_grp::00057","ErasureConstraint|delete_on_request","hasErasure","{}"
"PrivacyAnnotation|PA::prop::DataCellArtifact::D7_NormalizedEpisodeData::record::0::cell::age_grp::00057","ErasureConstraint|retention_5y","hasErasure","{}"
"PrivacyAnnotation|PA::prop::DataCellArtifact::D7_NormalizedEpisodeData::record::0::cell::age_grp::00057","AccessRole|AU","allowsRole","{}"
"PrivacyAnnotation|PA::prop::DataCellArtifact::D7_NormalizedEpisodeData::record::0::cell::age_grp::00057","AccessRole|CL","allowsRole","{}"
"PrivacyAnnotation|PA::prop::DataCellArtifact::D7_NormalizedEpisodeData::record::0::cell::age_grp::00057","AccessRole|DPO","allowsRole","{}"
"PrivacyAnnotation|PA::prop::DataCellArtifact::D7_NormalizedEpisodeData::record::0::cell::age_grp::00057","AccessRole|DS","allowsRole","{}"
"PrivacyAnnotation|PA::prop::DataCellArtifact::D7_NormalizedEpisodeData::record::0::cell::sex::00058","DataCellArtifact|D7_NormalizedEpisodeData::record::0::cell::sex","annotates","{}"
"StepRun|asd_run_001::001::S5_normalise","PrivacyAnnotation|PA::prop::DataCellArtifact::D7_NormalizedEpisodeData::record::0::cell::sex::00058","generatedPrivacyAnnotation","{}"
"PrivacyAnnotation|PA::prop::DataCellArtifact::D7_NormalizedEpisodeData::record::0::cell::sex::00058","StepRun|asd_run_001::001::S5_normalise","wasGeneratedBy","{}"
"PrivacyAnnotation|PA::prop::DataCellArtifact::D7_NormalizedEpisodeData::record::0::cell::sex::00058","OperationPolicy|S5_normalise_policy","usedPolicy","{}"
"PrivacyAnnotation|PA::prop::DataCellArtifact::D7_NormalizedEpisodeData::record::0::cell::sex::00058","SensitivityCategory|quasi_identifier","hasCategory","{""explicit"": true}"
"PrivacyAnnotation|PA::prop::DataCellArtifact::D7_NormalizedEpisodeData::record::0::cell::sex::00058","UsageConstraint|clinical_research","hasUsage","{}"
"PrivacyAnnotation|PA::prop::DataCellArtifact::D7_NormalizedEpisodeData::record::0::cell::sex::00058","ErasureConstraint|delete_on_request","hasErasure","{}"
"PrivacyAnnotation|PA::prop::DataCellArtifact::D7_NormalizedEpisodeData::record::0::cell::sex::00058","ErasureConstraint|retention_5y","hasErasure","{}"
"PrivacyAnnotation|PA::prop::DataCellArtifact::D7_NormalizedEpisodeData::record::0::cell::sex::00058","AccessRole|AU","allowsRole","{}"
"PrivacyAnnotation|PA::prop::DataCellArtifact::D7_NormalizedEpisodeData::record::0::cell::sex::00058","AccessRole|CL","allowsRole","{}"
"PrivacyAnnotation|PA::prop::DataCellArtifact::D7_NormalizedEpisodeData::record::0::cell::sex::00058","AccessRole|DPO","allowsRole","{}"
"PrivacyAnnotation|PA::prop::DataCellArtifact::D7_NormalizedEpisodeData::record::0::cell::sex::00058","AccessRole|DS","allowsRole","{}"
"PrivacyAnnotation|PA::prop::DataCellArtifact::D7_NormalizedEpisodeData::record::0::cell::clinic_site::00059","DataCellArtifact|D7_NormalizedEpisodeData::record::0::cell::clinic_site","annotates","{}"
"StepRun|asd_run_001::001::S5_normalise","PrivacyAnnotation|PA::prop::DataCellArtifact::D7_NormalizedEpisodeData::record::0::cell::clinic_site::00059","generatedPrivacyAnnotation","{}"
"PrivacyAnnotation|PA::prop::DataCellArtifact::D7_NormalizedEpisodeData::record::0::cell::clinic_site::00059","StepRun|asd_run_001::001::S5_normalise","wasGeneratedBy","{}"
"PrivacyAnnotation|PA::prop::DataCellArtifact::D7_NormalizedEpisodeData::record::0::cell::clinic_site::00059","OperationPolicy|S5_normalise_policy","usedPolicy","{}"
"PrivacyAnnotation|PA::prop::DataCellArtifact::D7_NormalizedEpisodeData::record::0::cell::clinic_site::00059","SensitivityCategory|quasi_identifier","hasCategory","{""explicit"": true}"
"PrivacyAnnotation|PA::prop::DataCellArtifact::D7_NormalizedEpisodeData::record::0::cell::clinic_site::00059","SensitivityCategory|organisational_context","hasCategory","{""explicit"": true}"
"PrivacyAnnotation|PA::prop::DataCellArtifact::D7_NormalizedEpisodeData::record::0::cell::clinic_site::00059","UsageConstraint|clinical_research","hasUsage","{}"
"PrivacyAnnotation|PA::prop::DataCellArtifact::D7_NormalizedEpisodeData::record::0::cell::clinic_site::00059","ErasureConstraint|delete_on_request","hasErasure","{}"
"PrivacyAnnotation|PA::prop::DataCellArtifact::D7_NormalizedEpisodeData::record::0::cell::clinic_site::00059","ErasureConstraint|retention_5y","hasErasure","{}"
"PrivacyAnnotation|PA::prop::DataCellArtifact::D7_NormalizedEpisodeData::record::0::cell::clinic_site::00059","AccessRole|AU","allowsRole","{}"
"PrivacyAnnotation|PA::prop::DataCellArtifact::D7_NormalizedEpisodeData::record::0::cell::clinic_site::00059","AccessRole|CL","allowsRole","{}"
"PrivacyAnnotation|PA::prop::DataCellArtifact::D7_NormalizedEpisodeData::record::0::cell::clinic_site::00059","AccessRole|DPO","allowsRole","{}"
"PrivacyAnnotation|PA::prop::DataCellArtifact::D7_NormalizedEpisodeData::record::0::cell::diag::00060","DataCellArtifact|D7_NormalizedEpisodeData::record::0::cell::diag","annotates","{}"
"StepRun|asd_run_001::001::S5_normalise","PrivacyAnnotation|PA::prop::DataCellArtifact::D7_NormalizedEpisodeData::record::0::cell::diag::00060","generatedPrivacyAnnotation","{}"
"PrivacyAnnotation|PA::prop::DataCellArtifact::D7_NormalizedEpisodeData::record::0::cell::diag::00060","StepRun|asd_run_001::001::S5_normalise","wasGeneratedBy","{}"
"PrivacyAnnotation|PA::prop::DataCellArtifact::D7_NormalizedEpisodeData::record::0::cell::diag::00060","OperationPolicy|S5_normalise_policy","usedPolicy","{}"
"PrivacyAnnotation|PA::prop::DataCellArtifact::D7_NormalizedEpisodeData::record::0::cell::diag::00060","SensitivityCategory|health","hasCategory","{""explicit"": true}"
"PrivacyAnnotation|PA::prop::DataCellArtifact::D7_NormalizedEpisodeData::record::0::cell::diag::00060","SensitivityCategory|sensitive_personal_data","hasCategory","{""explicit"": true}"
"PrivacyAnnotation|PA::prop::DataCellArtifact::D7_NormalizedEpisodeData::record::0::cell::diag::00060","UsageConstraint|clinical_research","hasUsage","{}"
"PrivacyAnnotation|PA::prop::DataCellArtifact::D7_NormalizedEpisodeData::record::0::cell::diag::00060","ErasureConstraint|delete_on_request","hasErasure","{}"
"PrivacyAnnotation|PA::prop::DataCellArtifact::D7_NormalizedEpisodeData::record::0::cell::diag::00060","ErasureConstraint|retention_5y","hasErasure","{}"
"PrivacyAnnotation|PA::prop::DataCellArtifact::D7_NormalizedEpisodeData::record::0::cell::diag::00060","AccessRole|AU","allowsRole","{}"
"PrivacyAnnotation|PA::prop::DataCellArtifact::D7_NormalizedEpisodeData::record::0::cell::diag::00060","AccessRole|CL","allowsRole","{}"
"PrivacyAnnotation|PA::prop::DataCellArtifact::D7_NormalizedEpisodeData::record::0::cell::diag::00060","AccessRole|DPO","allowsRole","{}"
"PrivacyAnnotation|PA::prop::DataCellArtifact::D7_NormalizedEpisodeData::record::1::cell::Id::00061","DataCellArtifact|D7_NormalizedEpisodeData::record::1::cell::Id","annotates","{}"
"StepRun|asd_run_001::001::S5_normalise","PrivacyAnnotation|PA::prop::DataCellArtifact::D7_NormalizedEpisodeData::record::1::cell::Id::00061","generatedPrivacyAnnotation","{}"
"PrivacyAnnotation|PA::prop::DataCellArtifact::D7_NormalizedEpisodeData::record::1::cell::Id::00061","StepRun|asd_run_001::001::S5_normalise","wasGeneratedBy","{}"
"PrivacyAnnotation|PA::prop::DataCellArtifact::D7_NormalizedEpisodeData::record::1::cell::Id::00061","OperationPolicy|S5_normalise_policy","usedPolicy","{}"
"PrivacyAnnotation|PA::prop::DataCellArtifact::D7_NormalizedEpisodeData::record::1::cell::Id::00061","SensitivityCategory|direct_identifier","hasCategory","{""explicit"": true}"
"PrivacyAnnotation|PA::prop::DataCellArtifact::D7_NormalizedEpisodeData::record::1::cell::Id::00061","SensitivityCategory|identifier","hasCategory","{""explicit"": false}"
"PrivacyAnnotation|PA::prop::DataCellArtifact::D7_NormalizedEpisodeData::record::1::cell::Id::00061","UsageConstraint|clinical_research","hasUsage","{}"
"PrivacyAnnotation|PA::prop::DataCellArtifact::D7_NormalizedEpisodeData::record::1::cell::Id::00061","ErasureConstraint|delete_on_request","hasErasure","{}"
"PrivacyAnnotation|PA::prop::DataCellArtifact::D7_NormalizedEpisodeData::record::1::cell::Id::00061","ErasureConstraint|retention_5y","hasErasure","{}"
"PrivacyAnnotation|PA::prop::DataCellArtifact::D7_NormalizedEpisodeData::record::1::cell::Id::00061","AccessRole|CL","allowsRole","{}"
"PrivacyAnnotation|PA::prop::DataCellArtifact::D7_NormalizedEpisodeData::record::1::cell::Id::00061","AccessRole|DPO","allowsRole","{}"
"PrivacyAnnotation|PA::prop::DataCellArtifact::D7_NormalizedEpisodeData::record::1::cell::window_start::00062","DataCellArtifact|D7_NormalizedEpisodeData::record::1::cell::window_start","annotates","{}"
"StepRun|asd_run_001::001::S5_normalise","PrivacyAnnotation|PA::prop::DataCellArtifact::D7_NormalizedEpisodeData::record::1::cell::window_start::00062","generatedPrivacyAnnotation","{}"
"PrivacyAnnotation|PA::prop::DataCellArtifact::D7_NormalizedEpisodeData::record::1::cell::window_start::00062","StepRun|asd_run_001::001::S5_normalise","wasGeneratedBy","{}"
"PrivacyAnnotation|PA::prop::DataCellArtifact::D7_NormalizedEpisodeData::record::1::cell::window_start::00062","OperationPolicy|S5_normalise_policy","usedPolicy","{}"
"PrivacyAnnotation|PA::prop::DataCellArtifact::D7_NormalizedEpisodeData::record::1::cell::window_start::00062","SensitivityCategory|temporal_quasi_identifier","hasCategory","{""explicit"": true}"
"PrivacyAnnotation|PA::prop::DataCellArtifact::D7_NormalizedEpisodeData::record::1::cell::window_start::00062","SensitivityCategory|quasi_identifier","hasCategory","{""explicit"": false}"
"PrivacyAnnotation|PA::prop::DataCellArtifact::D7_NormalizedEpisodeData::record::1::cell::window_start::00062","UsageConstraint|clinical_research","hasUsage","{}"
"PrivacyAnnotation|PA::prop::DataCellArtifact::D7_NormalizedEpisodeData::record::1::cell::window_start::00062","ErasureConstraint|delete_on_request","hasErasure","{}"
"PrivacyAnnotation|PA::prop::DataCellArtifact::D7_NormalizedEpisodeData::record::1::cell::window_start::00062","ErasureConstraint|retention_5y","hasErasure","{}"
"PrivacyAnnotation|PA::prop::DataCellArtifact::D7_NormalizedEpisodeData::record::1::cell::window_start::00062","AccessRole|AU","allowsRole","{}"
"PrivacyAnnotation|PA::prop::DataCellArtifact::D7_NormalizedEpisodeData::record::1::cell::window_start::00062","AccessRole|CL","allowsRole","{}"
"PrivacyAnnotation|PA::prop::DataCellArtifact::D7_NormalizedEpisodeData::record::1::cell::window_start::00062","AccessRole|DPO","allowsRole","{}"
"PrivacyAnnotation|PA::prop::DataCellArtifact::D7_NormalizedEpisodeData::record::1::cell::window_start::00062","AccessRole|DS","allowsRole","{}"
"PrivacyAnnotation|PA::prop::DataCellArtifact::D7_NormalizedEpisodeData::record::1::cell::HR_norm::00063","DataCellArtifact|D7_NormalizedEpisodeData::record::1::cell::HR_norm","annotates","{}"
"StepRun|asd_run_001::001::S5_normalise","PrivacyAnnotation|PA::prop::DataCellArtifact::D7_NormalizedEpisodeData::record::1::cell::HR_norm::00063","generatedPrivacyAnnotation","{}"
"PrivacyAnnotation|PA::prop::DataCellArtifact::D7_NormalizedEpisodeData::record::1::cell::HR_norm::00063","StepRun|asd_run_001::001::S5_normalise","wasGeneratedBy","{}"
"PrivacyAnnotation|PA::prop::DataCellArtifact::D7_NormalizedEpisodeData::record::1::cell::HR_norm::00063","OperationPolicy|S5_normalise_policy","usedPolicy","{}"
"PrivacyAnnotation|PA::prop::DataCellArtifact::D7_NormalizedEpisodeData::record::1::cell::HR_norm::00063","SensitivityCategory|biometric","hasCategory","{""explicit"": true}"
"PrivacyAnnotation|PA::prop::DataCellArtifact::D7_NormalizedEpisodeData::record::1::cell::HR_norm::00063","SensitivityCategory|health","hasCategory","{""explicit"": true}"
"PrivacyAnnotation|PA::prop::DataCellArtifact::D7_NormalizedEpisodeData::record::1::cell::HR_norm::00063","SensitivityCategory|sensitive_personal_data","hasCategory","{""explicit"": false}"
"PrivacyAnnotation|PA::prop::DataCellArtifact::D7_NormalizedEpisodeData::record::1::cell::HR_norm::00063","UsageConstraint|clinical_research","hasUsage","{}"
"PrivacyAnnotation|PA::prop::DataCellArtifact::D7_NormalizedEpisodeData::record::1::cell::HR_norm::00063","ErasureConstraint|delete_on_request","hasErasure","{}"
"PrivacyAnnotation|PA::prop::DataCellArtifact::D7_NormalizedEpisodeData::record::1::cell::HR_norm::00063","ErasureConstraint|retention_5y","hasErasure","{}"
"PrivacyAnnotation|PA::prop::DataCellArtifact::D7_NormalizedEpisodeData::record::1::cell::HR_norm::00063","AccessRole|AU","allowsRole","{}"
"PrivacyAnnotation|PA::prop::DataCellArtifact::D7_NormalizedEpisodeData::record::1::cell::HR_norm::00063","AccessRole|CL","allowsRole","{}"
"PrivacyAnnotation|PA::prop::DataCellArtifact::D7_NormalizedEpisodeData::record::1::cell::HR_norm::00063","AccessRole|DPO","allowsRole","{}"
"PrivacyAnnotation|PA::prop::DataCellArtifact::D7_NormalizedEpisodeData::record::1::cell::HR_norm::00063","AccessRole|DS","allowsRole","{}"
"PrivacyAnnotation|PA::prop::DataCellArtifact::D7_NormalizedEpisodeData::record::1::cell::EDA_norm::00064","DataCellArtifact|D7_NormalizedEpisodeData::record::1::cell::EDA_norm","annotates","{}"
"StepRun|asd_run_001::001::S5_normalise","PrivacyAnnotation|PA::prop::DataCellArtifact::D7_NormalizedEpisodeData::record::1::cell::EDA_norm::00064","generatedPrivacyAnnotation","{}"
"PrivacyAnnotation|PA::prop::DataCellArtifact::D7_NormalizedEpisodeData::record::1::cell::EDA_norm::00064","StepRun|asd_run_001::001::S5_normalise","wasGeneratedBy","{}"
"PrivacyAnnotation|PA::prop::DataCellArtifact::D7_NormalizedEpisodeData::record::1::cell::EDA_norm::00064","OperationPolicy|S5_normalise_policy","usedPolicy","{}"
"PrivacyAnnotation|PA::prop::DataCellArtifact::D7_NormalizedEpisodeData::record::1::cell::EDA_norm::00064","SensitivityCategory|biometric","hasCategory","{""explicit"": true}"
"PrivacyAnnotation|PA::prop::DataCellArtifact::D7_NormalizedEpisodeData::record::1::cell::EDA_norm::00064","SensitivityCategory|health","hasCategory","{""explicit"": true}"
"PrivacyAnnotation|PA::prop::DataCellArtifact::D7_NormalizedEpisodeData::record::1::cell::EDA_norm::00064","SensitivityCategory|sensitive_personal_data","hasCategory","{""explicit"": false}"
"PrivacyAnnotation|PA::prop::DataCellArtifact::D7_NormalizedEpisodeData::record::1::cell::EDA_norm::00064","UsageConstraint|clinical_research","hasUsage","{}"
"PrivacyAnnotation|PA::prop::DataCellArtifact::D7_NormalizedEpisodeData::record::1::cell::EDA_norm::00064","ErasureConstraint|delete_on_request","hasErasure","{}"
"PrivacyAnnotation|PA::prop::DataCellArtifact::D7_NormalizedEpisodeData::record::1::cell::EDA_norm::00064","ErasureConstraint|retention_5y","hasErasure","{}"
"PrivacyAnnotation|PA::prop::DataCellArtifact::D7_NormalizedEpisodeData::record::1::cell::EDA_norm::00064","AccessRole|AU","allowsRole","{}"
"PrivacyAnnotation|PA::prop::DataCellArtifact::D7_NormalizedEpisodeData::record::1::cell::EDA_norm::00064","AccessRole|CL","allowsRole","{}"
"PrivacyAnnotation|PA::prop::DataCellArtifact::D7_NormalizedEpisodeData::record::1::cell::EDA_norm::00064","AccessRole|DPO","allowsRole","{}"
"PrivacyAnnotation|PA::prop::DataCellArtifact::D7_NormalizedEpisodeData::record::1::cell::EDA_norm::00064","AccessRole|DS","allowsRole","{}"
"PrivacyAnnotation|PA::prop::DataCellArtifact::D7_NormalizedEpisodeData::record::1::cell::ACC_norm::00065","DataCellArtifact|D7_NormalizedEpisodeData::record::1::cell::ACC_norm","annotates","{}"
"StepRun|asd_run_001::001::S5_normalise","PrivacyAnnotation|PA::prop::DataCellArtifact::D7_NormalizedEpisodeData::record::1::cell::ACC_norm::00065","generatedPrivacyAnnotation","{}"
"PrivacyAnnotation|PA::prop::DataCellArtifact::D7_NormalizedEpisodeData::record::1::cell::ACC_norm::00065","StepRun|asd_run_001::001::S5_normalise","wasGeneratedBy","{}"
"PrivacyAnnotation|PA::prop::DataCellArtifact::D7_NormalizedEpisodeData::record::1::cell::ACC_norm::00065","OperationPolicy|S5_normalise_policy","usedPolicy","{}"
"PrivacyAnnotation|PA::prop::DataCellArtifact::D7_NormalizedEpisodeData::record::1::cell::ACC_norm::00065","SensitivityCategory|behavioural_sensor_data","hasCategory","{""explicit"": true}"
"PrivacyAnnotation|PA::prop::DataCellArtifact::D7_NormalizedEpisodeData::record::1::cell::ACC_norm::00065","UsageConstraint|clinical_research","hasUsage","{}"
"PrivacyAnnotation|PA::prop::DataCellArtifact::D7_NormalizedEpisodeData::record::1::cell::ACC_norm::00065","ErasureConstraint|delete_on_request","hasErasure","{}"
"PrivacyAnnotation|PA::prop::DataCellArtifact::D7_NormalizedEpisodeData::record::1::cell::ACC_norm::00065","ErasureConstraint|retention_5y","hasErasure","{}"
"PrivacyAnnotation|PA::prop::DataCellArtifact::D7_NormalizedEpisodeData::record::1::cell::ACC_norm::00065","AccessRole|AU","allowsRole","{}"
"PrivacyAnnotation|PA::prop::DataCellArtifact::D7_NormalizedEpisodeData::record::1::cell::ACC_norm::00065","AccessRole|CL","allowsRole","{}"
"PrivacyAnnotation|PA::prop::DataCellArtifact::D7_NormalizedEpisodeData::record::1::cell::ACC_norm::00065","AccessRole|DPO","allowsRole","{}"
"PrivacyAnnotation|PA::prop::DataCellArtifact::D7_NormalizedEpisodeData::record::1::cell::ACC_norm::00065","AccessRole|DS","allowsRole","{}"
"PrivacyAnnotation|PA::prop::DataCellArtifact::D7_NormalizedEpisodeData::record::1::cell::chall_behav::00066","DataCellArtifact|D7_NormalizedEpisodeData::record::1::cell::chall_behav","annotates","{}"
"StepRun|asd_run_001::001::S5_normalise","PrivacyAnnotation|PA::prop::DataCellArtifact::D7_NormalizedEpisodeData::record::1::cell::chall_behav::00066","generatedPrivacyAnnotation","{}"
"PrivacyAnnotation|PA::prop::DataCellArtifact::D7_NormalizedEpisodeData::record::1::cell::chall_behav::00066","StepRun|asd_run_001::001::S5_normalise","wasGeneratedBy","{}"
"PrivacyAnnotation|PA::prop::DataCellArtifact::D7_NormalizedEpisodeData::record::1::cell::chall_behav::00066","OperationPolicy|S5_normalise_policy","usedPolicy","{}"
"PrivacyAnnotation|PA::prop::DataCellArtifact::D7_NormalizedEpisodeData::record::1::cell::chall_behav::00066","SensitivityCategory|health","hasCategory","{""explicit"": true}"
"PrivacyAnnotation|PA::prop::DataCellArtifact::D7_NormalizedEpisodeData::record::1::cell::chall_behav::00066","SensitivityCategory|behavioural_sensitive","hasCategory","{""explicit"": true}"
"PrivacyAnnotation|PA::prop::DataCellArtifact::D7_NormalizedEpisodeData::record::1::cell::chall_behav::00066","SensitivityCategory|sensitive_personal_data","hasCategory","{""explicit"": false}"
"PrivacyAnnotation|PA::prop::DataCellArtifact::D7_NormalizedEpisodeData::record::1::cell::chall_behav::00066","UsageConstraint|clinical_research","hasUsage","{}"
"PrivacyAnnotation|PA::prop::DataCellArtifact::D7_NormalizedEpisodeData::record::1::cell::chall_behav::00066","ErasureConstraint|delete_on_request","hasErasure","{}"
"PrivacyAnnotation|PA::prop::DataCellArtifact::D7_NormalizedEpisodeData::record::1::cell::chall_behav::00066","ErasureConstraint|retention_5y","hasErasure","{}"
"PrivacyAnnotation|PA::prop::DataCellArtifact::D7_NormalizedEpisodeData::record::1::cell::chall_behav::00066","AccessRole|AU","allowsRole","{}"
"PrivacyAnnotation|PA::prop::DataCellArtifact::D7_NormalizedEpisodeData::record::1::cell::chall_behav::00066","AccessRole|CL","allowsRole","{}"
"PrivacyAnnotation|PA::prop::DataCellArtifact::D7_NormalizedEpisodeData::record::1::cell::chall_behav::00066","AccessRole|DPO","allowsRole","{}"
"PrivacyAnnotation|PA::prop::DataCellArtifact::D7_NormalizedEpisodeData::record::1::cell::chall_behav::00066","AccessRole|DS","allowsRole","{}"
"PrivacyAnnotation|PA::prop::DataCellArtifact::D7_NormalizedEpisodeData::record::1::cell::sev::00067","DataCellArtifact|D7_NormalizedEpisodeData::record::1::cell::sev","annotates","{}"
"StepRun|asd_run_001::001::S5_normalise","PrivacyAnnotation|PA::prop::DataCellArtifact::D7_NormalizedEpisodeData::record::1::cell::sev::00067","generatedPrivacyAnnotation","{}"
"PrivacyAnnotation|PA::prop::DataCellArtifact::D7_NormalizedEpisodeData::record::1::cell::sev::00067","StepRun|asd_run_001::001::S5_normalise","wasGeneratedBy","{}"
"PrivacyAnnotation|PA::prop::DataCellArtifact::D7_NormalizedEpisodeData::record::1::cell::sev::00067","OperationPolicy|S5_normalise_policy","usedPolicy","{}"
"PrivacyAnnotation|PA::prop::DataCellArtifact::D7_NormalizedEpisodeData::record::1::cell::sev::00067","SensitivityCategory|health","hasCategory","{""explicit"": true}"
"PrivacyAnnotation|PA::prop::DataCellArtifact::D7_NormalizedEpisodeData::record::1::cell::sev::00067","SensitivityCategory|behavioural_sensitive","hasCategory","{""explicit"": true}"
"PrivacyAnnotation|PA::prop::DataCellArtifact::D7_NormalizedEpisodeData::record::1::cell::sev::00067","SensitivityCategory|sensitive_personal_data","hasCategory","{""explicit"": false}"
"PrivacyAnnotation|PA::prop::DataCellArtifact::D7_NormalizedEpisodeData::record::1::cell::sev::00067","UsageConstraint|clinical_research","hasUsage","{}"
"PrivacyAnnotation|PA::prop::DataCellArtifact::D7_NormalizedEpisodeData::record::1::cell::sev::00067","ErasureConstraint|delete_on_request","hasErasure","{}"
"PrivacyAnnotation|PA::prop::DataCellArtifact::D7_NormalizedEpisodeData::record::1::cell::sev::00067","ErasureConstraint|retention_5y","hasErasure","{}"
"PrivacyAnnotation|PA::prop::DataCellArtifact::D7_NormalizedEpisodeData::record::1::cell::sev::00067","AccessRole|AU","allowsRole","{}"
"PrivacyAnnotation|PA::prop::DataCellArtifact::D7_NormalizedEpisodeData::record::1::cell::sev::00067","AccessRole|CL","allowsRole","{}"
"PrivacyAnnotation|PA::prop::DataCellArtifact::D7_NormalizedEpisodeData::record::1::cell::sev::00067","AccessRole|DPO","allowsRole","{}"
"PrivacyAnnotation|PA::prop::DataCellArtifact::D7_NormalizedEpisodeData::record::1::cell::sev::00067","AccessRole|DS","allowsRole","{}"
"PrivacyAnnotation|PA::prop::DataCellArtifact::D7_NormalizedEpisodeData::record::1::cell::age_grp::00068","DataCellArtifact|D7_NormalizedEpisodeData::record::1::cell::age_grp","annotates","{}"
"StepRun|asd_run_001::001::S5_normalise","PrivacyAnnotation|PA::prop::DataCellArtifact::D7_NormalizedEpisodeData::record::1::cell::age_grp::00068","generatedPrivacyAnnotation","{}"
"PrivacyAnnotation|PA::prop::DataCellArtifact::D7_NormalizedEpisodeData::record::1::cell::age_grp::00068","StepRun|asd_run_001::001::S5_normalise","wasGeneratedBy","{}"
"PrivacyAnnotation|PA::prop::DataCellArtifact::D7_NormalizedEpisodeData::record::1::cell::age_grp::00068","OperationPolicy|S5_normalise_policy","usedPolicy","{}"
"PrivacyAnnotation|PA::prop::DataCellArtifact::D7_NormalizedEpisodeData::record::1::cell::age_grp::00068","SensitivityCategory|quasi_identifier","hasCategory","{""explicit"": true}"
"PrivacyAnnotation|PA::prop::DataCellArtifact::D7_NormalizedEpisodeData::record::1::cell::age_grp::00068","UsageConstraint|clinical_research","hasUsage","{}"
"PrivacyAnnotation|PA::prop::DataCellArtifact::D7_NormalizedEpisodeData::record::1::cell::age_grp::00068","ErasureConstraint|delete_on_request","hasErasure","{}"
"PrivacyAnnotation|PA::prop::DataCellArtifact::D7_NormalizedEpisodeData::record::1::cell::age_grp::00068","ErasureConstraint|retention_5y","hasErasure","{}"
"PrivacyAnnotation|PA::prop::DataCellArtifact::D7_NormalizedEpisodeData::record::1::cell::age_grp::00068","AccessRole|AU","allowsRole","{}"
"PrivacyAnnotation|PA::prop::DataCellArtifact::D7_NormalizedEpisodeData::record::1::cell::age_grp::00068","AccessRole|CL","allowsRole","{}"
"PrivacyAnnotation|PA::prop::DataCellArtifact::D7_NormalizedEpisodeData::record::1::cell::age_grp::00068","AccessRole|DPO","allowsRole","{}"
"PrivacyAnnotation|PA::prop::DataCellArtifact::D7_NormalizedEpisodeData::record::1::cell::age_grp::00068","AccessRole|DS","allowsRole","{}"
"PrivacyAnnotation|PA::prop::DataCellArtifact::D7_NormalizedEpisodeData::record::1::cell::sex::00069","DataCellArtifact|D7_NormalizedEpisodeData::record::1::cell::sex","annotates","{}"
"StepRun|asd_run_001::001::S5_normalise","PrivacyAnnotation|PA::prop::DataCellArtifact::D7_NormalizedEpisodeData::record::1::cell::sex::00069","generatedPrivacyAnnotation","{}"
"PrivacyAnnotation|PA::prop::DataCellArtifact::D7_NormalizedEpisodeData::record::1::cell::sex::00069","StepRun|asd_run_001::001::S5_normalise","wasGeneratedBy","{}"
"PrivacyAnnotation|PA::prop::DataCellArtifact::D7_NormalizedEpisodeData::record::1::cell::sex::00069","OperationPolicy|S5_normalise_policy","usedPolicy","{}"
"PrivacyAnnotation|PA::prop::DataCellArtifact::D7_NormalizedEpisodeData::record::1::cell::sex::00069","SensitivityCategory|quasi_identifier","hasCategory","{""explicit"": true}"
"PrivacyAnnotation|PA::prop::DataCellArtifact::D7_NormalizedEpisodeData::record::1::cell::sex::00069","UsageConstraint|clinical_research","hasUsage","{}"
"PrivacyAnnotation|PA::prop::DataCellArtifact::D7_NormalizedEpisodeData::record::1::cell::sex::00069","ErasureConstraint|delete_on_request","hasErasure","{}"
"PrivacyAnnotation|PA::prop::DataCellArtifact::D7_NormalizedEpisodeData::record::1::cell::sex::00069","ErasureConstraint|retention_5y","hasErasure","{}"
"PrivacyAnnotation|PA::prop::DataCellArtifact::D7_NormalizedEpisodeData::record::1::cell::sex::00069","AccessRole|AU","allowsRole","{}"
"PrivacyAnnotation|PA::prop::DataCellArtifact::D7_NormalizedEpisodeData::record::1::cell::sex::00069","AccessRole|CL","allowsRole","{}"
"PrivacyAnnotation|PA::prop::DataCellArtifact::D7_NormalizedEpisodeData::record::1::cell::sex::00069","AccessRole|DPO","allowsRole","{}"
"PrivacyAnnotation|PA::prop::DataCellArtifact::D7_NormalizedEpisodeData::record::1::cell::sex::00069","AccessRole|DS","allowsRole","{}"
"PrivacyAnnotation|PA::prop::DataCellArtifact::D7_NormalizedEpisodeData::record::1::cell::clinic_site::00070","DataCellArtifact|D7_NormalizedEpisodeData::record::1::cell::clinic_site","annotates","{}"
"StepRun|asd_run_001::001::S5_normalise","PrivacyAnnotation|PA::prop::DataCellArtifact::D7_NormalizedEpisodeData::record::1::cell::clinic_site::00070","generatedPrivacyAnnotation","{}"
"PrivacyAnnotation|PA::prop::DataCellArtifact::D7_NormalizedEpisodeData::record::1::cell::clinic_site::00070","StepRun|asd_run_001::001::S5_normalise","wasGeneratedBy","{}"
"PrivacyAnnotation|PA::prop::DataCellArtifact::D7_NormalizedEpisodeData::record::1::cell::clinic_site::00070","OperationPolicy|S5_normalise_policy","usedPolicy","{}"
"PrivacyAnnotation|PA::prop::DataCellArtifact::D7_NormalizedEpisodeData::record::1::cell::clinic_site::00070","SensitivityCategory|quasi_identifier","hasCategory","{""explicit"": true}"
"PrivacyAnnotation|PA::prop::DataCellArtifact::D7_NormalizedEpisodeData::record::1::cell::clinic_site::00070","SensitivityCategory|organisational_context","hasCategory","{""explicit"": true}"
"PrivacyAnnotation|PA::prop::DataCellArtifact::D7_NormalizedEpisodeData::record::1::cell::clinic_site::00070","UsageConstraint|clinical_research","hasUsage","{}"
"PrivacyAnnotation|PA::prop::DataCellArtifact::D7_NormalizedEpisodeData::record::1::cell::clinic_site::00070","ErasureConstraint|delete_on_request","hasErasure","{}"
"PrivacyAnnotation|PA::prop::DataCellArtifact::D7_NormalizedEpisodeData::record::1::cell::clinic_site::00070","ErasureConstraint|retention_5y","hasErasure","{}"
"PrivacyAnnotation|PA::prop::DataCellArtifact::D7_NormalizedEpisodeData::record::1::cell::clinic_site::00070","AccessRole|AU","allowsRole","{}"
"PrivacyAnnotation|PA::prop::DataCellArtifact::D7_NormalizedEpisodeData::record::1::cell::clinic_site::00070","AccessRole|CL","allowsRole","{}"
"PrivacyAnnotation|PA::prop::DataCellArtifact::D7_NormalizedEpisodeData::record::1::cell::clinic_site::00070","AccessRole|DPO","allowsRole","{}"
"PrivacyAnnotation|PA::prop::DataCellArtifact::D7_NormalizedEpisodeData::record::1::cell::diag::00071","DataCellArtifact|D7_NormalizedEpisodeData::record::1::cell::diag","annotates","{}"
"StepRun|asd_run_001::001::S5_normalise","PrivacyAnnotation|PA::prop::DataCellArtifact::D7_NormalizedEpisodeData::record::1::cell::diag::00071","generatedPrivacyAnnotation","{}"
"PrivacyAnnotation|PA::prop::DataCellArtifact::D7_NormalizedEpisodeData::record::1::cell::diag::00071","StepRun|asd_run_001::001::S5_normalise","wasGeneratedBy","{}"
"PrivacyAnnotation|PA::prop::DataCellArtifact::D7_NormalizedEpisodeData::record::1::cell::diag::00071","OperationPolicy|S5_normalise_policy","usedPolicy","{}"
"PrivacyAnnotation|PA::prop::DataCellArtifact::D7_NormalizedEpisodeData::record::1::cell::diag::00071","SensitivityCategory|health","hasCategory","{""explicit"": true}"
"PrivacyAnnotation|PA::prop::DataCellArtifact::D7_NormalizedEpisodeData::record::1::cell::diag::00071","SensitivityCategory|sensitive_personal_data","hasCategory","{""explicit"": true}"
"PrivacyAnnotation|PA::prop::DataCellArtifact::D7_NormalizedEpisodeData::record::1::cell::diag::00071","UsageConstraint|clinical_research","hasUsage","{}"
"PrivacyAnnotation|PA::prop::DataCellArtifact::D7_NormalizedEpisodeData::record::1::cell::diag::00071","ErasureConstraint|delete_on_request","hasErasure","{}"
"PrivacyAnnotation|PA::prop::DataCellArtifact::D7_NormalizedEpisodeData::record::1::cell::diag::00071","ErasureConstraint|retention_5y","hasErasure","{}"
"PrivacyAnnotation|PA::prop::DataCellArtifact::D7_NormalizedEpisodeData::record::1::cell::diag::00071","AccessRole|AU","allowsRole","{}"
"PrivacyAnnotation|PA::prop::DataCellArtifact::D7_NormalizedEpisodeData::record::1::cell::diag::00071","AccessRole|CL","allowsRole","{}"
"PrivacyAnnotation|PA::prop::DataCellArtifact::D7_NormalizedEpisodeData::record::1::cell::diag::00071","AccessRole|DPO","allowsRole","{}"
"PrivacyAnnotation|PA::prop::DataCellArtifact::D7_NormalizedEpisodeData::record::2::cell::Id::00072","DataCellArtifact|D7_NormalizedEpisodeData::record::2::cell::Id","annotates","{}"
"StepRun|asd_run_001::001::S5_normalise","PrivacyAnnotation|PA::prop::DataCellArtifact::D7_NormalizedEpisodeData::record::2::cell::Id::00072","generatedPrivacyAnnotation","{}"
"PrivacyAnnotation|PA::prop::DataCellArtifact::D7_NormalizedEpisodeData::record::2::cell::Id::00072","StepRun|asd_run_001::001::S5_normalise","wasGeneratedBy","{}"
"PrivacyAnnotation|PA::prop::DataCellArtifact::D7_NormalizedEpisodeData::record::2::cell::Id::00072","OperationPolicy|S5_normalise_policy","usedPolicy","{}"
"PrivacyAnnotation|PA::prop::DataCellArtifact::D7_NormalizedEpisodeData::record::2::cell::Id::00072","SensitivityCategory|direct_identifier","hasCategory","{""explicit"": true}"
"PrivacyAnnotation|PA::prop::DataCellArtifact::D7_NormalizedEpisodeData::record::2::cell::Id::00072","SensitivityCategory|identifier","hasCategory","{""explicit"": false}"
"PrivacyAnnotation|PA::prop::DataCellArtifact::D7_NormalizedEpisodeData::record::2::cell::Id::00072","UsageConstraint|clinical_research","hasUsage","{}"
"PrivacyAnnotation|PA::prop::DataCellArtifact::D7_NormalizedEpisodeData::record::2::cell::Id::00072","ErasureConstraint|delete_on_request","hasErasure","{}"
"PrivacyAnnotation|PA::prop::DataCellArtifact::D7_NormalizedEpisodeData::record::2::cell::Id::00072","ErasureConstraint|retention_5y","hasErasure","{}"
"PrivacyAnnotation|PA::prop::DataCellArtifact::D7_NormalizedEpisodeData::record::2::cell::Id::00072","AccessRole|CL","allowsRole","{}"
"PrivacyAnnotation|PA::prop::DataCellArtifact::D7_NormalizedEpisodeData::record::2::cell::Id::00072","AccessRole|DPO","allowsRole","{}"
"PrivacyAnnotation|PA::prop::DataCellArtifact::D7_NormalizedEpisodeData::record::2::cell::window_start::00073","DataCellArtifact|D7_NormalizedEpisodeData::record::2::cell::window_start","annotates","{}"
"StepRun|asd_run_001::001::S5_normalise","PrivacyAnnotation|PA::prop::DataCellArtifact::D7_NormalizedEpisodeData::record::2::cell::window_start::00073","generatedPrivacyAnnotation","{}"
"PrivacyAnnotation|PA::prop::DataCellArtifact::D7_NormalizedEpisodeData::record::2::cell::window_start::00073","StepRun|asd_run_001::001::S5_normalise","wasGeneratedBy","{}"
"PrivacyAnnotation|PA::prop::DataCellArtifact::D7_NormalizedEpisodeData::record::2::cell::window_start::00073","OperationPolicy|S5_normalise_policy","usedPolicy","{}"
"PrivacyAnnotation|PA::prop::DataCellArtifact::D7_NormalizedEpisodeData::record::2::cell::window_start::00073","SensitivityCategory|temporal_quasi_identifier","hasCategory","{""explicit"": true}"
"PrivacyAnnotation|PA::prop::DataCellArtifact::D7_NormalizedEpisodeData::record::2::cell::window_start::00073","SensitivityCategory|quasi_identifier","hasCategory","{""explicit"": false}"
"PrivacyAnnotation|PA::prop::DataCellArtifact::D7_NormalizedEpisodeData::record::2::cell::window_start::00073","UsageConstraint|clinical_research","hasUsage","{}"
"PrivacyAnnotation|PA::prop::DataCellArtifact::D7_NormalizedEpisodeData::record::2::cell::window_start::00073","ErasureConstraint|delete_on_request","hasErasure","{}"
"PrivacyAnnotation|PA::prop::DataCellArtifact::D7_NormalizedEpisodeData::record::2::cell::window_start::00073","ErasureConstraint|retention_5y","hasErasure","{}"
"PrivacyAnnotation|PA::prop::DataCellArtifact::D7_NormalizedEpisodeData::record::2::cell::window_start::00073","AccessRole|AU","allowsRole","{}"
"PrivacyAnnotation|PA::prop::DataCellArtifact::D7_NormalizedEpisodeData::record::2::cell::window_start::00073","AccessRole|CL","allowsRole","{}"
"PrivacyAnnotation|PA::prop::DataCellArtifact::D7_NormalizedEpisodeData::record::2::cell::window_start::00073","AccessRole|DPO","allowsRole","{}"
"PrivacyAnnotation|PA::prop::DataCellArtifact::D7_NormalizedEpisodeData::record::2::cell::window_start::00073","AccessRole|DS","allowsRole","{}"
"PrivacyAnnotation|PA::prop::DataCellArtifact::D7_NormalizedEpisodeData::record::2::cell::HR_norm::00074","DataCellArtifact|D7_NormalizedEpisodeData::record::2::cell::HR_norm","annotates","{}"
"StepRun|asd_run_001::001::S5_normalise","PrivacyAnnotation|PA::prop::DataCellArtifact::D7_NormalizedEpisodeData::record::2::cell::HR_norm::00074","generatedPrivacyAnnotation","{}"
"PrivacyAnnotation|PA::prop::DataCellArtifact::D7_NormalizedEpisodeData::record::2::cell::HR_norm::00074","StepRun|asd_run_001::001::S5_normalise","wasGeneratedBy","{}"
"PrivacyAnnotation|PA::prop::DataCellArtifact::D7_NormalizedEpisodeData::record::2::cell::HR_norm::00074","OperationPolicy|S5_normalise_policy","usedPolicy","{}"
"PrivacyAnnotation|PA::prop::DataCellArtifact::D7_NormalizedEpisodeData::record::2::cell::HR_norm::00074","SensitivityCategory|biometric","hasCategory","{""explicit"": true}"
"PrivacyAnnotation|PA::prop::DataCellArtifact::D7_NormalizedEpisodeData::record::2::cell::HR_norm::00074","SensitivityCategory|health","hasCategory","{""explicit"": true}"
"PrivacyAnnotation|PA::prop::DataCellArtifact::D7_NormalizedEpisodeData::record::2::cell::HR_norm::00074","SensitivityCategory|sensitive_personal_data","hasCategory","{""explicit"": false}"
"PrivacyAnnotation|PA::prop::DataCellArtifact::D7_NormalizedEpisodeData::record::2::cell::HR_norm::00074","UsageConstraint|clinical_research","hasUsage","{}"
"PrivacyAnnotation|PA::prop::DataCellArtifact::D7_NormalizedEpisodeData::record::2::cell::HR_norm::00074","ErasureConstraint|delete_on_request","hasErasure","{}"
"PrivacyAnnotation|PA::prop::DataCellArtifact::D7_NormalizedEpisodeData::record::2::cell::HR_norm::00074","ErasureConstraint|retention_5y","hasErasure","{}"
"PrivacyAnnotation|PA::prop::DataCellArtifact::D7_NormalizedEpisodeData::record::2::cell::HR_norm::00074","AccessRole|AU","allowsRole","{}"
"PrivacyAnnotation|PA::prop::DataCellArtifact::D7_NormalizedEpisodeData::record::2::cell::HR_norm::00074","AccessRole|CL","allowsRole","{}"
"PrivacyAnnotation|PA::prop::DataCellArtifact::D7_NormalizedEpisodeData::record::2::cell::HR_norm::00074","AccessRole|DPO","allowsRole","{}"
"PrivacyAnnotation|PA::prop::DataCellArtifact::D7_NormalizedEpisodeData::record::2::cell::HR_norm::00074","AccessRole|DS","allowsRole","{}"
"PrivacyAnnotation|PA::prop::DataCellArtifact::D7_NormalizedEpisodeData::record::2::cell::EDA_norm::00075","DataCellArtifact|D7_NormalizedEpisodeData::record::2::cell::EDA_norm","annotates","{}"
"StepRun|asd_run_001::001::S5_normalise","PrivacyAnnotation|PA::prop::DataCellArtifact::D7_NormalizedEpisodeData::record::2::cell::EDA_norm::00075","generatedPrivacyAnnotation","{}"
"PrivacyAnnotation|PA::prop::DataCellArtifact::D7_NormalizedEpisodeData::record::2::cell::EDA_norm::00075","StepRun|asd_run_001::001::S5_normalise","wasGeneratedBy","{}"
"PrivacyAnnotation|PA::prop::DataCellArtifact::D7_NormalizedEpisodeData::record::2::cell::EDA_norm::00075","OperationPolicy|S5_normalise_policy","usedPolicy","{}"
"PrivacyAnnotation|PA::prop::DataCellArtifact::D7_NormalizedEpisodeData::record::2::cell::EDA_norm::00075","SensitivityCategory|biometric","hasCategory","{""explicit"": true}"
"PrivacyAnnotation|PA::prop::DataCellArtifact::D7_NormalizedEpisodeData::record::2::cell::EDA_norm::00075","SensitivityCategory|health","hasCategory","{""explicit"": true}"
"PrivacyAnnotation|PA::prop::DataCellArtifact::D7_NormalizedEpisodeData::record::2::cell::EDA_norm::00075","SensitivityCategory|sensitive_personal_data","hasCategory","{""explicit"": false}"
"PrivacyAnnotation|PA::prop::DataCellArtifact::D7_NormalizedEpisodeData::record::2::cell::EDA_norm::00075","UsageConstraint|clinical_research","hasUsage","{}"
"PrivacyAnnotation|PA::prop::DataCellArtifact::D7_NormalizedEpisodeData::record::2::cell::EDA_norm::00075","ErasureConstraint|delete_on_request","hasErasure","{}"
"PrivacyAnnotation|PA::prop::DataCellArtifact::D7_NormalizedEpisodeData::record::2::cell::EDA_norm::00075","ErasureConstraint|retention_5y","hasErasure","{}"
"PrivacyAnnotation|PA::prop::DataCellArtifact::D7_NormalizedEpisodeData::record::2::cell::EDA_norm::00075","AccessRole|AU","allowsRole","{}"
"PrivacyAnnotation|PA::prop::DataCellArtifact::D7_NormalizedEpisodeData::record::2::cell::EDA_norm::00075","AccessRole|CL","allowsRole","{}"
"PrivacyAnnotation|PA::prop::DataCellArtifact::D7_NormalizedEpisodeData::record::2::cell::EDA_norm::00075","AccessRole|DPO","allowsRole","{}"
"PrivacyAnnotation|PA::prop::DataCellArtifact::D7_NormalizedEpisodeData::record::2::cell::EDA_norm::00075","AccessRole|DS","allowsRole","{}"
"PrivacyAnnotation|PA::prop::DataCellArtifact::D7_NormalizedEpisodeData::record::2::cell::ACC_norm::00076","DataCellArtifact|D7_NormalizedEpisodeData::record::2::cell::ACC_norm","annotates","{}"
"StepRun|asd_run_001::001::S5_normalise","PrivacyAnnotation|PA::prop::DataCellArtifact::D7_NormalizedEpisodeData::record::2::cell::ACC_norm::00076","generatedPrivacyAnnotation","{}"
"PrivacyAnnotation|PA::prop::DataCellArtifact::D7_NormalizedEpisodeData::record::2::cell::ACC_norm::00076","StepRun|asd_run_001::001::S5_normalise","wasGeneratedBy","{}"
"PrivacyAnnotation|PA::prop::DataCellArtifact::D7_NormalizedEpisodeData::record::2::cell::ACC_norm::00076","OperationPolicy|S5_normalise_policy","usedPolicy","{}"
"PrivacyAnnotation|PA::prop::DataCellArtifact::D7_NormalizedEpisodeData::record::2::cell::ACC_norm::00076","SensitivityCategory|behavioural_sensor_data","hasCategory","{""explicit"": true}"
"PrivacyAnnotation|PA::prop::DataCellArtifact::D7_NormalizedEpisodeData::record::2::cell::ACC_norm::00076","UsageConstraint|clinical_research","hasUsage","{}"
"PrivacyAnnotation|PA::prop::DataCellArtifact::D7_NormalizedEpisodeData::record::2::cell::ACC_norm::00076","ErasureConstraint|delete_on_request","hasErasure","{}"
"PrivacyAnnotation|PA::prop::DataCellArtifact::D7_NormalizedEpisodeData::record::2::cell::ACC_norm::00076","ErasureConstraint|retention_5y","hasErasure","{}"
"PrivacyAnnotation|PA::prop::DataCellArtifact::D7_NormalizedEpisodeData::record::2::cell::ACC_norm::00076","AccessRole|AU","allowsRole","{}"
"PrivacyAnnotation|PA::prop::DataCellArtifact::D7_NormalizedEpisodeData::record::2::cell::ACC_norm::00076","AccessRole|CL","allowsRole","{}"
"PrivacyAnnotation|PA::prop::DataCellArtifact::D7_NormalizedEpisodeData::record::2::cell::ACC_norm::00076","AccessRole|DPO","allowsRole","{}"
"PrivacyAnnotation|PA::prop::DataCellArtifact::D7_NormalizedEpisodeData::record::2::cell::ACC_norm::00076","AccessRole|DS","allowsRole","{}"
"PrivacyAnnotation|PA::prop::DataCellArtifact::D7_NormalizedEpisodeData::record::2::cell::chall_behav::00077","DataCellArtifact|D7_NormalizedEpisodeData::record::2::cell::chall_behav","annotates","{}"
"StepRun|asd_run_001::001::S5_normalise","PrivacyAnnotation|PA::prop::DataCellArtifact::D7_NormalizedEpisodeData::record::2::cell::chall_behav::00077","generatedPrivacyAnnotation","{}"
"PrivacyAnnotation|PA::prop::DataCellArtifact::D7_NormalizedEpisodeData::record::2::cell::chall_behav::00077","StepRun|asd_run_001::001::S5_normalise","wasGeneratedBy","{}"
"PrivacyAnnotation|PA::prop::DataCellArtifact::D7_NormalizedEpisodeData::record::2::cell::chall_behav::00077","OperationPolicy|S5_normalise_policy","usedPolicy","{}"
"PrivacyAnnotation|PA::prop::DataCellArtifact::D7_NormalizedEpisodeData::record::2::cell::chall_behav::00077","SensitivityCategory|health","hasCategory","{""explicit"": true}"
"PrivacyAnnotation|PA::prop::DataCellArtifact::D7_NormalizedEpisodeData::record::2::cell::chall_behav::00077","SensitivityCategory|behavioural_sensitive","hasCategory","{""explicit"": true}"
"PrivacyAnnotation|PA::prop::DataCellArtifact::D7_NormalizedEpisodeData::record::2::cell::chall_behav::00077","SensitivityCategory|sensitive_personal_data","hasCategory","{""explicit"": false}"
"PrivacyAnnotation|PA::prop::DataCellArtifact::D7_NormalizedEpisodeData::record::2::cell::chall_behav::00077","UsageConstraint|clinical_research","hasUsage","{}"
"PrivacyAnnotation|PA::prop::DataCellArtifact::D7_NormalizedEpisodeData::record::2::cell::chall_behav::00077","ErasureConstraint|delete_on_request","hasErasure","{}"
"PrivacyAnnotation|PA::prop::DataCellArtifact::D7_NormalizedEpisodeData::record::2::cell::chall_behav::00077","ErasureConstraint|retention_5y","hasErasure","{}"
"PrivacyAnnotation|PA::prop::DataCellArtifact::D7_NormalizedEpisodeData::record::2::cell::chall_behav::00077","AccessRole|AU","allowsRole","{}"
"PrivacyAnnotation|PA::prop::DataCellArtifact::D7_NormalizedEpisodeData::record::2::cell::chall_behav::00077","AccessRole|CL","allowsRole","{}"
"PrivacyAnnotation|PA::prop::DataCellArtifact::D7_NormalizedEpisodeData::record::2::cell::chall_behav::00077","AccessRole|DPO","allowsRole","{}"
"PrivacyAnnotation|PA::prop::DataCellArtifact::D7_NormalizedEpisodeData::record::2::cell::chall_behav::00077","AccessRole|DS","allowsRole","{}"
"PrivacyAnnotation|PA::prop::DataCellArtifact::D7_NormalizedEpisodeData::record::2::cell::sev::00078","DataCellArtifact|D7_NormalizedEpisodeData::record::2::cell::sev","annotates","{}"
"StepRun|asd_run_001::001::S5_normalise","PrivacyAnnotation|PA::prop::DataCellArtifact::D7_NormalizedEpisodeData::record::2::cell::sev::00078","generatedPrivacyAnnotation","{}"
"PrivacyAnnotation|PA::prop::DataCellArtifact::D7_NormalizedEpisodeData::record::2::cell::sev::00078","StepRun|asd_run_001::001::S5_normalise","wasGeneratedBy","{}"
"PrivacyAnnotation|PA::prop::DataCellArtifact::D7_NormalizedEpisodeData::record::2::cell::sev::00078","OperationPolicy|S5_normalise_policy","usedPolicy","{}"
"PrivacyAnnotation|PA::prop::DataCellArtifact::D7_NormalizedEpisodeData::record::2::cell::sev::00078","SensitivityCategory|health","hasCategory","{""explicit"": true}"
"PrivacyAnnotation|PA::prop::DataCellArtifact::D7_NormalizedEpisodeData::record::2::cell::sev::00078","SensitivityCategory|behavioural_sensitive","hasCategory","{""explicit"": true}"
"PrivacyAnnotation|PA::prop::DataCellArtifact::D7_NormalizedEpisodeData::record::2::cell::sev::00078","SensitivityCategory|sensitive_personal_data","hasCategory","{""explicit"": false}"
"PrivacyAnnotation|PA::prop::DataCellArtifact::D7_NormalizedEpisodeData::record::2::cell::sev::00078","UsageConstraint|clinical_research","hasUsage","{}"
"PrivacyAnnotation|PA::prop::DataCellArtifact::D7_NormalizedEpisodeData::record::2::cell::sev::00078","ErasureConstraint|delete_on_request","hasErasure","{}"
"PrivacyAnnotation|PA::prop::DataCellArtifact::D7_NormalizedEpisodeData::record::2::cell::sev::00078","ErasureConstraint|retention_5y","hasErasure","{}"
"PrivacyAnnotation|PA::prop::DataCellArtifact::D7_NormalizedEpisodeData::record::2::cell::sev::00078","AccessRole|AU","allowsRole","{}"
"PrivacyAnnotation|PA::prop::DataCellArtifact::D7_NormalizedEpisodeData::record::2::cell::sev::00078","AccessRole|CL","allowsRole","{}"
"PrivacyAnnotation|PA::prop::DataCellArtifact::D7_NormalizedEpisodeData::record::2::cell::sev::00078","AccessRole|DPO","allowsRole","{}"
"PrivacyAnnotation|PA::prop::DataCellArtifact::D7_NormalizedEpisodeData::record::2::cell::sev::00078","AccessRole|DS","allowsRole","{}"
"PrivacyAnnotation|PA::prop::DataCellArtifact::D7_NormalizedEpisodeData::record::2::cell::age_grp::00079","DataCellArtifact|D7_NormalizedEpisodeData::record::2::cell::age_grp","annotates","{}"
"StepRun|asd_run_001::001::S5_normalise","PrivacyAnnotation|PA::prop::DataCellArtifact::D7_NormalizedEpisodeData::record::2::cell::age_grp::00079","generatedPrivacyAnnotation","{}"
"PrivacyAnnotation|PA::prop::DataCellArtifact::D7_NormalizedEpisodeData::record::2::cell::age_grp::00079","StepRun|asd_run_001::001::S5_normalise","wasGeneratedBy","{}"
"PrivacyAnnotation|PA::prop::DataCellArtifact::D7_NormalizedEpisodeData::record::2::cell::age_grp::00079","OperationPolicy|S5_normalise_policy","usedPolicy","{}"
"PrivacyAnnotation|PA::prop::DataCellArtifact::D7_NormalizedEpisodeData::record::2::cell::age_grp::00079","SensitivityCategory|quasi_identifier","hasCategory","{""explicit"": true}"
"PrivacyAnnotation|PA::prop::DataCellArtifact::D7_NormalizedEpisodeData::record::2::cell::age_grp::00079","UsageConstraint|clinical_research","hasUsage","{}"
"PrivacyAnnotation|PA::prop::DataCellArtifact::D7_NormalizedEpisodeData::record::2::cell::age_grp::00079","ErasureConstraint|delete_on_request","hasErasure","{}"
"PrivacyAnnotation|PA::prop::DataCellArtifact::D7_NormalizedEpisodeData::record::2::cell::age_grp::00079","ErasureConstraint|retention_5y","hasErasure","{}"
"PrivacyAnnotation|PA::prop::DataCellArtifact::D7_NormalizedEpisodeData::record::2::cell::age_grp::00079","AccessRole|AU","allowsRole","{}"
"PrivacyAnnotation|PA::prop::DataCellArtifact::D7_NormalizedEpisodeData::record::2::cell::age_grp::00079","AccessRole|CL","allowsRole","{}"
"PrivacyAnnotation|PA::prop::DataCellArtifact::D7_NormalizedEpisodeData::record::2::cell::age_grp::00079","AccessRole|DPO","allowsRole","{}"
"PrivacyAnnotation|PA::prop::DataCellArtifact::D7_NormalizedEpisodeData::record::2::cell::age_grp::00079","AccessRole|DS","allowsRole","{}"
"PrivacyAnnotation|PA::prop::DataCellArtifact::D7_NormalizedEpisodeData::record::2::cell::sex::00080","DataCellArtifact|D7_NormalizedEpisodeData::record::2::cell::sex","annotates","{}"
"StepRun|asd_run_001::001::S5_normalise","PrivacyAnnotation|PA::prop::DataCellArtifact::D7_NormalizedEpisodeData::record::2::cell::sex::00080","generatedPrivacyAnnotation","{}"
"PrivacyAnnotation|PA::prop::DataCellArtifact::D7_NormalizedEpisodeData::record::2::cell::sex::00080","StepRun|asd_run_001::001::S5_normalise","wasGeneratedBy","{}"
"PrivacyAnnotation|PA::prop::DataCellArtifact::D7_NormalizedEpisodeData::record::2::cell::sex::00080","OperationPolicy|S5_normalise_policy","usedPolicy","{}"
"PrivacyAnnotation|PA::prop::DataCellArtifact::D7_NormalizedEpisodeData::record::2::cell::sex::00080","SensitivityCategory|quasi_identifier","hasCategory","{""explicit"": true}"
"PrivacyAnnotation|PA::prop::DataCellArtifact::D7_NormalizedEpisodeData::record::2::cell::sex::00080","UsageConstraint|clinical_research","hasUsage","{}"
"PrivacyAnnotation|PA::prop::DataCellArtifact::D7_NormalizedEpisodeData::record::2::cell::sex::00080","ErasureConstraint|delete_on_request","hasErasure","{}"
"PrivacyAnnotation|PA::prop::DataCellArtifact::D7_NormalizedEpisodeData::record::2::cell::sex::00080","ErasureConstraint|retention_5y","hasErasure","{}"
"PrivacyAnnotation|PA::prop::DataCellArtifact::D7_NormalizedEpisodeData::record::2::cell::sex::00080","AccessRole|AU","allowsRole","{}"
"PrivacyAnnotation|PA::prop::DataCellArtifact::D7_NormalizedEpisodeData::record::2::cell::sex::00080","AccessRole|CL","allowsRole","{}"
"PrivacyAnnotation|PA::prop::DataCellArtifact::D7_NormalizedEpisodeData::record::2::cell::sex::00080","AccessRole|DPO","allowsRole","{}"
"PrivacyAnnotation|PA::prop::DataCellArtifact::D7_NormalizedEpisodeData::record::2::cell::sex::00080","AccessRole|DS","allowsRole","{}"
"PrivacyAnnotation|PA::prop::DataCellArtifact::D7_NormalizedEpisodeData::record::2::cell::clinic_site::00081","DataCellArtifact|D7_NormalizedEpisodeData::record::2::cell::clinic_site","annotates","{}"
"StepRun|asd_run_001::001::S5_normalise","PrivacyAnnotation|PA::prop::DataCellArtifact::D7_NormalizedEpisodeData::record::2::cell::clinic_site::00081","generatedPrivacyAnnotation","{}"
"PrivacyAnnotation|PA::prop::DataCellArtifact::D7_NormalizedEpisodeData::record::2::cell::clinic_site::00081","StepRun|asd_run_001::001::S5_normalise","wasGeneratedBy","{}"
"PrivacyAnnotation|PA::prop::DataCellArtifact::D7_NormalizedEpisodeData::record::2::cell::clinic_site::00081","OperationPolicy|S5_normalise_policy","usedPolicy","{}"
"PrivacyAnnotation|PA::prop::DataCellArtifact::D7_NormalizedEpisodeData::record::2::cell::clinic_site::00081","SensitivityCategory|quasi_identifier","hasCategory","{""explicit"": true}"
"PrivacyAnnotation|PA::prop::DataCellArtifact::D7_NormalizedEpisodeData::record::2::cell::clinic_site::00081","SensitivityCategory|organisational_context","hasCategory","{""explicit"": true}"
"PrivacyAnnotation|PA::prop::DataCellArtifact::D7_NormalizedEpisodeData::record::2::cell::clinic_site::00081","UsageConstraint|clinical_research","hasUsage","{}"
"PrivacyAnnotation|PA::prop::DataCellArtifact::D7_NormalizedEpisodeData::record::2::cell::clinic_site::00081","ErasureConstraint|delete_on_request","hasErasure","{}"
"PrivacyAnnotation|PA::prop::DataCellArtifact::D7_NormalizedEpisodeData::record::2::cell::clinic_site::00081","ErasureConstraint|retention_5y","hasErasure","{}"
"PrivacyAnnotation|PA::prop::DataCellArtifact::D7_NormalizedEpisodeData::record::2::cell::clinic_site::00081","AccessRole|AU","allowsRole","{}"
"PrivacyAnnotation|PA::prop::DataCellArtifact::D7_NormalizedEpisodeData::record::2::cell::clinic_site::00081","AccessRole|CL","allowsRole","{}"
"PrivacyAnnotation|PA::prop::DataCellArtifact::D7_NormalizedEpisodeData::record::2::cell::clinic_site::00081","AccessRole|DPO","allowsRole","{}"
"PrivacyAnnotation|PA::prop::DataCellArtifact::D7_NormalizedEpisodeData::record::2::cell::diag::00082","DataCellArtifact|D7_NormalizedEpisodeData::record::2::cell::diag","annotates","{}"
"StepRun|asd_run_001::001::S5_normalise","PrivacyAnnotation|PA::prop::DataCellArtifact::D7_NormalizedEpisodeData::record::2::cell::diag::00082","generatedPrivacyAnnotation","{}"
"PrivacyAnnotation|PA::prop::DataCellArtifact::D7_NormalizedEpisodeData::record::2::cell::diag::00082","StepRun|asd_run_001::001::S5_normalise","wasGeneratedBy","{}"
"PrivacyAnnotation|PA::prop::DataCellArtifact::D7_NormalizedEpisodeData::record::2::cell::diag::00082","OperationPolicy|S5_normalise_policy","usedPolicy","{}"
"PrivacyAnnotation|PA::prop::DataCellArtifact::D7_NormalizedEpisodeData::record::2::cell::diag::00082","SensitivityCategory|health","hasCategory","{""explicit"": true}"
"PrivacyAnnotation|PA::prop::DataCellArtifact::D7_NormalizedEpisodeData::record::2::cell::diag::00082","SensitivityCategory|sensitive_personal_data","hasCategory","{""explicit"": true}"
"PrivacyAnnotation|PA::prop::DataCellArtifact::D7_NormalizedEpisodeData::record::2::cell::diag::00082","UsageConstraint|clinical_research","hasUsage","{}"
"PrivacyAnnotation|PA::prop::DataCellArtifact::D7_NormalizedEpisodeData::record::2::cell::diag::00082","ErasureConstraint|delete_on_request","hasErasure","{}"
"PrivacyAnnotation|PA::prop::DataCellArtifact::D7_NormalizedEpisodeData::record::2::cell::diag::00082","ErasureConstraint|retention_5y","hasErasure","{}"
"PrivacyAnnotation|PA::prop::DataCellArtifact::D7_NormalizedEpisodeData::record::2::cell::diag::00082","AccessRole|AU","allowsRole","{}"
"PrivacyAnnotation|PA::prop::DataCellArtifact::D7_NormalizedEpisodeData::record::2::cell::diag::00082","AccessRole|CL","allowsRole","{}"
"PrivacyAnnotation|PA::prop::DataCellArtifact::D7_NormalizedEpisodeData::record::2::cell::diag::00082","AccessRole|DPO","allowsRole","{}"
"PrivacyAnnotation|PA::prop::DataCellArtifact::D7_NormalizedEpisodeData::record::3::cell::Id::00083","DataCellArtifact|D7_NormalizedEpisodeData::record::3::cell::Id","annotates","{}"
"StepRun|asd_run_001::001::S5_normalise","PrivacyAnnotation|PA::prop::DataCellArtifact::D7_NormalizedEpisodeData::record::3::cell::Id::00083","generatedPrivacyAnnotation","{}"
"PrivacyAnnotation|PA::prop::DataCellArtifact::D7_NormalizedEpisodeData::record::3::cell::Id::00083","StepRun|asd_run_001::001::S5_normalise","wasGeneratedBy","{}"
"PrivacyAnnotation|PA::prop::DataCellArtifact::D7_NormalizedEpisodeData::record::3::cell::Id::00083","OperationPolicy|S5_normalise_policy","usedPolicy","{}"
"PrivacyAnnotation|PA::prop::DataCellArtifact::D7_NormalizedEpisodeData::record::3::cell::Id::00083","SensitivityCategory|direct_identifier","hasCategory","{""explicit"": true}"
"PrivacyAnnotation|PA::prop::DataCellArtifact::D7_NormalizedEpisodeData::record::3::cell::Id::00083","SensitivityCategory|identifier","hasCategory","{""explicit"": false}"
"PrivacyAnnotation|PA::prop::DataCellArtifact::D7_NormalizedEpisodeData::record::3::cell::Id::00083","UsageConstraint|clinical_research","hasUsage","{}"
"PrivacyAnnotation|PA::prop::DataCellArtifact::D7_NormalizedEpisodeData::record::3::cell::Id::00083","ErasureConstraint|delete_on_request","hasErasure","{}"
"PrivacyAnnotation|PA::prop::DataCellArtifact::D7_NormalizedEpisodeData::record::3::cell::Id::00083","ErasureConstraint|retention_5y","hasErasure","{}"
"PrivacyAnnotation|PA::prop::DataCellArtifact::D7_NormalizedEpisodeData::record::3::cell::Id::00083","AccessRole|CL","allowsRole","{}"
"PrivacyAnnotation|PA::prop::DataCellArtifact::D7_NormalizedEpisodeData::record::3::cell::Id::00083","AccessRole|DPO","allowsRole","{}"
"PrivacyAnnotation|PA::prop::DataCellArtifact::D7_NormalizedEpisodeData::record::3::cell::window_start::00084","DataCellArtifact|D7_NormalizedEpisodeData::record::3::cell::window_start","annotates","{}"
"StepRun|asd_run_001::001::S5_normalise","PrivacyAnnotation|PA::prop::DataCellArtifact::D7_NormalizedEpisodeData::record::3::cell::window_start::00084","generatedPrivacyAnnotation","{}"
"PrivacyAnnotation|PA::prop::DataCellArtifact::D7_NormalizedEpisodeData::record::3::cell::window_start::00084","StepRun|asd_run_001::001::S5_normalise","wasGeneratedBy","{}"
"PrivacyAnnotation|PA::prop::DataCellArtifact::D7_NormalizedEpisodeData::record::3::cell::window_start::00084","OperationPolicy|S5_normalise_policy","usedPolicy","{}"
"PrivacyAnnotation|PA::prop::DataCellArtifact::D7_NormalizedEpisodeData::record::3::cell::window_start::00084","SensitivityCategory|temporal_quasi_identifier","hasCategory","{""explicit"": true}"
"PrivacyAnnotation|PA::prop::DataCellArtifact::D7_NormalizedEpisodeData::record::3::cell::window_start::00084","SensitivityCategory|quasi_identifier","hasCategory","{""explicit"": false}"
"PrivacyAnnotation|PA::prop::DataCellArtifact::D7_NormalizedEpisodeData::record::3::cell::window_start::00084","UsageConstraint|clinical_research","hasUsage","{}"
"PrivacyAnnotation|PA::prop::DataCellArtifact::D7_NormalizedEpisodeData::record::3::cell::window_start::00084","ErasureConstraint|delete_on_request","hasErasure","{}"
"PrivacyAnnotation|PA::prop::DataCellArtifact::D7_NormalizedEpisodeData::record::3::cell::window_start::00084","ErasureConstraint|retention_5y","hasErasure","{}"
"PrivacyAnnotation|PA::prop::DataCellArtifact::D7_NormalizedEpisodeData::record::3::cell::window_start::00084","AccessRole|AU","allowsRole","{}"
"PrivacyAnnotation|PA::prop::DataCellArtifact::D7_NormalizedEpisodeData::record::3::cell::window_start::00084","AccessRole|CL","allowsRole","{}"
"PrivacyAnnotation|PA::prop::DataCellArtifact::D7_NormalizedEpisodeData::record::3::cell::window_start::00084","AccessRole|DPO","allowsRole","{}"
"PrivacyAnnotation|PA::prop::DataCellArtifact::D7_NormalizedEpisodeData::record::3::cell::window_start::00084","AccessRole|DS","allowsRole","{}"
"PrivacyAnnotation|PA::prop::DataCellArtifact::D7_NormalizedEpisodeData::record::3::cell::HR_norm::00085","DataCellArtifact|D7_NormalizedEpisodeData::record::3::cell::HR_norm","annotates","{}"
"StepRun|asd_run_001::001::S5_normalise","PrivacyAnnotation|PA::prop::DataCellArtifact::D7_NormalizedEpisodeData::record::3::cell::HR_norm::00085","generatedPrivacyAnnotation","{}"
"PrivacyAnnotation|PA::prop::DataCellArtifact::D7_NormalizedEpisodeData::record::3::cell::HR_norm::00085","StepRun|asd_run_001::001::S5_normalise","wasGeneratedBy","{}"
"PrivacyAnnotation|PA::prop::DataCellArtifact::D7_NormalizedEpisodeData::record::3::cell::HR_norm::00085","OperationPolicy|S5_normalise_policy","usedPolicy","{}"
"PrivacyAnnotation|PA::prop::DataCellArtifact::D7_NormalizedEpisodeData::record::3::cell::HR_norm::00085","SensitivityCategory|biometric","hasCategory","{""explicit"": true}"
"PrivacyAnnotation|PA::prop::DataCellArtifact::D7_NormalizedEpisodeData::record::3::cell::HR_norm::00085","SensitivityCategory|health","hasCategory","{""explicit"": true}"
"PrivacyAnnotation|PA::prop::DataCellArtifact::D7_NormalizedEpisodeData::record::3::cell::HR_norm::00085","SensitivityCategory|sensitive_personal_data","hasCategory","{""explicit"": false}"
"PrivacyAnnotation|PA::prop::DataCellArtifact::D7_NormalizedEpisodeData::record::3::cell::HR_norm::00085","UsageConstraint|clinical_research","hasUsage","{}"
"PrivacyAnnotation|PA::prop::DataCellArtifact::D7_NormalizedEpisodeData::record::3::cell::HR_norm::00085","ErasureConstraint|delete_on_request","hasErasure","{}"
"PrivacyAnnotation|PA::prop::DataCellArtifact::D7_NormalizedEpisodeData::record::3::cell::HR_norm::00085","ErasureConstraint|retention_5y","hasErasure","{}"
"PrivacyAnnotation|PA::prop::DataCellArtifact::D7_NormalizedEpisodeData::record::3::cell::HR_norm::00085","AccessRole|AU","allowsRole","{}"
"PrivacyAnnotation|PA::prop::DataCellArtifact::D7_NormalizedEpisodeData::record::3::cell::HR_norm::00085","AccessRole|CL","allowsRole","{}"
"PrivacyAnnotation|PA::prop::DataCellArtifact::D7_NormalizedEpisodeData::record::3::cell::HR_norm::00085","AccessRole|DPO","allowsRole","{}"
"PrivacyAnnotation|PA::prop::DataCellArtifact::D7_NormalizedEpisodeData::record::3::cell::HR_norm::00085","AccessRole|DS","allowsRole","{}"
"PrivacyAnnotation|PA::prop::DataCellArtifact::D7_NormalizedEpisodeData::record::3::cell::EDA_norm::00086","DataCellArtifact|D7_NormalizedEpisodeData::record::3::cell::EDA_norm","annotates","{}"
"StepRun|asd_run_001::001::S5_normalise","PrivacyAnnotation|PA::prop::DataCellArtifact::D7_NormalizedEpisodeData::record::3::cell::EDA_norm::00086","generatedPrivacyAnnotation","{}"
"PrivacyAnnotation|PA::prop::DataCellArtifact::D7_NormalizedEpisodeData::record::3::cell::EDA_norm::00086","StepRun|asd_run_001::001::S5_normalise","wasGeneratedBy","{}"
"PrivacyAnnotation|PA::prop::DataCellArtifact::D7_NormalizedEpisodeData::record::3::cell::EDA_norm::00086","OperationPolicy|S5_normalise_policy","usedPolicy","{}"
"PrivacyAnnotation|PA::prop::DataCellArtifact::D7_NormalizedEpisodeData::record::3::cell::EDA_norm::00086","SensitivityCategory|biometric","hasCategory","{""explicit"": true}"
"PrivacyAnnotation|PA::prop::DataCellArtifact::D7_NormalizedEpisodeData::record::3::cell::EDA_norm::00086","SensitivityCategory|health","hasCategory","{""explicit"": true}"
"PrivacyAnnotation|PA::prop::DataCellArtifact::D7_NormalizedEpisodeData::record::3::cell::EDA_norm::00086","SensitivityCategory|sensitive_personal_data","hasCategory","{""explicit"": false}"
"PrivacyAnnotation|PA::prop::DataCellArtifact::D7_NormalizedEpisodeData::record::3::cell::EDA_norm::00086","UsageConstraint|clinical_research","hasUsage","{}"
"PrivacyAnnotation|PA::prop::DataCellArtifact::D7_NormalizedEpisodeData::record::3::cell::EDA_norm::00086","ErasureConstraint|delete_on_request","hasErasure","{}"
"PrivacyAnnotation|PA::prop::DataCellArtifact::D7_NormalizedEpisodeData::record::3::cell::EDA_norm::00086","ErasureConstraint|retention_5y","hasErasure","{}"
"PrivacyAnnotation|PA::prop::DataCellArtifact::D7_NormalizedEpisodeData::record::3::cell::EDA_norm::00086","AccessRole|AU","allowsRole","{}"
"PrivacyAnnotation|PA::prop::DataCellArtifact::D7_NormalizedEpisodeData::record::3::cell::EDA_norm::00086","AccessRole|CL","allowsRole","{}"
"PrivacyAnnotation|PA::prop::DataCellArtifact::D7_NormalizedEpisodeData::record::3::cell::EDA_norm::00086","AccessRole|DPO","allowsRole","{}"
"PrivacyAnnotation|PA::prop::DataCellArtifact::D7_NormalizedEpisodeData::record::3::cell::EDA_norm::00086","AccessRole|DS","allowsRole","{}"
"PrivacyAnnotation|PA::prop::DataCellArtifact::D7_NormalizedEpisodeData::record::3::cell::ACC_norm::00087","DataCellArtifact|D7_NormalizedEpisodeData::record::3::cell::ACC_norm","annotates","{}"
"StepRun|asd_run_001::001::S5_normalise","PrivacyAnnotation|PA::prop::DataCellArtifact::D7_NormalizedEpisodeData::record::3::cell::ACC_norm::00087","generatedPrivacyAnnotation","{}"
"PrivacyAnnotation|PA::prop::DataCellArtifact::D7_NormalizedEpisodeData::record::3::cell::ACC_norm::00087","StepRun|asd_run_001::001::S5_normalise","wasGeneratedBy","{}"
"PrivacyAnnotation|PA::prop::DataCellArtifact::D7_NormalizedEpisodeData::record::3::cell::ACC_norm::00087","OperationPolicy|S5_normalise_policy","usedPolicy","{}"
"PrivacyAnnotation|PA::prop::DataCellArtifact::D7_NormalizedEpisodeData::record::3::cell::ACC_norm::00087","SensitivityCategory|behavioural_sensor_data","hasCategory","{""explicit"": true}"
"PrivacyAnnotation|PA::prop::DataCellArtifact::D7_NormalizedEpisodeData::record::3::cell::ACC_norm::00087","UsageConstraint|clinical_research","hasUsage","{}"
"PrivacyAnnotation|PA::prop::DataCellArtifact::D7_NormalizedEpisodeData::record::3::cell::ACC_norm::00087","ErasureConstraint|delete_on_request","hasErasure","{}"
"PrivacyAnnotation|PA::prop::DataCellArtifact::D7_NormalizedEpisodeData::record::3::cell::ACC_norm::00087","ErasureConstraint|retention_5y","hasErasure","{}"
"PrivacyAnnotation|PA::prop::DataCellArtifact::D7_NormalizedEpisodeData::record::3::cell::ACC_norm::00087","AccessRole|AU","allowsRole","{}"
"PrivacyAnnotation|PA::prop::DataCellArtifact::D7_NormalizedEpisodeData::record::3::cell::ACC_norm::00087","AccessRole|CL","allowsRole","{}"
"PrivacyAnnotation|PA::prop::DataCellArtifact::D7_NormalizedEpisodeData::record::3::cell::ACC_norm::00087","AccessRole|DPO","allowsRole","{}"
"PrivacyAnnotation|PA::prop::DataCellArtifact::D7_NormalizedEpisodeData::record::3::cell::ACC_norm::00087","AccessRole|DS","allowsRole","{}"
"PrivacyAnnotation|PA::prop::DataCellArtifact::D7_NormalizedEpisodeData::record::3::cell::chall_behav::00088","DataCellArtifact|D7_NormalizedEpisodeData::record::3::cell::chall_behav","annotates","{}"
"StepRun|asd_run_001::001::S5_normalise","PrivacyAnnotation|PA::prop::DataCellArtifact::D7_NormalizedEpisodeData::record::3::cell::chall_behav::00088","generatedPrivacyAnnotation","{}"
"PrivacyAnnotation|PA::prop::DataCellArtifact::D7_NormalizedEpisodeData::record::3::cell::chall_behav::00088","StepRun|asd_run_001::001::S5_normalise","wasGeneratedBy","{}"
"PrivacyAnnotation|PA::prop::DataCellArtifact::D7_NormalizedEpisodeData::record::3::cell::chall_behav::00088","OperationPolicy|S5_normalise_policy","usedPolicy","{}"
"PrivacyAnnotation|PA::prop::DataCellArtifact::D7_NormalizedEpisodeData::record::3::cell::chall_behav::00088","SensitivityCategory|health","hasCategory","{""explicit"": true}"
"PrivacyAnnotation|PA::prop::DataCellArtifact::D7_NormalizedEpisodeData::record::3::cell::chall_behav::00088","SensitivityCategory|behavioural_sensitive","hasCategory","{""explicit"": true}"
"PrivacyAnnotation|PA::prop::DataCellArtifact::D7_NormalizedEpisodeData::record::3::cell::chall_behav::00088","SensitivityCategory|sensitive_personal_data","hasCategory","{""explicit"": false}"
"PrivacyAnnotation|PA::prop::DataCellArtifact::D7_NormalizedEpisodeData::record::3::cell::chall_behav::00088","UsageConstraint|clinical_research","hasUsage","{}"
"PrivacyAnnotation|PA::prop::DataCellArtifact::D7_NormalizedEpisodeData::record::3::cell::chall_behav::00088","ErasureConstraint|delete_on_request","hasErasure","{}"
"PrivacyAnnotation|PA::prop::DataCellArtifact::D7_NormalizedEpisodeData::record::3::cell::chall_behav::00088","ErasureConstraint|retention_5y","hasErasure","{}"
"PrivacyAnnotation|PA::prop::DataCellArtifact::D7_NormalizedEpisodeData::record::3::cell::chall_behav::00088","AccessRole|AU","allowsRole","{}"
"PrivacyAnnotation|PA::prop::DataCellArtifact::D7_NormalizedEpisodeData::record::3::cell::chall_behav::00088","AccessRole|CL","allowsRole","{}"
"PrivacyAnnotation|PA::prop::DataCellArtifact::D7_NormalizedEpisodeData::record::3::cell::chall_behav::00088","AccessRole|DPO","allowsRole","{}"
"PrivacyAnnotation|PA::prop::DataCellArtifact::D7_NormalizedEpisodeData::record::3::cell::chall_behav::00088","AccessRole|DS","allowsRole","{}"
"PrivacyAnnotation|PA::prop::DataCellArtifact::D7_NormalizedEpisodeData::record::3::cell::sev::00089","DataCellArtifact|D7_NormalizedEpisodeData::record::3::cell::sev","annotates","{}"
"StepRun|asd_run_001::001::S5_normalise","PrivacyAnnotation|PA::prop::DataCellArtifact::D7_NormalizedEpisodeData::record::3::cell::sev::00089","generatedPrivacyAnnotation","{}"
"PrivacyAnnotation|PA::prop::DataCellArtifact::D7_NormalizedEpisodeData::record::3::cell::sev::00089","StepRun|asd_run_001::001::S5_normalise","wasGeneratedBy","{}"
"PrivacyAnnotation|PA::prop::DataCellArtifact::D7_NormalizedEpisodeData::record::3::cell::sev::00089","OperationPolicy|S5_normalise_policy","usedPolicy","{}"
"PrivacyAnnotation|PA::prop::DataCellArtifact::D7_NormalizedEpisodeData::record::3::cell::sev::00089","SensitivityCategory|health","hasCategory","{""explicit"": true}"
"PrivacyAnnotation|PA::prop::DataCellArtifact::D7_NormalizedEpisodeData::record::3::cell::sev::00089","SensitivityCategory|behavioural_sensitive","hasCategory","{""explicit"": true}"
"PrivacyAnnotation|PA::prop::DataCellArtifact::D7_NormalizedEpisodeData::record::3::cell::sev::00089","SensitivityCategory|sensitive_personal_data","hasCategory","{""explicit"": false}"
"PrivacyAnnotation|PA::prop::DataCellArtifact::D7_NormalizedEpisodeData::record::3::cell::sev::00089","UsageConstraint|clinical_research","hasUsage","{}"
"PrivacyAnnotation|PA::prop::DataCellArtifact::D7_NormalizedEpisodeData::record::3::cell::sev::00089","ErasureConstraint|delete_on_request","hasErasure","{}"
"PrivacyAnnotation|PA::prop::DataCellArtifact::D7_NormalizedEpisodeData::record::3::cell::sev::00089","ErasureConstraint|retention_5y","hasErasure","{}"
"PrivacyAnnotation|PA::prop::DataCellArtifact::D7_NormalizedEpisodeData::record::3::cell::sev::00089","AccessRole|AU","allowsRole","{}"
"PrivacyAnnotation|PA::prop::DataCellArtifact::D7_NormalizedEpisodeData::record::3::cell::sev::00089","AccessRole|CL","allowsRole","{}"
"PrivacyAnnotation|PA::prop::DataCellArtifact::D7_NormalizedEpisodeData::record::3::cell::sev::00089","AccessRole|DPO","allowsRole","{}"
"PrivacyAnnotation|PA::prop::DataCellArtifact::D7_NormalizedEpisodeData::record::3::cell::sev::00089","AccessRole|DS","allowsRole","{}"
"PrivacyAnnotation|PA::prop::DataCellArtifact::D7_NormalizedEpisodeData::record::3::cell::age_grp::00090","DataCellArtifact|D7_NormalizedEpisodeData::record::3::cell::age_grp","annotates","{}"
"StepRun|asd_run_001::001::S5_normalise","PrivacyAnnotation|PA::prop::DataCellArtifact::D7_NormalizedEpisodeData::record::3::cell::age_grp::00090","generatedPrivacyAnnotation","{}"
"PrivacyAnnotation|PA::prop::DataCellArtifact::D7_NormalizedEpisodeData::record::3::cell::age_grp::00090","StepRun|asd_run_001::001::S5_normalise","wasGeneratedBy","{}"
"PrivacyAnnotation|PA::prop::DataCellArtifact::D7_NormalizedEpisodeData::record::3::cell::age_grp::00090","OperationPolicy|S5_normalise_policy","usedPolicy","{}"
"PrivacyAnnotation|PA::prop::DataCellArtifact::D7_NormalizedEpisodeData::record::3::cell::age_grp::00090","SensitivityCategory|quasi_identifier","hasCategory","{""explicit"": true}"
"PrivacyAnnotation|PA::prop::DataCellArtifact::D7_NormalizedEpisodeData::record::3::cell::age_grp::00090","UsageConstraint|clinical_research","hasUsage","{}"
"PrivacyAnnotation|PA::prop::DataCellArtifact::D7_NormalizedEpisodeData::record::3::cell::age_grp::00090","ErasureConstraint|delete_on_request","hasErasure","{}"
"PrivacyAnnotation|PA::prop::DataCellArtifact::D7_NormalizedEpisodeData::record::3::cell::age_grp::00090","ErasureConstraint|retention_5y","hasErasure","{}"
"PrivacyAnnotation|PA::prop::DataCellArtifact::D7_NormalizedEpisodeData::record::3::cell::age_grp::00090","AccessRole|AU","allowsRole","{}"
"PrivacyAnnotation|PA::prop::DataCellArtifact::D7_NormalizedEpisodeData::record::3::cell::age_grp::00090","AccessRole|CL","allowsRole","{}"
"PrivacyAnnotation|PA::prop::DataCellArtifact::D7_NormalizedEpisodeData::record::3::cell::age_grp::00090","AccessRole|DPO","allowsRole","{}"
"PrivacyAnnotation|PA::prop::DataCellArtifact::D7_NormalizedEpisodeData::record::3::cell::age_grp::00090","AccessRole|DS","allowsRole","{}"
"PrivacyAnnotation|PA::prop::DataCellArtifact::D7_NormalizedEpisodeData::record::3::cell::sex::00091","DataCellArtifact|D7_NormalizedEpisodeData::record::3::cell::sex","annotates","{}"
"StepRun|asd_run_001::001::S5_normalise","PrivacyAnnotation|PA::prop::DataCellArtifact::D7_NormalizedEpisodeData::record::3::cell::sex::00091","generatedPrivacyAnnotation","{}"
"PrivacyAnnotation|PA::prop::DataCellArtifact::D7_NormalizedEpisodeData::record::3::cell::sex::00091","StepRun|asd_run_001::001::S5_normalise","wasGeneratedBy","{}"
"PrivacyAnnotation|PA::prop::DataCellArtifact::D7_NormalizedEpisodeData::record::3::cell::sex::00091","OperationPolicy|S5_normalise_policy","usedPolicy","{}"
"PrivacyAnnotation|PA::prop::DataCellArtifact::D7_NormalizedEpisodeData::record::3::cell::sex::00091","SensitivityCategory|quasi_identifier","hasCategory","{""explicit"": true}"
"PrivacyAnnotation|PA::prop::DataCellArtifact::D7_NormalizedEpisodeData::record::3::cell::sex::00091","UsageConstraint|clinical_research","hasUsage","{}"
"PrivacyAnnotation|PA::prop::DataCellArtifact::D7_NormalizedEpisodeData::record::3::cell::sex::00091","ErasureConstraint|delete_on_request","hasErasure","{}"
"PrivacyAnnotation|PA::prop::DataCellArtifact::D7_NormalizedEpisodeData::record::3::cell::sex::00091","ErasureConstraint|retention_5y","hasErasure","{}"
"PrivacyAnnotation|PA::prop::DataCellArtifact::D7_NormalizedEpisodeData::record::3::cell::sex::00091","AccessRole|AU","allowsRole","{}"
"PrivacyAnnotation|PA::prop::DataCellArtifact::D7_NormalizedEpisodeData::record::3::cell::sex::00091","AccessRole|CL","allowsRole","{}"
"PrivacyAnnotation|PA::prop::DataCellArtifact::D7_NormalizedEpisodeData::record::3::cell::sex::00091","AccessRole|DPO","allowsRole","{}"
"PrivacyAnnotation|PA::prop::DataCellArtifact::D7_NormalizedEpisodeData::record::3::cell::sex::00091","AccessRole|DS","allowsRole","{}"
"PrivacyAnnotation|PA::prop::DataCellArtifact::D7_NormalizedEpisodeData::record::3::cell::clinic_site::00092","DataCellArtifact|D7_NormalizedEpisodeData::record::3::cell::clinic_site","annotates","{}"
"StepRun|asd_run_001::001::S5_normalise","PrivacyAnnotation|PA::prop::DataCellArtifact::D7_NormalizedEpisodeData::record::3::cell::clinic_site::00092","generatedPrivacyAnnotation","{}"
"PrivacyAnnotation|PA::prop::DataCellArtifact::D7_NormalizedEpisodeData::record::3::cell::clinic_site::00092","StepRun|asd_run_001::001::S5_normalise","wasGeneratedBy","{}"
"PrivacyAnnotation|PA::prop::DataCellArtifact::D7_NormalizedEpisodeData::record::3::cell::clinic_site::00092","OperationPolicy|S5_normalise_policy","usedPolicy","{}"
"PrivacyAnnotation|PA::prop::DataCellArtifact::D7_NormalizedEpisodeData::record::3::cell::clinic_site::00092","SensitivityCategory|quasi_identifier","hasCategory","{""explicit"": true}"
"PrivacyAnnotation|PA::prop::DataCellArtifact::D7_NormalizedEpisodeData::record::3::cell::clinic_site::00092","SensitivityCategory|organisational_context","hasCategory","{""explicit"": true}"
"PrivacyAnnotation|PA::prop::DataCellArtifact::D7_NormalizedEpisodeData::record::3::cell::clinic_site::00092","UsageConstraint|clinical_research","hasUsage","{}"
"PrivacyAnnotation|PA::prop::DataCellArtifact::D7_NormalizedEpisodeData::record::3::cell::clinic_site::00092","ErasureConstraint|delete_on_request","hasErasure","{}"
"PrivacyAnnotation|PA::prop::DataCellArtifact::D7_NormalizedEpisodeData::record::3::cell::clinic_site::00092","ErasureConstraint|retention_5y","hasErasure","{}"
"PrivacyAnnotation|PA::prop::DataCellArtifact::D7_NormalizedEpisodeData::record::3::cell::clinic_site::00092","AccessRole|AU","allowsRole","{}"
"PrivacyAnnotation|PA::prop::DataCellArtifact::D7_NormalizedEpisodeData::record::3::cell::clinic_site::00092","AccessRole|CL","allowsRole","{}"
"PrivacyAnnotation|PA::prop::DataCellArtifact::D7_NormalizedEpisodeData::record::3::cell::clinic_site::00092","AccessRole|DPO","allowsRole","{}"
"PrivacyAnnotation|PA::prop::DataCellArtifact::D7_NormalizedEpisodeData::record::3::cell::diag::00093","DataCellArtifact|D7_NormalizedEpisodeData::record::3::cell::diag","annotates","{}"
"StepRun|asd_run_001::001::S5_normalise","PrivacyAnnotation|PA::prop::DataCellArtifact::D7_NormalizedEpisodeData::record::3::cell::diag::00093","generatedPrivacyAnnotation","{}"
"PrivacyAnnotation|PA::prop::DataCellArtifact::D7_NormalizedEpisodeData::record::3::cell::diag::00093","StepRun|asd_run_001::001::S5_normalise","wasGeneratedBy","{}"
"PrivacyAnnotation|PA::prop::DataCellArtifact::D7_NormalizedEpisodeData::record::3::cell::diag::00093","OperationPolicy|S5_normalise_policy","usedPolicy","{}"
"PrivacyAnnotation|PA::prop::DataCellArtifact::D7_NormalizedEpisodeData::record::3::cell::diag::00093","SensitivityCategory|health","hasCategory","{""explicit"": true}"
"PrivacyAnnotation|PA::prop::DataCellArtifact::D7_NormalizedEpisodeData::record::3::cell::diag::00093","SensitivityCategory|sensitive_personal_data","hasCategory","{""explicit"": true}"
"PrivacyAnnotation|PA::prop::DataCellArtifact::D7_NormalizedEpisodeData::record::3::cell::diag::00093","UsageConstraint|clinical_research","hasUsage","{}"
"PrivacyAnnotation|PA::prop::DataCellArtifact::D7_NormalizedEpisodeData::record::3::cell::diag::00093","ErasureConstraint|delete_on_request","hasErasure","{}"
"PrivacyAnnotation|PA::prop::DataCellArtifact::D7_NormalizedEpisodeData::record::3::cell::diag::00093","ErasureConstraint|retention_5y","hasErasure","{}"
"PrivacyAnnotation|PA::prop::DataCellArtifact::D7_NormalizedEpisodeData::record::3::cell::diag::00093","AccessRole|AU","allowsRole","{}"
"PrivacyAnnotation|PA::prop::DataCellArtifact::D7_NormalizedEpisodeData::record::3::cell::diag::00093","AccessRole|CL","allowsRole","{}"
"PrivacyAnnotation|PA::prop::DataCellArtifact::D7_NormalizedEpisodeData::record::3::cell::diag::00093","AccessRole|DPO","allowsRole","{}"
"PrivacyAnnotation|PA::prop::DataRecordArtifact::D7_NormalizedEpisodeData::record::0::00094","DataRecordArtifact|D7_NormalizedEpisodeData::record::0","annotates","{}"
"StepRun|asd_run_001::001::S5_normalise","PrivacyAnnotation|PA::prop::DataRecordArtifact::D7_NormalizedEpisodeData::record::0::00094","generatedPrivacyAnnotation","{}"
"PrivacyAnnotation|PA::prop::DataRecordArtifact::D7_NormalizedEpisodeData::record::0::00094","StepRun|asd_run_001::001::S5_normalise","wasGeneratedBy","{}"
"PrivacyAnnotation|PA::prop::DataRecordArtifact::D7_NormalizedEpisodeData::record::0::00094","OperationPolicy|S5_normalise_policy","usedPolicy","{}"
"PrivacyAnnotation|PA::prop::DataRecordArtifact::D7_NormalizedEpisodeData::record::0::00094","SensitivityCategory|direct_identifier","hasCategory","{""explicit"": true}"
"PrivacyAnnotation|PA::prop::DataRecordArtifact::D7_NormalizedEpisodeData::record::0::00094","SensitivityCategory|temporal_quasi_identifier","hasCategory","{""explicit"": true}"
"PrivacyAnnotation|PA::prop::DataRecordArtifact::D7_NormalizedEpisodeData::record::0::00094","SensitivityCategory|biometric","hasCategory","{""explicit"": true}"
"PrivacyAnnotation|PA::prop::DataRecordArtifact::D7_NormalizedEpisodeData::record::0::00094","SensitivityCategory|health","hasCategory","{""explicit"": true}"
"PrivacyAnnotation|PA::prop::DataRecordArtifact::D7_NormalizedEpisodeData::record::0::00094","SensitivityCategory|behavioural_sensor_data","hasCategory","{""explicit"": true}"
"PrivacyAnnotation|PA::prop::DataRecordArtifact::D7_NormalizedEpisodeData::record::0::00094","SensitivityCategory|behavioural_sensitive","hasCategory","{""explicit"": true}"
"PrivacyAnnotation|PA::prop::DataRecordArtifact::D7_NormalizedEpisodeData::record::0::00094","SensitivityCategory|quasi_identifier","hasCategory","{""explicit"": true}"
"PrivacyAnnotation|PA::prop::DataRecordArtifact::D7_NormalizedEpisodeData::record::0::00094","SensitivityCategory|organisational_context","hasCategory","{""explicit"": true}"
"PrivacyAnnotation|PA::prop::DataRecordArtifact::D7_NormalizedEpisodeData::record::0::00094","SensitivityCategory|sensitive_personal_data","hasCategory","{""explicit"": true}"
"PrivacyAnnotation|PA::prop::DataRecordArtifact::D7_NormalizedEpisodeData::record::0::00094","SensitivityCategory|identifier","hasCategory","{""explicit"": false}"
"PrivacyAnnotation|PA::prop::DataRecordArtifact::D7_NormalizedEpisodeData::record::0::00094","UsageConstraint|clinical_research","hasUsage","{}"
"PrivacyAnnotation|PA::prop::DataRecordArtifact::D7_NormalizedEpisodeData::record::0::00094","ErasureConstraint|delete_on_request","hasErasure","{}"
"PrivacyAnnotation|PA::prop::DataRecordArtifact::D7_NormalizedEpisodeData::record::0::00094","ErasureConstraint|retention_5y","hasErasure","{}"
"PrivacyAnnotation|PA::prop::DataRecordArtifact::D7_NormalizedEpisodeData::record::0::00094","AccessRole|CL","allowsRole","{}"
"PrivacyAnnotation|PA::prop::DataRecordArtifact::D7_NormalizedEpisodeData::record::0::00094","AccessRole|DPO","allowsRole","{}"
"PrivacyAnnotation|PA::prop::DataRecordArtifact::D7_NormalizedEpisodeData::record::1::00095","DataRecordArtifact|D7_NormalizedEpisodeData::record::1","annotates","{}"
"StepRun|asd_run_001::001::S5_normalise","PrivacyAnnotation|PA::prop::DataRecordArtifact::D7_NormalizedEpisodeData::record::1::00095","generatedPrivacyAnnotation","{}"
"PrivacyAnnotation|PA::prop::DataRecordArtifact::D7_NormalizedEpisodeData::record::1::00095","StepRun|asd_run_001::001::S5_normalise","wasGeneratedBy","{}"
"PrivacyAnnotation|PA::prop::DataRecordArtifact::D7_NormalizedEpisodeData::record::1::00095","OperationPolicy|S5_normalise_policy","usedPolicy","{}"
"PrivacyAnnotation|PA::prop::DataRecordArtifact::D7_NormalizedEpisodeData::record::1::00095","SensitivityCategory|direct_identifier","hasCategory","{""explicit"": true}"
"PrivacyAnnotation|PA::prop::DataRecordArtifact::D7_NormalizedEpisodeData::record::1::00095","SensitivityCategory|temporal_quasi_identifier","hasCategory","{""explicit"": true}"
"PrivacyAnnotation|PA::prop::DataRecordArtifact::D7_NormalizedEpisodeData::record::1::00095","SensitivityCategory|biometric","hasCategory","{""explicit"": true}"
"PrivacyAnnotation|PA::prop::DataRecordArtifact::D7_NormalizedEpisodeData::record::1::00095","SensitivityCategory|health","hasCategory","{""explicit"": true}"
"PrivacyAnnotation|PA::prop::DataRecordArtifact::D7_NormalizedEpisodeData::record::1::00095","SensitivityCategory|behavioural_sensor_data","hasCategory","{""explicit"": true}"
"PrivacyAnnotation|PA::prop::DataRecordArtifact::D7_NormalizedEpisodeData::record::1::00095","SensitivityCategory|behavioural_sensitive","hasCategory","{""explicit"": true}"
"PrivacyAnnotation|PA::prop::DataRecordArtifact::D7_NormalizedEpisodeData::record::1::00095","SensitivityCategory|quasi_identifier","hasCategory","{""explicit"": true}"
"PrivacyAnnotation|PA::prop::DataRecordArtifact::D7_NormalizedEpisodeData::record::1::00095","SensitivityCategory|organisational_context","hasCategory","{""explicit"": true}"
"PrivacyAnnotation|PA::prop::DataRecordArtifact::D7_NormalizedEpisodeData::record::1::00095","SensitivityCategory|sensitive_personal_data","hasCategory","{""explicit"": true}"
"PrivacyAnnotation|PA::prop::DataRecordArtifact::D7_NormalizedEpisodeData::record::1::00095","SensitivityCategory|identifier","hasCategory","{""explicit"": false}"
"PrivacyAnnotation|PA::prop::DataRecordArtifact::D7_NormalizedEpisodeData::record::1::00095","UsageConstraint|clinical_research","hasUsage","{}"
"PrivacyAnnotation|PA::prop::DataRecordArtifact::D7_NormalizedEpisodeData::record::1::00095","ErasureConstraint|delete_on_request","hasErasure","{}"
"PrivacyAnnotation|PA::prop::DataRecordArtifact::D7_NormalizedEpisodeData::record::1::00095","ErasureConstraint|retention_5y","hasErasure","{}"
"PrivacyAnnotation|PA::prop::DataRecordArtifact::D7_NormalizedEpisodeData::record::1::00095","AccessRole|CL","allowsRole","{}"
"PrivacyAnnotation|PA::prop::DataRecordArtifact::D7_NormalizedEpisodeData::record::1::00095","AccessRole|DPO","allowsRole","{}"
"PrivacyAnnotation|PA::prop::DataRecordArtifact::D7_NormalizedEpisodeData::record::2::00096","DataRecordArtifact|D7_NormalizedEpisodeData::record::2","annotates","{}"
"StepRun|asd_run_001::001::S5_normalise","PrivacyAnnotation|PA::prop::DataRecordArtifact::D7_NormalizedEpisodeData::record::2::00096","generatedPrivacyAnnotation","{}"
"PrivacyAnnotation|PA::prop::DataRecordArtifact::D7_NormalizedEpisodeData::record::2::00096","StepRun|asd_run_001::001::S5_normalise","wasGeneratedBy","{}"
"PrivacyAnnotation|PA::prop::DataRecordArtifact::D7_NormalizedEpisodeData::record::2::00096","OperationPolicy|S5_normalise_policy","usedPolicy","{}"
"PrivacyAnnotation|PA::prop::DataRecordArtifact::D7_NormalizedEpisodeData::record::2::00096","SensitivityCategory|direct_identifier","hasCategory","{""explicit"": true}"
"PrivacyAnnotation|PA::prop::DataRecordArtifact::D7_NormalizedEpisodeData::record::2::00096","SensitivityCategory|temporal_quasi_identifier","hasCategory","{""explicit"": true}"
"PrivacyAnnotation|PA::prop::DataRecordArtifact::D7_NormalizedEpisodeData::record::2::00096","SensitivityCategory|biometric","hasCategory","{""explicit"": true}"
"PrivacyAnnotation|PA::prop::DataRecordArtifact::D7_NormalizedEpisodeData::record::2::00096","SensitivityCategory|health","hasCategory","{""explicit"": true}"
"PrivacyAnnotation|PA::prop::DataRecordArtifact::D7_NormalizedEpisodeData::record::2::00096","SensitivityCategory|behavioural_sensor_data","hasCategory","{""explicit"": true}"
"PrivacyAnnotation|PA::prop::DataRecordArtifact::D7_NormalizedEpisodeData::record::2::00096","SensitivityCategory|behavioural_sensitive","hasCategory","{""explicit"": true}"
"PrivacyAnnotation|PA::prop::DataRecordArtifact::D7_NormalizedEpisodeData::record::2::00096","SensitivityCategory|quasi_identifier","hasCategory","{""explicit"": true}"
"PrivacyAnnotation|PA::prop::DataRecordArtifact::D7_NormalizedEpisodeData::record::2::00096","SensitivityCategory|organisational_context","hasCategory","{""explicit"": true}"
"PrivacyAnnotation|PA::prop::DataRecordArtifact::D7_NormalizedEpisodeData::record::2::00096","SensitivityCategory|sensitive_personal_data","hasCategory","{""explicit"": true}"
"PrivacyAnnotation|PA::prop::DataRecordArtifact::D7_NormalizedEpisodeData::record::2::00096","SensitivityCategory|identifier","hasCategory","{""explicit"": false}"
"PrivacyAnnotation|PA::prop::DataRecordArtifact::D7_NormalizedEpisodeData::record::2::00096","UsageConstraint|clinical_research","hasUsage","{}"
"PrivacyAnnotation|PA::prop::DataRecordArtifact::D7_NormalizedEpisodeData::record::2::00096","ErasureConstraint|delete_on_request","hasErasure","{}"
"PrivacyAnnotation|PA::prop::DataRecordArtifact::D7_NormalizedEpisodeData::record::2::00096","ErasureConstraint|retention_5y","hasErasure","{}"
"PrivacyAnnotation|PA::prop::DataRecordArtifact::D7_NormalizedEpisodeData::record::2::00096","AccessRole|CL","allowsRole","{}"
"PrivacyAnnotation|PA::prop::DataRecordArtifact::D7_NormalizedEpisodeData::record::2::00096","AccessRole|DPO","allowsRole","{}"
"PrivacyAnnotation|PA::prop::DataRecordArtifact::D7_NormalizedEpisodeData::record::3::00097","DataRecordArtifact|D7_NormalizedEpisodeData::record::3","annotates","{}"
"StepRun|asd_run_001::001::S5_normalise","PrivacyAnnotation|PA::prop::DataRecordArtifact::D7_NormalizedEpisodeData::record::3::00097","generatedPrivacyAnnotation","{}"
"PrivacyAnnotation|PA::prop::DataRecordArtifact::D7_NormalizedEpisodeData::record::3::00097","StepRun|asd_run_001::001::S5_normalise","wasGeneratedBy","{}"
"PrivacyAnnotation|PA::prop::DataRecordArtifact::D7_NormalizedEpisodeData::record::3::00097","OperationPolicy|S5_normalise_policy","usedPolicy","{}"
"PrivacyAnnotation|PA::prop::DataRecordArtifact::D7_NormalizedEpisodeData::record::3::00097","SensitivityCategory|direct_identifier","hasCategory","{""explicit"": true}"
"PrivacyAnnotation|PA::prop::DataRecordArtifact::D7_NormalizedEpisodeData::record::3::00097","SensitivityCategory|temporal_quasi_identifier","hasCategory","{""explicit"": true}"
"PrivacyAnnotation|PA::prop::DataRecordArtifact::D7_NormalizedEpisodeData::record::3::00097","SensitivityCategory|biometric","hasCategory","{""explicit"": true}"
"PrivacyAnnotation|PA::prop::DataRecordArtifact::D7_NormalizedEpisodeData::record::3::00097","SensitivityCategory|health","hasCategory","{""explicit"": true}"
"PrivacyAnnotation|PA::prop::DataRecordArtifact::D7_NormalizedEpisodeData::record::3::00097","SensitivityCategory|behavioural_sensor_data","hasCategory","{""explicit"": true}"
"PrivacyAnnotation|PA::prop::DataRecordArtifact::D7_NormalizedEpisodeData::record::3::00097","SensitivityCategory|behavioural_sensitive","hasCategory","{""explicit"": true}"
"PrivacyAnnotation|PA::prop::DataRecordArtifact::D7_NormalizedEpisodeData::record::3::00097","SensitivityCategory|quasi_identifier","hasCategory","{""explicit"": true}"
"PrivacyAnnotation|PA::prop::DataRecordArtifact::D7_NormalizedEpisodeData::record::3::00097","SensitivityCategory|organisational_context","hasCategory","{""explicit"": true}"
"PrivacyAnnotation|PA::prop::DataRecordArtifact::D7_NormalizedEpisodeData::record::3::00097","SensitivityCategory|sensitive_personal_data","hasCategory","{""explicit"": true}"
"PrivacyAnnotation|PA::prop::DataRecordArtifact::D7_NormalizedEpisodeData::record::3::00097","SensitivityCategory|identifier","hasCategory","{""explicit"": false}"
"PrivacyAnnotation|PA::prop::DataRecordArtifact::D7_NormalizedEpisodeData::record::3::00097","UsageConstraint|clinical_research","hasUsage","{}"
"PrivacyAnnotation|PA::prop::DataRecordArtifact::D7_NormalizedEpisodeData::record::3::00097","ErasureConstraint|delete_on_request","hasErasure","{}"
"PrivacyAnnotation|PA::prop::DataRecordArtifact::D7_NormalizedEpisodeData::record::3::00097","ErasureConstraint|retention_5y","hasErasure","{}"
"PrivacyAnnotation|PA::prop::DataRecordArtifact::D7_NormalizedEpisodeData::record::3::00097","AccessRole|CL","allowsRole","{}"
"PrivacyAnnotation|PA::prop::DataRecordArtifact::D7_NormalizedEpisodeData::record::3::00097","AccessRole|DPO","allowsRole","{}"
"PrivacyAnnotation|PA::prop::DatasetArtifact::D7_NormalizedEpisodeData::00098","DatasetArtifact|D7_NormalizedEpisodeData","annotates","{}"
"StepRun|asd_run_001::001::S5_normalise","PrivacyAnnotation|PA::prop::DatasetArtifact::D7_NormalizedEpisodeData::00098","generatedPrivacyAnnotation","{}"
"PrivacyAnnotation|PA::prop::DatasetArtifact::D7_NormalizedEpisodeData::00098","StepRun|asd_run_001::001::S5_normalise","wasGeneratedBy","{}"
"PrivacyAnnotation|PA::prop::DatasetArtifact::D7_NormalizedEpisodeData::00098","OperationPolicy|S5_normalise_policy","usedPolicy","{}"
"PrivacyAnnotation|PA::prop::DatasetArtifact::D7_NormalizedEpisodeData::00098","SensitivityCategory|direct_identifier","hasCategory","{""explicit"": true}"
"PrivacyAnnotation|PA::prop::DatasetArtifact::D7_NormalizedEpisodeData::00098","SensitivityCategory|temporal_quasi_identifier","hasCategory","{""explicit"": true}"
"PrivacyAnnotation|PA::prop::DatasetArtifact::D7_NormalizedEpisodeData::00098","SensitivityCategory|quasi_identifier","hasCategory","{""explicit"": true}"
"PrivacyAnnotation|PA::prop::DatasetArtifact::D7_NormalizedEpisodeData::00098","SensitivityCategory|biometric","hasCategory","{""explicit"": true}"
"PrivacyAnnotation|PA::prop::DatasetArtifact::D7_NormalizedEpisodeData::00098","SensitivityCategory|health","hasCategory","{""explicit"": true}"
"PrivacyAnnotation|PA::prop::DatasetArtifact::D7_NormalizedEpisodeData::00098","SensitivityCategory|behavioural_sensor_data","hasCategory","{""explicit"": true}"
"PrivacyAnnotation|PA::prop::DatasetArtifact::D7_NormalizedEpisodeData::00098","SensitivityCategory|behavioural_sensitive","hasCategory","{""explicit"": true}"
"PrivacyAnnotation|PA::prop::DatasetArtifact::D7_NormalizedEpisodeData::00098","SensitivityCategory|organisational_context","hasCategory","{""explicit"": true}"
"PrivacyAnnotation|PA::prop::DatasetArtifact::D7_NormalizedEpisodeData::00098","SensitivityCategory|reidentification_risk","hasCategory","{""explicit"": true}"
"PrivacyAnnotation|PA::prop::DatasetArtifact::D7_NormalizedEpisodeData::00098","SensitivityCategory|sensitive_personal_data","hasCategory","{""explicit"": true}"
"PrivacyAnnotation|PA::prop::DatasetArtifact::D7_NormalizedEpisodeData::00098","SensitivityCategory|identifier","hasCategory","{""explicit"": false}"
"PrivacyAnnotation|PA::prop::DatasetArtifact::D7_NormalizedEpisodeData::00098","UsageConstraint|clinical_research","hasUsage","{}"
"PrivacyAnnotation|PA::prop::DatasetArtifact::D7_NormalizedEpisodeData::00098","ErasureConstraint|delete_on_request","hasErasure","{}"
"PrivacyAnnotation|PA::prop::DatasetArtifact::D7_NormalizedEpisodeData::00098","ErasureConstraint|retention_5y","hasErasure","{}"
"PrivacyAnnotation|PA::prop::DatasetArtifact::D7_NormalizedEpisodeData::00098","AccessRole|CL","allowsRole","{}"
"PrivacyAnnotation|PA::prop::DatasetArtifact::D7_NormalizedEpisodeData::00098","AccessRole|DPO","allowsRole","{}"
"PrivacyAnnotation|PA::prop::DataCellArtifact::D8_ModellingDataset::record::0::cell::HR_norm::00099","DataCellArtifact|D8_ModellingDataset::record::0::cell::HR_norm","annotates","{}"
"StepRun|asd_run_001::002::S6_select_modelling_features","PrivacyAnnotation|PA::prop::DataCellArtifact::D8_ModellingDataset::record::0::cell::HR_norm::00099","generatedPrivacyAnnotation","{}"
"PrivacyAnnotation|PA::prop::DataCellArtifact::D8_ModellingDataset::record::0::cell::HR_norm::00099","StepRun|asd_run_001::002::S6_select_modelling_features","wasGeneratedBy","{}"
"PrivacyAnnotation|PA::prop::DataCellArtifact::D8_ModellingDataset::record::0::cell::HR_norm::00099","OperationPolicy|S6_select_modelling_features_policy","usedPolicy","{}"
"PrivacyAnnotation|PA::prop::DataCellArtifact::D8_ModellingDataset::record::0::cell::HR_norm::00099","SensitivityCategory|biometric","hasCategory","{""explicit"": true}"
"PrivacyAnnotation|PA::prop::DataCellArtifact::D8_ModellingDataset::record::0::cell::HR_norm::00099","SensitivityCategory|health","hasCategory","{""explicit"": true}"
"PrivacyAnnotation|PA::prop::DataCellArtifact::D8_ModellingDataset::record::0::cell::HR_norm::00099","SensitivityCategory|sensitive_personal_data","hasCategory","{""explicit"": false}"
"PrivacyAnnotation|PA::prop::DataCellArtifact::D8_ModellingDataset::record::0::cell::HR_norm::00099","UsageConstraint|clinical_research","hasUsage","{}"
"PrivacyAnnotation|PA::prop::DataCellArtifact::D8_ModellingDataset::record::0::cell::HR_norm::00099","ErasureConstraint|delete_on_request","hasErasure","{}"
"PrivacyAnnotation|PA::prop::DataCellArtifact::D8_ModellingDataset::record::0::cell::HR_norm::00099","ErasureConstraint|retention_5y","hasErasure","{}"
"PrivacyAnnotation|PA::prop::DataCellArtifact::D8_ModellingDataset::record::0::cell::HR_norm::00099","AccessRole|AU","allowsRole","{}"
"PrivacyAnnotation|PA::prop::DataCellArtifact::D8_ModellingDataset::record::0::cell::HR_norm::00099","AccessRole|CL","allowsRole","{}"
"PrivacyAnnotation|PA::prop::DataCellArtifact::D8_ModellingDataset::record::0::cell::HR_norm::00099","AccessRole|DPO","allowsRole","{}"
"PrivacyAnnotation|PA::prop::DataCellArtifact::D8_ModellingDataset::record::0::cell::HR_norm::00099","AccessRole|DS","allowsRole","{}"
"PrivacyAnnotation|PA::prop::DataCellArtifact::D8_ModellingDataset::record::0::cell::EDA_norm::00100","DataCellArtifact|D8_ModellingDataset::record::0::cell::EDA_norm","annotates","{}"
"StepRun|asd_run_001::002::S6_select_modelling_features","PrivacyAnnotation|PA::prop::DataCellArtifact::D8_ModellingDataset::record::0::cell::EDA_norm::00100","generatedPrivacyAnnotation","{}"
"PrivacyAnnotation|PA::prop::DataCellArtifact::D8_ModellingDataset::record::0::cell::EDA_norm::00100","StepRun|asd_run_001::002::S6_select_modelling_features","wasGeneratedBy","{}"
"PrivacyAnnotation|PA::prop::DataCellArtifact::D8_ModellingDataset::record::0::cell::EDA_norm::00100","OperationPolicy|S6_select_modelling_features_policy","usedPolicy","{}"
"PrivacyAnnotation|PA::prop::DataCellArtifact::D8_ModellingDataset::record::0::cell::EDA_norm::00100","SensitivityCategory|biometric","hasCategory","{""explicit"": true}"
"PrivacyAnnotation|PA::prop::DataCellArtifact::D8_ModellingDataset::record::0::cell::EDA_norm::00100","SensitivityCategory|health","hasCategory","{""explicit"": true}"
"PrivacyAnnotation|PA::prop::DataCellArtifact::D8_ModellingDataset::record::0::cell::EDA_norm::00100","SensitivityCategory|sensitive_personal_data","hasCategory","{""explicit"": false}"
"PrivacyAnnotation|PA::prop::DataCellArtifact::D8_ModellingDataset::record::0::cell::EDA_norm::00100","UsageConstraint|clinical_research","hasUsage","{}"
"PrivacyAnnotation|PA::prop::DataCellArtifact::D8_ModellingDataset::record::0::cell::EDA_norm::00100","ErasureConstraint|delete_on_request","hasErasure","{}"
"PrivacyAnnotation|PA::prop::DataCellArtifact::D8_ModellingDataset::record::0::cell::EDA_norm::00100","ErasureConstraint|retention_5y","hasErasure","{}"
"PrivacyAnnotation|PA::prop::DataCellArtifact::D8_ModellingDataset::record::0::cell::EDA_norm::00100","AccessRole|AU","allowsRole","{}"
"PrivacyAnnotation|PA::prop::DataCellArtifact::D8_ModellingDataset::record::0::cell::EDA_norm::00100","AccessRole|CL","allowsRole","{}"
"PrivacyAnnotation|PA::prop::DataCellArtifact::D8_ModellingDataset::record::0::cell::EDA_norm::00100","AccessRole|DPO","allowsRole","{}"
"PrivacyAnnotation|PA::prop::DataCellArtifact::D8_ModellingDataset::record::0::cell::EDA_norm::00100","AccessRole|DS","allowsRole","{}"
"PrivacyAnnotation|PA::prop::DataCellArtifact::D8_ModellingDataset::record::0::cell::ACC_norm::00101","DataCellArtifact|D8_ModellingDataset::record::0::cell::ACC_norm","annotates","{}"
"StepRun|asd_run_001::002::S6_select_modelling_features","PrivacyAnnotation|PA::prop::DataCellArtifact::D8_ModellingDataset::record::0::cell::ACC_norm::00101","generatedPrivacyAnnotation","{}"
"PrivacyAnnotation|PA::prop::DataCellArtifact::D8_ModellingDataset::record::0::cell::ACC_norm::00101","StepRun|asd_run_001::002::S6_select_modelling_features","wasGeneratedBy","{}"
"PrivacyAnnotation|PA::prop::DataCellArtifact::D8_ModellingDataset::record::0::cell::ACC_norm::00101","OperationPolicy|S6_select_modelling_features_policy","usedPolicy","{}"
"PrivacyAnnotation|PA::prop::DataCellArtifact::D8_ModellingDataset::record::0::cell::ACC_norm::00101","SensitivityCategory|behavioural_sensor_data","hasCategory","{""explicit"": true}"
"PrivacyAnnotation|PA::prop::DataCellArtifact::D8_ModellingDataset::record::0::cell::ACC_norm::00101","UsageConstraint|clinical_research","hasUsage","{}"
"PrivacyAnnotation|PA::prop::DataCellArtifact::D8_ModellingDataset::record::0::cell::ACC_norm::00101","ErasureConstraint|delete_on_request","hasErasure","{}"
"PrivacyAnnotation|PA::prop::DataCellArtifact::D8_ModellingDataset::record::0::cell::ACC_norm::00101","ErasureConstraint|retention_5y","hasErasure","{}"
"PrivacyAnnotation|PA::prop::DataCellArtifact::D8_ModellingDataset::record::0::cell::ACC_norm::00101","AccessRole|AU","allowsRole","{}"
"PrivacyAnnotation|PA::prop::DataCellArtifact::D8_ModellingDataset::record::0::cell::ACC_norm::00101","AccessRole|CL","allowsRole","{}"
"PrivacyAnnotation|PA::prop::DataCellArtifact::D8_ModellingDataset::record::0::cell::ACC_norm::00101","AccessRole|DPO","allowsRole","{}"
"PrivacyAnnotation|PA::prop::DataCellArtifact::D8_ModellingDataset::record::0::cell::ACC_norm::00101","AccessRole|DS","allowsRole","{}"
"PrivacyAnnotation|PA::prop::DataCellArtifact::D8_ModellingDataset::record::0::cell::chall_behav::00102","DataCellArtifact|D8_ModellingDataset::record::0::cell::chall_behav","annotates","{}"
"StepRun|asd_run_001::002::S6_select_modelling_features","PrivacyAnnotation|PA::prop::DataCellArtifact::D8_ModellingDataset::record::0::cell::chall_behav::00102","generatedPrivacyAnnotation","{}"
"PrivacyAnnotation|PA::prop::DataCellArtifact::D8_ModellingDataset::record::0::cell::chall_behav::00102","StepRun|asd_run_001::002::S6_select_modelling_features","wasGeneratedBy","{}"
"PrivacyAnnotation|PA::prop::DataCellArtifact::D8_ModellingDataset::record::0::cell::chall_behav::00102","OperationPolicy|S6_select_modelling_features_policy","usedPolicy","{}"
"PrivacyAnnotation|PA::prop::DataCellArtifact::D8_ModellingDataset::record::0::cell::chall_behav::00102","SensitivityCategory|health","hasCategory","{""explicit"": true}"
"PrivacyAnnotation|PA::prop::DataCellArtifact::D8_ModellingDataset::record::0::cell::chall_behav::00102","SensitivityCategory|behavioural_sensitive","hasCategory","{""explicit"": true}"
"PrivacyAnnotation|PA::prop::DataCellArtifact::D8_ModellingDataset::record::0::cell::chall_behav::00102","SensitivityCategory|sensitive_personal_data","hasCategory","{""explicit"": false}"
"PrivacyAnnotation|PA::prop::DataCellArtifact::D8_ModellingDataset::record::0::cell::chall_behav::00102","UsageConstraint|clinical_research","hasUsage","{}"
"PrivacyAnnotation|PA::prop::DataCellArtifact::D8_ModellingDataset::record::0::cell::chall_behav::00102","ErasureConstraint|delete_on_request","hasErasure","{}"
"PrivacyAnnotation|PA::prop::DataCellArtifact::D8_ModellingDataset::record::0::cell::chall_behav::00102","ErasureConstraint|retention_5y","hasErasure","{}"
"PrivacyAnnotation|PA::prop::DataCellArtifact::D8_ModellingDataset::record::0::cell::chall_behav::00102","AccessRole|AU","allowsRole","{}"
"PrivacyAnnotation|PA::prop::DataCellArtifact::D8_ModellingDataset::record::0::cell::chall_behav::00102","AccessRole|CL","allowsRole","{}"
"PrivacyAnnotation|PA::prop::DataCellArtifact::D8_ModellingDataset::record::0::cell::chall_behav::00102","AccessRole|DPO","allowsRole","{}"
"PrivacyAnnotation|PA::prop::DataCellArtifact::D8_ModellingDataset::record::0::cell::chall_behav::00102","AccessRole|DS","allowsRole","{}"
"PrivacyAnnotation|PA::prop::DataCellArtifact::D8_ModellingDataset::record::0::cell::sev::00103","DataCellArtifact|D8_ModellingDataset::record::0::cell::sev","annotates","{}"
"StepRun|asd_run_001::002::S6_select_modelling_features","PrivacyAnnotation|PA::prop::DataCellArtifact::D8_ModellingDataset::record::0::cell::sev::00103","generatedPrivacyAnnotation","{}"
"PrivacyAnnotation|PA::prop::DataCellArtifact::D8_ModellingDataset::record::0::cell::sev::00103","StepRun|asd_run_001::002::S6_select_modelling_features","wasGeneratedBy","{}"
"PrivacyAnnotation|PA::prop::DataCellArtifact::D8_ModellingDataset::record::0::cell::sev::00103","OperationPolicy|S6_select_modelling_features_policy","usedPolicy","{}"
"PrivacyAnnotation|PA::prop::DataCellArtifact::D8_ModellingDataset::record::0::cell::sev::00103","SensitivityCategory|health","hasCategory","{""explicit"": true}"
"PrivacyAnnotation|PA::prop::DataCellArtifact::D8_ModellingDataset::record::0::cell::sev::00103","SensitivityCategory|behavioural_sensitive","hasCategory","{""explicit"": true}"
"PrivacyAnnotation|PA::prop::DataCellArtifact::D8_ModellingDataset::record::0::cell::sev::00103","SensitivityCategory|sensitive_personal_data","hasCategory","{""explicit"": false}"
"PrivacyAnnotation|PA::prop::DataCellArtifact::D8_ModellingDataset::record::0::cell::sev::00103","UsageConstraint|clinical_research","hasUsage","{}"
"PrivacyAnnotation|PA::prop::DataCellArtifact::D8_ModellingDataset::record::0::cell::sev::00103","ErasureConstraint|delete_on_request","hasErasure","{}"
"PrivacyAnnotation|PA::prop::DataCellArtifact::D8_ModellingDataset::record::0::cell::sev::00103","ErasureConstraint|retention_5y","hasErasure","{}"
"PrivacyAnnotation|PA::prop::DataCellArtifact::D8_ModellingDataset::record::0::cell::sev::00103","AccessRole|AU","allowsRole","{}"
"PrivacyAnnotation|PA::prop::DataCellArtifact::D8_ModellingDataset::record::0::cell::sev::00103","AccessRole|CL","allowsRole","{}"
"PrivacyAnnotation|PA::prop::DataCellArtifact::D8_ModellingDataset::record::0::cell::sev::00103","AccessRole|DPO","allowsRole","{}"
"PrivacyAnnotation|PA::prop::DataCellArtifact::D8_ModellingDataset::record::0::cell::sev::00103","AccessRole|DS","allowsRole","{}"
"PrivacyAnnotation|PA::prop::DataCellArtifact::D8_ModellingDataset::record::0::cell::age_grp::00104","DataCellArtifact|D8_ModellingDataset::record::0::cell::age_grp","annotates","{}"
"StepRun|asd_run_001::002::S6_select_modelling_features","PrivacyAnnotation|PA::prop::DataCellArtifact::D8_ModellingDataset::record::0::cell::age_grp::00104","generatedPrivacyAnnotation","{}"
"PrivacyAnnotation|PA::prop::DataCellArtifact::D8_ModellingDataset::record::0::cell::age_grp::00104","StepRun|asd_run_001::002::S6_select_modelling_features","wasGeneratedBy","{}"
"PrivacyAnnotation|PA::prop::DataCellArtifact::D8_ModellingDataset::record::0::cell::age_grp::00104","OperationPolicy|S6_select_modelling_features_policy","usedPolicy","{}"
"PrivacyAnnotation|PA::prop::DataCellArtifact::D8_ModellingDataset::record::0::cell::age_grp::00104","SensitivityCategory|quasi_identifier","hasCategory","{""explicit"": true}"
"PrivacyAnnotation|PA::prop::DataCellArtifact::D8_ModellingDataset::record::0::cell::age_grp::00104","UsageConstraint|clinical_research","hasUsage","{}"
"PrivacyAnnotation|PA::prop::DataCellArtifact::D8_ModellingDataset::record::0::cell::age_grp::00104","ErasureConstraint|delete_on_request","hasErasure","{}"
"PrivacyAnnotation|PA::prop::DataCellArtifact::D8_ModellingDataset::record::0::cell::age_grp::00104","ErasureConstraint|retention_5y","hasErasure","{}"
"PrivacyAnnotation|PA::prop::DataCellArtifact::D8_ModellingDataset::record::0::cell::age_grp::00104","AccessRole|AU","allowsRole","{}"
"PrivacyAnnotation|PA::prop::DataCellArtifact::D8_ModellingDataset::record::0::cell::age_grp::00104","AccessRole|CL","allowsRole","{}"
"PrivacyAnnotation|PA::prop::DataCellArtifact::D8_ModellingDataset::record::0::cell::age_grp::00104","AccessRole|DPO","allowsRole","{}"
"PrivacyAnnotation|PA::prop::DataCellArtifact::D8_ModellingDataset::record::0::cell::age_grp::00104","AccessRole|DS","allowsRole","{}"
"PrivacyAnnotation|PA::prop::DataCellArtifact::D8_ModellingDataset::record::0::cell::sex::00105","DataCellArtifact|D8_ModellingDataset::record::0::cell::sex","annotates","{}"
"StepRun|asd_run_001::002::S6_select_modelling_features","PrivacyAnnotation|PA::prop::DataCellArtifact::D8_ModellingDataset::record::0::cell::sex::00105","generatedPrivacyAnnotation","{}"
"PrivacyAnnotation|PA::prop::DataCellArtifact::D8_ModellingDataset::record::0::cell::sex::00105","StepRun|asd_run_001::002::S6_select_modelling_features","wasGeneratedBy","{}"
"PrivacyAnnotation|PA::prop::DataCellArtifact::D8_ModellingDataset::record::0::cell::sex::00105","OperationPolicy|S6_select_modelling_features_policy","usedPolicy","{}"
"PrivacyAnnotation|PA::prop::DataCellArtifact::D8_ModellingDataset::record::0::cell::sex::00105","SensitivityCategory|quasi_identifier","hasCategory","{""explicit"": true}"
"PrivacyAnnotation|PA::prop::DataCellArtifact::D8_ModellingDataset::record::0::cell::sex::00105","UsageConstraint|clinical_research","hasUsage","{}"
"PrivacyAnnotation|PA::prop::DataCellArtifact::D8_ModellingDataset::record::0::cell::sex::00105","ErasureConstraint|delete_on_request","hasErasure","{}"
"PrivacyAnnotation|PA::prop::DataCellArtifact::D8_ModellingDataset::record::0::cell::sex::00105","ErasureConstraint|retention_5y","hasErasure","{}"
"PrivacyAnnotation|PA::prop::DataCellArtifact::D8_ModellingDataset::record::0::cell::sex::00105","AccessRole|AU","allowsRole","{}"
"PrivacyAnnotation|PA::prop::DataCellArtifact::D8_ModellingDataset::record::0::cell::sex::00105","AccessRole|CL","allowsRole","{}"
"PrivacyAnnotation|PA::prop::DataCellArtifact::D8_ModellingDataset::record::0::cell::sex::00105","AccessRole|DPO","allowsRole","{}"
"PrivacyAnnotation|PA::prop::DataCellArtifact::D8_ModellingDataset::record::0::cell::sex::00105","AccessRole|DS","allowsRole","{}"
"PrivacyAnnotation|PA::prop::DataCellArtifact::D8_ModellingDataset::record::1::cell::HR_norm::00106","DataCellArtifact|D8_ModellingDataset::record::1::cell::HR_norm","annotates","{}"
"StepRun|asd_run_001::002::S6_select_modelling_features","PrivacyAnnotation|PA::prop::DataCellArtifact::D8_ModellingDataset::record::1::cell::HR_norm::00106","generatedPrivacyAnnotation","{}"
"PrivacyAnnotation|PA::prop::DataCellArtifact::D8_ModellingDataset::record::1::cell::HR_norm::00106","StepRun|asd_run_001::002::S6_select_modelling_features","wasGeneratedBy","{}"
"PrivacyAnnotation|PA::prop::DataCellArtifact::D8_ModellingDataset::record::1::cell::HR_norm::00106","OperationPolicy|S6_select_modelling_features_policy","usedPolicy","{}"
"PrivacyAnnotation|PA::prop::DataCellArtifact::D8_ModellingDataset::record::1::cell::HR_norm::00106","SensitivityCategory|biometric","hasCategory","{""explicit"": true}"
"PrivacyAnnotation|PA::prop::DataCellArtifact::D8_ModellingDataset::record::1::cell::HR_norm::00106","SensitivityCategory|health","hasCategory","{""explicit"": true}"
"PrivacyAnnotation|PA::prop::DataCellArtifact::D8_ModellingDataset::record::1::cell::HR_norm::00106","SensitivityCategory|sensitive_personal_data","hasCategory","{""explicit"": false}"
"PrivacyAnnotation|PA::prop::DataCellArtifact::D8_ModellingDataset::record::1::cell::HR_norm::00106","UsageConstraint|clinical_research","hasUsage","{}"
"PrivacyAnnotation|PA::prop::DataCellArtifact::D8_ModellingDataset::record::1::cell::HR_norm::00106","ErasureConstraint|delete_on_request","hasErasure","{}"
"PrivacyAnnotation|PA::prop::DataCellArtifact::D8_ModellingDataset::record::1::cell::HR_norm::00106","ErasureConstraint|retention_5y","hasErasure","{}"
"PrivacyAnnotation|PA::prop::DataCellArtifact::D8_ModellingDataset::record::1::cell::HR_norm::00106","AccessRole|AU","allowsRole","{}"
"PrivacyAnnotation|PA::prop::DataCellArtifact::D8_ModellingDataset::record::1::cell::HR_norm::00106","AccessRole|CL","allowsRole","{}"
"PrivacyAnnotation|PA::prop::DataCellArtifact::D8_ModellingDataset::record::1::cell::HR_norm::00106","AccessRole|DPO","allowsRole","{}"
"PrivacyAnnotation|PA::prop::DataCellArtifact::D8_ModellingDataset::record::1::cell::HR_norm::00106","AccessRole|DS","allowsRole","{}"
"PrivacyAnnotation|PA::prop::DataCellArtifact::D8_ModellingDataset::record::1::cell::EDA_norm::00107","DataCellArtifact|D8_ModellingDataset::record::1::cell::EDA_norm","annotates","{}"
"StepRun|asd_run_001::002::S6_select_modelling_features","PrivacyAnnotation|PA::prop::DataCellArtifact::D8_ModellingDataset::record::1::cell::EDA_norm::00107","generatedPrivacyAnnotation","{}"
"PrivacyAnnotation|PA::prop::DataCellArtifact::D8_ModellingDataset::record::1::cell::EDA_norm::00107","StepRun|asd_run_001::002::S6_select_modelling_features","wasGeneratedBy","{}"
"PrivacyAnnotation|PA::prop::DataCellArtifact::D8_ModellingDataset::record::1::cell::EDA_norm::00107","OperationPolicy|S6_select_modelling_features_policy","usedPolicy","{}"
"PrivacyAnnotation|PA::prop::DataCellArtifact::D8_ModellingDataset::record::1::cell::EDA_norm::00107","SensitivityCategory|biometric","hasCategory","{""explicit"": true}"
"PrivacyAnnotation|PA::prop::DataCellArtifact::D8_ModellingDataset::record::1::cell::EDA_norm::00107","SensitivityCategory|health","hasCategory","{""explicit"": true}"
"PrivacyAnnotation|PA::prop::DataCellArtifact::D8_ModellingDataset::record::1::cell::EDA_norm::00107","SensitivityCategory|sensitive_personal_data","hasCategory","{""explicit"": false}"
"PrivacyAnnotation|PA::prop::DataCellArtifact::D8_ModellingDataset::record::1::cell::EDA_norm::00107","UsageConstraint|clinical_research","hasUsage","{}"
"PrivacyAnnotation|PA::prop::DataCellArtifact::D8_ModellingDataset::record::1::cell::EDA_norm::00107","ErasureConstraint|delete_on_request","hasErasure","{}"
"PrivacyAnnotation|PA::prop::DataCellArtifact::D8_ModellingDataset::record::1::cell::EDA_norm::00107","ErasureConstraint|retention_5y","hasErasure","{}"
"PrivacyAnnotation|PA::prop::DataCellArtifact::D8_ModellingDataset::record::1::cell::EDA_norm::00107","AccessRole|AU","allowsRole","{}"
"PrivacyAnnotation|PA::prop::DataCellArtifact::D8_ModellingDataset::record::1::cell::EDA_norm::00107","AccessRole|CL","allowsRole","{}"
"PrivacyAnnotation|PA::prop::DataCellArtifact::D8_ModellingDataset::record::1::cell::EDA_norm::00107","AccessRole|DPO","allowsRole","{}"
"PrivacyAnnotation|PA::prop::DataCellArtifact::D8_ModellingDataset::record::1::cell::EDA_norm::00107","AccessRole|DS","allowsRole","{}"
"PrivacyAnnotation|PA::prop::DataCellArtifact::D8_ModellingDataset::record::1::cell::ACC_norm::00108","DataCellArtifact|D8_ModellingDataset::record::1::cell::ACC_norm","annotates","{}"
"StepRun|asd_run_001::002::S6_select_modelling_features","PrivacyAnnotation|PA::prop::DataCellArtifact::D8_ModellingDataset::record::1::cell::ACC_norm::00108","generatedPrivacyAnnotation","{}"
"PrivacyAnnotation|PA::prop::DataCellArtifact::D8_ModellingDataset::record::1::cell::ACC_norm::00108","StepRun|asd_run_001::002::S6_select_modelling_features","wasGeneratedBy","{}"
"PrivacyAnnotation|PA::prop::DataCellArtifact::D8_ModellingDataset::record::1::cell::ACC_norm::00108","OperationPolicy|S6_select_modelling_features_policy","usedPolicy","{}"
"PrivacyAnnotation|PA::prop::DataCellArtifact::D8_ModellingDataset::record::1::cell::ACC_norm::00108","SensitivityCategory|behavioural_sensor_data","hasCategory","{""explicit"": true}"
"PrivacyAnnotation|PA::prop::DataCellArtifact::D8_ModellingDataset::record::1::cell::ACC_norm::00108","UsageConstraint|clinical_research","hasUsage","{}"
"PrivacyAnnotation|PA::prop::DataCellArtifact::D8_ModellingDataset::record::1::cell::ACC_norm::00108","ErasureConstraint|delete_on_request","hasErasure","{}"
"PrivacyAnnotation|PA::prop::DataCellArtifact::D8_ModellingDataset::record::1::cell::ACC_norm::00108","ErasureConstraint|retention_5y","hasErasure","{}"
"PrivacyAnnotation|PA::prop::DataCellArtifact::D8_ModellingDataset::record::1::cell::ACC_norm::00108","AccessRole|AU","allowsRole","{}"
"PrivacyAnnotation|PA::prop::DataCellArtifact::D8_ModellingDataset::record::1::cell::ACC_norm::00108","AccessRole|CL","allowsRole","{}"
"PrivacyAnnotation|PA::prop::DataCellArtifact::D8_ModellingDataset::record::1::cell::ACC_norm::00108","AccessRole|DPO","allowsRole","{}"
"PrivacyAnnotation|PA::prop::DataCellArtifact::D8_ModellingDataset::record::1::cell::ACC_norm::00108","AccessRole|DS","allowsRole","{}"
"PrivacyAnnotation|PA::prop::DataCellArtifact::D8_ModellingDataset::record::1::cell::chall_behav::00109","DataCellArtifact|D8_ModellingDataset::record::1::cell::chall_behav","annotates","{}"
"StepRun|asd_run_001::002::S6_select_modelling_features","PrivacyAnnotation|PA::prop::DataCellArtifact::D8_ModellingDataset::record::1::cell::chall_behav::00109","generatedPrivacyAnnotation","{}"
"PrivacyAnnotation|PA::prop::DataCellArtifact::D8_ModellingDataset::record::1::cell::chall_behav::00109","StepRun|asd_run_001::002::S6_select_modelling_features","wasGeneratedBy","{}"
"PrivacyAnnotation|PA::prop::DataCellArtifact::D8_ModellingDataset::record::1::cell::chall_behav::00109","OperationPolicy|S6_select_modelling_features_policy","usedPolicy","{}"
"PrivacyAnnotation|PA::prop::DataCellArtifact::D8_ModellingDataset::record::1::cell::chall_behav::00109","SensitivityCategory|health","hasCategory","{""explicit"": true}"
"PrivacyAnnotation|PA::prop::DataCellArtifact::D8_ModellingDataset::record::1::cell::chall_behav::00109","SensitivityCategory|behavioural_sensitive","hasCategory","{""explicit"": true}"
"PrivacyAnnotation|PA::prop::DataCellArtifact::D8_ModellingDataset::record::1::cell::chall_behav::00109","SensitivityCategory|sensitive_personal_data","hasCategory","{""explicit"": false}"
"PrivacyAnnotation|PA::prop::DataCellArtifact::D8_ModellingDataset::record::1::cell::chall_behav::00109","UsageConstraint|clinical_research","hasUsage","{}"
"PrivacyAnnotation|PA::prop::DataCellArtifact::D8_ModellingDataset::record::1::cell::chall_behav::00109","ErasureConstraint|delete_on_request","hasErasure","{}"
"PrivacyAnnotation|PA::prop::DataCellArtifact::D8_ModellingDataset::record::1::cell::chall_behav::00109","ErasureConstraint|retention_5y","hasErasure","{}"
"PrivacyAnnotation|PA::prop::DataCellArtifact::D8_ModellingDataset::record::1::cell::chall_behav::00109","AccessRole|AU","allowsRole","{}"
"PrivacyAnnotation|PA::prop::DataCellArtifact::D8_ModellingDataset::record::1::cell::chall_behav::00109","AccessRole|CL","allowsRole","{}"
"PrivacyAnnotation|PA::prop::DataCellArtifact::D8_ModellingDataset::record::1::cell::chall_behav::00109","AccessRole|DPO","allowsRole","{}"
"PrivacyAnnotation|PA::prop::DataCellArtifact::D8_ModellingDataset::record::1::cell::chall_behav::00109","AccessRole|DS","allowsRole","{}"
"PrivacyAnnotation|PA::prop::DataCellArtifact::D8_ModellingDataset::record::1::cell::sev::00110","DataCellArtifact|D8_ModellingDataset::record::1::cell::sev","annotates","{}"
"StepRun|asd_run_001::002::S6_select_modelling_features","PrivacyAnnotation|PA::prop::DataCellArtifact::D8_ModellingDataset::record::1::cell::sev::00110","generatedPrivacyAnnotation","{}"
"PrivacyAnnotation|PA::prop::DataCellArtifact::D8_ModellingDataset::record::1::cell::sev::00110","StepRun|asd_run_001::002::S6_select_modelling_features","wasGeneratedBy","{}"
"PrivacyAnnotation|PA::prop::DataCellArtifact::D8_ModellingDataset::record::1::cell::sev::00110","OperationPolicy|S6_select_modelling_features_policy","usedPolicy","{}"
"PrivacyAnnotation|PA::prop::DataCellArtifact::D8_ModellingDataset::record::1::cell::sev::00110","SensitivityCategory|health","hasCategory","{""explicit"": true}"
"PrivacyAnnotation|PA::prop::DataCellArtifact::D8_ModellingDataset::record::1::cell::sev::00110","SensitivityCategory|behavioural_sensitive","hasCategory","{""explicit"": true}"
"PrivacyAnnotation|PA::prop::DataCellArtifact::D8_ModellingDataset::record::1::cell::sev::00110","SensitivityCategory|sensitive_personal_data","hasCategory","{""explicit"": false}"
"PrivacyAnnotation|PA::prop::DataCellArtifact::D8_ModellingDataset::record::1::cell::sev::00110","UsageConstraint|clinical_research","hasUsage","{}"
"PrivacyAnnotation|PA::prop::DataCellArtifact::D8_ModellingDataset::record::1::cell::sev::00110","ErasureConstraint|delete_on_request","hasErasure","{}"
"PrivacyAnnotation|PA::prop::DataCellArtifact::D8_ModellingDataset::record::1::cell::sev::00110","ErasureConstraint|retention_5y","hasErasure","{}"
"PrivacyAnnotation|PA::prop::DataCellArtifact::D8_ModellingDataset::record::1::cell::sev::00110","AccessRole|AU","allowsRole","{}"
"PrivacyAnnotation|PA::prop::DataCellArtifact::D8_ModellingDataset::record::1::cell::sev::00110","AccessRole|CL","allowsRole","{}"
"PrivacyAnnotation|PA::prop::DataCellArtifact::D8_ModellingDataset::record::1::cell::sev::00110","AccessRole|DPO","allowsRole","{}"
"PrivacyAnnotation|PA::prop::DataCellArtifact::D8_ModellingDataset::record::1::cell::sev::00110","AccessRole|DS","allowsRole","{}"
"PrivacyAnnotation|PA::prop::DataCellArtifact::D8_ModellingDataset::record::1::cell::age_grp::00111","DataCellArtifact|D8_ModellingDataset::record::1::cell::age_grp","annotates","{}"
"StepRun|asd_run_001::002::S6_select_modelling_features","PrivacyAnnotation|PA::prop::DataCellArtifact::D8_ModellingDataset::record::1::cell::age_grp::00111","generatedPrivacyAnnotation","{}"
"PrivacyAnnotation|PA::prop::DataCellArtifact::D8_ModellingDataset::record::1::cell::age_grp::00111","StepRun|asd_run_001::002::S6_select_modelling_features","wasGeneratedBy","{}"
"PrivacyAnnotation|PA::prop::DataCellArtifact::D8_ModellingDataset::record::1::cell::age_grp::00111","OperationPolicy|S6_select_modelling_features_policy","usedPolicy","{}"
"PrivacyAnnotation|PA::prop::DataCellArtifact::D8_ModellingDataset::record::1::cell::age_grp::00111","SensitivityCategory|quasi_identifier","hasCategory","{""explicit"": true}"
"PrivacyAnnotation|PA::prop::DataCellArtifact::D8_ModellingDataset::record::1::cell::age_grp::00111","UsageConstraint|clinical_research","hasUsage","{}"
"PrivacyAnnotation|PA::prop::DataCellArtifact::D8_ModellingDataset::record::1::cell::age_grp::00111","ErasureConstraint|delete_on_request","hasErasure","{}"
"PrivacyAnnotation|PA::prop::DataCellArtifact::D8_ModellingDataset::record::1::cell::age_grp::00111","ErasureConstraint|retention_5y","hasErasure","{}"
"PrivacyAnnotation|PA::prop::DataCellArtifact::D8_ModellingDataset::record::1::cell::age_grp::00111","AccessRole|AU","allowsRole","{}"
"PrivacyAnnotation|PA::prop::DataCellArtifact::D8_ModellingDataset::record::1::cell::age_grp::00111","AccessRole|CL","allowsRole","{}"
"PrivacyAnnotation|PA::prop::DataCellArtifact::D8_ModellingDataset::record::1::cell::age_grp::00111","AccessRole|DPO","allowsRole","{}"
"PrivacyAnnotation|PA::prop::DataCellArtifact::D8_ModellingDataset::record::1::cell::age_grp::00111","AccessRole|DS","allowsRole","{}"
"PrivacyAnnotation|PA::prop::DataCellArtifact::D8_ModellingDataset::record::1::cell::sex::00112","DataCellArtifact|D8_ModellingDataset::record::1::cell::sex","annotates","{}"
"StepRun|asd_run_001::002::S6_select_modelling_features","PrivacyAnnotation|PA::prop::DataCellArtifact::D8_ModellingDataset::record::1::cell::sex::00112","generatedPrivacyAnnotation","{}"
"PrivacyAnnotation|PA::prop::DataCellArtifact::D8_ModellingDataset::record::1::cell::sex::00112","StepRun|asd_run_001::002::S6_select_modelling_features","wasGeneratedBy","{}"
"PrivacyAnnotation|PA::prop::DataCellArtifact::D8_ModellingDataset::record::1::cell::sex::00112","OperationPolicy|S6_select_modelling_features_policy","usedPolicy","{}"
"PrivacyAnnotation|PA::prop::DataCellArtifact::D8_ModellingDataset::record::1::cell::sex::00112","SensitivityCategory|quasi_identifier","hasCategory","{""explicit"": true}"
"PrivacyAnnotation|PA::prop::DataCellArtifact::D8_ModellingDataset::record::1::cell::sex::00112","UsageConstraint|clinical_research","hasUsage","{}"
"PrivacyAnnotation|PA::prop::DataCellArtifact::D8_ModellingDataset::record::1::cell::sex::00112","ErasureConstraint|delete_on_request","hasErasure","{}"
"PrivacyAnnotation|PA::prop::DataCellArtifact::D8_ModellingDataset::record::1::cell::sex::00112","ErasureConstraint|retention_5y","hasErasure","{}"
"PrivacyAnnotation|PA::prop::DataCellArtifact::D8_ModellingDataset::record::1::cell::sex::00112","AccessRole|AU","allowsRole","{}"
"PrivacyAnnotation|PA::prop::DataCellArtifact::D8_ModellingDataset::record::1::cell::sex::00112","AccessRole|CL","allowsRole","{}"
"PrivacyAnnotation|PA::prop::DataCellArtifact::D8_ModellingDataset::record::1::cell::sex::00112","AccessRole|DPO","allowsRole","{}"
"PrivacyAnnotation|PA::prop::DataCellArtifact::D8_ModellingDataset::record::1::cell::sex::00112","AccessRole|DS","allowsRole","{}"
"PrivacyAnnotation|PA::prop::DataCellArtifact::D8_ModellingDataset::record::2::cell::HR_norm::00113","DataCellArtifact|D8_ModellingDataset::record::2::cell::HR_norm","annotates","{}"
"StepRun|asd_run_001::002::S6_select_modelling_features","PrivacyAnnotation|PA::prop::DataCellArtifact::D8_ModellingDataset::record::2::cell::HR_norm::00113","generatedPrivacyAnnotation","{}"
"PrivacyAnnotation|PA::prop::DataCellArtifact::D8_ModellingDataset::record::2::cell::HR_norm::00113","StepRun|asd_run_001::002::S6_select_modelling_features","wasGeneratedBy","{}"
"PrivacyAnnotation|PA::prop::DataCellArtifact::D8_ModellingDataset::record::2::cell::HR_norm::00113","OperationPolicy|S6_select_modelling_features_policy","usedPolicy","{}"
"PrivacyAnnotation|PA::prop::DataCellArtifact::D8_ModellingDataset::record::2::cell::HR_norm::00113","SensitivityCategory|biometric","hasCategory","{""explicit"": true}"
"PrivacyAnnotation|PA::prop::DataCellArtifact::D8_ModellingDataset::record::2::cell::HR_norm::00113","SensitivityCategory|health","hasCategory","{""explicit"": true}"
"PrivacyAnnotation|PA::prop::DataCellArtifact::D8_ModellingDataset::record::2::cell::HR_norm::00113","SensitivityCategory|sensitive_personal_data","hasCategory","{""explicit"": false}"
"PrivacyAnnotation|PA::prop::DataCellArtifact::D8_ModellingDataset::record::2::cell::HR_norm::00113","UsageConstraint|clinical_research","hasUsage","{}"
"PrivacyAnnotation|PA::prop::DataCellArtifact::D8_ModellingDataset::record::2::cell::HR_norm::00113","ErasureConstraint|delete_on_request","hasErasure","{}"
"PrivacyAnnotation|PA::prop::DataCellArtifact::D8_ModellingDataset::record::2::cell::HR_norm::00113","ErasureConstraint|retention_5y","hasErasure","{}"
"PrivacyAnnotation|PA::prop::DataCellArtifact::D8_ModellingDataset::record::2::cell::HR_norm::00113","AccessRole|AU","allowsRole","{}"
"PrivacyAnnotation|PA::prop::DataCellArtifact::D8_ModellingDataset::record::2::cell::HR_norm::00113","AccessRole|CL","allowsRole","{}"
"PrivacyAnnotation|PA::prop::DataCellArtifact::D8_ModellingDataset::record::2::cell::HR_norm::00113","AccessRole|DPO","allowsRole","{}"
"PrivacyAnnotation|PA::prop::DataCellArtifact::D8_ModellingDataset::record::2::cell::HR_norm::00113","AccessRole|DS","allowsRole","{}"
"PrivacyAnnotation|PA::prop::DataCellArtifact::D8_ModellingDataset::record::2::cell::EDA_norm::00114","DataCellArtifact|D8_ModellingDataset::record::2::cell::EDA_norm","annotates","{}"
"StepRun|asd_run_001::002::S6_select_modelling_features","PrivacyAnnotation|PA::prop::DataCellArtifact::D8_ModellingDataset::record::2::cell::EDA_norm::00114","generatedPrivacyAnnotation","{}"
"PrivacyAnnotation|PA::prop::DataCellArtifact::D8_ModellingDataset::record::2::cell::EDA_norm::00114","StepRun|asd_run_001::002::S6_select_modelling_features","wasGeneratedBy","{}"
"PrivacyAnnotation|PA::prop::DataCellArtifact::D8_ModellingDataset::record::2::cell::EDA_norm::00114","OperationPolicy|S6_select_modelling_features_policy","usedPolicy","{}"
"PrivacyAnnotation|PA::prop::DataCellArtifact::D8_ModellingDataset::record::2::cell::EDA_norm::00114","SensitivityCategory|biometric","hasCategory","{""explicit"": true}"
"PrivacyAnnotation|PA::prop::DataCellArtifact::D8_ModellingDataset::record::2::cell::EDA_norm::00114","SensitivityCategory|health","hasCategory","{""explicit"": true}"
"PrivacyAnnotation|PA::prop::DataCellArtifact::D8_ModellingDataset::record::2::cell::EDA_norm::00114","SensitivityCategory|sensitive_personal_data","hasCategory","{""explicit"": false}"
"PrivacyAnnotation|PA::prop::DataCellArtifact::D8_ModellingDataset::record::2::cell::EDA_norm::00114","UsageConstraint|clinical_research","hasUsage","{}"
"PrivacyAnnotation|PA::prop::DataCellArtifact::D8_ModellingDataset::record::2::cell::EDA_norm::00114","ErasureConstraint|delete_on_request","hasErasure","{}"
"PrivacyAnnotation|PA::prop::DataCellArtifact::D8_ModellingDataset::record::2::cell::EDA_norm::00114","ErasureConstraint|retention_5y","hasErasure","{}"
"PrivacyAnnotation|PA::prop::DataCellArtifact::D8_ModellingDataset::record::2::cell::EDA_norm::00114","AccessRole|AU","allowsRole","{}"
"PrivacyAnnotation|PA::prop::DataCellArtifact::D8_ModellingDataset::record::2::cell::EDA_norm::00114","AccessRole|CL","allowsRole","{}"
"PrivacyAnnotation|PA::prop::DataCellArtifact::D8_ModellingDataset::record::2::cell::EDA_norm::00114","AccessRole|DPO","allowsRole","{}"
"PrivacyAnnotation|PA::prop::DataCellArtifact::D8_ModellingDataset::record::2::cell::EDA_norm::00114","AccessRole|DS","allowsRole","{}"
"PrivacyAnnotation|PA::prop::DataCellArtifact::D8_ModellingDataset::record::2::cell::ACC_norm::00115","DataCellArtifact|D8_ModellingDataset::record::2::cell::ACC_norm","annotates","{}"
"StepRun|asd_run_001::002::S6_select_modelling_features","PrivacyAnnotation|PA::prop::DataCellArtifact::D8_ModellingDataset::record::2::cell::ACC_norm::00115","generatedPrivacyAnnotation","{}"
"PrivacyAnnotation|PA::prop::DataCellArtifact::D8_ModellingDataset::record::2::cell::ACC_norm::00115","StepRun|asd_run_001::002::S6_select_modelling_features","wasGeneratedBy","{}"
"PrivacyAnnotation|PA::prop::DataCellArtifact::D8_ModellingDataset::record::2::cell::ACC_norm::00115","OperationPolicy|S6_select_modelling_features_policy","usedPolicy","{}"
"PrivacyAnnotation|PA::prop::DataCellArtifact::D8_ModellingDataset::record::2::cell::ACC_norm::00115","SensitivityCategory|behavioural_sensor_data","hasCategory","{""explicit"": true}"
"PrivacyAnnotation|PA::prop::DataCellArtifact::D8_ModellingDataset::record::2::cell::ACC_norm::00115","UsageConstraint|clinical_research","hasUsage","{}"
"PrivacyAnnotation|PA::prop::DataCellArtifact::D8_ModellingDataset::record::2::cell::ACC_norm::00115","ErasureConstraint|delete_on_request","hasErasure","{}"
"PrivacyAnnotation|PA::prop::DataCellArtifact::D8_ModellingDataset::record::2::cell::ACC_norm::00115","ErasureConstraint|retention_5y","hasErasure","{}"
"PrivacyAnnotation|PA::prop::DataCellArtifact::D8_ModellingDataset::record::2::cell::ACC_norm::00115","AccessRole|AU","allowsRole","{}"
"PrivacyAnnotation|PA::prop::DataCellArtifact::D8_ModellingDataset::record::2::cell::ACC_norm::00115","AccessRole|CL","allowsRole","{}"
"PrivacyAnnotation|PA::prop::DataCellArtifact::D8_ModellingDataset::record::2::cell::ACC_norm::00115","AccessRole|DPO","allowsRole","{}"
"PrivacyAnnotation|PA::prop::DataCellArtifact::D8_ModellingDataset::record::2::cell::ACC_norm::00115","AccessRole|DS","allowsRole","{}"
"PrivacyAnnotation|PA::prop::DataCellArtifact::D8_ModellingDataset::record::2::cell::chall_behav::00116","DataCellArtifact|D8_ModellingDataset::record::2::cell::chall_behav","annotates","{}"
"StepRun|asd_run_001::002::S6_select_modelling_features","PrivacyAnnotation|PA::prop::DataCellArtifact::D8_ModellingDataset::record::2::cell::chall_behav::00116","generatedPrivacyAnnotation","{}"
"PrivacyAnnotation|PA::prop::DataCellArtifact::D8_ModellingDataset::record::2::cell::chall_behav::00116","StepRun|asd_run_001::002::S6_select_modelling_features","wasGeneratedBy","{}"
"PrivacyAnnotation|PA::prop::DataCellArtifact::D8_ModellingDataset::record::2::cell::chall_behav::00116","OperationPolicy|S6_select_modelling_features_policy","usedPolicy","{}"
"PrivacyAnnotation|PA::prop::DataCellArtifact::D8_ModellingDataset::record::2::cell::chall_behav::00116","SensitivityCategory|health","hasCategory","{""explicit"": true}"
"PrivacyAnnotation|PA::prop::DataCellArtifact::D8_ModellingDataset::record::2::cell::chall_behav::00116","SensitivityCategory|behavioural_sensitive","hasCategory","{""explicit"": true}"
"PrivacyAnnotation|PA::prop::DataCellArtifact::D8_ModellingDataset::record::2::cell::chall_behav::00116","SensitivityCategory|sensitive_personal_data","hasCategory","{""explicit"": false}"
"PrivacyAnnotation|PA::prop::DataCellArtifact::D8_ModellingDataset::record::2::cell::chall_behav::00116","UsageConstraint|clinical_research","hasUsage","{}"
"PrivacyAnnotation|PA::prop::DataCellArtifact::D8_ModellingDataset::record::2::cell::chall_behav::00116","ErasureConstraint|delete_on_request","hasErasure","{}"
"PrivacyAnnotation|PA::prop::DataCellArtifact::D8_ModellingDataset::record::2::cell::chall_behav::00116","ErasureConstraint|retention_5y","hasErasure","{}"
"PrivacyAnnotation|PA::prop::DataCellArtifact::D8_ModellingDataset::record::2::cell::chall_behav::00116","AccessRole|AU","allowsRole","{}"
"PrivacyAnnotation|PA::prop::DataCellArtifact::D8_ModellingDataset::record::2::cell::chall_behav::00116","AccessRole|CL","allowsRole","{}"
"PrivacyAnnotation|PA::prop::DataCellArtifact::D8_ModellingDataset::record::2::cell::chall_behav::00116","AccessRole|DPO","allowsRole","{}"
"PrivacyAnnotation|PA::prop::DataCellArtifact::D8_ModellingDataset::record::2::cell::chall_behav::00116","AccessRole|DS","allowsRole","{}"
"PrivacyAnnotation|PA::prop::DataCellArtifact::D8_ModellingDataset::record::2::cell::sev::00117","DataCellArtifact|D8_ModellingDataset::record::2::cell::sev","annotates","{}"
"StepRun|asd_run_001::002::S6_select_modelling_features","PrivacyAnnotation|PA::prop::DataCellArtifact::D8_ModellingDataset::record::2::cell::sev::00117","generatedPrivacyAnnotation","{}"
"PrivacyAnnotation|PA::prop::DataCellArtifact::D8_ModellingDataset::record::2::cell::sev::00117","StepRun|asd_run_001::002::S6_select_modelling_features","wasGeneratedBy","{}"
"PrivacyAnnotation|PA::prop::DataCellArtifact::D8_ModellingDataset::record::2::cell::sev::00117","OperationPolicy|S6_select_modelling_features_policy","usedPolicy","{}"
"PrivacyAnnotation|PA::prop::DataCellArtifact::D8_ModellingDataset::record::2::cell::sev::00117","SensitivityCategory|health","hasCategory","{""explicit"": true}"
"PrivacyAnnotation|PA::prop::DataCellArtifact::D8_ModellingDataset::record::2::cell::sev::00117","SensitivityCategory|behavioural_sensitive","hasCategory","{""explicit"": true}"
"PrivacyAnnotation|PA::prop::DataCellArtifact::D8_ModellingDataset::record::2::cell::sev::00117","SensitivityCategory|sensitive_personal_data","hasCategory","{""explicit"": false}"
"PrivacyAnnotation|PA::prop::DataCellArtifact::D8_ModellingDataset::record::2::cell::sev::00117","UsageConstraint|clinical_research","hasUsage","{}"
"PrivacyAnnotation|PA::prop::DataCellArtifact::D8_ModellingDataset::record::2::cell::sev::00117","ErasureConstraint|delete_on_request","hasErasure","{}"
"PrivacyAnnotation|PA::prop::DataCellArtifact::D8_ModellingDataset::record::2::cell::sev::00117","ErasureConstraint|retention_5y","hasErasure","{}"
"PrivacyAnnotation|PA::prop::DataCellArtifact::D8_ModellingDataset::record::2::cell::sev::00117","AccessRole|AU","allowsRole","{}"
"PrivacyAnnotation|PA::prop::DataCellArtifact::D8_ModellingDataset::record::2::cell::sev::00117","AccessRole|CL","allowsRole","{}"
"PrivacyAnnotation|PA::prop::DataCellArtifact::D8_ModellingDataset::record::2::cell::sev::00117","AccessRole|DPO","allowsRole","{}"
"PrivacyAnnotation|PA::prop::DataCellArtifact::D8_ModellingDataset::record::2::cell::sev::00117","AccessRole|DS","allowsRole","{}"
"PrivacyAnnotation|PA::prop::DataCellArtifact::D8_ModellingDataset::record::2::cell::age_grp::00118","DataCellArtifact|D8_ModellingDataset::record::2::cell::age_grp","annotates","{}"
"StepRun|asd_run_001::002::S6_select_modelling_features","PrivacyAnnotation|PA::prop::DataCellArtifact::D8_ModellingDataset::record::2::cell::age_grp::00118","generatedPrivacyAnnotation","{}"
"PrivacyAnnotation|PA::prop::DataCellArtifact::D8_ModellingDataset::record::2::cell::age_grp::00118","StepRun|asd_run_001::002::S6_select_modelling_features","wasGeneratedBy","{}"
"PrivacyAnnotation|PA::prop::DataCellArtifact::D8_ModellingDataset::record::2::cell::age_grp::00118","OperationPolicy|S6_select_modelling_features_policy","usedPolicy","{}"
"PrivacyAnnotation|PA::prop::DataCellArtifact::D8_ModellingDataset::record::2::cell::age_grp::00118","SensitivityCategory|quasi_identifier","hasCategory","{""explicit"": true}"
"PrivacyAnnotation|PA::prop::DataCellArtifact::D8_ModellingDataset::record::2::cell::age_grp::00118","UsageConstraint|clinical_research","hasUsage","{}"
"PrivacyAnnotation|PA::prop::DataCellArtifact::D8_ModellingDataset::record::2::cell::age_grp::00118","ErasureConstraint|delete_on_request","hasErasure","{}"
"PrivacyAnnotation|PA::prop::DataCellArtifact::D8_ModellingDataset::record::2::cell::age_grp::00118","ErasureConstraint|retention_5y","hasErasure","{}"
"PrivacyAnnotation|PA::prop::DataCellArtifact::D8_ModellingDataset::record::2::cell::age_grp::00118","AccessRole|AU","allowsRole","{}"
"PrivacyAnnotation|PA::prop::DataCellArtifact::D8_ModellingDataset::record::2::cell::age_grp::00118","AccessRole|CL","allowsRole","{}"
"PrivacyAnnotation|PA::prop::DataCellArtifact::D8_ModellingDataset::record::2::cell::age_grp::00118","AccessRole|DPO","allowsRole","{}"
"PrivacyAnnotation|PA::prop::DataCellArtifact::D8_ModellingDataset::record::2::cell::age_grp::00118","AccessRole|DS","allowsRole","{}"
"PrivacyAnnotation|PA::prop::DataCellArtifact::D8_ModellingDataset::record::2::cell::sex::00119","DataCellArtifact|D8_ModellingDataset::record::2::cell::sex","annotates","{}"
"StepRun|asd_run_001::002::S6_select_modelling_features","PrivacyAnnotation|PA::prop::DataCellArtifact::D8_ModellingDataset::record::2::cell::sex::00119","generatedPrivacyAnnotation","{}"
"PrivacyAnnotation|PA::prop::DataCellArtifact::D8_ModellingDataset::record::2::cell::sex::00119","StepRun|asd_run_001::002::S6_select_modelling_features","wasGeneratedBy","{}"
"PrivacyAnnotation|PA::prop::DataCellArtifact::D8_ModellingDataset::record::2::cell::sex::00119","OperationPolicy|S6_select_modelling_features_policy","usedPolicy","{}"
"PrivacyAnnotation|PA::prop::DataCellArtifact::D8_ModellingDataset::record::2::cell::sex::00119","SensitivityCategory|quasi_identifier","hasCategory","{""explicit"": true}"
"PrivacyAnnotation|PA::prop::DataCellArtifact::D8_ModellingDataset::record::2::cell::sex::00119","UsageConstraint|clinical_research","hasUsage","{}"
"PrivacyAnnotation|PA::prop::DataCellArtifact::D8_ModellingDataset::record::2::cell::sex::00119","ErasureConstraint|delete_on_request","hasErasure","{}"
"PrivacyAnnotation|PA::prop::DataCellArtifact::D8_ModellingDataset::record::2::cell::sex::00119","ErasureConstraint|retention_5y","hasErasure","{}"
"PrivacyAnnotation|PA::prop::DataCellArtifact::D8_ModellingDataset::record::2::cell::sex::00119","AccessRole|AU","allowsRole","{}"
"PrivacyAnnotation|PA::prop::DataCellArtifact::D8_ModellingDataset::record::2::cell::sex::00119","AccessRole|CL","allowsRole","{}"
"PrivacyAnnotation|PA::prop::DataCellArtifact::D8_ModellingDataset::record::2::cell::sex::00119","AccessRole|DPO","allowsRole","{}"
"PrivacyAnnotation|PA::prop::DataCellArtifact::D8_ModellingDataset::record::2::cell::sex::00119","AccessRole|DS","allowsRole","{}"
"PrivacyAnnotation|PA::prop::DataCellArtifact::D8_ModellingDataset::record::3::cell::HR_norm::00120","DataCellArtifact|D8_ModellingDataset::record::3::cell::HR_norm","annotates","{}"
"StepRun|asd_run_001::002::S6_select_modelling_features","PrivacyAnnotation|PA::prop::DataCellArtifact::D8_ModellingDataset::record::3::cell::HR_norm::00120","generatedPrivacyAnnotation","{}"
"PrivacyAnnotation|PA::prop::DataCellArtifact::D8_ModellingDataset::record::3::cell::HR_norm::00120","StepRun|asd_run_001::002::S6_select_modelling_features","wasGeneratedBy","{}"
"PrivacyAnnotation|PA::prop::DataCellArtifact::D8_ModellingDataset::record::3::cell::HR_norm::00120","OperationPolicy|S6_select_modelling_features_policy","usedPolicy","{}"
"PrivacyAnnotation|PA::prop::DataCellArtifact::D8_ModellingDataset::record::3::cell::HR_norm::00120","SensitivityCategory|biometric","hasCategory","{""explicit"": true}"
"PrivacyAnnotation|PA::prop::DataCellArtifact::D8_ModellingDataset::record::3::cell::HR_norm::00120","SensitivityCategory|health","hasCategory","{""explicit"": true}"
"PrivacyAnnotation|PA::prop::DataCellArtifact::D8_ModellingDataset::record::3::cell::HR_norm::00120","SensitivityCategory|sensitive_personal_data","hasCategory","{""explicit"": false}"
"PrivacyAnnotation|PA::prop::DataCellArtifact::D8_ModellingDataset::record::3::cell::HR_norm::00120","UsageConstraint|clinical_research","hasUsage","{}"
"PrivacyAnnotation|PA::prop::DataCellArtifact::D8_ModellingDataset::record::3::cell::HR_norm::00120","ErasureConstraint|delete_on_request","hasErasure","{}"
"PrivacyAnnotation|PA::prop::DataCellArtifact::D8_ModellingDataset::record::3::cell::HR_norm::00120","ErasureConstraint|retention_5y","hasErasure","{}"
"PrivacyAnnotation|PA::prop::DataCellArtifact::D8_ModellingDataset::record::3::cell::HR_norm::00120","AccessRole|AU","allowsRole","{}"
"PrivacyAnnotation|PA::prop::DataCellArtifact::D8_ModellingDataset::record::3::cell::HR_norm::00120","AccessRole|CL","allowsRole","{}"
"PrivacyAnnotation|PA::prop::DataCellArtifact::D8_ModellingDataset::record::3::cell::HR_norm::00120","AccessRole|DPO","allowsRole","{}"
"PrivacyAnnotation|PA::prop::DataCellArtifact::D8_ModellingDataset::record::3::cell::HR_norm::00120","AccessRole|DS","allowsRole","{}"
"PrivacyAnnotation|PA::prop::DataCellArtifact::D8_ModellingDataset::record::3::cell::EDA_norm::00121","DataCellArtifact|D8_ModellingDataset::record::3::cell::EDA_norm","annotates","{}"
"StepRun|asd_run_001::002::S6_select_modelling_features","PrivacyAnnotation|PA::prop::DataCellArtifact::D8_ModellingDataset::record::3::cell::EDA_norm::00121","generatedPrivacyAnnotation","{}"
"PrivacyAnnotation|PA::prop::DataCellArtifact::D8_ModellingDataset::record::3::cell::EDA_norm::00121","StepRun|asd_run_001::002::S6_select_modelling_features","wasGeneratedBy","{}"
"PrivacyAnnotation|PA::prop::DataCellArtifact::D8_ModellingDataset::record::3::cell::EDA_norm::00121","OperationPolicy|S6_select_modelling_features_policy","usedPolicy","{}"
"PrivacyAnnotation|PA::prop::DataCellArtifact::D8_ModellingDataset::record::3::cell::EDA_norm::00121","SensitivityCategory|biometric","hasCategory","{""explicit"": true}"
"PrivacyAnnotation|PA::prop::DataCellArtifact::D8_ModellingDataset::record::3::cell::EDA_norm::00121","SensitivityCategory|health","hasCategory","{""explicit"": true}"
"PrivacyAnnotation|PA::prop::DataCellArtifact::D8_ModellingDataset::record::3::cell::EDA_norm::00121","SensitivityCategory|sensitive_personal_data","hasCategory","{""explicit"": false}"
"PrivacyAnnotation|PA::prop::DataCellArtifact::D8_ModellingDataset::record::3::cell::EDA_norm::00121","UsageConstraint|clinical_research","hasUsage","{}"
"PrivacyAnnotation|PA::prop::DataCellArtifact::D8_ModellingDataset::record::3::cell::EDA_norm::00121","ErasureConstraint|delete_on_request","hasErasure","{}"
"PrivacyAnnotation|PA::prop::DataCellArtifact::D8_ModellingDataset::record::3::cell::EDA_norm::00121","ErasureConstraint|retention_5y","hasErasure","{}"
"PrivacyAnnotation|PA::prop::DataCellArtifact::D8_ModellingDataset::record::3::cell::EDA_norm::00121","AccessRole|AU","allowsRole","{}"
"PrivacyAnnotation|PA::prop::DataCellArtifact::D8_ModellingDataset::record::3::cell::EDA_norm::00121","AccessRole|CL","allowsRole","{}"
"PrivacyAnnotation|PA::prop::DataCellArtifact::D8_ModellingDataset::record::3::cell::EDA_norm::00121","AccessRole|DPO","allowsRole","{}"
"PrivacyAnnotation|PA::prop::DataCellArtifact::D8_ModellingDataset::record::3::cell::EDA_norm::00121","AccessRole|DS","allowsRole","{}"
"PrivacyAnnotation|PA::prop::DataCellArtifact::D8_ModellingDataset::record::3::cell::ACC_norm::00122","DataCellArtifact|D8_ModellingDataset::record::3::cell::ACC_norm","annotates","{}"
"StepRun|asd_run_001::002::S6_select_modelling_features","PrivacyAnnotation|PA::prop::DataCellArtifact::D8_ModellingDataset::record::3::cell::ACC_norm::00122","generatedPrivacyAnnotation","{}"
"PrivacyAnnotation|PA::prop::DataCellArtifact::D8_ModellingDataset::record::3::cell::ACC_norm::00122","StepRun|asd_run_001::002::S6_select_modelling_features","wasGeneratedBy","{}"
"PrivacyAnnotation|PA::prop::DataCellArtifact::D8_ModellingDataset::record::3::cell::ACC_norm::00122","OperationPolicy|S6_select_modelling_features_policy","usedPolicy","{}"
"PrivacyAnnotation|PA::prop::DataCellArtifact::D8_ModellingDataset::record::3::cell::ACC_norm::00122","SensitivityCategory|behavioural_sensor_data","hasCategory","{""explicit"": true}"
"PrivacyAnnotation|PA::prop::DataCellArtifact::D8_ModellingDataset::record::3::cell::ACC_norm::00122","UsageConstraint|clinical_research","hasUsage","{}"
"PrivacyAnnotation|PA::prop::DataCellArtifact::D8_ModellingDataset::record::3::cell::ACC_norm::00122","ErasureConstraint|delete_on_request","hasErasure","{}"
"PrivacyAnnotation|PA::prop::DataCellArtifact::D8_ModellingDataset::record::3::cell::ACC_norm::00122","ErasureConstraint|retention_5y","hasErasure","{}"
"PrivacyAnnotation|PA::prop::DataCellArtifact::D8_ModellingDataset::record::3::cell::ACC_norm::00122","AccessRole|AU","allowsRole","{}"
"PrivacyAnnotation|PA::prop::DataCellArtifact::D8_ModellingDataset::record::3::cell::ACC_norm::00122","AccessRole|CL","allowsRole","{}"
"PrivacyAnnotation|PA::prop::DataCellArtifact::D8_ModellingDataset::record::3::cell::ACC_norm::00122","AccessRole|DPO","allowsRole","{}"
"PrivacyAnnotation|PA::prop::DataCellArtifact::D8_ModellingDataset::record::3::cell::ACC_norm::00122","AccessRole|DS","allowsRole","{}"
"PrivacyAnnotation|PA::prop::DataCellArtifact::D8_ModellingDataset::record::3::cell::chall_behav::00123","DataCellArtifact|D8_ModellingDataset::record::3::cell::chall_behav","annotates","{}"
"StepRun|asd_run_001::002::S6_select_modelling_features","PrivacyAnnotation|PA::prop::DataCellArtifact::D8_ModellingDataset::record::3::cell::chall_behav::00123","generatedPrivacyAnnotation","{}"
"PrivacyAnnotation|PA::prop::DataCellArtifact::D8_ModellingDataset::record::3::cell::chall_behav::00123","StepRun|asd_run_001::002::S6_select_modelling_features","wasGeneratedBy","{}"
"PrivacyAnnotation|PA::prop::DataCellArtifact::D8_ModellingDataset::record::3::cell::chall_behav::00123","OperationPolicy|S6_select_modelling_features_policy","usedPolicy","{}"
"PrivacyAnnotation|PA::prop::DataCellArtifact::D8_ModellingDataset::record::3::cell::chall_behav::00123","SensitivityCategory|health","hasCategory","{""explicit"": true}"
"PrivacyAnnotation|PA::prop::DataCellArtifact::D8_ModellingDataset::record::3::cell::chall_behav::00123","SensitivityCategory|behavioural_sensitive","hasCategory","{""explicit"": true}"
"PrivacyAnnotation|PA::prop::DataCellArtifact::D8_ModellingDataset::record::3::cell::chall_behav::00123","SensitivityCategory|sensitive_personal_data","hasCategory","{""explicit"": false}"
"PrivacyAnnotation|PA::prop::DataCellArtifact::D8_ModellingDataset::record::3::cell::chall_behav::00123","UsageConstraint|clinical_research","hasUsage","{}"
"PrivacyAnnotation|PA::prop::DataCellArtifact::D8_ModellingDataset::record::3::cell::chall_behav::00123","ErasureConstraint|delete_on_request","hasErasure","{}"
"PrivacyAnnotation|PA::prop::DataCellArtifact::D8_ModellingDataset::record::3::cell::chall_behav::00123","ErasureConstraint|retention_5y","hasErasure","{}"
"PrivacyAnnotation|PA::prop::DataCellArtifact::D8_ModellingDataset::record::3::cell::chall_behav::00123","AccessRole|AU","allowsRole","{}"
"PrivacyAnnotation|PA::prop::DataCellArtifact::D8_ModellingDataset::record::3::cell::chall_behav::00123","AccessRole|CL","allowsRole","{}"
"PrivacyAnnotation|PA::prop::DataCellArtifact::D8_ModellingDataset::record::3::cell::chall_behav::00123","AccessRole|DPO","allowsRole","{}"
"PrivacyAnnotation|PA::prop::DataCellArtifact::D8_ModellingDataset::record::3::cell::chall_behav::00123","AccessRole|DS","allowsRole","{}"
"PrivacyAnnotation|PA::prop::DataCellArtifact::D8_ModellingDataset::record::3::cell::sev::00124","DataCellArtifact|D8_ModellingDataset::record::3::cell::sev","annotates","{}"
"StepRun|asd_run_001::002::S6_select_modelling_features","PrivacyAnnotation|PA::prop::DataCellArtifact::D8_ModellingDataset::record::3::cell::sev::00124","generatedPrivacyAnnotation","{}"
"PrivacyAnnotation|PA::prop::DataCellArtifact::D8_ModellingDataset::record::3::cell::sev::00124","StepRun|asd_run_001::002::S6_select_modelling_features","wasGeneratedBy","{}"
"PrivacyAnnotation|PA::prop::DataCellArtifact::D8_ModellingDataset::record::3::cell::sev::00124","OperationPolicy|S6_select_modelling_features_policy","usedPolicy","{}"
"PrivacyAnnotation|PA::prop::DataCellArtifact::D8_ModellingDataset::record::3::cell::sev::00124","SensitivityCategory|health","hasCategory","{""explicit"": true}"
"PrivacyAnnotation|PA::prop::DataCellArtifact::D8_ModellingDataset::record::3::cell::sev::00124","SensitivityCategory|behavioural_sensitive","hasCategory","{""explicit"": true}"
"PrivacyAnnotation|PA::prop::DataCellArtifact::D8_ModellingDataset::record::3::cell::sev::00124","SensitivityCategory|sensitive_personal_data","hasCategory","{""explicit"": false}"
"PrivacyAnnotation|PA::prop::DataCellArtifact::D8_ModellingDataset::record::3::cell::sev::00124","UsageConstraint|clinical_research","hasUsage","{}"
"PrivacyAnnotation|PA::prop::DataCellArtifact::D8_ModellingDataset::record::3::cell::sev::00124","ErasureConstraint|delete_on_request","hasErasure","{}"
"PrivacyAnnotation|PA::prop::DataCellArtifact::D8_ModellingDataset::record::3::cell::sev::00124","ErasureConstraint|retention_5y","hasErasure","{}"
"PrivacyAnnotation|PA::prop::DataCellArtifact::D8_ModellingDataset::record::3::cell::sev::00124","AccessRole|AU","allowsRole","{}"
"PrivacyAnnotation|PA::prop::DataCellArtifact::D8_ModellingDataset::record::3::cell::sev::00124","AccessRole|CL","allowsRole","{}"
"PrivacyAnnotation|PA::prop::DataCellArtifact::D8_ModellingDataset::record::3::cell::sev::00124","AccessRole|DPO","allowsRole","{}"
"PrivacyAnnotation|PA::prop::DataCellArtifact::D8_ModellingDataset::record::3::cell::sev::00124","AccessRole|DS","allowsRole","{}"
"PrivacyAnnotation|PA::prop::DataCellArtifact::D8_ModellingDataset::record::3::cell::age_grp::00125","DataCellArtifact|D8_ModellingDataset::record::3::cell::age_grp","annotates","{}"
"StepRun|asd_run_001::002::S6_select_modelling_features","PrivacyAnnotation|PA::prop::DataCellArtifact::D8_ModellingDataset::record::3::cell::age_grp::00125","generatedPrivacyAnnotation","{}"
"PrivacyAnnotation|PA::prop::DataCellArtifact::D8_ModellingDataset::record::3::cell::age_grp::00125","StepRun|asd_run_001::002::S6_select_modelling_features","wasGeneratedBy","{}"
"PrivacyAnnotation|PA::prop::DataCellArtifact::D8_ModellingDataset::record::3::cell::age_grp::00125","OperationPolicy|S6_select_modelling_features_policy","usedPolicy","{}"
"PrivacyAnnotation|PA::prop::DataCellArtifact::D8_ModellingDataset::record::3::cell::age_grp::00125","SensitivityCategory|quasi_identifier","hasCategory","{""explicit"": true}"
"PrivacyAnnotation|PA::prop::DataCellArtifact::D8_ModellingDataset::record::3::cell::age_grp::00125","UsageConstraint|clinical_research","hasUsage","{}"
"PrivacyAnnotation|PA::prop::DataCellArtifact::D8_ModellingDataset::record::3::cell::age_grp::00125","ErasureConstraint|delete_on_request","hasErasure","{}"
"PrivacyAnnotation|PA::prop::DataCellArtifact::D8_ModellingDataset::record::3::cell::age_grp::00125","ErasureConstraint|retention_5y","hasErasure","{}"
"PrivacyAnnotation|PA::prop::DataCellArtifact::D8_ModellingDataset::record::3::cell::age_grp::00125","AccessRole|AU","allowsRole","{}"
"PrivacyAnnotation|PA::prop::DataCellArtifact::D8_ModellingDataset::record::3::cell::age_grp::00125","AccessRole|CL","allowsRole","{}"
"PrivacyAnnotation|PA::prop::DataCellArtifact::D8_ModellingDataset::record::3::cell::age_grp::00125","AccessRole|DPO","allowsRole","{}"
"PrivacyAnnotation|PA::prop::DataCellArtifact::D8_ModellingDataset::record::3::cell::age_grp::00125","AccessRole|DS","allowsRole","{}"
"PrivacyAnnotation|PA::prop::DataCellArtifact::D8_ModellingDataset::record::3::cell::sex::00126","DataCellArtifact|D8_ModellingDataset::record::3::cell::sex","annotates","{}"
"StepRun|asd_run_001::002::S6_select_modelling_features","PrivacyAnnotation|PA::prop::DataCellArtifact::D8_ModellingDataset::record::3::cell::sex::00126","generatedPrivacyAnnotation","{}"
"PrivacyAnnotation|PA::prop::DataCellArtifact::D8_ModellingDataset::record::3::cell::sex::00126","StepRun|asd_run_001::002::S6_select_modelling_features","wasGeneratedBy","{}"
"PrivacyAnnotation|PA::prop::DataCellArtifact::D8_ModellingDataset::record::3::cell::sex::00126","OperationPolicy|S6_select_modelling_features_policy","usedPolicy","{}"
"PrivacyAnnotation|PA::prop::DataCellArtifact::D8_ModellingDataset::record::3::cell::sex::00126","SensitivityCategory|quasi_identifier","hasCategory","{""explicit"": true}"
"PrivacyAnnotation|PA::prop::DataCellArtifact::D8_ModellingDataset::record::3::cell::sex::00126","UsageConstraint|clinical_research","hasUsage","{}"
"PrivacyAnnotation|PA::prop::DataCellArtifact::D8_ModellingDataset::record::3::cell::sex::00126","ErasureConstraint|delete_on_request","hasErasure","{}"
"PrivacyAnnotation|PA::prop::DataCellArtifact::D8_ModellingDataset::record::3::cell::sex::00126","ErasureConstraint|retention_5y","hasErasure","{}"
"PrivacyAnnotation|PA::prop::DataCellArtifact::D8_ModellingDataset::record::3::cell::sex::00126","AccessRole|AU","allowsRole","{}"
"PrivacyAnnotation|PA::prop::DataCellArtifact::D8_ModellingDataset::record::3::cell::sex::00126","AccessRole|CL","allowsRole","{}"
"PrivacyAnnotation|PA::prop::DataCellArtifact::D8_ModellingDataset::record::3::cell::sex::00126","AccessRole|DPO","allowsRole","{}"
"PrivacyAnnotation|PA::prop::DataCellArtifact::D8_ModellingDataset::record::3::cell::sex::00126","AccessRole|DS","allowsRole","{}"
"PrivacyAnnotation|PA::prop::DataRecordArtifact::D8_ModellingDataset::record::0::00127","DataRecordArtifact|D8_ModellingDataset::record::0","annotates","{}"
"StepRun|asd_run_001::002::S6_select_modelling_features","PrivacyAnnotation|PA::prop::DataRecordArtifact::D8_ModellingDataset::record::0::00127","generatedPrivacyAnnotation","{}"
"PrivacyAnnotation|PA::prop::DataRecordArtifact::D8_ModellingDataset::record::0::00127","StepRun|asd_run_001::002::S6_select_modelling_features","wasGeneratedBy","{}"
"PrivacyAnnotation|PA::prop::DataRecordArtifact::D8_ModellingDataset::record::0::00127","OperationPolicy|S6_select_modelling_features_policy","usedPolicy","{}"
"PrivacyAnnotation|PA::prop::DataRecordArtifact::D8_ModellingDataset::record::0::00127","SensitivityCategory|biometric","hasCategory","{""explicit"": true}"
"PrivacyAnnotation|PA::prop::DataRecordArtifact::D8_ModellingDataset::record::0::00127","SensitivityCategory|health","hasCategory","{""explicit"": true}"
"PrivacyAnnotation|PA::prop::DataRecordArtifact::D8_ModellingDataset::record::0::00127","SensitivityCategory|behavioural_sensor_data","hasCategory","{""explicit"": true}"
"PrivacyAnnotation|PA::prop::DataRecordArtifact::D8_ModellingDataset::record::0::00127","SensitivityCategory|behavioural_sensitive","hasCategory","{""explicit"": true}"
"PrivacyAnnotation|PA::prop::DataRecordArtifact::D8_ModellingDataset::record::0::00127","SensitivityCategory|quasi_identifier","hasCategory","{""explicit"": true}"
"PrivacyAnnotation|PA::prop::DataRecordArtifact::D8_ModellingDataset::record::0::00127","SensitivityCategory|sensitive_personal_data","hasCategory","{""explicit"": false}"
"PrivacyAnnotation|PA::prop::DataRecordArtifact::D8_ModellingDataset::record::0::00127","UsageConstraint|clinical_research","hasUsage","{}"
"PrivacyAnnotation|PA::prop::DataRecordArtifact::D8_ModellingDataset::record::0::00127","ErasureConstraint|delete_on_request","hasErasure","{}"
"PrivacyAnnotation|PA::prop::DataRecordArtifact::D8_ModellingDataset::record::0::00127","ErasureConstraint|retention_5y","hasErasure","{}"
"PrivacyAnnotation|PA::prop::DataRecordArtifact::D8_ModellingDataset::record::0::00127","AccessRole|AU","allowsRole","{}"
"PrivacyAnnotation|PA::prop::DataRecordArtifact::D8_ModellingDataset::record::0::00127","AccessRole|CL","allowsRole","{}"
"PrivacyAnnotation|PA::prop::DataRecordArtifact::D8_ModellingDataset::record::0::00127","AccessRole|DPO","allowsRole","{}"
"PrivacyAnnotation|PA::prop::DataRecordArtifact::D8_ModellingDataset::record::0::00127","AccessRole|DS","allowsRole","{}"
"PrivacyAnnotation|PA::prop::DataRecordArtifact::D8_ModellingDataset::record::1::00128","DataRecordArtifact|D8_ModellingDataset::record::1","annotates","{}"
"StepRun|asd_run_001::002::S6_select_modelling_features","PrivacyAnnotation|PA::prop::DataRecordArtifact::D8_ModellingDataset::record::1::00128","generatedPrivacyAnnotation","{}"
"PrivacyAnnotation|PA::prop::DataRecordArtifact::D8_ModellingDataset::record::1::00128","StepRun|asd_run_001::002::S6_select_modelling_features","wasGeneratedBy","{}"
"PrivacyAnnotation|PA::prop::DataRecordArtifact::D8_ModellingDataset::record::1::00128","OperationPolicy|S6_select_modelling_features_policy","usedPolicy","{}"
"PrivacyAnnotation|PA::prop::DataRecordArtifact::D8_ModellingDataset::record::1::00128","SensitivityCategory|biometric","hasCategory","{""explicit"": true}"
"PrivacyAnnotation|PA::prop::DataRecordArtifact::D8_ModellingDataset::record::1::00128","SensitivityCategory|health","hasCategory","{""explicit"": true}"
"PrivacyAnnotation|PA::prop::DataRecordArtifact::D8_ModellingDataset::record::1::00128","SensitivityCategory|behavioural_sensor_data","hasCategory","{""explicit"": true}"
"PrivacyAnnotation|PA::prop::DataRecordArtifact::D8_ModellingDataset::record::1::00128","SensitivityCategory|behavioural_sensitive","hasCategory","{""explicit"": true}"
"PrivacyAnnotation|PA::prop::DataRecordArtifact::D8_ModellingDataset::record::1::00128","SensitivityCategory|quasi_identifier","hasCategory","{""explicit"": true}"
"PrivacyAnnotation|PA::prop::DataRecordArtifact::D8_ModellingDataset::record::1::00128","SensitivityCategory|sensitive_personal_data","hasCategory","{""explicit"": false}"
"PrivacyAnnotation|PA::prop::DataRecordArtifact::D8_ModellingDataset::record::1::00128","UsageConstraint|clinical_research","hasUsage","{}"
"PrivacyAnnotation|PA::prop::DataRecordArtifact::D8_ModellingDataset::record::1::00128","ErasureConstraint|delete_on_request","hasErasure","{}"
"PrivacyAnnotation|PA::prop::DataRecordArtifact::D8_ModellingDataset::record::1::00128","ErasureConstraint|retention_5y","hasErasure","{}"
"PrivacyAnnotation|PA::prop::DataRecordArtifact::D8_ModellingDataset::record::1::00128","AccessRole|AU","allowsRole","{}"
"PrivacyAnnotation|PA::prop::DataRecordArtifact::D8_ModellingDataset::record::1::00128","AccessRole|CL","allowsRole","{}"
"PrivacyAnnotation|PA::prop::DataRecordArtifact::D8_ModellingDataset::record::1::00128","AccessRole|DPO","allowsRole","{}"
"PrivacyAnnotation|PA::prop::DataRecordArtifact::D8_ModellingDataset::record::1::00128","AccessRole|DS","allowsRole","{}"
"PrivacyAnnotation|PA::prop::DataRecordArtifact::D8_ModellingDataset::record::2::00129","DataRecordArtifact|D8_ModellingDataset::record::2","annotates","{}"
"StepRun|asd_run_001::002::S6_select_modelling_features","PrivacyAnnotation|PA::prop::DataRecordArtifact::D8_ModellingDataset::record::2::00129","generatedPrivacyAnnotation","{}"
"PrivacyAnnotation|PA::prop::DataRecordArtifact::D8_ModellingDataset::record::2::00129","StepRun|asd_run_001::002::S6_select_modelling_features","wasGeneratedBy","{}"
"PrivacyAnnotation|PA::prop::DataRecordArtifact::D8_ModellingDataset::record::2::00129","OperationPolicy|S6_select_modelling_features_policy","usedPolicy","{}"
"PrivacyAnnotation|PA::prop::DataRecordArtifact::D8_ModellingDataset::record::2::00129","SensitivityCategory|biometric","hasCategory","{""explicit"": true}"
"PrivacyAnnotation|PA::prop::DataRecordArtifact::D8_ModellingDataset::record::2::00129","SensitivityCategory|health","hasCategory","{""explicit"": true}"
"PrivacyAnnotation|PA::prop::DataRecordArtifact::D8_ModellingDataset::record::2::00129","SensitivityCategory|behavioural_sensor_data","hasCategory","{""explicit"": true}"
"PrivacyAnnotation|PA::prop::DataRecordArtifact::D8_ModellingDataset::record::2::00129","SensitivityCategory|behavioural_sensitive","hasCategory","{""explicit"": true}"
"PrivacyAnnotation|PA::prop::DataRecordArtifact::D8_ModellingDataset::record::2::00129","SensitivityCategory|quasi_identifier","hasCategory","{""explicit"": true}"
"PrivacyAnnotation|PA::prop::DataRecordArtifact::D8_ModellingDataset::record::2::00129","SensitivityCategory|sensitive_personal_data","hasCategory","{""explicit"": false}"
"PrivacyAnnotation|PA::prop::DataRecordArtifact::D8_ModellingDataset::record::2::00129","UsageConstraint|clinical_research","hasUsage","{}"
"PrivacyAnnotation|PA::prop::DataRecordArtifact::D8_ModellingDataset::record::2::00129","ErasureConstraint|delete_on_request","hasErasure","{}"
"PrivacyAnnotation|PA::prop::DataRecordArtifact::D8_ModellingDataset::record::2::00129","ErasureConstraint|retention_5y","hasErasure","{}"
"PrivacyAnnotation|PA::prop::DataRecordArtifact::D8_ModellingDataset::record::2::00129","AccessRole|AU","allowsRole","{}"
"PrivacyAnnotation|PA::prop::DataRecordArtifact::D8_ModellingDataset::record::2::00129","AccessRole|CL","allowsRole","{}"
"PrivacyAnnotation|PA::prop::DataRecordArtifact::D8_ModellingDataset::record::2::00129","AccessRole|DPO","allowsRole","{}"
"PrivacyAnnotation|PA::prop::DataRecordArtifact::D8_ModellingDataset::record::2::00129","AccessRole|DS","allowsRole","{}"
"PrivacyAnnotation|PA::prop::DataRecordArtifact::D8_ModellingDataset::record::3::00130","DataRecordArtifact|D8_ModellingDataset::record::3","annotates","{}"
"StepRun|asd_run_001::002::S6_select_modelling_features","PrivacyAnnotation|PA::prop::DataRecordArtifact::D8_ModellingDataset::record::3::00130","generatedPrivacyAnnotation","{}"
"PrivacyAnnotation|PA::prop::DataRecordArtifact::D8_ModellingDataset::record::3::00130","StepRun|asd_run_001::002::S6_select_modelling_features","wasGeneratedBy","{}"
"PrivacyAnnotation|PA::prop::DataRecordArtifact::D8_ModellingDataset::record::3::00130","OperationPolicy|S6_select_modelling_features_policy","usedPolicy","{}"
"PrivacyAnnotation|PA::prop::DataRecordArtifact::D8_ModellingDataset::record::3::00130","SensitivityCategory|biometric","hasCategory","{""explicit"": true}"
"PrivacyAnnotation|PA::prop::DataRecordArtifact::D8_ModellingDataset::record::3::00130","SensitivityCategory|health","hasCategory","{""explicit"": true}"
"PrivacyAnnotation|PA::prop::DataRecordArtifact::D8_ModellingDataset::record::3::00130","SensitivityCategory|behavioural_sensor_data","hasCategory","{""explicit"": true}"
"PrivacyAnnotation|PA::prop::DataRecordArtifact::D8_ModellingDataset::record::3::00130","SensitivityCategory|behavioural_sensitive","hasCategory","{""explicit"": true}"
"PrivacyAnnotation|PA::prop::DataRecordArtifact::D8_ModellingDataset::record::3::00130","SensitivityCategory|quasi_identifier","hasCategory","{""explicit"": true}"
"PrivacyAnnotation|PA::prop::DataRecordArtifact::D8_ModellingDataset::record::3::00130","SensitivityCategory|sensitive_personal_data","hasCategory","{""explicit"": false}"
"PrivacyAnnotation|PA::prop::DataRecordArtifact::D8_ModellingDataset::record::3::00130","UsageConstraint|clinical_research","hasUsage","{}"
"PrivacyAnnotation|PA::prop::DataRecordArtifact::D8_ModellingDataset::record::3::00130","ErasureConstraint|delete_on_request","hasErasure","{}"
"PrivacyAnnotation|PA::prop::DataRecordArtifact::D8_ModellingDataset::record::3::00130","ErasureConstraint|retention_5y","hasErasure","{}"
"PrivacyAnnotation|PA::prop::DataRecordArtifact::D8_ModellingDataset::record::3::00130","AccessRole|AU","allowsRole","{}"
"PrivacyAnnotation|PA::prop::DataRecordArtifact::D8_ModellingDataset::record::3::00130","AccessRole|CL","allowsRole","{}"
"PrivacyAnnotation|PA::prop::DataRecordArtifact::D8_ModellingDataset::record::3::00130","AccessRole|DPO","allowsRole","{}"
"PrivacyAnnotation|PA::prop::DataRecordArtifact::D8_ModellingDataset::record::3::00130","AccessRole|DS","allowsRole","{}"
"PrivacyAnnotation|PA::prop::DatasetArtifact::D8_ModellingDataset::00131","DatasetArtifact|D8_ModellingDataset","annotates","{}"
"StepRun|asd_run_001::002::S6_select_modelling_features","PrivacyAnnotation|PA::prop::DatasetArtifact::D8_ModellingDataset::00131","generatedPrivacyAnnotation","{}"
"PrivacyAnnotation|PA::prop::DatasetArtifact::D8_ModellingDataset::00131","StepRun|asd_run_001::002::S6_select_modelling_features","wasGeneratedBy","{}"
"PrivacyAnnotation|PA::prop::DatasetArtifact::D8_ModellingDataset::00131","OperationPolicy|S6_select_modelling_features_policy","usedPolicy","{}"
"PrivacyAnnotation|PA::prop::DatasetArtifact::D8_ModellingDataset::00131","SensitivityCategory|biometric","hasCategory","{""explicit"": true}"
"PrivacyAnnotation|PA::prop::DatasetArtifact::D8_ModellingDataset::00131","SensitivityCategory|health","hasCategory","{""explicit"": true}"
"PrivacyAnnotation|PA::prop::DatasetArtifact::D8_ModellingDataset::00131","SensitivityCategory|behavioural_sensor_data","hasCategory","{""explicit"": true}"
"PrivacyAnnotation|PA::prop::DatasetArtifact::D8_ModellingDataset::00131","SensitivityCategory|behavioural_sensitive","hasCategory","{""explicit"": true}"
"PrivacyAnnotation|PA::prop::DatasetArtifact::D8_ModellingDataset::00131","SensitivityCategory|quasi_identifier","hasCategory","{""explicit"": true}"
"PrivacyAnnotation|PA::prop::DatasetArtifact::D8_ModellingDataset::00131","SensitivityCategory|sensitive_personal_data","hasCategory","{""explicit"": false}"
"PrivacyAnnotation|PA::prop::DatasetArtifact::D8_ModellingDataset::00131","UsageConstraint|clinical_research","hasUsage","{}"
"PrivacyAnnotation|PA::prop::DatasetArtifact::D8_ModellingDataset::00131","ErasureConstraint|delete_on_request","hasErasure","{}"
"PrivacyAnnotation|PA::prop::DatasetArtifact::D8_ModellingDataset::00131","ErasureConstraint|retention_5y","hasErasure","{}"
"PrivacyAnnotation|PA::prop::DatasetArtifact::D8_ModellingDataset::00131","AccessRole|AU","allowsRole","{}"
"PrivacyAnnotation|PA::prop::DatasetArtifact::D8_ModellingDataset::00131","AccessRole|CL","allowsRole","{}"
"PrivacyAnnotation|PA::prop::DatasetArtifact::D8_ModellingDataset::00131","AccessRole|DPO","allowsRole","{}"
"PrivacyAnnotation|PA::prop::DatasetArtifact::D8_ModellingDataset::00131","AccessRole|DS","allowsRole","{}"
"PrivacyAnnotation|PA::prop::DataCellArtifact::D9_TrainDataset::record::0::cell::HR_norm::00132","DataCellArtifact|D9_TrainDataset::record::0::cell::HR_norm","annotates","{}"
"StepRun|asd_run_001::003::S7_split_train_test","PrivacyAnnotation|PA::prop::DataCellArtifact::D9_TrainDataset::record::0::cell::HR_norm::00132","generatedPrivacyAnnotation","{}"
"PrivacyAnnotation|PA::prop::DataCellArtifact::D9_TrainDataset::record::0::cell::HR_norm::00132","StepRun|asd_run_001::003::S7_split_train_test","wasGeneratedBy","{}"
"PrivacyAnnotation|PA::prop::DataCellArtifact::D9_TrainDataset::record::0::cell::HR_norm::00132","OperationPolicy|S7_split_train_test_policy","usedPolicy","{}"
"PrivacyAnnotation|PA::prop::DataCellArtifact::D9_TrainDataset::record::0::cell::HR_norm::00132","SensitivityCategory|biometric","hasCategory","{""explicit"": true}"
"PrivacyAnnotation|PA::prop::DataCellArtifact::D9_TrainDataset::record::0::cell::HR_norm::00132","SensitivityCategory|health","hasCategory","{""explicit"": true}"
"PrivacyAnnotation|PA::prop::DataCellArtifact::D9_TrainDataset::record::0::cell::HR_norm::00132","SensitivityCategory|sensitive_personal_data","hasCategory","{""explicit"": false}"
"PrivacyAnnotation|PA::prop::DataCellArtifact::D9_TrainDataset::record::0::cell::HR_norm::00132","UsageConstraint|clinical_research","hasUsage","{}"
"PrivacyAnnotation|PA::prop::DataCellArtifact::D9_TrainDataset::record::0::cell::HR_norm::00132","ErasureConstraint|delete_on_request","hasErasure","{}"
"PrivacyAnnotation|PA::prop::DataCellArtifact::D9_TrainDataset::record::0::cell::HR_norm::00132","ErasureConstraint|retention_5y","hasErasure","{}"
"PrivacyAnnotation|PA::prop::DataCellArtifact::D9_TrainDataset::record::0::cell::HR_norm::00132","AccessRole|AU","allowsRole","{}"
"PrivacyAnnotation|PA::prop::DataCellArtifact::D9_TrainDataset::record::0::cell::HR_norm::00132","AccessRole|CL","allowsRole","{}"
"PrivacyAnnotation|PA::prop::DataCellArtifact::D9_TrainDataset::record::0::cell::HR_norm::00132","AccessRole|DPO","allowsRole","{}"
"PrivacyAnnotation|PA::prop::DataCellArtifact::D9_TrainDataset::record::0::cell::HR_norm::00132","AccessRole|DS","allowsRole","{}"
"PrivacyAnnotation|PA::prop::DataCellArtifact::D9_TrainDataset::record::0::cell::EDA_norm::00133","DataCellArtifact|D9_TrainDataset::record::0::cell::EDA_norm","annotates","{}"
"StepRun|asd_run_001::003::S7_split_train_test","PrivacyAnnotation|PA::prop::DataCellArtifact::D9_TrainDataset::record::0::cell::EDA_norm::00133","generatedPrivacyAnnotation","{}"
"PrivacyAnnotation|PA::prop::DataCellArtifact::D9_TrainDataset::record::0::cell::EDA_norm::00133","StepRun|asd_run_001::003::S7_split_train_test","wasGeneratedBy","{}"
"PrivacyAnnotation|PA::prop::DataCellArtifact::D9_TrainDataset::record::0::cell::EDA_norm::00133","OperationPolicy|S7_split_train_test_policy","usedPolicy","{}"
"PrivacyAnnotation|PA::prop::DataCellArtifact::D9_TrainDataset::record::0::cell::EDA_norm::00133","SensitivityCategory|biometric","hasCategory","{""explicit"": true}"
"PrivacyAnnotation|PA::prop::DataCellArtifact::D9_TrainDataset::record::0::cell::EDA_norm::00133","SensitivityCategory|health","hasCategory","{""explicit"": true}"
"PrivacyAnnotation|PA::prop::DataCellArtifact::D9_TrainDataset::record::0::cell::EDA_norm::00133","SensitivityCategory|sensitive_personal_data","hasCategory","{""explicit"": false}"
"PrivacyAnnotation|PA::prop::DataCellArtifact::D9_TrainDataset::record::0::cell::EDA_norm::00133","UsageConstraint|clinical_research","hasUsage","{}"
"PrivacyAnnotation|PA::prop::DataCellArtifact::D9_TrainDataset::record::0::cell::EDA_norm::00133","ErasureConstraint|delete_on_request","hasErasure","{}"
"PrivacyAnnotation|PA::prop::DataCellArtifact::D9_TrainDataset::record::0::cell::EDA_norm::00133","ErasureConstraint|retention_5y","hasErasure","{}"
"PrivacyAnnotation|PA::prop::DataCellArtifact::D9_TrainDataset::record::0::cell::EDA_norm::00133","AccessRole|AU","allowsRole","{}"
"PrivacyAnnotation|PA::prop::DataCellArtifact::D9_TrainDataset::record::0::cell::EDA_norm::00133","AccessRole|CL","allowsRole","{}"
"PrivacyAnnotation|PA::prop::DataCellArtifact::D9_TrainDataset::record::0::cell::EDA_norm::00133","AccessRole|DPO","allowsRole","{}"
"PrivacyAnnotation|PA::prop::DataCellArtifact::D9_TrainDataset::record::0::cell::EDA_norm::00133","AccessRole|DS","allowsRole","{}"
"PrivacyAnnotation|PA::prop::DataCellArtifact::D9_TrainDataset::record::0::cell::ACC_norm::00134","DataCellArtifact|D9_TrainDataset::record::0::cell::ACC_norm","annotates","{}"
"StepRun|asd_run_001::003::S7_split_train_test","PrivacyAnnotation|PA::prop::DataCellArtifact::D9_TrainDataset::record::0::cell::ACC_norm::00134","generatedPrivacyAnnotation","{}"
"PrivacyAnnotation|PA::prop::DataCellArtifact::D9_TrainDataset::record::0::cell::ACC_norm::00134","StepRun|asd_run_001::003::S7_split_train_test","wasGeneratedBy","{}"
"PrivacyAnnotation|PA::prop::DataCellArtifact::D9_TrainDataset::record::0::cell::ACC_norm::00134","OperationPolicy|S7_split_train_test_policy","usedPolicy","{}"
"PrivacyAnnotation|PA::prop::DataCellArtifact::D9_TrainDataset::record::0::cell::ACC_norm::00134","SensitivityCategory|behavioural_sensor_data","hasCategory","{""explicit"": true}"
"PrivacyAnnotation|PA::prop::DataCellArtifact::D9_TrainDataset::record::0::cell::ACC_norm::00134","UsageConstraint|clinical_research","hasUsage","{}"
"PrivacyAnnotation|PA::prop::DataCellArtifact::D9_TrainDataset::record::0::cell::ACC_norm::00134","ErasureConstraint|delete_on_request","hasErasure","{}"
"PrivacyAnnotation|PA::prop::DataCellArtifact::D9_TrainDataset::record::0::cell::ACC_norm::00134","ErasureConstraint|retention_5y","hasErasure","{}"
"PrivacyAnnotation|PA::prop::DataCellArtifact::D9_TrainDataset::record::0::cell::ACC_norm::00134","AccessRole|AU","allowsRole","{}"
"PrivacyAnnotation|PA::prop::DataCellArtifact::D9_TrainDataset::record::0::cell::ACC_norm::00134","AccessRole|CL","allowsRole","{}"
"PrivacyAnnotation|PA::prop::DataCellArtifact::D9_TrainDataset::record::0::cell::ACC_norm::00134","AccessRole|DPO","allowsRole","{}"
"PrivacyAnnotation|PA::prop::DataCellArtifact::D9_TrainDataset::record::0::cell::ACC_norm::00134","AccessRole|DS","allowsRole","{}"
"PrivacyAnnotation|PA::prop::DataCellArtifact::D9_TrainDataset::record::0::cell::chall_behav::00135","DataCellArtifact|D9_TrainDataset::record::0::cell::chall_behav","annotates","{}"
"StepRun|asd_run_001::003::S7_split_train_test","PrivacyAnnotation|PA::prop::DataCellArtifact::D9_TrainDataset::record::0::cell::chall_behav::00135","generatedPrivacyAnnotation","{}"
"PrivacyAnnotation|PA::prop::DataCellArtifact::D9_TrainDataset::record::0::cell::chall_behav::00135","StepRun|asd_run_001::003::S7_split_train_test","wasGeneratedBy","{}"
"PrivacyAnnotation|PA::prop::DataCellArtifact::D9_TrainDataset::record::0::cell::chall_behav::00135","OperationPolicy|S7_split_train_test_policy","usedPolicy","{}"
"PrivacyAnnotation|PA::prop::DataCellArtifact::D9_TrainDataset::record::0::cell::chall_behav::00135","SensitivityCategory|health","hasCategory","{""explicit"": true}"
"PrivacyAnnotation|PA::prop::DataCellArtifact::D9_TrainDataset::record::0::cell::chall_behav::00135","SensitivityCategory|behavioural_sensitive","hasCategory","{""explicit"": true}"
"PrivacyAnnotation|PA::prop::DataCellArtifact::D9_TrainDataset::record::0::cell::chall_behav::00135","SensitivityCategory|sensitive_personal_data","hasCategory","{""explicit"": false}"
"PrivacyAnnotation|PA::prop::DataCellArtifact::D9_TrainDataset::record::0::cell::chall_behav::00135","UsageConstraint|clinical_research","hasUsage","{}"
"PrivacyAnnotation|PA::prop::DataCellArtifact::D9_TrainDataset::record::0::cell::chall_behav::00135","ErasureConstraint|delete_on_request","hasErasure","{}"
"PrivacyAnnotation|PA::prop::DataCellArtifact::D9_TrainDataset::record::0::cell::chall_behav::00135","ErasureConstraint|retention_5y","hasErasure","{}"
"PrivacyAnnotation|PA::prop::DataCellArtifact::D9_TrainDataset::record::0::cell::chall_behav::00135","AccessRole|AU","allowsRole","{}"
"PrivacyAnnotation|PA::prop::DataCellArtifact::D9_TrainDataset::record::0::cell::chall_behav::00135","AccessRole|CL","allowsRole","{}"
"PrivacyAnnotation|PA::prop::DataCellArtifact::D9_TrainDataset::record::0::cell::chall_behav::00135","AccessRole|DPO","allowsRole","{}"
"PrivacyAnnotation|PA::prop::DataCellArtifact::D9_TrainDataset::record::0::cell::chall_behav::00135","AccessRole|DS","allowsRole","{}"
"PrivacyAnnotation|PA::prop::DataCellArtifact::D9_TrainDataset::record::0::cell::sev::00136","DataCellArtifact|D9_TrainDataset::record::0::cell::sev","annotates","{}"
"StepRun|asd_run_001::003::S7_split_train_test","PrivacyAnnotation|PA::prop::DataCellArtifact::D9_TrainDataset::record::0::cell::sev::00136","generatedPrivacyAnnotation","{}"
"PrivacyAnnotation|PA::prop::DataCellArtifact::D9_TrainDataset::record::0::cell::sev::00136","StepRun|asd_run_001::003::S7_split_train_test","wasGeneratedBy","{}"
"PrivacyAnnotation|PA::prop::DataCellArtifact::D9_TrainDataset::record::0::cell::sev::00136","OperationPolicy|S7_split_train_test_policy","usedPolicy","{}"
"PrivacyAnnotation|PA::prop::DataCellArtifact::D9_TrainDataset::record::0::cell::sev::00136","SensitivityCategory|health","hasCategory","{""explicit"": true}"
"PrivacyAnnotation|PA::prop::DataCellArtifact::D9_TrainDataset::record::0::cell::sev::00136","SensitivityCategory|behavioural_sensitive","hasCategory","{""explicit"": true}"
"PrivacyAnnotation|PA::prop::DataCellArtifact::D9_TrainDataset::record::0::cell::sev::00136","SensitivityCategory|sensitive_personal_data","hasCategory","{""explicit"": false}"
"PrivacyAnnotation|PA::prop::DataCellArtifact::D9_TrainDataset::record::0::cell::sev::00136","UsageConstraint|clinical_research","hasUsage","{}"
"PrivacyAnnotation|PA::prop::DataCellArtifact::D9_TrainDataset::record::0::cell::sev::00136","ErasureConstraint|delete_on_request","hasErasure","{}"
"PrivacyAnnotation|PA::prop::DataCellArtifact::D9_TrainDataset::record::0::cell::sev::00136","ErasureConstraint|retention_5y","hasErasure","{}"
"PrivacyAnnotation|PA::prop::DataCellArtifact::D9_TrainDataset::record::0::cell::sev::00136","AccessRole|AU","allowsRole","{}"
"PrivacyAnnotation|PA::prop::DataCellArtifact::D9_TrainDataset::record::0::cell::sev::00136","AccessRole|CL","allowsRole","{}"
"PrivacyAnnotation|PA::prop::DataCellArtifact::D9_TrainDataset::record::0::cell::sev::00136","AccessRole|DPO","allowsRole","{}"
"PrivacyAnnotation|PA::prop::DataCellArtifact::D9_TrainDataset::record::0::cell::sev::00136","AccessRole|DS","allowsRole","{}"
"PrivacyAnnotation|PA::prop::DataCellArtifact::D9_TrainDataset::record::0::cell::age_grp::00137","DataCellArtifact|D9_TrainDataset::record::0::cell::age_grp","annotates","{}"
"StepRun|asd_run_001::003::S7_split_train_test","PrivacyAnnotation|PA::prop::DataCellArtifact::D9_TrainDataset::record::0::cell::age_grp::00137","generatedPrivacyAnnotation","{}"
"PrivacyAnnotation|PA::prop::DataCellArtifact::D9_TrainDataset::record::0::cell::age_grp::00137","StepRun|asd_run_001::003::S7_split_train_test","wasGeneratedBy","{}"
"PrivacyAnnotation|PA::prop::DataCellArtifact::D9_TrainDataset::record::0::cell::age_grp::00137","OperationPolicy|S7_split_train_test_policy","usedPolicy","{}"
"PrivacyAnnotation|PA::prop::DataCellArtifact::D9_TrainDataset::record::0::cell::age_grp::00137","SensitivityCategory|quasi_identifier","hasCategory","{""explicit"": true}"
"PrivacyAnnotation|PA::prop::DataCellArtifact::D9_TrainDataset::record::0::cell::age_grp::00137","UsageConstraint|clinical_research","hasUsage","{}"
"PrivacyAnnotation|PA::prop::DataCellArtifact::D9_TrainDataset::record::0::cell::age_grp::00137","ErasureConstraint|delete_on_request","hasErasure","{}"
"PrivacyAnnotation|PA::prop::DataCellArtifact::D9_TrainDataset::record::0::cell::age_grp::00137","ErasureConstraint|retention_5y","hasErasure","{}"
"PrivacyAnnotation|PA::prop::DataCellArtifact::D9_TrainDataset::record::0::cell::age_grp::00137","AccessRole|AU","allowsRole","{}"
"PrivacyAnnotation|PA::prop::DataCellArtifact::D9_TrainDataset::record::0::cell::age_grp::00137","AccessRole|CL","allowsRole","{}"
"PrivacyAnnotation|PA::prop::DataCellArtifact::D9_TrainDataset::record::0::cell::age_grp::00137","AccessRole|DPO","allowsRole","{}"
"PrivacyAnnotation|PA::prop::DataCellArtifact::D9_TrainDataset::record::0::cell::age_grp::00137","AccessRole|DS","allowsRole","{}"
"PrivacyAnnotation|PA::prop::DataCellArtifact::D9_TrainDataset::record::0::cell::sex::00138","DataCellArtifact|D9_TrainDataset::record::0::cell::sex","annotates","{}"
"StepRun|asd_run_001::003::S7_split_train_test","PrivacyAnnotation|PA::prop::DataCellArtifact::D9_TrainDataset::record::0::cell::sex::00138","generatedPrivacyAnnotation","{}"
"PrivacyAnnotation|PA::prop::DataCellArtifact::D9_TrainDataset::record::0::cell::sex::00138","StepRun|asd_run_001::003::S7_split_train_test","wasGeneratedBy","{}"
"PrivacyAnnotation|PA::prop::DataCellArtifact::D9_TrainDataset::record::0::cell::sex::00138","OperationPolicy|S7_split_train_test_policy","usedPolicy","{}"
"PrivacyAnnotation|PA::prop::DataCellArtifact::D9_TrainDataset::record::0::cell::sex::00138","SensitivityCategory|quasi_identifier","hasCategory","{""explicit"": true}"
"PrivacyAnnotation|PA::prop::DataCellArtifact::D9_TrainDataset::record::0::cell::sex::00138","UsageConstraint|clinical_research","hasUsage","{}"
"PrivacyAnnotation|PA::prop::DataCellArtifact::D9_TrainDataset::record::0::cell::sex::00138","ErasureConstraint|delete_on_request","hasErasure","{}"
"PrivacyAnnotation|PA::prop::DataCellArtifact::D9_TrainDataset::record::0::cell::sex::00138","ErasureConstraint|retention_5y","hasErasure","{}"
"PrivacyAnnotation|PA::prop::DataCellArtifact::D9_TrainDataset::record::0::cell::sex::00138","AccessRole|AU","allowsRole","{}"
"PrivacyAnnotation|PA::prop::DataCellArtifact::D9_TrainDataset::record::0::cell::sex::00138","AccessRole|CL","allowsRole","{}"
"PrivacyAnnotation|PA::prop::DataCellArtifact::D9_TrainDataset::record::0::cell::sex::00138","AccessRole|DPO","allowsRole","{}"
"PrivacyAnnotation|PA::prop::DataCellArtifact::D9_TrainDataset::record::0::cell::sex::00138","AccessRole|DS","allowsRole","{}"
"PrivacyAnnotation|PA::prop::DataCellArtifact::D9_TrainDataset::record::1::cell::HR_norm::00139","DataCellArtifact|D9_TrainDataset::record::1::cell::HR_norm","annotates","{}"
"StepRun|asd_run_001::003::S7_split_train_test","PrivacyAnnotation|PA::prop::DataCellArtifact::D9_TrainDataset::record::1::cell::HR_norm::00139","generatedPrivacyAnnotation","{}"
"PrivacyAnnotation|PA::prop::DataCellArtifact::D9_TrainDataset::record::1::cell::HR_norm::00139","StepRun|asd_run_001::003::S7_split_train_test","wasGeneratedBy","{}"
"PrivacyAnnotation|PA::prop::DataCellArtifact::D9_TrainDataset::record::1::cell::HR_norm::00139","OperationPolicy|S7_split_train_test_policy","usedPolicy","{}"
"PrivacyAnnotation|PA::prop::DataCellArtifact::D9_TrainDataset::record::1::cell::HR_norm::00139","SensitivityCategory|biometric","hasCategory","{""explicit"": true}"
"PrivacyAnnotation|PA::prop::DataCellArtifact::D9_TrainDataset::record::1::cell::HR_norm::00139","SensitivityCategory|health","hasCategory","{""explicit"": true}"
"PrivacyAnnotation|PA::prop::DataCellArtifact::D9_TrainDataset::record::1::cell::HR_norm::00139","SensitivityCategory|sensitive_personal_data","hasCategory","{""explicit"": false}"
"PrivacyAnnotation|PA::prop::DataCellArtifact::D9_TrainDataset::record::1::cell::HR_norm::00139","UsageConstraint|clinical_research","hasUsage","{}"
"PrivacyAnnotation|PA::prop::DataCellArtifact::D9_TrainDataset::record::1::cell::HR_norm::00139","ErasureConstraint|delete_on_request","hasErasure","{}"
"PrivacyAnnotation|PA::prop::DataCellArtifact::D9_TrainDataset::record::1::cell::HR_norm::00139","ErasureConstraint|retention_5y","hasErasure","{}"
"PrivacyAnnotation|PA::prop::DataCellArtifact::D9_TrainDataset::record::1::cell::HR_norm::00139","AccessRole|AU","allowsRole","{}"
"PrivacyAnnotation|PA::prop::DataCellArtifact::D9_TrainDataset::record::1::cell::HR_norm::00139","AccessRole|CL","allowsRole","{}"
"PrivacyAnnotation|PA::prop::DataCellArtifact::D9_TrainDataset::record::1::cell::HR_norm::00139","AccessRole|DPO","allowsRole","{}"
"PrivacyAnnotation|PA::prop::DataCellArtifact::D9_TrainDataset::record::1::cell::HR_norm::00139","AccessRole|DS","allowsRole","{}"
"PrivacyAnnotation|PA::prop::DataCellArtifact::D9_TrainDataset::record::1::cell::EDA_norm::00140","DataCellArtifact|D9_TrainDataset::record::1::cell::EDA_norm","annotates","{}"
"StepRun|asd_run_001::003::S7_split_train_test","PrivacyAnnotation|PA::prop::DataCellArtifact::D9_TrainDataset::record::1::cell::EDA_norm::00140","generatedPrivacyAnnotation","{}"
"PrivacyAnnotation|PA::prop::DataCellArtifact::D9_TrainDataset::record::1::cell::EDA_norm::00140","StepRun|asd_run_001::003::S7_split_train_test","wasGeneratedBy","{}"
"PrivacyAnnotation|PA::prop::DataCellArtifact::D9_TrainDataset::record::1::cell::EDA_norm::00140","OperationPolicy|S7_split_train_test_policy","usedPolicy","{}"
"PrivacyAnnotation|PA::prop::DataCellArtifact::D9_TrainDataset::record::1::cell::EDA_norm::00140","SensitivityCategory|biometric","hasCategory","{""explicit"": true}"
"PrivacyAnnotation|PA::prop::DataCellArtifact::D9_TrainDataset::record::1::cell::EDA_norm::00140","SensitivityCategory|health","hasCategory","{""explicit"": true}"
"PrivacyAnnotation|PA::prop::DataCellArtifact::D9_TrainDataset::record::1::cell::EDA_norm::00140","SensitivityCategory|sensitive_personal_data","hasCategory","{""explicit"": false}"
"PrivacyAnnotation|PA::prop::DataCellArtifact::D9_TrainDataset::record::1::cell::EDA_norm::00140","UsageConstraint|clinical_research","hasUsage","{}"
"PrivacyAnnotation|PA::prop::DataCellArtifact::D9_TrainDataset::record::1::cell::EDA_norm::00140","ErasureConstraint|delete_on_request","hasErasure","{}"
"PrivacyAnnotation|PA::prop::DataCellArtifact::D9_TrainDataset::record::1::cell::EDA_norm::00140","ErasureConstraint|retention_5y","hasErasure","{}"
"PrivacyAnnotation|PA::prop::DataCellArtifact::D9_TrainDataset::record::1::cell::EDA_norm::00140","AccessRole|AU","allowsRole","{}"
"PrivacyAnnotation|PA::prop::DataCellArtifact::D9_TrainDataset::record::1::cell::EDA_norm::00140","AccessRole|CL","allowsRole","{}"
"PrivacyAnnotation|PA::prop::DataCellArtifact::D9_TrainDataset::record::1::cell::EDA_norm::00140","AccessRole|DPO","allowsRole","{}"
"PrivacyAnnotation|PA::prop::DataCellArtifact::D9_TrainDataset::record::1::cell::EDA_norm::00140","AccessRole|DS","allowsRole","{}"
"PrivacyAnnotation|PA::prop::DataCellArtifact::D9_TrainDataset::record::1::cell::ACC_norm::00141","DataCellArtifact|D9_TrainDataset::record::1::cell::ACC_norm","annotates","{}"
"StepRun|asd_run_001::003::S7_split_train_test","PrivacyAnnotation|PA::prop::DataCellArtifact::D9_TrainDataset::record::1::cell::ACC_norm::00141","generatedPrivacyAnnotation","{}"
"PrivacyAnnotation|PA::prop::DataCellArtifact::D9_TrainDataset::record::1::cell::ACC_norm::00141","StepRun|asd_run_001::003::S7_split_train_test","wasGeneratedBy","{}"
"PrivacyAnnotation|PA::prop::DataCellArtifact::D9_TrainDataset::record::1::cell::ACC_norm::00141","OperationPolicy|S7_split_train_test_policy","usedPolicy","{}"
"PrivacyAnnotation|PA::prop::DataCellArtifact::D9_TrainDataset::record::1::cell::ACC_norm::00141","SensitivityCategory|behavioural_sensor_data","hasCategory","{""explicit"": true}"
"PrivacyAnnotation|PA::prop::DataCellArtifact::D9_TrainDataset::record::1::cell::ACC_norm::00141","UsageConstraint|clinical_research","hasUsage","{}"
"PrivacyAnnotation|PA::prop::DataCellArtifact::D9_TrainDataset::record::1::cell::ACC_norm::00141","ErasureConstraint|delete_on_request","hasErasure","{}"
"PrivacyAnnotation|PA::prop::DataCellArtifact::D9_TrainDataset::record::1::cell::ACC_norm::00141","ErasureConstraint|retention_5y","hasErasure","{}"
"PrivacyAnnotation|PA::prop::DataCellArtifact::D9_TrainDataset::record::1::cell::ACC_norm::00141","AccessRole|AU","allowsRole","{}"
"PrivacyAnnotation|PA::prop::DataCellArtifact::D9_TrainDataset::record::1::cell::ACC_norm::00141","AccessRole|CL","allowsRole","{}"
"PrivacyAnnotation|PA::prop::DataCellArtifact::D9_TrainDataset::record::1::cell::ACC_norm::00141","AccessRole|DPO","allowsRole","{}"
"PrivacyAnnotation|PA::prop::DataCellArtifact::D9_TrainDataset::record::1::cell::ACC_norm::00141","AccessRole|DS","allowsRole","{}"
"PrivacyAnnotation|PA::prop::DataCellArtifact::D9_TrainDataset::record::1::cell::chall_behav::00142","DataCellArtifact|D9_TrainDataset::record::1::cell::chall_behav","annotates","{}"
"StepRun|asd_run_001::003::S7_split_train_test","PrivacyAnnotation|PA::prop::DataCellArtifact::D9_TrainDataset::record::1::cell::chall_behav::00142","generatedPrivacyAnnotation","{}"
"PrivacyAnnotation|PA::prop::DataCellArtifact::D9_TrainDataset::record::1::cell::chall_behav::00142","StepRun|asd_run_001::003::S7_split_train_test","wasGeneratedBy","{}"
"PrivacyAnnotation|PA::prop::DataCellArtifact::D9_TrainDataset::record::1::cell::chall_behav::00142","OperationPolicy|S7_split_train_test_policy","usedPolicy","{}"
"PrivacyAnnotation|PA::prop::DataCellArtifact::D9_TrainDataset::record::1::cell::chall_behav::00142","SensitivityCategory|health","hasCategory","{""explicit"": true}"
"PrivacyAnnotation|PA::prop::DataCellArtifact::D9_TrainDataset::record::1::cell::chall_behav::00142","SensitivityCategory|behavioural_sensitive","hasCategory","{""explicit"": true}"
"PrivacyAnnotation|PA::prop::DataCellArtifact::D9_TrainDataset::record::1::cell::chall_behav::00142","SensitivityCategory|sensitive_personal_data","hasCategory","{""explicit"": false}"
"PrivacyAnnotation|PA::prop::DataCellArtifact::D9_TrainDataset::record::1::cell::chall_behav::00142","UsageConstraint|clinical_research","hasUsage","{}"
"PrivacyAnnotation|PA::prop::DataCellArtifact::D9_TrainDataset::record::1::cell::chall_behav::00142","ErasureConstraint|delete_on_request","hasErasure","{}"
"PrivacyAnnotation|PA::prop::DataCellArtifact::D9_TrainDataset::record::1::cell::chall_behav::00142","ErasureConstraint|retention_5y","hasErasure","{}"
"PrivacyAnnotation|PA::prop::DataCellArtifact::D9_TrainDataset::record::1::cell::chall_behav::00142","AccessRole|AU","allowsRole","{}"
"PrivacyAnnotation|PA::prop::DataCellArtifact::D9_TrainDataset::record::1::cell::chall_behav::00142","AccessRole|CL","allowsRole","{}"
"PrivacyAnnotation|PA::prop::DataCellArtifact::D9_TrainDataset::record::1::cell::chall_behav::00142","AccessRole|DPO","allowsRole","{}"
"PrivacyAnnotation|PA::prop::DataCellArtifact::D9_TrainDataset::record::1::cell::chall_behav::00142","AccessRole|DS","allowsRole","{}"
"PrivacyAnnotation|PA::prop::DataCellArtifact::D9_TrainDataset::record::1::cell::sev::00143","DataCellArtifact|D9_TrainDataset::record::1::cell::sev","annotates","{}"
"StepRun|asd_run_001::003::S7_split_train_test","PrivacyAnnotation|PA::prop::DataCellArtifact::D9_TrainDataset::record::1::cell::sev::00143","generatedPrivacyAnnotation","{}"
"PrivacyAnnotation|PA::prop::DataCellArtifact::D9_TrainDataset::record::1::cell::sev::00143","StepRun|asd_run_001::003::S7_split_train_test","wasGeneratedBy","{}"
"PrivacyAnnotation|PA::prop::DataCellArtifact::D9_TrainDataset::record::1::cell::sev::00143","OperationPolicy|S7_split_train_test_policy","usedPolicy","{}"
"PrivacyAnnotation|PA::prop::DataCellArtifact::D9_TrainDataset::record::1::cell::sev::00143","SensitivityCategory|health","hasCategory","{""explicit"": true}"
"PrivacyAnnotation|PA::prop::DataCellArtifact::D9_TrainDataset::record::1::cell::sev::00143","SensitivityCategory|behavioural_sensitive","hasCategory","{""explicit"": true}"
"PrivacyAnnotation|PA::prop::DataCellArtifact::D9_TrainDataset::record::1::cell::sev::00143","SensitivityCategory|sensitive_personal_data","hasCategory","{""explicit"": false}"
"PrivacyAnnotation|PA::prop::DataCellArtifact::D9_TrainDataset::record::1::cell::sev::00143","UsageConstraint|clinical_research","hasUsage","{}"
"PrivacyAnnotation|PA::prop::DataCellArtifact::D9_TrainDataset::record::1::cell::sev::00143","ErasureConstraint|delete_on_request","hasErasure","{}"
"PrivacyAnnotation|PA::prop::DataCellArtifact::D9_TrainDataset::record::1::cell::sev::00143","ErasureConstraint|retention_5y","hasErasure","{}"
"PrivacyAnnotation|PA::prop::DataCellArtifact::D9_TrainDataset::record::1::cell::sev::00143","AccessRole|AU","allowsRole","{}"
"PrivacyAnnotation|PA::prop::DataCellArtifact::D9_TrainDataset::record::1::cell::sev::00143","AccessRole|CL","allowsRole","{}"
"PrivacyAnnotation|PA::prop::DataCellArtifact::D9_TrainDataset::record::1::cell::sev::00143","AccessRole|DPO","allowsRole","{}"
"PrivacyAnnotation|PA::prop::DataCellArtifact::D9_TrainDataset::record::1::cell::sev::00143","AccessRole|DS","allowsRole","{}"
"PrivacyAnnotation|PA::prop::DataCellArtifact::D9_TrainDataset::record::1::cell::age_grp::00144","DataCellArtifact|D9_TrainDataset::record::1::cell::age_grp","annotates","{}"
"StepRun|asd_run_001::003::S7_split_train_test","PrivacyAnnotation|PA::prop::DataCellArtifact::D9_TrainDataset::record::1::cell::age_grp::00144","generatedPrivacyAnnotation","{}"
"PrivacyAnnotation|PA::prop::DataCellArtifact::D9_TrainDataset::record::1::cell::age_grp::00144","StepRun|asd_run_001::003::S7_split_train_test","wasGeneratedBy","{}"
"PrivacyAnnotation|PA::prop::DataCellArtifact::D9_TrainDataset::record::1::cell::age_grp::00144","OperationPolicy|S7_split_train_test_policy","usedPolicy","{}"
"PrivacyAnnotation|PA::prop::DataCellArtifact::D9_TrainDataset::record::1::cell::age_grp::00144","SensitivityCategory|quasi_identifier","hasCategory","{""explicit"": true}"
"PrivacyAnnotation|PA::prop::DataCellArtifact::D9_TrainDataset::record::1::cell::age_grp::00144","UsageConstraint|clinical_research","hasUsage","{}"
"PrivacyAnnotation|PA::prop::DataCellArtifact::D9_TrainDataset::record::1::cell::age_grp::00144","ErasureConstraint|delete_on_request","hasErasure","{}"
"PrivacyAnnotation|PA::prop::DataCellArtifact::D9_TrainDataset::record::1::cell::age_grp::00144","ErasureConstraint|retention_5y","hasErasure","{}"
"PrivacyAnnotation|PA::prop::DataCellArtifact::D9_TrainDataset::record::1::cell::age_grp::00144","AccessRole|AU","allowsRole","{}"
"PrivacyAnnotation|PA::prop::DataCellArtifact::D9_TrainDataset::record::1::cell::age_grp::00144","AccessRole|CL","allowsRole","{}"
"PrivacyAnnotation|PA::prop::DataCellArtifact::D9_TrainDataset::record::1::cell::age_grp::00144","AccessRole|DPO","allowsRole","{}"
"PrivacyAnnotation|PA::prop::DataCellArtifact::D9_TrainDataset::record::1::cell::age_grp::00144","AccessRole|DS","allowsRole","{}"
"PrivacyAnnotation|PA::prop::DataCellArtifact::D9_TrainDataset::record::1::cell::sex::00145","DataCellArtifact|D9_TrainDataset::record::1::cell::sex","annotates","{}"
"StepRun|asd_run_001::003::S7_split_train_test","PrivacyAnnotation|PA::prop::DataCellArtifact::D9_TrainDataset::record::1::cell::sex::00145","generatedPrivacyAnnotation","{}"
"PrivacyAnnotation|PA::prop::DataCellArtifact::D9_TrainDataset::record::1::cell::sex::00145","StepRun|asd_run_001::003::S7_split_train_test","wasGeneratedBy","{}"
"PrivacyAnnotation|PA::prop::DataCellArtifact::D9_TrainDataset::record::1::cell::sex::00145","OperationPolicy|S7_split_train_test_policy","usedPolicy","{}"
"PrivacyAnnotation|PA::prop::DataCellArtifact::D9_TrainDataset::record::1::cell::sex::00145","SensitivityCategory|quasi_identifier","hasCategory","{""explicit"": true}"
"PrivacyAnnotation|PA::prop::DataCellArtifact::D9_TrainDataset::record::1::cell::sex::00145","UsageConstraint|clinical_research","hasUsage","{}"
"PrivacyAnnotation|PA::prop::DataCellArtifact::D9_TrainDataset::record::1::cell::sex::00145","ErasureConstraint|delete_on_request","hasErasure","{}"
"PrivacyAnnotation|PA::prop::DataCellArtifact::D9_TrainDataset::record::1::cell::sex::00145","ErasureConstraint|retention_5y","hasErasure","{}"
"PrivacyAnnotation|PA::prop::DataCellArtifact::D9_TrainDataset::record::1::cell::sex::00145","AccessRole|AU","allowsRole","{}"
"PrivacyAnnotation|PA::prop::DataCellArtifact::D9_TrainDataset::record::1::cell::sex::00145","AccessRole|CL","allowsRole","{}"
"PrivacyAnnotation|PA::prop::DataCellArtifact::D9_TrainDataset::record::1::cell::sex::00145","AccessRole|DPO","allowsRole","{}"
"PrivacyAnnotation|PA::prop::DataCellArtifact::D9_TrainDataset::record::1::cell::sex::00145","AccessRole|DS","allowsRole","{}"
"PrivacyAnnotation|PA::prop::DataRecordArtifact::D9_TrainDataset::record::0::00146","DataRecordArtifact|D9_TrainDataset::record::0","annotates","{}"
"StepRun|asd_run_001::003::S7_split_train_test","PrivacyAnnotation|PA::prop::DataRecordArtifact::D9_TrainDataset::record::0::00146","generatedPrivacyAnnotation","{}"
"PrivacyAnnotation|PA::prop::DataRecordArtifact::D9_TrainDataset::record::0::00146","StepRun|asd_run_001::003::S7_split_train_test","wasGeneratedBy","{}"
"PrivacyAnnotation|PA::prop::DataRecordArtifact::D9_TrainDataset::record::0::00146","OperationPolicy|S7_split_train_test_policy","usedPolicy","{}"
"PrivacyAnnotation|PA::prop::DataRecordArtifact::D9_TrainDataset::record::0::00146","SensitivityCategory|biometric","hasCategory","{""explicit"": true}"
"PrivacyAnnotation|PA::prop::DataRecordArtifact::D9_TrainDataset::record::0::00146","SensitivityCategory|health","hasCategory","{""explicit"": true}"
"PrivacyAnnotation|PA::prop::DataRecordArtifact::D9_TrainDataset::record::0::00146","SensitivityCategory|behavioural_sensor_data","hasCategory","{""explicit"": true}"
"PrivacyAnnotation|PA::prop::DataRecordArtifact::D9_TrainDataset::record::0::00146","SensitivityCategory|behavioural_sensitive","hasCategory","{""explicit"": true}"
"PrivacyAnnotation|PA::prop::DataRecordArtifact::D9_TrainDataset::record::0::00146","SensitivityCategory|quasi_identifier","hasCategory","{""explicit"": true}"
"PrivacyAnnotation|PA::prop::DataRecordArtifact::D9_TrainDataset::record::0::00146","SensitivityCategory|sensitive_personal_data","hasCategory","{""explicit"": false}"
"PrivacyAnnotation|PA::prop::DataRecordArtifact::D9_TrainDataset::record::0::00146","UsageConstraint|clinical_research","hasUsage","{}"
"PrivacyAnnotation|PA::prop::DataRecordArtifact::D9_TrainDataset::record::0::00146","ErasureConstraint|delete_on_request","hasErasure","{}"
"PrivacyAnnotation|PA::prop::DataRecordArtifact::D9_TrainDataset::record::0::00146","ErasureConstraint|retention_5y","hasErasure","{}"
"PrivacyAnnotation|PA::prop::DataRecordArtifact::D9_TrainDataset::record::0::00146","AccessRole|AU","allowsRole","{}"
"PrivacyAnnotation|PA::prop::DataRecordArtifact::D9_TrainDataset::record::0::00146","AccessRole|CL","allowsRole","{}"
"PrivacyAnnotation|PA::prop::DataRecordArtifact::D9_TrainDataset::record::0::00146","AccessRole|DPO","allowsRole","{}"
"PrivacyAnnotation|PA::prop::DataRecordArtifact::D9_TrainDataset::record::0::00146","AccessRole|DS","allowsRole","{}"
"PrivacyAnnotation|PA::prop::DataRecordArtifact::D9_TrainDataset::record::1::00147","DataRecordArtifact|D9_TrainDataset::record::1","annotates","{}"
"StepRun|asd_run_001::003::S7_split_train_test","PrivacyAnnotation|PA::prop::DataRecordArtifact::D9_TrainDataset::record::1::00147","generatedPrivacyAnnotation","{}"
"PrivacyAnnotation|PA::prop::DataRecordArtifact::D9_TrainDataset::record::1::00147","StepRun|asd_run_001::003::S7_split_train_test","wasGeneratedBy","{}"
"PrivacyAnnotation|PA::prop::DataRecordArtifact::D9_TrainDataset::record::1::00147","OperationPolicy|S7_split_train_test_policy","usedPolicy","{}"
"PrivacyAnnotation|PA::prop::DataRecordArtifact::D9_TrainDataset::record::1::00147","SensitivityCategory|biometric","hasCategory","{""explicit"": true}"
"PrivacyAnnotation|PA::prop::DataRecordArtifact::D9_TrainDataset::record::1::00147","SensitivityCategory|health","hasCategory","{""explicit"": true}"
"PrivacyAnnotation|PA::prop::DataRecordArtifact::D9_TrainDataset::record::1::00147","SensitivityCategory|behavioural_sensor_data","hasCategory","{""explicit"": true}"
"PrivacyAnnotation|PA::prop::DataRecordArtifact::D9_TrainDataset::record::1::00147","SensitivityCategory|behavioural_sensitive","hasCategory","{""explicit"": true}"
"PrivacyAnnotation|PA::prop::DataRecordArtifact::D9_TrainDataset::record::1::00147","SensitivityCategory|quasi_identifier","hasCategory","{""explicit"": true}"
"PrivacyAnnotation|PA::prop::DataRecordArtifact::D9_TrainDataset::record::1::00147","SensitivityCategory|sensitive_personal_data","hasCategory","{""explicit"": false}"
"PrivacyAnnotation|PA::prop::DataRecordArtifact::D9_TrainDataset::record::1::00147","UsageConstraint|clinical_research","hasUsage","{}"
"PrivacyAnnotation|PA::prop::DataRecordArtifact::D9_TrainDataset::record::1::00147","ErasureConstraint|delete_on_request","hasErasure","{}"
"PrivacyAnnotation|PA::prop::DataRecordArtifact::D9_TrainDataset::record::1::00147","ErasureConstraint|retention_5y","hasErasure","{}"
"PrivacyAnnotation|PA::prop::DataRecordArtifact::D9_TrainDataset::record::1::00147","AccessRole|AU","allowsRole","{}"
"PrivacyAnnotation|PA::prop::DataRecordArtifact::D9_TrainDataset::record::1::00147","AccessRole|CL","allowsRole","{}"
"PrivacyAnnotation|PA::prop::DataRecordArtifact::D9_TrainDataset::record::1::00147","AccessRole|DPO","allowsRole","{}"
"PrivacyAnnotation|PA::prop::DataRecordArtifact::D9_TrainDataset::record::1::00147","AccessRole|DS","allowsRole","{}"
"PrivacyAnnotation|PA::prop::DatasetArtifact::D9_TrainDataset::00148","DatasetArtifact|D9_TrainDataset","annotates","{}"
"StepRun|asd_run_001::003::S7_split_train_test","PrivacyAnnotation|PA::prop::DatasetArtifact::D9_TrainDataset::00148","generatedPrivacyAnnotation","{}"
"PrivacyAnnotation|PA::prop::DatasetArtifact::D9_TrainDataset::00148","StepRun|asd_run_001::003::S7_split_train_test","wasGeneratedBy","{}"
"PrivacyAnnotation|PA::prop::DatasetArtifact::D9_TrainDataset::00148","OperationPolicy|S7_split_train_test_policy","usedPolicy","{}"
"PrivacyAnnotation|PA::prop::DatasetArtifact::D9_TrainDataset::00148","SensitivityCategory|biometric","hasCategory","{""explicit"": true}"
"PrivacyAnnotation|PA::prop::DatasetArtifact::D9_TrainDataset::00148","SensitivityCategory|health","hasCategory","{""explicit"": true}"
"PrivacyAnnotation|PA::prop::DatasetArtifact::D9_TrainDataset::00148","SensitivityCategory|behavioural_sensor_data","hasCategory","{""explicit"": true}"
"PrivacyAnnotation|PA::prop::DatasetArtifact::D9_TrainDataset::00148","SensitivityCategory|behavioural_sensitive","hasCategory","{""explicit"": true}"
"PrivacyAnnotation|PA::prop::DatasetArtifact::D9_TrainDataset::00148","SensitivityCategory|quasi_identifier","hasCategory","{""explicit"": true}"
"PrivacyAnnotation|PA::prop::DatasetArtifact::D9_TrainDataset::00148","SensitivityCategory|sensitive_personal_data","hasCategory","{""explicit"": false}"
"PrivacyAnnotation|PA::prop::DatasetArtifact::D9_TrainDataset::00148","UsageConstraint|clinical_research","hasUsage","{}"
"PrivacyAnnotation|PA::prop::DatasetArtifact::D9_TrainDataset::00148","ErasureConstraint|delete_on_request","hasErasure","{}"
"PrivacyAnnotation|PA::prop::DatasetArtifact::D9_TrainDataset::00148","ErasureConstraint|retention_5y","hasErasure","{}"
"PrivacyAnnotation|PA::prop::DatasetArtifact::D9_TrainDataset::00148","AccessRole|AU","allowsRole","{}"
"PrivacyAnnotation|PA::prop::DatasetArtifact::D9_TrainDataset::00148","AccessRole|CL","allowsRole","{}"
"PrivacyAnnotation|PA::prop::DatasetArtifact::D9_TrainDataset::00148","AccessRole|DPO","allowsRole","{}"
"PrivacyAnnotation|PA::prop::DatasetArtifact::D9_TrainDataset::00148","AccessRole|DS","allowsRole","{}"
"PrivacyAnnotation|PA::prop::DataCellArtifact::D10_TestDataset::record::2::cell::HR_norm::00149","DataCellArtifact|D10_TestDataset::record::2::cell::HR_norm","annotates","{}"
"StepRun|asd_run_001::003::S7_split_train_test","PrivacyAnnotation|PA::prop::DataCellArtifact::D10_TestDataset::record::2::cell::HR_norm::00149","generatedPrivacyAnnotation","{}"
"PrivacyAnnotation|PA::prop::DataCellArtifact::D10_TestDataset::record::2::cell::HR_norm::00149","StepRun|asd_run_001::003::S7_split_train_test","wasGeneratedBy","{}"
"PrivacyAnnotation|PA::prop::DataCellArtifact::D10_TestDataset::record::2::cell::HR_norm::00149","OperationPolicy|S7_split_train_test_policy","usedPolicy","{}"
"PrivacyAnnotation|PA::prop::DataCellArtifact::D10_TestDataset::record::2::cell::HR_norm::00149","SensitivityCategory|biometric","hasCategory","{""explicit"": true}"
"PrivacyAnnotation|PA::prop::DataCellArtifact::D10_TestDataset::record::2::cell::HR_norm::00149","SensitivityCategory|health","hasCategory","{""explicit"": true}"
"PrivacyAnnotation|PA::prop::DataCellArtifact::D10_TestDataset::record::2::cell::HR_norm::00149","SensitivityCategory|sensitive_personal_data","hasCategory","{""explicit"": false}"
"PrivacyAnnotation|PA::prop::DataCellArtifact::D10_TestDataset::record::2::cell::HR_norm::00149","UsageConstraint|clinical_research","hasUsage","{}"
"PrivacyAnnotation|PA::prop::DataCellArtifact::D10_TestDataset::record::2::cell::HR_norm::00149","ErasureConstraint|delete_on_request","hasErasure","{}"
"PrivacyAnnotation|PA::prop::DataCellArtifact::D10_TestDataset::record::2::cell::HR_norm::00149","ErasureConstraint|retention_5y","hasErasure","{}"
"PrivacyAnnotation|PA::prop::DataCellArtifact::D10_TestDataset::record::2::cell::HR_norm::00149","AccessRole|AU","allowsRole","{}"
"PrivacyAnnotation|PA::prop::DataCellArtifact::D10_TestDataset::record::2::cell::HR_norm::00149","AccessRole|CL","allowsRole","{}"
"PrivacyAnnotation|PA::prop::DataCellArtifact::D10_TestDataset::record::2::cell::HR_norm::00149","AccessRole|DPO","allowsRole","{}"
"PrivacyAnnotation|PA::prop::DataCellArtifact::D10_TestDataset::record::2::cell::HR_norm::00149","AccessRole|DS","allowsRole","{}"
"PrivacyAnnotation|PA::prop::DataCellArtifact::D10_TestDataset::record::2::cell::EDA_norm::00150","DataCellArtifact|D10_TestDataset::record::2::cell::EDA_norm","annotates","{}"
"StepRun|asd_run_001::003::S7_split_train_test","PrivacyAnnotation|PA::prop::DataCellArtifact::D10_TestDataset::record::2::cell::EDA_norm::00150","generatedPrivacyAnnotation","{}"
"PrivacyAnnotation|PA::prop::DataCellArtifact::D10_TestDataset::record::2::cell::EDA_norm::00150","StepRun|asd_run_001::003::S7_split_train_test","wasGeneratedBy","{}"
"PrivacyAnnotation|PA::prop::DataCellArtifact::D10_TestDataset::record::2::cell::EDA_norm::00150","OperationPolicy|S7_split_train_test_policy","usedPolicy","{}"
"PrivacyAnnotation|PA::prop::DataCellArtifact::D10_TestDataset::record::2::cell::EDA_norm::00150","SensitivityCategory|biometric","hasCategory","{""explicit"": true}"
"PrivacyAnnotation|PA::prop::DataCellArtifact::D10_TestDataset::record::2::cell::EDA_norm::00150","SensitivityCategory|health","hasCategory","{""explicit"": true}"
"PrivacyAnnotation|PA::prop::DataCellArtifact::D10_TestDataset::record::2::cell::EDA_norm::00150","SensitivityCategory|sensitive_personal_data","hasCategory","{""explicit"": false}"
"PrivacyAnnotation|PA::prop::DataCellArtifact::D10_TestDataset::record::2::cell::EDA_norm::00150","UsageConstraint|clinical_research","hasUsage","{}"
"PrivacyAnnotation|PA::prop::DataCellArtifact::D10_TestDataset::record::2::cell::EDA_norm::00150","ErasureConstraint|delete_on_request","hasErasure","{}"
"PrivacyAnnotation|PA::prop::DataCellArtifact::D10_TestDataset::record::2::cell::EDA_norm::00150","ErasureConstraint|retention_5y","hasErasure","{}"
"PrivacyAnnotation|PA::prop::DataCellArtifact::D10_TestDataset::record::2::cell::EDA_norm::00150","AccessRole|AU","allowsRole","{}"
"PrivacyAnnotation|PA::prop::DataCellArtifact::D10_TestDataset::record::2::cell::EDA_norm::00150","AccessRole|CL","allowsRole","{}"
"PrivacyAnnotation|PA::prop::DataCellArtifact::D10_TestDataset::record::2::cell::EDA_norm::00150","AccessRole|DPO","allowsRole","{}"
"PrivacyAnnotation|PA::prop::DataCellArtifact::D10_TestDataset::record::2::cell::EDA_norm::00150","AccessRole|DS","allowsRole","{}"
"PrivacyAnnotation|PA::prop::DataCellArtifact::D10_TestDataset::record::2::cell::ACC_norm::00151","DataCellArtifact|D10_TestDataset::record::2::cell::ACC_norm","annotates","{}"
"StepRun|asd_run_001::003::S7_split_train_test","PrivacyAnnotation|PA::prop::DataCellArtifact::D10_TestDataset::record::2::cell::ACC_norm::00151","generatedPrivacyAnnotation","{}"
"PrivacyAnnotation|PA::prop::DataCellArtifact::D10_TestDataset::record::2::cell::ACC_norm::00151","StepRun|asd_run_001::003::S7_split_train_test","wasGeneratedBy","{}"
"PrivacyAnnotation|PA::prop::DataCellArtifact::D10_TestDataset::record::2::cell::ACC_norm::00151","OperationPolicy|S7_split_train_test_policy","usedPolicy","{}"
"PrivacyAnnotation|PA::prop::DataCellArtifact::D10_TestDataset::record::2::cell::ACC_norm::00151","SensitivityCategory|behavioural_sensor_data","hasCategory","{""explicit"": true}"
"PrivacyAnnotation|PA::prop::DataCellArtifact::D10_TestDataset::record::2::cell::ACC_norm::00151","UsageConstraint|clinical_research","hasUsage","{}"
"PrivacyAnnotation|PA::prop::DataCellArtifact::D10_TestDataset::record::2::cell::ACC_norm::00151","ErasureConstraint|delete_on_request","hasErasure","{}"
"PrivacyAnnotation|PA::prop::DataCellArtifact::D10_TestDataset::record::2::cell::ACC_norm::00151","ErasureConstraint|retention_5y","hasErasure","{}"
"PrivacyAnnotation|PA::prop::DataCellArtifact::D10_TestDataset::record::2::cell::ACC_norm::00151","AccessRole|AU","allowsRole","{}"
"PrivacyAnnotation|PA::prop::DataCellArtifact::D10_TestDataset::record::2::cell::ACC_norm::00151","AccessRole|CL","allowsRole","{}"
"PrivacyAnnotation|PA::prop::DataCellArtifact::D10_TestDataset::record::2::cell::ACC_norm::00151","AccessRole|DPO","allowsRole","{}"
"PrivacyAnnotation|PA::prop::DataCellArtifact::D10_TestDataset::record::2::cell::ACC_norm::00151","AccessRole|DS","allowsRole","{}"
"PrivacyAnnotation|PA::prop::DataCellArtifact::D10_TestDataset::record::2::cell::chall_behav::00152","DataCellArtifact|D10_TestDataset::record::2::cell::chall_behav","annotates","{}"
"StepRun|asd_run_001::003::S7_split_train_test","PrivacyAnnotation|PA::prop::DataCellArtifact::D10_TestDataset::record::2::cell::chall_behav::00152","generatedPrivacyAnnotation","{}"
"PrivacyAnnotation|PA::prop::DataCellArtifact::D10_TestDataset::record::2::cell::chall_behav::00152","StepRun|asd_run_001::003::S7_split_train_test","wasGeneratedBy","{}"
"PrivacyAnnotation|PA::prop::DataCellArtifact::D10_TestDataset::record::2::cell::chall_behav::00152","OperationPolicy|S7_split_train_test_policy","usedPolicy","{}"
"PrivacyAnnotation|PA::prop::DataCellArtifact::D10_TestDataset::record::2::cell::chall_behav::00152","SensitivityCategory|health","hasCategory","{""explicit"": true}"
"PrivacyAnnotation|PA::prop::DataCellArtifact::D10_TestDataset::record::2::cell::chall_behav::00152","SensitivityCategory|behavioural_sensitive","hasCategory","{""explicit"": true}"
"PrivacyAnnotation|PA::prop::DataCellArtifact::D10_TestDataset::record::2::cell::chall_behav::00152","SensitivityCategory|sensitive_personal_data","hasCategory","{""explicit"": false}"
"PrivacyAnnotation|PA::prop::DataCellArtifact::D10_TestDataset::record::2::cell::chall_behav::00152","UsageConstraint|clinical_research","hasUsage","{}"
"PrivacyAnnotation|PA::prop::DataCellArtifact::D10_TestDataset::record::2::cell::chall_behav::00152","ErasureConstraint|delete_on_request","hasErasure","{}"
"PrivacyAnnotation|PA::prop::DataCellArtifact::D10_TestDataset::record::2::cell::chall_behav::00152","ErasureConstraint|retention_5y","hasErasure","{}"
"PrivacyAnnotation|PA::prop::DataCellArtifact::D10_TestDataset::record::2::cell::chall_behav::00152","AccessRole|AU","allowsRole","{}"
"PrivacyAnnotation|PA::prop::DataCellArtifact::D10_TestDataset::record::2::cell::chall_behav::00152","AccessRole|CL","allowsRole","{}"
"PrivacyAnnotation|PA::prop::DataCellArtifact::D10_TestDataset::record::2::cell::chall_behav::00152","AccessRole|DPO","allowsRole","{}"
"PrivacyAnnotation|PA::prop::DataCellArtifact::D10_TestDataset::record::2::cell::chall_behav::00152","AccessRole|DS","allowsRole","{}"
"PrivacyAnnotation|PA::prop::DataCellArtifact::D10_TestDataset::record::2::cell::sev::00153","DataCellArtifact|D10_TestDataset::record::2::cell::sev","annotates","{}"
"StepRun|asd_run_001::003::S7_split_train_test","PrivacyAnnotation|PA::prop::DataCellArtifact::D10_TestDataset::record::2::cell::sev::00153","generatedPrivacyAnnotation","{}"
"PrivacyAnnotation|PA::prop::DataCellArtifact::D10_TestDataset::record::2::cell::sev::00153","StepRun|asd_run_001::003::S7_split_train_test","wasGeneratedBy","{}"
"PrivacyAnnotation|PA::prop::DataCellArtifact::D10_TestDataset::record::2::cell::sev::00153","OperationPolicy|S7_split_train_test_policy","usedPolicy","{}"
"PrivacyAnnotation|PA::prop::DataCellArtifact::D10_TestDataset::record::2::cell::sev::00153","SensitivityCategory|health","hasCategory","{""explicit"": true}"
"PrivacyAnnotation|PA::prop::DataCellArtifact::D10_TestDataset::record::2::cell::sev::00153","SensitivityCategory|behavioural_sensitive","hasCategory","{""explicit"": true}"
"PrivacyAnnotation|PA::prop::DataCellArtifact::D10_TestDataset::record::2::cell::sev::00153","SensitivityCategory|sensitive_personal_data","hasCategory","{""explicit"": false}"
"PrivacyAnnotation|PA::prop::DataCellArtifact::D10_TestDataset::record::2::cell::sev::00153","UsageConstraint|clinical_research","hasUsage","{}"
"PrivacyAnnotation|PA::prop::DataCellArtifact::D10_TestDataset::record::2::cell::sev::00153","ErasureConstraint|delete_on_request","hasErasure","{}"
"PrivacyAnnotation|PA::prop::DataCellArtifact::D10_TestDataset::record::2::cell::sev::00153","ErasureConstraint|retention_5y","hasErasure","{}"
"PrivacyAnnotation|PA::prop::DataCellArtifact::D10_TestDataset::record::2::cell::sev::00153","AccessRole|AU","allowsRole","{}"
"PrivacyAnnotation|PA::prop::DataCellArtifact::D10_TestDataset::record::2::cell::sev::00153","AccessRole|CL","allowsRole","{}"
"PrivacyAnnotation|PA::prop::DataCellArtifact::D10_TestDataset::record::2::cell::sev::00153","AccessRole|DPO","allowsRole","{}"
"PrivacyAnnotation|PA::prop::DataCellArtifact::D10_TestDataset::record::2::cell::sev::00153","AccessRole|DS","allowsRole","{}"
"PrivacyAnnotation|PA::prop::DataCellArtifact::D10_TestDataset::record::2::cell::age_grp::00154","DataCellArtifact|D10_TestDataset::record::2::cell::age_grp","annotates","{}"
"StepRun|asd_run_001::003::S7_split_train_test","PrivacyAnnotation|PA::prop::DataCellArtifact::D10_TestDataset::record::2::cell::age_grp::00154","generatedPrivacyAnnotation","{}"
"PrivacyAnnotation|PA::prop::DataCellArtifact::D10_TestDataset::record::2::cell::age_grp::00154","StepRun|asd_run_001::003::S7_split_train_test","wasGeneratedBy","{}"
"PrivacyAnnotation|PA::prop::DataCellArtifact::D10_TestDataset::record::2::cell::age_grp::00154","OperationPolicy|S7_split_train_test_policy","usedPolicy","{}"
"PrivacyAnnotation|PA::prop::DataCellArtifact::D10_TestDataset::record::2::cell::age_grp::00154","SensitivityCategory|quasi_identifier","hasCategory","{""explicit"": true}"
"PrivacyAnnotation|PA::prop::DataCellArtifact::D10_TestDataset::record::2::cell::age_grp::00154","UsageConstraint|clinical_research","hasUsage","{}"
"PrivacyAnnotation|PA::prop::DataCellArtifact::D10_TestDataset::record::2::cell::age_grp::00154","ErasureConstraint|delete_on_request","hasErasure","{}"
"PrivacyAnnotation|PA::prop::DataCellArtifact::D10_TestDataset::record::2::cell::age_grp::00154","ErasureConstraint|retention_5y","hasErasure","{}"
"PrivacyAnnotation|PA::prop::DataCellArtifact::D10_TestDataset::record::2::cell::age_grp::00154","AccessRole|AU","allowsRole","{}"
"PrivacyAnnotation|PA::prop::DataCellArtifact::D10_TestDataset::record::2::cell::age_grp::00154","AccessRole|CL","allowsRole","{}"
"PrivacyAnnotation|PA::prop::DataCellArtifact::D10_TestDataset::record::2::cell::age_grp::00154","AccessRole|DPO","allowsRole","{}"
"PrivacyAnnotation|PA::prop::DataCellArtifact::D10_TestDataset::record::2::cell::age_grp::00154","AccessRole|DS","allowsRole","{}"
"PrivacyAnnotation|PA::prop::DataCellArtifact::D10_TestDataset::record::2::cell::sex::00155","DataCellArtifact|D10_TestDataset::record::2::cell::sex","annotates","{}"
"StepRun|asd_run_001::003::S7_split_train_test","PrivacyAnnotation|PA::prop::DataCellArtifact::D10_TestDataset::record::2::cell::sex::00155","generatedPrivacyAnnotation","{}"
"PrivacyAnnotation|PA::prop::DataCellArtifact::D10_TestDataset::record::2::cell::sex::00155","StepRun|asd_run_001::003::S7_split_train_test","wasGeneratedBy","{}"
"PrivacyAnnotation|PA::prop::DataCellArtifact::D10_TestDataset::record::2::cell::sex::00155","OperationPolicy|S7_split_train_test_policy","usedPolicy","{}"
"PrivacyAnnotation|PA::prop::DataCellArtifact::D10_TestDataset::record::2::cell::sex::00155","SensitivityCategory|quasi_identifier","hasCategory","{""explicit"": true}"
"PrivacyAnnotation|PA::prop::DataCellArtifact::D10_TestDataset::record::2::cell::sex::00155","UsageConstraint|clinical_research","hasUsage","{}"
"PrivacyAnnotation|PA::prop::DataCellArtifact::D10_TestDataset::record::2::cell::sex::00155","ErasureConstraint|delete_on_request","hasErasure","{}"
"PrivacyAnnotation|PA::prop::DataCellArtifact::D10_TestDataset::record::2::cell::sex::00155","ErasureConstraint|retention_5y","hasErasure","{}"
"PrivacyAnnotation|PA::prop::DataCellArtifact::D10_TestDataset::record::2::cell::sex::00155","AccessRole|AU","allowsRole","{}"
"PrivacyAnnotation|PA::prop::DataCellArtifact::D10_TestDataset::record::2::cell::sex::00155","AccessRole|CL","allowsRole","{}"
"PrivacyAnnotation|PA::prop::DataCellArtifact::D10_TestDataset::record::2::cell::sex::00155","AccessRole|DPO","allowsRole","{}"
"PrivacyAnnotation|PA::prop::DataCellArtifact::D10_TestDataset::record::2::cell::sex::00155","AccessRole|DS","allowsRole","{}"
"PrivacyAnnotation|PA::prop::DataCellArtifact::D10_TestDataset::record::3::cell::HR_norm::00156","DataCellArtifact|D10_TestDataset::record::3::cell::HR_norm","annotates","{}"
"StepRun|asd_run_001::003::S7_split_train_test","PrivacyAnnotation|PA::prop::DataCellArtifact::D10_TestDataset::record::3::cell::HR_norm::00156","generatedPrivacyAnnotation","{}"
"PrivacyAnnotation|PA::prop::DataCellArtifact::D10_TestDataset::record::3::cell::HR_norm::00156","StepRun|asd_run_001::003::S7_split_train_test","wasGeneratedBy","{}"
"PrivacyAnnotation|PA::prop::DataCellArtifact::D10_TestDataset::record::3::cell::HR_norm::00156","OperationPolicy|S7_split_train_test_policy","usedPolicy","{}"
"PrivacyAnnotation|PA::prop::DataCellArtifact::D10_TestDataset::record::3::cell::HR_norm::00156","SensitivityCategory|biometric","hasCategory","{""explicit"": true}"
"PrivacyAnnotation|PA::prop::DataCellArtifact::D10_TestDataset::record::3::cell::HR_norm::00156","SensitivityCategory|health","hasCategory","{""explicit"": true}"
"PrivacyAnnotation|PA::prop::DataCellArtifact::D10_TestDataset::record::3::cell::HR_norm::00156","SensitivityCategory|sensitive_personal_data","hasCategory","{""explicit"": false}"
"PrivacyAnnotation|PA::prop::DataCellArtifact::D10_TestDataset::record::3::cell::HR_norm::00156","UsageConstraint|clinical_research","hasUsage","{}"
"PrivacyAnnotation|PA::prop::DataCellArtifact::D10_TestDataset::record::3::cell::HR_norm::00156","ErasureConstraint|delete_on_request","hasErasure","{}"
"PrivacyAnnotation|PA::prop::DataCellArtifact::D10_TestDataset::record::3::cell::HR_norm::00156","ErasureConstraint|retention_5y","hasErasure","{}"
"PrivacyAnnotation|PA::prop::DataCellArtifact::D10_TestDataset::record::3::cell::HR_norm::00156","AccessRole|AU","allowsRole","{}"
"PrivacyAnnotation|PA::prop::DataCellArtifact::D10_TestDataset::record::3::cell::HR_norm::00156","AccessRole|CL","allowsRole","{}"
"PrivacyAnnotation|PA::prop::DataCellArtifact::D10_TestDataset::record::3::cell::HR_norm::00156","AccessRole|DPO","allowsRole","{}"
"PrivacyAnnotation|PA::prop::DataCellArtifact::D10_TestDataset::record::3::cell::HR_norm::00156","AccessRole|DS","allowsRole","{}"
"PrivacyAnnotation|PA::prop::DataCellArtifact::D10_TestDataset::record::3::cell::EDA_norm::00157","DataCellArtifact|D10_TestDataset::record::3::cell::EDA_norm","annotates","{}"
"StepRun|asd_run_001::003::S7_split_train_test","PrivacyAnnotation|PA::prop::DataCellArtifact::D10_TestDataset::record::3::cell::EDA_norm::00157","generatedPrivacyAnnotation","{}"
"PrivacyAnnotation|PA::prop::DataCellArtifact::D10_TestDataset::record::3::cell::EDA_norm::00157","StepRun|asd_run_001::003::S7_split_train_test","wasGeneratedBy","{}"
"PrivacyAnnotation|PA::prop::DataCellArtifact::D10_TestDataset::record::3::cell::EDA_norm::00157","OperationPolicy|S7_split_train_test_policy","usedPolicy","{}"
"PrivacyAnnotation|PA::prop::DataCellArtifact::D10_TestDataset::record::3::cell::EDA_norm::00157","SensitivityCategory|biometric","hasCategory","{""explicit"": true}"
"PrivacyAnnotation|PA::prop::DataCellArtifact::D10_TestDataset::record::3::cell::EDA_norm::00157","SensitivityCategory|health","hasCategory","{""explicit"": true}"
"PrivacyAnnotation|PA::prop::DataCellArtifact::D10_TestDataset::record::3::cell::EDA_norm::00157","SensitivityCategory|sensitive_personal_data","hasCategory","{""explicit"": false}"
"PrivacyAnnotation|PA::prop::DataCellArtifact::D10_TestDataset::record::3::cell::EDA_norm::00157","UsageConstraint|clinical_research","hasUsage","{}"
"PrivacyAnnotation|PA::prop::DataCellArtifact::D10_TestDataset::record::3::cell::EDA_norm::00157","ErasureConstraint|delete_on_request","hasErasure","{}"
"PrivacyAnnotation|PA::prop::DataCellArtifact::D10_TestDataset::record::3::cell::EDA_norm::00157","ErasureConstraint|retention_5y","hasErasure","{}"
"PrivacyAnnotation|PA::prop::DataCellArtifact::D10_TestDataset::record::3::cell::EDA_norm::00157","AccessRole|AU","allowsRole","{}"
"PrivacyAnnotation|PA::prop::DataCellArtifact::D10_TestDataset::record::3::cell::EDA_norm::00157","AccessRole|CL","allowsRole","{}"
"PrivacyAnnotation|PA::prop::DataCellArtifact::D10_TestDataset::record::3::cell::EDA_norm::00157","AccessRole|DPO","allowsRole","{}"
"PrivacyAnnotation|PA::prop::DataCellArtifact::D10_TestDataset::record::3::cell::EDA_norm::00157","AccessRole|DS","allowsRole","{}"
"PrivacyAnnotation|PA::prop::DataCellArtifact::D10_TestDataset::record::3::cell::ACC_norm::00158","DataCellArtifact|D10_TestDataset::record::3::cell::ACC_norm","annotates","{}"
"StepRun|asd_run_001::003::S7_split_train_test","PrivacyAnnotation|PA::prop::DataCellArtifact::D10_TestDataset::record::3::cell::ACC_norm::00158","generatedPrivacyAnnotation","{}"
"PrivacyAnnotation|PA::prop::DataCellArtifact::D10_TestDataset::record::3::cell::ACC_norm::00158","StepRun|asd_run_001::003::S7_split_train_test","wasGeneratedBy","{}"
"PrivacyAnnotation|PA::prop::DataCellArtifact::D10_TestDataset::record::3::cell::ACC_norm::00158","OperationPolicy|S7_split_train_test_policy","usedPolicy","{}"
"PrivacyAnnotation|PA::prop::DataCellArtifact::D10_TestDataset::record::3::cell::ACC_norm::00158","SensitivityCategory|behavioural_sensor_data","hasCategory","{""explicit"": true}"
"PrivacyAnnotation|PA::prop::DataCellArtifact::D10_TestDataset::record::3::cell::ACC_norm::00158","UsageConstraint|clinical_research","hasUsage","{}"
"PrivacyAnnotation|PA::prop::DataCellArtifact::D10_TestDataset::record::3::cell::ACC_norm::00158","ErasureConstraint|delete_on_request","hasErasure","{}"
"PrivacyAnnotation|PA::prop::DataCellArtifact::D10_TestDataset::record::3::cell::ACC_norm::00158","ErasureConstraint|retention_5y","hasErasure","{}"
"PrivacyAnnotation|PA::prop::DataCellArtifact::D10_TestDataset::record::3::cell::ACC_norm::00158","AccessRole|AU","allowsRole","{}"
"PrivacyAnnotation|PA::prop::DataCellArtifact::D10_TestDataset::record::3::cell::ACC_norm::00158","AccessRole|CL","allowsRole","{}"
"PrivacyAnnotation|PA::prop::DataCellArtifact::D10_TestDataset::record::3::cell::ACC_norm::00158","AccessRole|DPO","allowsRole","{}"
"PrivacyAnnotation|PA::prop::DataCellArtifact::D10_TestDataset::record::3::cell::ACC_norm::00158","AccessRole|DS","allowsRole","{}"
"PrivacyAnnotation|PA::prop::DataCellArtifact::D10_TestDataset::record::3::cell::chall_behav::00159","DataCellArtifact|D10_TestDataset::record::3::cell::chall_behav","annotates","{}"
"StepRun|asd_run_001::003::S7_split_train_test","PrivacyAnnotation|PA::prop::DataCellArtifact::D10_TestDataset::record::3::cell::chall_behav::00159","generatedPrivacyAnnotation","{}"
"PrivacyAnnotation|PA::prop::DataCellArtifact::D10_TestDataset::record::3::cell::chall_behav::00159","StepRun|asd_run_001::003::S7_split_train_test","wasGeneratedBy","{}"
"PrivacyAnnotation|PA::prop::DataCellArtifact::D10_TestDataset::record::3::cell::chall_behav::00159","OperationPolicy|S7_split_train_test_policy","usedPolicy","{}"
"PrivacyAnnotation|PA::prop::DataCellArtifact::D10_TestDataset::record::3::cell::chall_behav::00159","SensitivityCategory|health","hasCategory","{""explicit"": true}"
"PrivacyAnnotation|PA::prop::DataCellArtifact::D10_TestDataset::record::3::cell::chall_behav::00159","SensitivityCategory|behavioural_sensitive","hasCategory","{""explicit"": true}"
"PrivacyAnnotation|PA::prop::DataCellArtifact::D10_TestDataset::record::3::cell::chall_behav::00159","SensitivityCategory|sensitive_personal_data","hasCategory","{""explicit"": false}"
"PrivacyAnnotation|PA::prop::DataCellArtifact::D10_TestDataset::record::3::cell::chall_behav::00159","UsageConstraint|clinical_research","hasUsage","{}"
"PrivacyAnnotation|PA::prop::DataCellArtifact::D10_TestDataset::record::3::cell::chall_behav::00159","ErasureConstraint|delete_on_request","hasErasure","{}"
"PrivacyAnnotation|PA::prop::DataCellArtifact::D10_TestDataset::record::3::cell::chall_behav::00159","ErasureConstraint|retention_5y","hasErasure","{}"
"PrivacyAnnotation|PA::prop::DataCellArtifact::D10_TestDataset::record::3::cell::chall_behav::00159","AccessRole|AU","allowsRole","{}"
"PrivacyAnnotation|PA::prop::DataCellArtifact::D10_TestDataset::record::3::cell::chall_behav::00159","AccessRole|CL","allowsRole","{}"
"PrivacyAnnotation|PA::prop::DataCellArtifact::D10_TestDataset::record::3::cell::chall_behav::00159","AccessRole|DPO","allowsRole","{}"
"PrivacyAnnotation|PA::prop::DataCellArtifact::D10_TestDataset::record::3::cell::chall_behav::00159","AccessRole|DS","allowsRole","{}"
"PrivacyAnnotation|PA::prop::DataCellArtifact::D10_TestDataset::record::3::cell::sev::00160","DataCellArtifact|D10_TestDataset::record::3::cell::sev","annotates","{}"
"StepRun|asd_run_001::003::S7_split_train_test","PrivacyAnnotation|PA::prop::DataCellArtifact::D10_TestDataset::record::3::cell::sev::00160","generatedPrivacyAnnotation","{}"
"PrivacyAnnotation|PA::prop::DataCellArtifact::D10_TestDataset::record::3::cell::sev::00160","StepRun|asd_run_001::003::S7_split_train_test","wasGeneratedBy","{}"
"PrivacyAnnotation|PA::prop::DataCellArtifact::D10_TestDataset::record::3::cell::sev::00160","OperationPolicy|S7_split_train_test_policy","usedPolicy","{}"
"PrivacyAnnotation|PA::prop::DataCellArtifact::D10_TestDataset::record::3::cell::sev::00160","SensitivityCategory|health","hasCategory","{""explicit"": true}"
"PrivacyAnnotation|PA::prop::DataCellArtifact::D10_TestDataset::record::3::cell::sev::00160","SensitivityCategory|behavioural_sensitive","hasCategory","{""explicit"": true}"
"PrivacyAnnotation|PA::prop::DataCellArtifact::D10_TestDataset::record::3::cell::sev::00160","SensitivityCategory|sensitive_personal_data","hasCategory","{""explicit"": false}"
"PrivacyAnnotation|PA::prop::DataCellArtifact::D10_TestDataset::record::3::cell::sev::00160","UsageConstraint|clinical_research","hasUsage","{}"
"PrivacyAnnotation|PA::prop::DataCellArtifact::D10_TestDataset::record::3::cell::sev::00160","ErasureConstraint|delete_on_request","hasErasure","{}"
"PrivacyAnnotation|PA::prop::DataCellArtifact::D10_TestDataset::record::3::cell::sev::00160","ErasureConstraint|retention_5y","hasErasure","{}"
"PrivacyAnnotation|PA::prop::DataCellArtifact::D10_TestDataset::record::3::cell::sev::00160","AccessRole|AU","allowsRole","{}"
"PrivacyAnnotation|PA::prop::DataCellArtifact::D10_TestDataset::record::3::cell::sev::00160","AccessRole|CL","allowsRole","{}"
"PrivacyAnnotation|PA::prop::DataCellArtifact::D10_TestDataset::record::3::cell::sev::00160","AccessRole|DPO","allowsRole","{}"
"PrivacyAnnotation|PA::prop::DataCellArtifact::D10_TestDataset::record::3::cell::sev::00160","AccessRole|DS","allowsRole","{}"
"PrivacyAnnotation|PA::prop::DataCellArtifact::D10_TestDataset::record::3::cell::age_grp::00161","DataCellArtifact|D10_TestDataset::record::3::cell::age_grp","annotates","{}"
"StepRun|asd_run_001::003::S7_split_train_test","PrivacyAnnotation|PA::prop::DataCellArtifact::D10_TestDataset::record::3::cell::age_grp::00161","generatedPrivacyAnnotation","{}"
"PrivacyAnnotation|PA::prop::DataCellArtifact::D10_TestDataset::record::3::cell::age_grp::00161","StepRun|asd_run_001::003::S7_split_train_test","wasGeneratedBy","{}"
"PrivacyAnnotation|PA::prop::DataCellArtifact::D10_TestDataset::record::3::cell::age_grp::00161","OperationPolicy|S7_split_train_test_policy","usedPolicy","{}"
"PrivacyAnnotation|PA::prop::DataCellArtifact::D10_TestDataset::record::3::cell::age_grp::00161","SensitivityCategory|quasi_identifier","hasCategory","{""explicit"": true}"
"PrivacyAnnotation|PA::prop::DataCellArtifact::D10_TestDataset::record::3::cell::age_grp::00161","UsageConstraint|clinical_research","hasUsage","{}"
"PrivacyAnnotation|PA::prop::DataCellArtifact::D10_TestDataset::record::3::cell::age_grp::00161","ErasureConstraint|delete_on_request","hasErasure","{}"
"PrivacyAnnotation|PA::prop::DataCellArtifact::D10_TestDataset::record::3::cell::age_grp::00161","ErasureConstraint|retention_5y","hasErasure","{}"
"PrivacyAnnotation|PA::prop::DataCellArtifact::D10_TestDataset::record::3::cell::age_grp::00161","AccessRole|AU","allowsRole","{}"
"PrivacyAnnotation|PA::prop::DataCellArtifact::D10_TestDataset::record::3::cell::age_grp::00161","AccessRole|CL","allowsRole","{}"
"PrivacyAnnotation|PA::prop::DataCellArtifact::D10_TestDataset::record::3::cell::age_grp::00161","AccessRole|DPO","allowsRole","{}"
"PrivacyAnnotation|PA::prop::DataCellArtifact::D10_TestDataset::record::3::cell::age_grp::00161","AccessRole|DS","allowsRole","{}"
"PrivacyAnnotation|PA::prop::DataCellArtifact::D10_TestDataset::record::3::cell::sex::00162","DataCellArtifact|D10_TestDataset::record::3::cell::sex","annotates","{}"
"StepRun|asd_run_001::003::S7_split_train_test","PrivacyAnnotation|PA::prop::DataCellArtifact::D10_TestDataset::record::3::cell::sex::00162","generatedPrivacyAnnotation","{}"
"PrivacyAnnotation|PA::prop::DataCellArtifact::D10_TestDataset::record::3::cell::sex::00162","StepRun|asd_run_001::003::S7_split_train_test","wasGeneratedBy","{}"
"PrivacyAnnotation|PA::prop::DataCellArtifact::D10_TestDataset::record::3::cell::sex::00162","OperationPolicy|S7_split_train_test_policy","usedPolicy","{}"
"PrivacyAnnotation|PA::prop::DataCellArtifact::D10_TestDataset::record::3::cell::sex::00162","SensitivityCategory|quasi_identifier","hasCategory","{""explicit"": true}"
"PrivacyAnnotation|PA::prop::DataCellArtifact::D10_TestDataset::record::3::cell::sex::00162","UsageConstraint|clinical_research","hasUsage","{}"
"PrivacyAnnotation|PA::prop::DataCellArtifact::D10_TestDataset::record::3::cell::sex::00162","ErasureConstraint|delete_on_request","hasErasure","{}"
"PrivacyAnnotation|PA::prop::DataCellArtifact::D10_TestDataset::record::3::cell::sex::00162","ErasureConstraint|retention_5y","hasErasure","{}"
"PrivacyAnnotation|PA::prop::DataCellArtifact::D10_TestDataset::record::3::cell::sex::00162","AccessRole|AU","allowsRole","{}"
"PrivacyAnnotation|PA::prop::DataCellArtifact::D10_TestDataset::record::3::cell::sex::00162","AccessRole|CL","allowsRole","{}"
"PrivacyAnnotation|PA::prop::DataCellArtifact::D10_TestDataset::record::3::cell::sex::00162","AccessRole|DPO","allowsRole","{}"
"PrivacyAnnotation|PA::prop::DataCellArtifact::D10_TestDataset::record::3::cell::sex::00162","AccessRole|DS","allowsRole","{}"
"PrivacyAnnotation|PA::prop::DataRecordArtifact::D10_TestDataset::record::2::00163","DataRecordArtifact|D10_TestDataset::record::2","annotates","{}"
"StepRun|asd_run_001::003::S7_split_train_test","PrivacyAnnotation|PA::prop::DataRecordArtifact::D10_TestDataset::record::2::00163","generatedPrivacyAnnotation","{}"
"PrivacyAnnotation|PA::prop::DataRecordArtifact::D10_TestDataset::record::2::00163","StepRun|asd_run_001::003::S7_split_train_test","wasGeneratedBy","{}"
"PrivacyAnnotation|PA::prop::DataRecordArtifact::D10_TestDataset::record::2::00163","OperationPolicy|S7_split_train_test_policy","usedPolicy","{}"
"PrivacyAnnotation|PA::prop::DataRecordArtifact::D10_TestDataset::record::2::00163","SensitivityCategory|biometric","hasCategory","{""explicit"": true}"
"PrivacyAnnotation|PA::prop::DataRecordArtifact::D10_TestDataset::record::2::00163","SensitivityCategory|health","hasCategory","{""explicit"": true}"
"PrivacyAnnotation|PA::prop::DataRecordArtifact::D10_TestDataset::record::2::00163","SensitivityCategory|behavioural_sensor_data","hasCategory","{""explicit"": true}"
"PrivacyAnnotation|PA::prop::DataRecordArtifact::D10_TestDataset::record::2::00163","SensitivityCategory|behavioural_sensitive","hasCategory","{""explicit"": true}"
"PrivacyAnnotation|PA::prop::DataRecordArtifact::D10_TestDataset::record::2::00163","SensitivityCategory|quasi_identifier","hasCategory","{""explicit"": true}"
"PrivacyAnnotation|PA::prop::DataRecordArtifact::D10_TestDataset::record::2::00163","SensitivityCategory|sensitive_personal_data","hasCategory","{""explicit"": false}"
"PrivacyAnnotation|PA::prop::DataRecordArtifact::D10_TestDataset::record::2::00163","UsageConstraint|clinical_research","hasUsage","{}"
"PrivacyAnnotation|PA::prop::DataRecordArtifact::D10_TestDataset::record::2::00163","ErasureConstraint|delete_on_request","hasErasure","{}"
"PrivacyAnnotation|PA::prop::DataRecordArtifact::D10_TestDataset::record::2::00163","ErasureConstraint|retention_5y","hasErasure","{}"
"PrivacyAnnotation|PA::prop::DataRecordArtifact::D10_TestDataset::record::2::00163","AccessRole|AU","allowsRole","{}"
"PrivacyAnnotation|PA::prop::DataRecordArtifact::D10_TestDataset::record::2::00163","AccessRole|CL","allowsRole","{}"
"PrivacyAnnotation|PA::prop::DataRecordArtifact::D10_TestDataset::record::2::00163","AccessRole|DPO","allowsRole","{}"
"PrivacyAnnotation|PA::prop::DataRecordArtifact::D10_TestDataset::record::2::00163","AccessRole|DS","allowsRole","{}"
"PrivacyAnnotation|PA::prop::DataRecordArtifact::D10_TestDataset::record::3::00164","DataRecordArtifact|D10_TestDataset::record::3","annotates","{}"
"StepRun|asd_run_001::003::S7_split_train_test","PrivacyAnnotation|PA::prop::DataRecordArtifact::D10_TestDataset::record::3::00164","generatedPrivacyAnnotation","{}"
"PrivacyAnnotation|PA::prop::DataRecordArtifact::D10_TestDataset::record::3::00164","StepRun|asd_run_001::003::S7_split_train_test","wasGeneratedBy","{}"
"PrivacyAnnotation|PA::prop::DataRecordArtifact::D10_TestDataset::record::3::00164","OperationPolicy|S7_split_train_test_policy","usedPolicy","{}"
"PrivacyAnnotation|PA::prop::DataRecordArtifact::D10_TestDataset::record::3::00164","SensitivityCategory|biometric","hasCategory","{""explicit"": true}"
"PrivacyAnnotation|PA::prop::DataRecordArtifact::D10_TestDataset::record::3::00164","SensitivityCategory|health","hasCategory","{""explicit"": true}"
"PrivacyAnnotation|PA::prop::DataRecordArtifact::D10_TestDataset::record::3::00164","SensitivityCategory|behavioural_sensor_data","hasCategory","{""explicit"": true}"
"PrivacyAnnotation|PA::prop::DataRecordArtifact::D10_TestDataset::record::3::00164","SensitivityCategory|behavioural_sensitive","hasCategory","{""explicit"": true}"
"PrivacyAnnotation|PA::prop::DataRecordArtifact::D10_TestDataset::record::3::00164","SensitivityCategory|quasi_identifier","hasCategory","{""explicit"": true}"
"PrivacyAnnotation|PA::prop::DataRecordArtifact::D10_TestDataset::record::3::00164","SensitivityCategory|sensitive_personal_data","hasCategory","{""explicit"": false}"
"PrivacyAnnotation|PA::prop::DataRecordArtifact::D10_TestDataset::record::3::00164","UsageConstraint|clinical_research","hasUsage","{}"
"PrivacyAnnotation|PA::prop::DataRecordArtifact::D10_TestDataset::record::3::00164","ErasureConstraint|delete_on_request","hasErasure","{}"
"PrivacyAnnotation|PA::prop::DataRecordArtifact::D10_TestDataset::record::3::00164","ErasureConstraint|retention_5y","hasErasure","{}"
"PrivacyAnnotation|PA::prop::DataRecordArtifact::D10_TestDataset::record::3::00164","AccessRole|AU","allowsRole","{}"
"PrivacyAnnotation|PA::prop::DataRecordArtifact::D10_TestDataset::record::3::00164","AccessRole|CL","allowsRole","{}"
"PrivacyAnnotation|PA::prop::DataRecordArtifact::D10_TestDataset::record::3::00164","AccessRole|DPO","allowsRole","{}"
"PrivacyAnnotation|PA::prop::DataRecordArtifact::D10_TestDataset::record::3::00164","AccessRole|DS","allowsRole","{}"
"PrivacyAnnotation|PA::prop::DatasetArtifact::D10_TestDataset::00165","DatasetArtifact|D10_TestDataset","annotates","{}"
"StepRun|asd_run_001::003::S7_split_train_test","PrivacyAnnotation|PA::prop::DatasetArtifact::D10_TestDataset::00165","generatedPrivacyAnnotation","{}"
"PrivacyAnnotation|PA::prop::DatasetArtifact::D10_TestDataset::00165","StepRun|asd_run_001::003::S7_split_train_test","wasGeneratedBy","{}"
"PrivacyAnnotation|PA::prop::DatasetArtifact::D10_TestDataset::00165","OperationPolicy|S7_split_train_test_policy","usedPolicy","{}"
"PrivacyAnnotation|PA::prop::DatasetArtifact::D10_TestDataset::00165","SensitivityCategory|biometric","hasCategory","{""explicit"": true}"
"PrivacyAnnotation|PA::prop::DatasetArtifact::D10_TestDataset::00165","SensitivityCategory|health","hasCategory","{""explicit"": true}"
"PrivacyAnnotation|PA::prop::DatasetArtifact::D10_TestDataset::00165","SensitivityCategory|behavioural_sensor_data","hasCategory","{""explicit"": true}"
"PrivacyAnnotation|PA::prop::DatasetArtifact::D10_TestDataset::00165","SensitivityCategory|behavioural_sensitive","hasCategory","{""explicit"": true}"
"PrivacyAnnotation|PA::prop::DatasetArtifact::D10_TestDataset::00165","SensitivityCategory|quasi_identifier","hasCategory","{""explicit"": true}"
"PrivacyAnnotation|PA::prop::DatasetArtifact::D10_TestDataset::00165","SensitivityCategory|sensitive_personal_data","hasCategory","{""explicit"": false}"
"PrivacyAnnotation|PA::prop::DatasetArtifact::D10_TestDataset::00165","UsageConstraint|clinical_research","hasUsage","{}"
"PrivacyAnnotation|PA::prop::DatasetArtifact::D10_TestDataset::00165","ErasureConstraint|delete_on_request","hasErasure","{}"
"PrivacyAnnotation|PA::prop::DatasetArtifact::D10_TestDataset::00165","ErasureConstraint|retention_5y","hasErasure","{}"
"PrivacyAnnotation|PA::prop::DatasetArtifact::D10_TestDataset::00165","AccessRole|AU","allowsRole","{}"
"PrivacyAnnotation|PA::prop::DatasetArtifact::D10_TestDataset::00165","AccessRole|CL","allowsRole","{}"
"PrivacyAnnotation|PA::prop::DatasetArtifact::D10_TestDataset::00165","AccessRole|DPO","allowsRole","{}"
"PrivacyAnnotation|PA::prop::DatasetArtifact::D10_TestDataset::00165","AccessRole|DS","allowsRole","{}"
"PrivacyAnnotation|PA::prop::ModelArtifact::M1_ChallengingBehaviourClassifier::00166","ModelArtifact|M1_ChallengingBehaviourClassifier","annotates","{}"
"StepRun|asd_run_001::004::S8_train_classifier","PrivacyAnnotation|PA::prop::ModelArtifact::M1_ChallengingBehaviourClassifier::00166","generatedPrivacyAnnotation","{}"
"PrivacyAnnotation|PA::prop::ModelArtifact::M1_ChallengingBehaviourClassifier::00166","StepRun|asd_run_001::004::S8_train_classifier","wasGeneratedBy","{}"
"PrivacyAnnotation|PA::prop::ModelArtifact::M1_ChallengingBehaviourClassifier::00166","OperationPolicy|S8_train_classifier_policy","usedPolicy","{}"
"PrivacyAnnotation|PA::prop::ModelArtifact::M1_ChallengingBehaviourClassifier::00166","SensitivityCategory|model_exposed_to_biometric_data","hasCategory","{""explicit"": true}"
"PrivacyAnnotation|PA::prop::ModelArtifact::M1_ChallengingBehaviourClassifier::00166","SensitivityCategory|model_exposed_to_health_data","hasCategory","{""explicit"": true}"
"PrivacyAnnotation|PA::prop::ModelArtifact::M1_ChallengingBehaviourClassifier::00166","SensitivityCategory|model_exposed_to_behavioural_sensor_data","hasCategory","{""explicit"": true}"
"PrivacyAnnotation|PA::prop::ModelArtifact::M1_ChallengingBehaviourClassifier::00166","SensitivityCategory|model_exposed_to_behavioural_sensitive_label","hasCategory","{""explicit"": true}"
"PrivacyAnnotation|PA::prop::ModelArtifact::M1_ChallengingBehaviourClassifier::00166","SensitivityCategory|model_exposed_to_quasi_identifier_features","hasCategory","{""explicit"": true}"
"PrivacyAnnotation|PA::prop::ModelArtifact::M1_ChallengingBehaviourClassifier::00166","SensitivityCategory|small_training_set_model_disclosure_risk","hasCategory","{""explicit"": true}"
"PrivacyAnnotation|PA::prop::ModelArtifact::M1_ChallengingBehaviourClassifier::00166","UsageConstraint|clinical_research","hasUsage","{}"
"PrivacyAnnotation|PA::prop::ModelArtifact::M1_ChallengingBehaviourClassifier::00166","ErasureConstraint|retrain_or_review_on_erasure","hasErasure","{}"
"PrivacyAnnotation|PA::prop::ModelArtifact::M1_ChallengingBehaviourClassifier::00166","ErasureConstraint|retention_5y","hasErasure","{}"
"PrivacyAnnotation|PA::prop::ModelArtifact::M1_ChallengingBehaviourClassifier::00166","AccessRole|DS","allowsRole","{}"
"PrivacyAnnotation|PA::prop::ModelArtifact::M1_ChallengingBehaviourClassifier::00166","AccessRole|CL","allowsRole","{}"
"PrivacyAnnotation|PA::prop::ModelArtifact::M1_ChallengingBehaviourClassifier::00166","AccessRole|AU","allowsRole","{}"
"PrivacyAnnotation|PA::prop::ModelArtifact::M1_ChallengingBehaviourClassifier::00166","AccessRole|DPO","allowsRole","{}"
