"ID","LABEL","key","props_json"
"Pipeline|ASD_privacy_walkthrough","Pipeline","ASD_privacy_walkthrough","{""key"": ""ASD_privacy_walkthrough"", ""name"": ""ASD_privacy_walkthrough""}"
"PipelineRun|asd_run_001","PipelineRun","asd_run_001","{""key"": ""asd_run_001"", ""Pipeline_id"": ""ASD_privacy_walkthrough"", ""purpose"": ""clinical_research"", ""started_at"": 1779688042.2853427}"
"DatasetArtifact|D6_EnrichedEpisodeData","DatasetArtifact","D6_EnrichedEpisodeData","{""key"": ""D6_EnrichedEpisodeData"", ""name"": ""D6_EnrichedEpisodeData"", ""role"": ""enriched"", ""source"": ""manual_register"", ""n_rows"": 4, ""n_cols"": 11, ""columns"": [""Id"", ""window_start"", ""HR_res"", ""EDA_res"", ""ACC_res"", ""chall_behav"", ""sev"", ""age_grp"", ""sex"", ""clinic_site"", ""diag""], ""record_id_col"": null, ""artifact_kind"": ""DatasetArtifact"", ""privacy_categories"": [""direct_identifier"", ""temporal_quasi_identifier"", ""quasi_identifier"", ""biometric"", ""health"", ""behavioural_sensor_data"", ""behavioural_sensitive"", ""organisational_context"", ""reidentification_risk"", ""identifier"", ""sensitive_personal_data""], ""privacy_categories_explicit"": [""direct_identifier"", ""temporal_quasi_identifier"", ""quasi_identifier"", ""biometric"", ""health"", ""behavioural_sensor_data"", ""behavioural_sensitive"", ""organisational_context"", ""reidentification_risk""], ""privacy_usages"": [""clinical_research""], ""privacy_erasures"": [""delete_on_request"", ""retention_5y""], ""privacy_roles"": [""CL"", ""DPO""], ""privacy_annotation_sources"": [""manual""]}"
"DataRecordArtifact|D6_EnrichedEpisodeData::record::0","DataRecordArtifact","D6_EnrichedEpisodeData::record::0","{""key"": ""D6_EnrichedEpisodeData::record::0"", ""record_id"": ""0"", ""dataset_id"": ""D6_EnrichedEpisodeData"", ""artifact_kind"": ""DataRecordArtifact"", ""privacy_categories"": [], ""privacy_categories_explicit"": [], ""privacy_usages"": [""clinical_research""], ""privacy_erasures"": [""delete_on_request"", ""retention_5y""], ""privacy_roles"": [""CL"", ""DPO""], ""privacy_annotation_sources"": [""manual""]}"
"DataCellArtifact|D6_EnrichedEpisodeData::record::0::cell::Id","DataCellArtifact","D6_EnrichedEpisodeData::record::0::cell::Id","{""key"": ""D6_EnrichedEpisodeData::record::0::cell::Id"", ""record_id"": ""0"", ""dataset_id"": ""D6_EnrichedEpisodeData"", ""attribute"": ""Id"", ""value"": ""C001"", ""dtype"": ""str"", ""artifact_kind"": ""DataCellArtifact"", ""privacy_categories"": [""direct_identifier"", ""identifier""], ""privacy_categories_explicit"": [""direct_identifier""], ""privacy_usages"": [""clinical_research""], ""privacy_erasures"": [""delete_on_request"", ""retention_5y""], ""privacy_roles"": [""CL"", ""DPO""], ""privacy_annotation_sources"": [""manual""]}"
"DataCellArtifact|D6_EnrichedEpisodeData::record::0::cell::window_start","DataCellArtifact","D6_EnrichedEpisodeData::record::0::cell::window_start","{""key"": ""D6_EnrichedEpisodeData::record::0::cell::window_start"", ""record_id"": ""0"", ""dataset_id"": ""D6_EnrichedEpisodeData"", ""attribute"": ""window_start"", ""value"": ""09:00:00"", ""dtype"": ""str"", ""artifact_kind"": ""DataCellArtifact"", ""privacy_categories"": [""temporal_quasi_identifier"", ""quasi_identifier""], ""privacy_categories_explicit"": [""temporal_quasi_identifier""], ""privacy_usages"": [""clinical_research""], ""privacy_erasures"": [""delete_on_request"", ""retention_5y""], ""privacy_roles"": [""DS"", ""CL"", ""AU"", ""DPO""], ""privacy_annotation_sources"": [""manual""]}"
"DataCellArtifact|D6_EnrichedEpisodeData::record::0::cell::HR_res","DataCellArtifact","D6_EnrichedEpisodeData::record::0::cell::HR_res","{""key"": ""D6_EnrichedEpisodeData::record::0::cell::HR_res"", ""record_id"": ""0"", ""dataset_id"": ""D6_EnrichedEpisodeData"", ""attribute"": ""HR_res"", ""value"": 119.6, ""dtype"": ""float64"", ""artifact_kind"": ""DataCellArtifact"", ""privacy_categories"": [""biometric"", ""health"", ""sensitive_personal_data""], ""privacy_categories_explicit"": [""biometric"", ""health""], ""privacy_usages"": [""clinical_research""], ""privacy_erasures"": [""delete_on_request"", ""retention_5y""], ""privacy_roles"": [""DS"", ""CL"", ""AU"", ""DPO""], ""privacy_annotation_sources"": [""manual""]}"
"DataCellArtifact|D6_EnrichedEpisodeData::record::0::cell::EDA_res","DataCellArtifact","D6_EnrichedEpisodeData::record::0::cell::EDA_res","{""key"": ""D6_EnrichedEpisodeData::record::0::cell::EDA_res"", ""record_id"": ""0"", ""dataset_id"": ""D6_EnrichedEpisodeData"", ""attribute"": ""EDA_res"", ""value"": 3.8, ""dtype"": ""float64"", ""artifact_kind"": ""DataCellArtifact"", ""privacy_categories"": [""biometric"", ""health"", ""sensitive_personal_data""], ""privacy_categories_explicit"": [""biometric"", ""health""], ""privacy_usages"": [""clinical_research""], ""privacy_erasures"": [""delete_on_request"", ""retention_5y""], ""privacy_roles"": [""DS"", ""CL"", ""AU"", ""DPO""], ""privacy_annotation_sources"": [""manual""]}"
"DataCellArtifact|D6_EnrichedEpisodeData::record::0::cell::ACC_res","DataCellArtifact","D6_EnrichedEpisodeData::record::0::cell::ACC_res","{""key"": ""D6_EnrichedEpisodeData::record::0::cell::ACC_res"", ""record_id"": ""0"", ""dataset_id"": ""D6_EnrichedEpisodeData"", ""attribute"": ""ACC_res"", ""value"": 0.52, ""dtype"": ""float64"", ""artifact_kind"": ""DataCellArtifact"", ""privacy_categories"": [""behavioural_sensor_data""], ""privacy_categories_explicit"": [""behavioural_sensor_data""], ""privacy_usages"": [""clinical_research""], ""privacy_erasures"": [""delete_on_request"", ""retention_5y""], ""privacy_roles"": [""DS"", ""CL"", ""AU"", ""DPO""], ""privacy_annotation_sources"": [""manual""]}"
"DataCellArtifact|D6_EnrichedEpisodeData::record::0::cell::chall_behav","DataCellArtifact","D6_EnrichedEpisodeData::record::0::cell::chall_behav","{""key"": ""D6_EnrichedEpisodeData::record::0::cell::chall_behav"", ""record_id"": ""0"", ""dataset_id"": ""D6_EnrichedEpisodeData"", ""attribute"": ""chall_behav"", ""value"": ""yes"", ""dtype"": ""str"", ""artifact_kind"": ""DataCellArtifact"", ""privacy_categories"": [""health"", ""behavioural_sensitive"", ""sensitive_personal_data""], ""privacy_categories_explicit"": [""health"", ""behavioural_sensitive""], ""privacy_usages"": [""clinical_research""], ""privacy_erasures"": [""delete_on_request"", ""retention_5y""], ""privacy_roles"": [""DS"", ""CL"", ""AU"", ""DPO""], ""privacy_annotation_sources"": [""manual""]}"
"DataCellArtifact|D6_EnrichedEpisodeData::record::0::cell::sev","DataCellArtifact","D6_EnrichedEpisodeData::record::0::cell::sev","{""key"": ""D6_EnrichedEpisodeData::record::0::cell::sev"", ""record_id"": ""0"", ""dataset_id"": ""D6_EnrichedEpisodeData"", ""attribute"": ""sev"", ""value"": 4, ""dtype"": ""int64"", ""artifact_kind"": ""DataCellArtifact"", ""privacy_categories"": [""health"", ""behavioural_sensitive"", ""sensitive_personal_data""], ""privacy_categories_explicit"": [""health"", ""behavioural_sensitive""], ""privacy_usages"": [""clinical_research""], ""privacy_erasures"": [""delete_on_request"", ""retention_5y""], ""privacy_roles"": [""DS"", ""CL"", ""AU"", ""DPO""], ""privacy_annotation_sources"": [""manual""]}"
"DataCellArtifact|D6_EnrichedEpisodeData::record::0::cell::age_grp","DataCellArtifact","D6_EnrichedEpisodeData::record::0::cell::age_grp","{""key"": ""D6_EnrichedEpisodeData::record::0::cell::age_grp"", ""record_id"": ""0"", ""dataset_id"": ""D6_EnrichedEpisodeData"", ""attribute"": ""age_grp"", ""value"": ""6-8"", ""dtype"": ""str"", ""artifact_kind"": ""DataCellArtifact"", ""privacy_categories"": [""quasi_identifier""], ""privacy_categories_explicit"": [""quasi_identifier""], ""privacy_usages"": [""clinical_research""], ""privacy_erasures"": [""delete_on_request"", ""retention_5y""], ""privacy_roles"": [""DS"", ""CL"", ""AU"", ""DPO""], ""privacy_annotation_sources"": [""manual""]}"
"DataCellArtifact|D6_EnrichedEpisodeData::record::0::cell::sex","DataCellArtifact","D6_EnrichedEpisodeData::record::0::cell::sex","{""key"": ""D6_EnrichedEpisodeData::record::0::cell::sex"", ""record_id"": ""0"", ""dataset_id"": ""D6_EnrichedEpisodeData"", ""attribute"": ""sex"", ""value"": ""M"", ""dtype"": ""str"", ""artifact_kind"": ""DataCellArtifact"", ""privacy_categories"": [""quasi_identifier""], ""privacy_categories_explicit"": [""quasi_identifier""], ""privacy_usages"": [""clinical_research""], ""privacy_erasures"": [""delete_on_request"", ""retention_5y""], ""privacy_roles"": [""DS"", ""CL"", ""AU"", ""DPO""], ""privacy_annotation_sources"": [""manual""]}"
"DataCellArtifact|D6_EnrichedEpisodeData::record::0::cell::clinic_site","DataCellArtifact","D6_EnrichedEpisodeData::record::0::cell::clinic_site","{""key"": ""D6_EnrichedEpisodeData::record::0::cell::clinic_site"", ""record_id"": ""0"", ""dataset_id"": ""D6_EnrichedEpisodeData"", ""attribute"": ""clinic_site"", ""value"": ""SiteA"", ""dtype"": ""str"", ""artifact_kind"": ""DataCellArtifact"", ""privacy_categories"": [""quasi_identifier"", ""organisational_context""], ""privacy_categories_explicit"": [""quasi_identifier"", ""organisational_context""], ""privacy_usages"": [""clinical_research""], ""privacy_erasures"": [""delete_on_request"", ""retention_5y""], ""privacy_roles"": [""CL"", ""AU"", ""DPO""], ""privacy_annotation_sources"": [""manual""]}"
"DataCellArtifact|D6_EnrichedEpisodeData::record::0::cell::diag","DataCellArtifact","D6_EnrichedEpisodeData::record::0::cell::diag","{""key"": ""D6_EnrichedEpisodeData::record::0::cell::diag"", ""record_id"": ""0"", ""dataset_id"": ""D6_EnrichedEpisodeData"", ""attribute"": ""diag"", ""value"": ""ASD"", ""dtype"": ""str"", ""artifact_kind"": ""DataCellArtifact"", ""privacy_categories"": [""health"", ""sensitive_personal_data""], ""privacy_categories_explicit"": [""health"", ""sensitive_personal_data""], ""privacy_usages"": [""clinical_research""], ""privacy_erasures"": [""delete_on_request"", ""retention_5y""], ""privacy_roles"": [""CL"", ""AU"", ""DPO""], ""privacy_annotation_sources"": [""manual""]}"
"DataRecordArtifact|D6_EnrichedEpisodeData::record::1","DataRecordArtifact","D6_EnrichedEpisodeData::record::1","{""key"": ""D6_EnrichedEpisodeData::record::1"", ""record_id"": ""1"", ""dataset_id"": ""D6_EnrichedEpisodeData"", ""artifact_kind"": ""DataRecordArtifact"", ""privacy_categories"": [], ""privacy_categories_explicit"": [], ""privacy_usages"": [""clinical_research""], ""privacy_erasures"": [""delete_on_request"", ""retention_5y""], ""privacy_roles"": [""CL"", ""DPO""], ""privacy_annotation_sources"": [""manual""]}"
"DataCellArtifact|D6_EnrichedEpisodeData::record::1::cell::Id","DataCellArtifact","D6_EnrichedEpisodeData::record::1::cell::Id","{""key"": ""D6_EnrichedEpisodeData::record::1::cell::Id"", ""record_id"": ""1"", ""dataset_id"": ""D6_EnrichedEpisodeData"", ""attribute"": ""Id"", ""value"": ""C001"", ""dtype"": ""str"", ""artifact_kind"": ""DataCellArtifact"", ""privacy_categories"": [""direct_identifier"", ""identifier""], ""privacy_categories_explicit"": [""direct_identifier""], ""privacy_usages"": [""clinical_research""], ""privacy_erasures"": [""delete_on_request"", ""retention_5y""], ""privacy_roles"": [""CL"", ""DPO""], ""privacy_annotation_sources"": [""manual""]}"
"DataCellArtifact|D6_EnrichedEpisodeData::record::1::cell::window_start","DataCellArtifact","D6_EnrichedEpisodeData::record::1::cell::window_start","{""key"": ""D6_EnrichedEpisodeData::record::1::cell::window_start"", ""record_id"": ""1"", ""dataset_id"": ""D6_EnrichedEpisodeData"", ""attribute"": ""window_start"", ""value"": ""09:00:30"", ""dtype"": ""str"", ""artifact_kind"": ""DataCellArtifact"", ""privacy_categories"": [""temporal_quasi_identifier"", ""quasi_identifier""], ""privacy_categories_explicit"": [""temporal_quasi_identifier""], ""privacy_usages"": [""clinical_research""], ""privacy_erasures"": [""delete_on_request"", ""retention_5y""], ""privacy_roles"": [""DS"", ""CL"", ""AU"", ""DPO""], ""privacy_annotation_sources"": [""manual""]}"
"DataCellArtifact|D6_EnrichedEpisodeData::record::1::cell::HR_res","DataCellArtifact","D6_EnrichedEpisodeData::record::1::cell::HR_res","{""key"": ""D6_EnrichedEpisodeData::record::1::cell::HR_res"", ""record_id"": ""1"", ""dataset_id"": ""D6_EnrichedEpisodeData"", ""attribute"": ""HR_res"", ""value"": 124.0, ""dtype"": ""float64"", ""artifact_kind"": ""DataCellArtifact"", ""privacy_categories"": [""biometric"", ""health"", ""sensitive_personal_data""], ""privacy_categories_explicit"": [""biometric"", ""health""], ""privacy_usages"": [""clinical_research""], ""privacy_erasures"": [""delete_on_request"", ""retention_5y""], ""privacy_roles"": [""DS"", ""CL"", ""AU"", ""DPO""], ""privacy_annotation_sources"": [""manual""]}"
"DataCellArtifact|D6_EnrichedEpisodeData::record::1::cell::EDA_res","DataCellArtifact","D6_EnrichedEpisodeData::record::1::cell::EDA_res","{""key"": ""D6_EnrichedEpisodeData::record::1::cell::EDA_res"", ""record_id"": ""1"", ""dataset_id"": ""D6_EnrichedEpisodeData"", ""attribute"": ""EDA_res"", ""value"": 4.1, ""dtype"": ""float64"", ""artifact_kind"": ""DataCellArtifact"", ""privacy_categories"": [""biometric"", ""health"", ""sensitive_personal_data""], ""privacy_categories_explicit"": [""biometric"", ""health""], ""privacy_usages"": [""clinical_research""], ""privacy_erasures"": [""delete_on_request"", ""retention_5y""], ""privacy_roles"": [""DS"", ""CL"", ""AU"", ""DPO""], ""privacy_annotation_sources"": [""manual""]}"
"DataCellArtifact|D6_EnrichedEpisodeData::record::1::cell::ACC_res","DataCellArtifact","D6_EnrichedEpisodeData::record::1::cell::ACC_res","{""key"": ""D6_EnrichedEpisodeData::record::1::cell::ACC_res"", ""record_id"": ""1"", ""dataset_id"": ""D6_EnrichedEpisodeData"", ""attribute"": ""ACC_res"", ""value"": 0.7, ""dtype"": ""float64"", ""artifact_kind"": ""DataCellArtifact"", ""privacy_categories"": [""behavioural_sensor_data""], ""privacy_categories_explicit"": [""behavioural_sensor_data""], ""privacy_usages"": [""clinical_research""], ""privacy_erasures"": [""delete_on_request"", ""retention_5y""], ""privacy_roles"": [""DS"", ""CL"", ""AU"", ""DPO""], ""privacy_annotation_sources"": [""manual""]}"
"DataCellArtifact|D6_EnrichedEpisodeData::record::1::cell::chall_behav","DataCellArtifact","D6_EnrichedEpisodeData::record::1::cell::chall_behav","{""key"": ""D6_EnrichedEpisodeData::record::1::cell::chall_behav"", ""record_id"": ""1"", ""dataset_id"": ""D6_EnrichedEpisodeData"", ""attribute"": ""chall_behav"", ""value"": ""no"", ""dtype"": ""str"", ""artifact_kind"": ""DataCellArtifact"", ""privacy_categories"": [""health"", ""behavioural_sensitive"", ""sensitive_personal_data""], ""privacy_categories_explicit"": [""health"", ""behavioural_sensitive""], ""privacy_usages"": [""clinical_research""], ""privacy_erasures"": [""delete_on_request"", ""retention_5y""], ""privacy_roles"": [""DS"", ""CL"", ""AU"", ""DPO""], ""privacy_annotation_sources"": [""manual""]}"
"DataCellArtifact|D6_EnrichedEpisodeData::record::1::cell::sev","DataCellArtifact","D6_EnrichedEpisodeData::record::1::cell::sev","{""key"": ""D6_EnrichedEpisodeData::record::1::cell::sev"", ""record_id"": ""1"", ""dataset_id"": ""D6_EnrichedEpisodeData"", ""attribute"": ""sev"", ""value"": 0, ""dtype"": ""int64"", ""artifact_kind"": ""DataCellArtifact"", ""privacy_categories"": [""health"", ""behavioural_sensitive"", ""sensitive_personal_data""], ""privacy_categories_explicit"": [""health"", ""behavioural_sensitive""], ""privacy_usages"": [""clinical_research""], ""privacy_erasures"": [""delete_on_request"", ""retention_5y""], ""privacy_roles"": [""DS"", ""CL"", ""AU"", ""DPO""], ""privacy_annotation_sources"": [""manual""]}"
"DataCellArtifact|D6_EnrichedEpisodeData::record::1::cell::age_grp","DataCellArtifact","D6_EnrichedEpisodeData::record::1::cell::age_grp","{""key"": ""D6_EnrichedEpisodeData::record::1::cell::age_grp"", ""record_id"": ""1"", ""dataset_id"": ""D6_EnrichedEpisodeData"", ""attribute"": ""age_grp"", ""value"": ""6-8"", ""dtype"": ""str"", ""artifact_kind"": ""DataCellArtifact"", ""privacy_categories"": [""quasi_identifier""], ""privacy_categories_explicit"": [""quasi_identifier""], ""privacy_usages"": [""clinical_research""], ""privacy_erasures"": [""delete_on_request"", ""retention_5y""], ""privacy_roles"": [""DS"", ""CL"", ""AU"", ""DPO""], ""privacy_annotation_sources"": [""manual""]}"
"DataCellArtifact|D6_EnrichedEpisodeData::record::1::cell::sex","DataCellArtifact","D6_EnrichedEpisodeData::record::1::cell::sex","{""key"": ""D6_EnrichedEpisodeData::record::1::cell::sex"", ""record_id"": ""1"", ""dataset_id"": ""D6_EnrichedEpisodeData"", ""attribute"": ""sex"", ""value"": ""M"", ""dtype"": ""str"", ""artifact_kind"": ""DataCellArtifact"", ""privacy_categories"": [""quasi_identifier""], ""privacy_categories_explicit"": [""quasi_identifier""], ""privacy_usages"": [""clinical_research""], ""privacy_erasures"": [""delete_on_request"", ""retention_5y""], ""privacy_roles"": [""DS"", ""CL"", ""AU"", ""DPO""], ""privacy_annotation_sources"": [""manual""]}"
"DataCellArtifact|D6_EnrichedEpisodeData::record::1::cell::clinic_site","DataCellArtifact","D6_EnrichedEpisodeData::record::1::cell::clinic_site","{""key"": ""D6_EnrichedEpisodeData::record::1::cell::clinic_site"", ""record_id"": ""1"", ""dataset_id"": ""D6_EnrichedEpisodeData"", ""attribute"": ""clinic_site"", ""value"": ""SiteA"", ""dtype"": ""str"", ""artifact_kind"": ""DataCellArtifact"", ""privacy_categories"": [""quasi_identifier"", ""organisational_context""], ""privacy_categories_explicit"": [""quasi_identifier"", ""organisational_context""], ""privacy_usages"": [""clinical_research""], ""privacy_erasures"": [""delete_on_request"", ""retention_5y""], ""privacy_roles"": [""CL"", ""AU"", ""DPO""], ""privacy_annotation_sources"": [""manual""]}"
"DataCellArtifact|D6_EnrichedEpisodeData::record::1::cell::diag","DataCellArtifact","D6_EnrichedEpisodeData::record::1::cell::diag","{""key"": ""D6_EnrichedEpisodeData::record::1::cell::diag"", ""record_id"": ""1"", ""dataset_id"": ""D6_EnrichedEpisodeData"", ""attribute"": ""diag"", ""value"": ""ASD"", ""dtype"": ""str"", ""artifact_kind"": ""DataCellArtifact"", ""privacy_categories"": [""health"", ""sensitive_personal_data""], ""privacy_categories_explicit"": [""health"", ""sensitive_personal_data""], ""privacy_usages"": [""clinical_research""], ""privacy_erasures"": [""delete_on_request"", ""retention_5y""], ""privacy_roles"": [""CL"", ""AU"", ""DPO""], ""privacy_annotation_sources"": [""manual""]}"
"DataRecordArtifact|D6_EnrichedEpisodeData::record::2","DataRecordArtifact","D6_EnrichedEpisodeData::record::2","{""key"": ""D6_EnrichedEpisodeData::record::2"", ""record_id"": ""2"", ""dataset_id"": ""D6_EnrichedEpisodeData"", ""artifact_kind"": ""DataRecordArtifact"", ""privacy_categories"": [], ""privacy_categories_explicit"": [], ""privacy_usages"": [""clinical_research""], ""privacy_erasures"": [""delete_on_request"", ""retention_5y""], ""privacy_roles"": [""CL"", ""DPO""], ""privacy_annotation_sources"": [""manual""]}"
"DataCellArtifact|D6_EnrichedEpisodeData::record::2::cell::Id","DataCellArtifact","D6_EnrichedEpisodeData::record::2::cell::Id","{""key"": ""D6_EnrichedEpisodeData::record::2::cell::Id"", ""record_id"": ""2"", ""dataset_id"": ""D6_EnrichedEpisodeData"", ""attribute"": ""Id"", ""value"": ""C002"", ""dtype"": ""str"", ""artifact_kind"": ""DataCellArtifact"", ""privacy_categories"": [""direct_identifier"", ""identifier""], ""privacy_categories_explicit"": [""direct_identifier""], ""privacy_usages"": [""clinical_research""], ""privacy_erasures"": [""delete_on_request"", ""retention_5y""], ""privacy_roles"": [""CL"", ""DPO""], ""privacy_annotation_sources"": [""manual""]}"
"DataCellArtifact|D6_EnrichedEpisodeData::record::2::cell::window_start","DataCellArtifact","D6_EnrichedEpisodeData::record::2::cell::window_start","{""key"": ""D6_EnrichedEpisodeData::record::2::cell::window_start"", ""record_id"": ""2"", ""dataset_id"": ""D6_EnrichedEpisodeData"", ""attribute"": ""window_start"", ""value"": ""09:00:00"", ""dtype"": ""str"", ""artifact_kind"": ""DataCellArtifact"", ""privacy_categories"": [""temporal_quasi_identifier"", ""quasi_identifier""], ""privacy_categories_explicit"": [""temporal_quasi_identifier""], ""privacy_usages"": [""clinical_research""], ""privacy_erasures"": [""delete_on_request"", ""retention_5y""], ""privacy_roles"": [""DS"", ""CL"", ""AU"", ""DPO""], ""privacy_annotation_sources"": [""manual""]}"
"DataCellArtifact|D6_EnrichedEpisodeData::record::2::cell::HR_res","DataCellArtifact","D6_EnrichedEpisodeData::record::2::cell::HR_res","{""key"": ""D6_EnrichedEpisodeData::record::2::cell::HR_res"", ""record_id"": ""2"", ""dataset_id"": ""D6_EnrichedEpisodeData"", ""attribute"": ""HR_res"", ""value"": 86.0, ""dtype"": ""float64"", ""artifact_kind"": ""DataCellArtifact"", ""privacy_categories"": [""biometric"", ""health"", ""sensitive_personal_data""], ""privacy_categories_explicit"": [""biometric"", ""health""], ""privacy_usages"": [""clinical_research""], ""privacy_erasures"": [""delete_on_request"", ""retention_5y""], ""privacy_roles"": [""DS"", ""CL"", ""AU"", ""DPO""], ""privacy_annotation_sources"": [""manual""]}"
"DataCellArtifact|D6_EnrichedEpisodeData::record::2::cell::EDA_res","DataCellArtifact","D6_EnrichedEpisodeData::record::2::cell::EDA_res","{""key"": ""D6_EnrichedEpisodeData::record::2::cell::EDA_res"", ""record_id"": ""2"", ""dataset_id"": ""D6_EnrichedEpisodeData"", ""attribute"": ""EDA_res"", ""value"": 1.3, ""dtype"": ""float64"", ""artifact_kind"": ""DataCellArtifact"", ""privacy_categories"": [""biometric"", ""health"", ""sensitive_personal_data""], ""privacy_categories_explicit"": [""biometric"", ""health""], ""privacy_usages"": [""clinical_research""], ""privacy_erasures"": [""delete_on_request"", ""retention_5y""], ""privacy_roles"": [""DS"", ""CL"", ""AU"", ""DPO""], ""privacy_annotation_sources"": [""manual""]}"
"DataCellArtifact|D6_EnrichedEpisodeData::record::2::cell::ACC_res","DataCellArtifact","D6_EnrichedEpisodeData::record::2::cell::ACC_res","{""key"": ""D6_EnrichedEpisodeData::record::2::cell::ACC_res"", ""record_id"": ""2"", ""dataset_id"": ""D6_EnrichedEpisodeData"", ""attribute"": ""ACC_res"", ""value"": 0.34, ""dtype"": ""float64"", ""artifact_kind"": ""DataCellArtifact"", ""privacy_categories"": [""behavioural_sensor_data""], ""privacy_categories_explicit"": [""behavioural_sensor_data""], ""privacy_usages"": [""clinical_research""], ""privacy_erasures"": [""delete_on_request"", ""retention_5y""], ""privacy_roles"": [""DS"", ""CL"", ""AU"", ""DPO""], ""privacy_annotation_sources"": [""manual""]}"
"DataCellArtifact|D6_EnrichedEpisodeData::record::2::cell::chall_behav","DataCellArtifact","D6_EnrichedEpisodeData::record::2::cell::chall_behav","{""key"": ""D6_EnrichedEpisodeData::record::2::cell::chall_behav"", ""record_id"": ""2"", ""dataset_id"": ""D6_EnrichedEpisodeData"", ""attribute"": ""chall_behav"", ""value"": ""no"", ""dtype"": ""str"", ""artifact_kind"": ""DataCellArtifact"", ""privacy_categories"": [""health"", ""behavioural_sensitive"", ""sensitive_personal_data""], ""privacy_categories_explicit"": [""health"", ""behavioural_sensitive""], ""privacy_usages"": [""clinical_research""], ""privacy_erasures"": [""delete_on_request"", ""retention_5y""], ""privacy_roles"": [""DS"", ""CL"", ""AU"", ""DPO""], ""privacy_annotation_sources"": [""manual""]}"
"DataCellArtifact|D6_EnrichedEpisodeData::record::2::cell::sev","DataCellArtifact","D6_EnrichedEpisodeData::record::2::cell::sev","{""key"": ""D6_EnrichedEpisodeData::record::2::cell::sev"", ""record_id"": ""2"", ""dataset_id"": ""D6_EnrichedEpisodeData"", ""attribute"": ""sev"", ""value"": 0, ""dtype"": ""int64"", ""artifact_kind"": ""DataCellArtifact"", ""privacy_categories"": [""health"", ""behavioural_sensitive"", ""sensitive_personal_data""], ""privacy_categories_explicit"": [""health"", ""behavioural_sensitive""], ""privacy_usages"": [""clinical_research""], ""privacy_erasures"": [""delete_on_request"", ""retention_5y""], ""privacy_roles"": [""DS"", ""CL"", ""AU"", ""DPO""], ""privacy_annotation_sources"": [""manual""]}"
"DataCellArtifact|D6_EnrichedEpisodeData::record::2::cell::age_grp","DataCellArtifact","D6_EnrichedEpisodeData::record::2::cell::age_grp","{""key"": ""D6_EnrichedEpisodeData::record::2::cell::age_grp"", ""record_id"": ""2"", ""dataset_id"": ""D6_EnrichedEpisodeData"", ""attribute"": ""age_grp"", ""value"": ""9-11"", ""dtype"": ""str"", ""artifact_kind"": ""DataCellArtifact"", ""privacy_categories"": [""quasi_identifier""], ""privacy_categories_explicit"": [""quasi_identifier""], ""privacy_usages"": [""clinical_research""], ""privacy_erasures"": [""delete_on_request"", ""retention_5y""], ""privacy_roles"": [""DS"", ""CL"", ""AU"", ""DPO""], ""privacy_annotation_sources"": [""manual""]}"
"DataCellArtifact|D6_EnrichedEpisodeData::record::2::cell::sex","DataCellArtifact","D6_EnrichedEpisodeData::record::2::cell::sex","{""key"": ""D6_EnrichedEpisodeData::record::2::cell::sex"", ""record_id"": ""2"", ""dataset_id"": ""D6_EnrichedEpisodeData"", ""attribute"": ""sex"", ""value"": ""F"", ""dtype"": ""str"", ""artifact_kind"": ""DataCellArtifact"", ""privacy_categories"": [""quasi_identifier""], ""privacy_categories_explicit"": [""quasi_identifier""], ""privacy_usages"": [""clinical_research""], ""privacy_erasures"": [""delete_on_request"", ""retention_5y""], ""privacy_roles"": [""DS"", ""CL"", ""AU"", ""DPO""], ""privacy_annotation_sources"": [""manual""]}"
"DataCellArtifact|D6_EnrichedEpisodeData::record::2::cell::clinic_site","DataCellArtifact","D6_EnrichedEpisodeData::record::2::cell::clinic_site","{""key"": ""D6_EnrichedEpisodeData::record::2::cell::clinic_site"", ""record_id"": ""2"", ""dataset_id"": ""D6_EnrichedEpisodeData"", ""attribute"": ""clinic_site"", ""value"": ""SiteB"", ""dtype"": ""str"", ""artifact_kind"": ""DataCellArtifact"", ""privacy_categories"": [""quasi_identifier"", ""organisational_context""], ""privacy_categories_explicit"": [""quasi_identifier"", ""organisational_context""], ""privacy_usages"": [""clinical_research""], ""privacy_erasures"": [""delete_on_request"", ""retention_5y""], ""privacy_roles"": [""CL"", ""AU"", ""DPO""], ""privacy_annotation_sources"": [""manual""]}"
"DataCellArtifact|D6_EnrichedEpisodeData::record::2::cell::diag","DataCellArtifact","D6_EnrichedEpisodeData::record::2::cell::diag","{""key"": ""D6_EnrichedEpisodeData::record::2::cell::diag"", ""record_id"": ""2"", ""dataset_id"": ""D6_EnrichedEpisodeData"", ""attribute"": ""diag"", ""value"": ""ASD"", ""dtype"": ""str"", ""artifact_kind"": ""DataCellArtifact"", ""privacy_categories"": [""health"", ""sensitive_personal_data""], ""privacy_categories_explicit"": [""health"", ""sensitive_personal_data""], ""privacy_usages"": [""clinical_research""], ""privacy_erasures"": [""delete_on_request"", ""retention_5y""], ""privacy_roles"": [""CL"", ""AU"", ""DPO""], ""privacy_annotation_sources"": [""manual""]}"
"DataRecordArtifact|D6_EnrichedEpisodeData::record::3","DataRecordArtifact","D6_EnrichedEpisodeData::record::3","{""key"": ""D6_EnrichedEpisodeData::record::3"", ""record_id"": ""3"", ""dataset_id"": ""D6_EnrichedEpisodeData"", ""artifact_kind"": ""DataRecordArtifact"", ""privacy_categories"": [], ""privacy_categories_explicit"": [], ""privacy_usages"": [""clinical_research""], ""privacy_erasures"": [""delete_on_request"", ""retention_5y""], ""privacy_roles"": [""CL"", ""DPO""], ""privacy_annotation_sources"": [""manual""]}"
"DataCellArtifact|D6_EnrichedEpisodeData::record::3::cell::Id","DataCellArtifact","D6_EnrichedEpisodeData::record::3::cell::Id","{""key"": ""D6_EnrichedEpisodeData::record::3::cell::Id"", ""record_id"": ""3"", ""dataset_id"": ""D6_EnrichedEpisodeData"", ""attribute"": ""Id"", ""value"": ""C002"", ""dtype"": ""str"", ""artifact_kind"": ""DataCellArtifact"", ""privacy_categories"": [""direct_identifier"", ""identifier""], ""privacy_categories_explicit"": [""direct_identifier""], ""privacy_usages"": [""clinical_research""], ""privacy_erasures"": [""delete_on_request"", ""retention_5y""], ""privacy_roles"": [""CL"", ""DPO""], ""privacy_annotation_sources"": [""manual""]}"
"DataCellArtifact|D6_EnrichedEpisodeData::record::3::cell::window_start","DataCellArtifact","D6_EnrichedEpisodeData::record::3::cell::window_start","{""key"": ""D6_EnrichedEpisodeData::record::3::cell::window_start"", ""record_id"": ""3"", ""dataset_id"": ""D6_EnrichedEpisodeData"", ""attribute"": ""window_start"", ""value"": ""09:00:30"", ""dtype"": ""str"", ""artifact_kind"": ""DataCellArtifact"", ""privacy_categories"": [""temporal_quasi_identifier"", ""quasi_identifier""], ""privacy_categories_explicit"": [""temporal_quasi_identifier""], ""privacy_usages"": [""clinical_research""], ""privacy_erasures"": [""delete_on_request"", ""retention_5y""], ""privacy_roles"": [""DS"", ""CL"", ""AU"", ""DPO""], ""privacy_annotation_sources"": [""manual""]}"
"DataCellArtifact|D6_EnrichedEpisodeData::record::3::cell::HR_res","DataCellArtifact","D6_EnrichedEpisodeData::record::3::cell::HR_res","{""key"": ""D6_EnrichedEpisodeData::record::3::cell::HR_res"", ""record_id"": ""3"", ""dataset_id"": ""D6_EnrichedEpisodeData"", ""attribute"": ""HR_res"", ""value"": 87.0, ""dtype"": ""float64"", ""artifact_kind"": ""DataCellArtifact"", ""privacy_categories"": [""biometric"", ""health"", ""sensitive_personal_data""], ""privacy_categories_explicit"": [""biometric"", ""health""], ""privacy_usages"": [""clinical_research""], ""privacy_erasures"": [""delete_on_request"", ""retention_5y""], ""privacy_roles"": [""DS"", ""CL"", ""AU"", ""DPO""], ""privacy_annotation_sources"": [""manual""]}"
"DataCellArtifact|D6_EnrichedEpisodeData::record::3::cell::EDA_res","DataCellArtifact","D6_EnrichedEpisodeData::record::3::cell::EDA_res","{""key"": ""D6_EnrichedEpisodeData::record::3::cell::EDA_res"", ""record_id"": ""3"", ""dataset_id"": ""D6_EnrichedEpisodeData"", ""attribute"": ""EDA_res"", ""value"": 1.4, ""dtype"": ""float64"", ""artifact_kind"": ""DataCellArtifact"", ""privacy_categories"": [""biometric"", ""health"", ""sensitive_personal_data""], ""privacy_categories_explicit"": [""biometric"", ""health""], ""privacy_usages"": [""clinical_research""], ""privacy_erasures"": [""delete_on_request"", ""retention_5y""], ""privacy_roles"": [""DS"", ""CL"", ""AU"", ""DPO""], ""privacy_annotation_sources"": [""manual""]}"
"DataCellArtifact|D6_EnrichedEpisodeData::record::3::cell::ACC_res","DataCellArtifact","D6_EnrichedEpisodeData::record::3::cell::ACC_res","{""key"": ""D6_EnrichedEpisodeData::record::3::cell::ACC_res"", ""record_id"": ""3"", ""dataset_id"": ""D6_EnrichedEpisodeData"", ""attribute"": ""ACC_res"", ""value"": 0.36, ""dtype"": ""float64"", ""artifact_kind"": ""DataCellArtifact"", ""privacy_categories"": [""behavioural_sensor_data""], ""privacy_categories_explicit"": [""behavioural_sensor_data""], ""privacy_usages"": [""clinical_research""], ""privacy_erasures"": [""delete_on_request"", ""retention_5y""], ""privacy_roles"": [""DS"", ""CL"", ""AU"", ""DPO""], ""privacy_annotation_sources"": [""manual""]}"
"DataCellArtifact|D6_EnrichedEpisodeData::record::3::cell::chall_behav","DataCellArtifact","D6_EnrichedEpisodeData::record::3::cell::chall_behav","{""key"": ""D6_EnrichedEpisodeData::record::3::cell::chall_behav"", ""record_id"": ""3"", ""dataset_id"": ""D6_EnrichedEpisodeData"", ""attribute"": ""chall_behav"", ""value"": ""yes"", ""dtype"": ""str"", ""artifact_kind"": ""DataCellArtifact"", ""privacy_categories"": [""health"", ""behavioural_sensitive"", ""sensitive_personal_data""], ""privacy_categories_explicit"": [""health"", ""behavioural_sensitive""], ""privacy_usages"": [""clinical_research""], ""privacy_erasures"": [""delete_on_request"", ""retention_5y""], ""privacy_roles"": [""DS"", ""CL"", ""AU"", ""DPO""], ""privacy_annotation_sources"": [""manual""]}"
"DataCellArtifact|D6_EnrichedEpisodeData::record::3::cell::sev","DataCellArtifact","D6_EnrichedEpisodeData::record::3::cell::sev","{""key"": ""D6_EnrichedEpisodeData::record::3::cell::sev"", ""record_id"": ""3"", ""dataset_id"": ""D6_EnrichedEpisodeData"", ""attribute"": ""sev"", ""value"": 3, ""dtype"": ""int64"", ""artifact_kind"": ""DataCellArtifact"", ""privacy_categories"": [""health"", ""behavioural_sensitive"", ""sensitive_personal_data""], ""privacy_categories_explicit"": [""health"", ""behavioural_sensitive""], ""privacy_usages"": [""clinical_research""], ""privacy_erasures"": [""delete_on_request"", ""retention_5y""], ""privacy_roles"": [""DS"", ""CL"", ""AU"", ""DPO""], ""privacy_annotation_sources"": [""manual""]}"
"DataCellArtifact|D6_EnrichedEpisodeData::record::3::cell::age_grp","DataCellArtifact","D6_EnrichedEpisodeData::record::3::cell::age_grp","{""key"": ""D6_EnrichedEpisodeData::record::3::cell::age_grp"", ""record_id"": ""3"", ""dataset_id"": ""D6_EnrichedEpisodeData"", ""attribute"": ""age_grp"", ""value"": ""9-11"", ""dtype"": ""str"", ""artifact_kind"": ""DataCellArtifact"", ""privacy_categories"": [""quasi_identifier""], ""privacy_categories_explicit"": [""quasi_identifier""], ""privacy_usages"": [""clinical_research""], ""privacy_erasures"": [""delete_on_request"", ""retention_5y""], ""privacy_roles"": [""DS"", ""CL"", ""AU"", ""DPO""], ""privacy_annotation_sources"": [""manual""]}"
"DataCellArtifact|D6_EnrichedEpisodeData::record::3::cell::sex","DataCellArtifact","D6_EnrichedEpisodeData::record::3::cell::sex","{""key"": ""D6_EnrichedEpisodeData::record::3::cell::sex"", ""record_id"": ""3"", ""dataset_id"": ""D6_EnrichedEpisodeData"", ""attribute"": ""sex"", ""value"": ""F"", ""dtype"": ""str"", ""artifact_kind"": ""DataCellArtifact"", ""privacy_categories"": [""quasi_identifier""], ""privacy_categories_explicit"": [""quasi_identifier""], ""privacy_usages"": [""clinical_research""], ""privacy_erasures"": [""delete_on_request"", ""retention_5y""], ""privacy_roles"": [""DS"", ""CL"", ""AU"", ""DPO""], ""privacy_annotation_sources"": [""manual""]}"
"DataCellArtifact|D6_EnrichedEpisodeData::record::3::cell::clinic_site","DataCellArtifact","D6_EnrichedEpisodeData::record::3::cell::clinic_site","{""key"": ""D6_EnrichedEpisodeData::record::3::cell::clinic_site"", ""record_id"": ""3"", ""dataset_id"": ""D6_EnrichedEpisodeData"", ""attribute"": ""clinic_site"", ""value"": ""SiteB"", ""dtype"": ""str"", ""artifact_kind"": ""DataCellArtifact"", ""privacy_categories"": [""quasi_identifier"", ""organisational_context""], ""privacy_categories_explicit"": [""quasi_identifier"", ""organisational_context""], ""privacy_usages"": [""clinical_research""], ""privacy_erasures"": [""delete_on_request"", ""retention_5y""], ""privacy_roles"": [""CL"", ""AU"", ""DPO""], ""privacy_annotation_sources"": [""manual""]}"
"DataCellArtifact|D6_EnrichedEpisodeData::record::3::cell::diag","DataCellArtifact","D6_EnrichedEpisodeData::record::3::cell::diag","{""key"": ""D6_EnrichedEpisodeData::record::3::cell::diag"", ""record_id"": ""3"", ""dataset_id"": ""D6_EnrichedEpisodeData"", ""attribute"": ""diag"", ""value"": ""ASD"", ""dtype"": ""str"", ""artifact_kind"": ""DataCellArtifact"", ""privacy_categories"": [""health"", ""sensitive_personal_data""], ""privacy_categories_explicit"": [""health"", ""sensitive_personal_data""], ""privacy_usages"": [""clinical_research""], ""privacy_erasures"": [""delete_on_request"", ""retention_5y""], ""privacy_roles"": [""CL"", ""AU"", ""DPO""], ""privacy_annotation_sources"": [""manual""]}"
"Step|S5_normalise","Step","S5_normalise","{""key"": ""S5_normalise"", ""name"": ""S5_normalise"", ""phase"": ""LearningPreparation"", ""operator"": ""TR"", ""policy_id"": ""S5_normalise_policy"", ""function"": ""__main__.normalise"", ""operation_policy_id"": ""S5_normalise_policy"", ""contributorGranularity"": ""cell"", ""selectedAttributes"": [], ""removedAttributes"": [], ""features"": [], ""target"": null}"
"Step|S6_select_modelling_features","Step","S6_select_modelling_features","{""key"": ""S6_select_modelling_features"", ""name"": ""S6_select_modelling_features"", ""phase"": ""LearningPreparation"", ""operator"": ""RED"", ""policy_id"": ""S6_select_modelling_features_policy"", ""function"": ""__main__.select_features"", ""operation_policy_id"": ""S6_select_modelling_features_policy"", ""contributorGranularity"": ""cell"", ""selectedAttributes"": [""HR_norm"", ""EDA_norm"", ""ACC_norm"", ""chall_behav"", ""sev"", ""age_grp"", ""sex""], ""removedAttributes"": [""Id"", ""window_start"", ""clinic_site"", ""diag""], ""features"": [], ""target"": null}"
"Step|S7_split_train_test","Step","S7_split_train_test","{""key"": ""S7_split_train_test"", ""name"": ""S7_split_train_test"", ""phase"": ""LearningPreparation"", ""operator"": ""RED"", ""policy_id"": ""S7_split_train_test_policy"", ""function"": ""__main__.split_train_test"", ""operation_policy_id"": ""S7_split_train_test_policy"", ""contributorGranularity"": ""record"", ""selectedAttributes"": [], ""removedAttributes"": [], ""features"": [], ""target"": null}"
"Step|S8_train_classifier","Step","S8_train_classifier","{""key"": ""S8_train_classifier"", ""name"": ""S8_train_classifier"", ""phase"": ""Learning"", ""operator"": ""LEARN"", ""policy_id"": ""S8_train_classifier_policy"", ""function"": ""__main__.train_classifier"", ""operation_policy_id"": ""S8_train_classifier_policy"", ""contributorGranularity"": ""record_and_attribute"", ""selectedAttributes"": [], ""removedAttributes"": [], ""features"": [""HR_norm"", ""EDA_norm"", ""ACC_norm"", ""age_grp"", ""sex""], ""target"": ""chall_behav""}"
"StepRun|asd_run_001::001::S5_normalise","StepRun","asd_run_001::001::S5_normalise","{""key"": ""asd_run_001::001::S5_normalise"", ""step_id"": ""S5_normalise"", ""phase"": ""LearningPreparation"", ""framework"": ""python"", ""operatorType"": ""TR"", ""policy_id"": ""S5_normalise_policy"", ""input_artifacts"": [""D6_EnrichedEpisodeData""], ""output_artifacts"": [""D7_NormalizedEpisodeData""], ""duration_seconds"": 0.001976490020751953, ""status"": ""success"", ""operation_policy_id"": ""S5_normalise_policy"", ""contributorGranularity"": ""cell""}"
"DatasetArtifact|D7_NormalizedEpisodeData","DatasetArtifact","D7_NormalizedEpisodeData","{""key"": ""D7_NormalizedEpisodeData"", ""name"": ""D7_NormalizedEpisodeData"", ""role"": ""normalised"", ""source"": ""step:S5_normalise"", ""n_rows"": 4, ""n_cols"": 11, ""columns"": [""Id"", ""window_start"", ""HR_norm"", ""EDA_norm"", ""ACC_norm"", ""chall_behav"", ""sev"", ""age_grp"", ""sex"", ""clinic_site"", ""diag""], ""record_id_col"": null, ""artifact_kind"": ""DatasetArtifact"", ""privacy_categories"": [""direct_identifier"", ""temporal_quasi_identifier"", ""quasi_identifier"", ""biometric"", ""health"", ""behavioural_sensor_data"", ""behavioural_sensitive"", ""organisational_context"", ""reidentification_risk"", ""sensitive_personal_data"", ""identifier""], ""privacy_categories_explicit"": [""direct_identifier"", ""temporal_quasi_identifier"", ""quasi_identifier"", ""biometric"", ""health"", ""behavioural_sensor_data"", ""behavioural_sensitive"", ""organisational_context"", ""reidentification_risk"", ""sensitive_personal_data""], ""privacy_usages"": [""clinical_research""], ""privacy_erasures"": [""delete_on_request"", ""retention_5y""], ""privacy_roles"": [""CL"", ""DPO""], ""privacy_annotation_sources"": [""propagated:TR""]}"
"DataRecordArtifact|D7_NormalizedEpisodeData::record::0","DataRecordArtifact","D7_NormalizedEpisodeData::record::0","{""key"": ""D7_NormalizedEpisodeData::record::0"", ""record_id"": ""0"", ""dataset_id"": ""D7_NormalizedEpisodeData"", ""artifact_kind"": ""DataRecordArtifact"", ""privacy_categories"": [""direct_identifier"", ""temporal_quasi_identifier"", ""biometric"", ""health"", ""behavioural_sensor_data"", ""behavioural_sensitive"", ""quasi_identifier"", ""organisational_context"", ""sensitive_personal_data"", ""identifier""], ""privacy_categories_explicit"": [""direct_identifier"", ""temporal_quasi_identifier"", ""biometric"", ""health"", ""behavioural_sensor_data"", ""behavioural_sensitive"", ""quasi_identifier"", ""organisational_context"", ""sensitive_personal_data""], ""privacy_usages"": [""clinical_research""], ""privacy_erasures"": [""delete_on_request"", ""retention_5y""], ""privacy_roles"": [""CL"", ""DPO""], ""privacy_annotation_sources"": [""propagated:TR""]}"
"DataCellArtifact|D7_NormalizedEpisodeData::record::0::cell::Id","DataCellArtifact","D7_NormalizedEpisodeData::record::0::cell::Id","{""key"": ""D7_NormalizedEpisodeData::record::0::cell::Id"", ""record_id"": ""0"", ""dataset_id"": ""D7_NormalizedEpisodeData"", ""attribute"": ""Id"", ""value"": ""C001"", ""dtype"": ""str"", ""artifact_kind"": ""DataCellArtifact"", ""privacy_categories"": [""direct_identifier"", ""identifier""], ""privacy_categories_explicit"": [""direct_identifier""], ""privacy_usages"": [""clinical_research""], ""privacy_erasures"": [""delete_on_request"", ""retention_5y""], ""privacy_roles"": [""CL"", ""DPO""], ""privacy_annotation_sources"": [""propagated:TR""]}"
"DataCellArtifact|D7_NormalizedEpisodeData::record::0::cell::window_start","DataCellArtifact","D7_NormalizedEpisodeData::record::0::cell::window_start","{""key"": ""D7_NormalizedEpisodeData::record::0::cell::window_start"", ""record_id"": ""0"", ""dataset_id"": ""D7_NormalizedEpisodeData"", ""attribute"": ""window_start"", ""value"": ""09:00:00"", ""dtype"": ""str"", ""artifact_kind"": ""DataCellArtifact"", ""privacy_categories"": [""temporal_quasi_identifier"", ""quasi_identifier""], ""privacy_categories_explicit"": [""temporal_quasi_identifier""], ""privacy_usages"": [""clinical_research""], ""privacy_erasures"": [""delete_on_request"", ""retention_5y""], ""privacy_roles"": [""AU"", ""CL"", ""DPO"", ""DS""], ""privacy_annotation_sources"": [""propagated:TR""]}"
"DataCellArtifact|D7_NormalizedEpisodeData::record::0::cell::HR_norm","DataCellArtifact","D7_NormalizedEpisodeData::record::0::cell::HR_norm","{""key"": ""D7_NormalizedEpisodeData::record::0::cell::HR_norm"", ""record_id"": ""0"", ""dataset_id"": ""D7_NormalizedEpisodeData"", ""attribute"": ""HR_norm"", ""value"": 0.8842105263157893, ""dtype"": ""float64"", ""artifact_kind"": ""DataCellArtifact"", ""privacy_categories"": [""biometric"", ""health"", ""sensitive_personal_data""], ""privacy_categories_explicit"": [""biometric"", ""health""], ""privacy_usages"": [""clinical_research""], ""privacy_erasures"": [""delete_on_request"", ""retention_5y""], ""privacy_roles"": [""AU"", ""CL"", ""DPO"", ""DS""], ""privacy_annotation_sources"": [""propagated:TR""]}"
"DataCellArtifact|D7_NormalizedEpisodeData::record::0::cell::EDA_norm","DataCellArtifact","D7_NormalizedEpisodeData::record::0::cell::EDA_norm","{""key"": ""D7_NormalizedEpisodeData::record::0::cell::EDA_norm"", ""record_id"": ""0"", ""dataset_id"": ""D7_NormalizedEpisodeData"", ""attribute"": ""EDA_norm"", ""value"": 0.8928571428571429, ""dtype"": ""float64"", ""artifact_kind"": ""DataCellArtifact"", ""privacy_categories"": [""biometric"", ""health"", ""sensitive_personal_data""], ""privacy_categories_explicit"": [""biometric"", ""health""], ""privacy_usages"": [""clinical_research""], ""privacy_erasures"": [""delete_on_request"", ""retention_5y""], ""privacy_roles"": [""AU"", ""CL"", ""DPO"", ""DS""], ""privacy_annotation_sources"": [""propagated:TR""]}"
"DataCellArtifact|D7_NormalizedEpisodeData::record::0::cell::ACC_norm","DataCellArtifact","D7_NormalizedEpisodeData::record::0::cell::ACC_norm","{""key"": ""D7_NormalizedEpisodeData::record::0::cell::ACC_norm"", ""record_id"": ""0"", ""dataset_id"": ""D7_NormalizedEpisodeData"", ""attribute"": ""ACC_norm"", ""value"": 0.5000000000000001, ""dtype"": ""float64"", ""artifact_kind"": ""DataCellArtifact"", ""privacy_categories"": [""behavioural_sensor_data""], ""privacy_categories_explicit"": [""behavioural_sensor_data""], ""privacy_usages"": [""clinical_research""], ""privacy_erasures"": [""delete_on_request"", ""retention_5y""], ""privacy_roles"": [""AU"", ""CL"", ""DPO"", ""DS""], ""privacy_annotation_sources"": [""propagated:TR""]}"
"DataCellArtifact|D7_NormalizedEpisodeData::record::0::cell::chall_behav","DataCellArtifact","D7_NormalizedEpisodeData::record::0::cell::chall_behav","{""key"": ""D7_NormalizedEpisodeData::record::0::cell::chall_behav"", ""record_id"": ""0"", ""dataset_id"": ""D7_NormalizedEpisodeData"", ""attribute"": ""chall_behav"", ""value"": ""yes"", ""dtype"": ""str"", ""artifact_kind"": ""DataCellArtifact"", ""privacy_categories"": [""health"", ""behavioural_sensitive"", ""sensitive_personal_data""], ""privacy_categories_explicit"": [""health"", ""behavioural_sensitive""], ""privacy_usages"": [""clinical_research""], ""privacy_erasures"": [""delete_on_request"", ""retention_5y""], ""privacy_roles"": [""AU"", ""CL"", ""DPO"", ""DS""], ""privacy_annotation_sources"": [""propagated:TR""]}"
"DataCellArtifact|D7_NormalizedEpisodeData::record::0::cell::sev","DataCellArtifact","D7_NormalizedEpisodeData::record::0::cell::sev","{""key"": ""D7_NormalizedEpisodeData::record::0::cell::sev"", ""record_id"": ""0"", ""dataset_id"": ""D7_NormalizedEpisodeData"", ""attribute"": ""sev"", ""value"": 4, ""dtype"": ""int64"", ""artifact_kind"": ""DataCellArtifact"", ""privacy_categories"": [""health"", ""behavioural_sensitive"", ""sensitive_personal_data""], ""privacy_categories_explicit"": [""health"", ""behavioural_sensitive""], ""privacy_usages"": [""clinical_research""], ""privacy_erasures"": [""delete_on_request"", ""retention_5y""], ""privacy_roles"": [""AU"", ""CL"", ""DPO"", ""DS""], ""privacy_annotation_sources"": [""propagated:TR""]}"
"DataCellArtifact|D7_NormalizedEpisodeData::record::0::cell::age_grp","DataCellArtifact","D7_NormalizedEpisodeData::record::0::cell::age_grp","{""key"": ""D7_NormalizedEpisodeData::record::0::cell::age_grp"", ""record_id"": ""0"", ""dataset_id"": ""D7_NormalizedEpisodeData"", ""attribute"": ""age_grp"", ""value"": ""6-8"", ""dtype"": ""str"", ""artifact_kind"": ""DataCellArtifact"", ""privacy_categories"": [""quasi_identifier""], ""privacy_categories_explicit"": [""quasi_identifier""], ""privacy_usages"": [""clinical_research""], ""privacy_erasures"": [""delete_on_request"", ""retention_5y""], ""privacy_roles"": [""AU"", ""CL"", ""DPO"", ""DS""], ""privacy_annotation_sources"": [""propagated:TR""]}"
"DataCellArtifact|D7_NormalizedEpisodeData::record::0::cell::sex","DataCellArtifact","D7_NormalizedEpisodeData::record::0::cell::sex","{""key"": ""D7_NormalizedEpisodeData::record::0::cell::sex"", ""record_id"": ""0"", ""dataset_id"": ""D7_NormalizedEpisodeData"", ""attribute"": ""sex"", ""value"": ""M"", ""dtype"": ""str"", ""artifact_kind"": ""DataCellArtifact"", ""privacy_categories"": [""quasi_identifier""], ""privacy_categories_explicit"": [""quasi_identifier""], ""privacy_usages"": [""clinical_research""], ""privacy_erasures"": [""delete_on_request"", ""retention_5y""], ""privacy_roles"": [""AU"", ""CL"", ""DPO"", ""DS""], ""privacy_annotation_sources"": [""propagated:TR""]}"
"DataCellArtifact|D7_NormalizedEpisodeData::record::0::cell::clinic_site","DataCellArtifact","D7_NormalizedEpisodeData::record::0::cell::clinic_site","{""key"": ""D7_NormalizedEpisodeData::record::0::cell::clinic_site"", ""record_id"": ""0"", ""dataset_id"": ""D7_NormalizedEpisodeData"", ""attribute"": ""clinic_site"", ""value"": ""SiteA"", ""dtype"": ""str"", ""artifact_kind"": ""DataCellArtifact"", ""privacy_categories"": [""quasi_identifier"", ""organisational_context""], ""privacy_categories_explicit"": [""quasi_identifier"", ""organisational_context""], ""privacy_usages"": [""clinical_research""], ""privacy_erasures"": [""delete_on_request"", ""retention_5y""], ""privacy_roles"": [""AU"", ""CL"", ""DPO""], ""privacy_annotation_sources"": [""propagated:TR""]}"
"DataCellArtifact|D7_NormalizedEpisodeData::record::0::cell::diag","DataCellArtifact","D7_NormalizedEpisodeData::record::0::cell::diag","{""key"": ""D7_NormalizedEpisodeData::record::0::cell::diag"", ""record_id"": ""0"", ""dataset_id"": ""D7_NormalizedEpisodeData"", ""attribute"": ""diag"", ""value"": ""ASD"", ""dtype"": ""str"", ""artifact_kind"": ""DataCellArtifact"", ""privacy_categories"": [""health"", ""sensitive_personal_data""], ""privacy_categories_explicit"": [""health"", ""sensitive_personal_data""], ""privacy_usages"": [""clinical_research""], ""privacy_erasures"": [""delete_on_request"", ""retention_5y""], ""privacy_roles"": [""AU"", ""CL"", ""DPO""], ""privacy_annotation_sources"": [""propagated:TR""]}"
"DataRecordArtifact|D7_NormalizedEpisodeData::record::1","DataRecordArtifact","D7_NormalizedEpisodeData::record::1","{""key"": ""D7_NormalizedEpisodeData::record::1"", ""record_id"": ""1"", ""dataset_id"": ""D7_NormalizedEpisodeData"", ""artifact_kind"": ""DataRecordArtifact"", ""privacy_categories"": [""direct_identifier"", ""temporal_quasi_identifier"", ""biometric"", ""health"", ""behavioural_sensor_data"", ""behavioural_sensitive"", ""quasi_identifier"", ""organisational_context"", ""sensitive_personal_data"", ""identifier""], ""privacy_categories_explicit"": [""direct_identifier"", ""temporal_quasi_identifier"", ""biometric"", ""health"", ""behavioural_sensor_data"", ""behavioural_sensitive"", ""quasi_identifier"", ""organisational_context"", ""sensitive_personal_data""], ""privacy_usages"": [""clinical_research""], ""privacy_erasures"": [""delete_on_request"", ""retention_5y""], ""privacy_roles"": [""CL"", ""DPO""], ""privacy_annotation_sources"": [""propagated:TR""]}"
"DataCellArtifact|D7_NormalizedEpisodeData::record::1::cell::Id","DataCellArtifact","D7_NormalizedEpisodeData::record::1::cell::Id","{""key"": ""D7_NormalizedEpisodeData::record::1::cell::Id"", ""record_id"": ""1"", ""dataset_id"": ""D7_NormalizedEpisodeData"", ""attribute"": ""Id"", ""value"": ""C001"", ""dtype"": ""str"", ""artifact_kind"": ""DataCellArtifact"", ""privacy_categories"": [""direct_identifier"", ""identifier""], ""privacy_categories_explicit"": [""direct_identifier""], ""privacy_usages"": [""clinical_research""], ""privacy_erasures"": [""delete_on_request"", ""retention_5y""], ""privacy_roles"": [""CL"", ""DPO""], ""privacy_annotation_sources"": [""propagated:TR""]}"
"DataCellArtifact|D7_NormalizedEpisodeData::record::1::cell::window_start","DataCellArtifact","D7_NormalizedEpisodeData::record::1::cell::window_start","{""key"": ""D7_NormalizedEpisodeData::record::1::cell::window_start"", ""record_id"": ""1"", ""dataset_id"": ""D7_NormalizedEpisodeData"", ""attribute"": ""window_start"", ""value"": ""09:00:30"", ""dtype"": ""str"", ""artifact_kind"": ""DataCellArtifact"", ""privacy_categories"": [""temporal_quasi_identifier"", ""quasi_identifier""], ""privacy_categories_explicit"": [""temporal_quasi_identifier""], ""privacy_usages"": [""clinical_research""], ""privacy_erasures"": [""delete_on_request"", ""retention_5y""], ""privacy_roles"": [""AU"", ""CL"", ""DPO"", ""DS""], ""privacy_annotation_sources"": [""propagated:TR""]}"
"DataCellArtifact|D7_NormalizedEpisodeData::record::1::cell::HR_norm","DataCellArtifact","D7_NormalizedEpisodeData::record::1::cell::HR_norm","{""key"": ""D7_NormalizedEpisodeData::record::1::cell::HR_norm"", ""record_id"": ""1"", ""dataset_id"": ""D7_NormalizedEpisodeData"", ""attribute"": ""HR_norm"", ""value"": 1.0, ""dtype"": ""float64"", ""artifact_kind"": ""DataCellArtifact"", ""privacy_categories"": [""biometric"", ""health"", ""sensitive_personal_data""], ""privacy_categories_explicit"": [""biometric"", ""health""], ""privacy_usages"": [""clinical_research""], ""privacy_erasures"": [""delete_on_request"", ""retention_5y""], ""privacy_roles"": [""AU"", ""CL"", ""DPO"", ""DS""], ""privacy_annotation_sources"": [""propagated:TR""]}"
"DataCellArtifact|D7_NormalizedEpisodeData::record::1::cell::EDA_norm","DataCellArtifact","D7_NormalizedEpisodeData::record::1::cell::EDA_norm","{""key"": ""D7_NormalizedEpisodeData::record::1::cell::EDA_norm"", ""record_id"": ""1"", ""dataset_id"": ""D7_NormalizedEpisodeData"", ""attribute"": ""EDA_norm"", ""value"": 1.0, ""dtype"": ""float64"", ""artifact_kind"": ""DataCellArtifact"", ""privacy_categories"": [""biometric"", ""health"", ""sensitive_personal_data""], ""privacy_categories_explicit"": [""biometric"", ""health""], ""privacy_usages"": [""clinical_research""], ""privacy_erasures"": [""delete_on_request"", ""retention_5y""], ""privacy_roles"": [""AU"", ""CL"", ""DPO"", ""DS""], ""privacy_annotation_sources"": [""propagated:TR""]}"
"DataCellArtifact|D7_NormalizedEpisodeData::record::1::cell::ACC_norm","DataCellArtifact","D7_NormalizedEpisodeData::record::1::cell::ACC_norm","{""key"": ""D7_NormalizedEpisodeData::record::1::cell::ACC_norm"", ""record_id"": ""1"", ""dataset_id"": ""D7_NormalizedEpisodeData"", ""attribute"": ""ACC_norm"", ""value"": 1.0, ""dtype"": ""float64"", ""artifact_kind"": ""DataCellArtifact"", ""privacy_categories"": [""behavioural_sensor_data""], ""privacy_categories_explicit"": [""behavioural_sensor_data""], ""privacy_usages"": [""clinical_research""], ""privacy_erasures"": [""delete_on_request"", ""retention_5y""], ""privacy_roles"": [""AU"", ""CL"", ""DPO"", ""DS""], ""privacy_annotation_sources"": [""propagated:TR""]}"
"DataCellArtifact|D7_NormalizedEpisodeData::record::1::cell::chall_behav","DataCellArtifact","D7_NormalizedEpisodeData::record::1::cell::chall_behav","{""key"": ""D7_NormalizedEpisodeData::record::1::cell::chall_behav"", ""record_id"": ""1"", ""dataset_id"": ""D7_NormalizedEpisodeData"", ""attribute"": ""chall_behav"", ""value"": ""no"", ""dtype"": ""str"", ""artifact_kind"": ""DataCellArtifact"", ""privacy_categories"": [""health"", ""behavioural_sensitive"", ""sensitive_personal_data""], ""privacy_categories_explicit"": [""health"", ""behavioural_sensitive""], ""privacy_usages"": [""clinical_research""], ""privacy_erasures"": [""delete_on_request"", ""retention_5y""], ""privacy_roles"": [""AU"", ""CL"", ""DPO"", ""DS""], ""privacy_annotation_sources"": [""propagated:TR""]}"
"DataCellArtifact|D7_NormalizedEpisodeData::record::1::cell::sev","DataCellArtifact","D7_NormalizedEpisodeData::record::1::cell::sev","{""key"": ""D7_NormalizedEpisodeData::record::1::cell::sev"", ""record_id"": ""1"", ""dataset_id"": ""D7_NormalizedEpisodeData"", ""attribute"": ""sev"", ""value"": 0, ""dtype"": ""int64"", ""artifact_kind"": ""DataCellArtifact"", ""privacy_categories"": [""health"", ""behavioural_sensitive"", ""sensitive_personal_data""], ""privacy_categories_explicit"": [""health"", ""behavioural_sensitive""], ""privacy_usages"": [""clinical_research""], ""privacy_erasures"": [""delete_on_request"", ""retention_5y""], ""privacy_roles"": [""AU"", ""CL"", ""DPO"", ""DS""], ""privacy_annotation_sources"": [""propagated:TR""]}"
"DataCellArtifact|D7_NormalizedEpisodeData::record::1::cell::age_grp","DataCellArtifact","D7_NormalizedEpisodeData::record::1::cell::age_grp","{""key"": ""D7_NormalizedEpisodeData::record::1::cell::age_grp"", ""record_id"": ""1"", ""dataset_id"": ""D7_NormalizedEpisodeData"", ""attribute"": ""age_grp"", ""value"": ""6-8"", ""dtype"": ""str"", ""artifact_kind"": ""DataCellArtifact"", ""privacy_categories"": [""quasi_identifier""], ""privacy_categories_explicit"": [""quasi_identifier""], ""privacy_usages"": [""clinical_research""], ""privacy_erasures"": [""delete_on_request"", ""retention_5y""], ""privacy_roles"": [""AU"", ""CL"", ""DPO"", ""DS""], ""privacy_annotation_sources"": [""propagated:TR""]}"
"DataCellArtifact|D7_NormalizedEpisodeData::record::1::cell::sex","DataCellArtifact","D7_NormalizedEpisodeData::record::1::cell::sex","{""key"": ""D7_NormalizedEpisodeData::record::1::cell::sex"", ""record_id"": ""1"", ""dataset_id"": ""D7_NormalizedEpisodeData"", ""attribute"": ""sex"", ""value"": ""M"", ""dtype"": ""str"", ""artifact_kind"": ""DataCellArtifact"", ""privacy_categories"": [""quasi_identifier""], ""privacy_categories_explicit"": [""quasi_identifier""], ""privacy_usages"": [""clinical_research""], ""privacy_erasures"": [""delete_on_request"", ""retention_5y""], ""privacy_roles"": [""AU"", ""CL"", ""DPO"", ""DS""], ""privacy_annotation_sources"": [""propagated:TR""]}"
"DataCellArtifact|D7_NormalizedEpisodeData::record::1::cell::clinic_site","DataCellArtifact","D7_NormalizedEpisodeData::record::1::cell::clinic_site","{""key"": ""D7_NormalizedEpisodeData::record::1::cell::clinic_site"", ""record_id"": ""1"", ""dataset_id"": ""D7_NormalizedEpisodeData"", ""attribute"": ""clinic_site"", ""value"": ""SiteA"", ""dtype"": ""str"", ""artifact_kind"": ""DataCellArtifact"", ""privacy_categories"": [""quasi_identifier"", ""organisational_context""], ""privacy_categories_explicit"": [""quasi_identifier"", ""organisational_context""], ""privacy_usages"": [""clinical_research""], ""privacy_erasures"": [""delete_on_request"", ""retention_5y""], ""privacy_roles"": [""AU"", ""CL"", ""DPO""], ""privacy_annotation_sources"": [""propagated:TR""]}"
"DataCellArtifact|D7_NormalizedEpisodeData::record::1::cell::diag","DataCellArtifact","D7_NormalizedEpisodeData::record::1::cell::diag","{""key"": ""D7_NormalizedEpisodeData::record::1::cell::diag"", ""record_id"": ""1"", ""dataset_id"": ""D7_NormalizedEpisodeData"", ""attribute"": ""diag"", ""value"": ""ASD"", ""dtype"": ""str"", ""artifact_kind"": ""DataCellArtifact"", ""privacy_categories"": [""health"", ""sensitive_personal_data""], ""privacy_categories_explicit"": [""health"", ""sensitive_personal_data""], ""privacy_usages"": [""clinical_research""], ""privacy_erasures"": [""delete_on_request"", ""retention_5y""], ""privacy_roles"": [""AU"", ""CL"", ""DPO""], ""privacy_annotation_sources"": [""propagated:TR""]}"
"DataRecordArtifact|D7_NormalizedEpisodeData::record::2","DataRecordArtifact","D7_NormalizedEpisodeData::record::2","{""key"": ""D7_NormalizedEpisodeData::record::2"", ""record_id"": ""2"", ""dataset_id"": ""D7_NormalizedEpisodeData"", ""artifact_kind"": ""DataRecordArtifact"", ""privacy_categories"": [""direct_identifier"", ""temporal_quasi_identifier"", ""biometric"", ""health"", ""behavioural_sensor_data"", ""behavioural_sensitive"", ""quasi_identifier"", ""organisational_context"", ""sensitive_personal_data"", ""identifier""], ""privacy_categories_explicit"": [""direct_identifier"", ""temporal_quasi_identifier"", ""biometric"", ""health"", ""behavioural_sensor_data"", ""behavioural_sensitive"", ""quasi_identifier"", ""organisational_context"", ""sensitive_personal_data""], ""privacy_usages"": [""clinical_research""], ""privacy_erasures"": [""delete_on_request"", ""retention_5y""], ""privacy_roles"": [""CL"", ""DPO""], ""privacy_annotation_sources"": [""propagated:TR""]}"
"DataCellArtifact|D7_NormalizedEpisodeData::record::2::cell::Id","DataCellArtifact","D7_NormalizedEpisodeData::record::2::cell::Id","{""key"": ""D7_NormalizedEpisodeData::record::2::cell::Id"", ""record_id"": ""2"", ""dataset_id"": ""D7_NormalizedEpisodeData"", ""attribute"": ""Id"", ""value"": ""C002"", ""dtype"": ""str"", ""artifact_kind"": ""DataCellArtifact"", ""privacy_categories"": [""direct_identifier"", ""identifier""], ""privacy_categories_explicit"": [""direct_identifier""], ""privacy_usages"": [""clinical_research""], ""privacy_erasures"": [""delete_on_request"", ""retention_5y""], ""privacy_roles"": [""CL"", ""DPO""], ""privacy_annotation_sources"": [""propagated:TR""]}"
"DataCellArtifact|D7_NormalizedEpisodeData::record::2::cell::window_start","DataCellArtifact","D7_NormalizedEpisodeData::record::2::cell::window_start","{""key"": ""D7_NormalizedEpisodeData::record::2::cell::window_start"", ""record_id"": ""2"", ""dataset_id"": ""D7_NormalizedEpisodeData"", ""attribute"": ""window_start"", ""value"": ""09:00:00"", ""dtype"": ""str"", ""artifact_kind"": ""DataCellArtifact"", ""privacy_categories"": [""temporal_quasi_identifier"", ""quasi_identifier""], ""privacy_categories_explicit"": [""temporal_quasi_identifier""], ""privacy_usages"": [""clinical_research""], ""privacy_erasures"": [""delete_on_request"", ""retention_5y""], ""privacy_roles"": [""AU"", ""CL"", ""DPO"", ""DS""], ""privacy_annotation_sources"": [""propagated:TR""]}"
"DataCellArtifact|D7_NormalizedEpisodeData::record::2::cell::HR_norm","DataCellArtifact","D7_NormalizedEpisodeData::record::2::cell::HR_norm","{""key"": ""D7_NormalizedEpisodeData::record::2::cell::HR_norm"", ""record_id"": ""2"", ""dataset_id"": ""D7_NormalizedEpisodeData"", ""attribute"": ""HR_norm"", ""value"": 0.0, ""dtype"": ""float64"", ""artifact_kind"": ""DataCellArtifact"", ""privacy_categories"": [""biometric"", ""health"", ""sensitive_personal_data""], ""privacy_categories_explicit"": [""biometric"", ""health""], ""privacy_usages"": [""clinical_research""], ""privacy_erasures"": [""delete_on_request"", ""retention_5y""], ""privacy_roles"": [""AU"", ""CL"", ""DPO"", ""DS""], ""privacy_annotation_sources"": [""propagated:TR""]}"
"DataCellArtifact|D7_NormalizedEpisodeData::record::2::cell::EDA_norm","DataCellArtifact","D7_NormalizedEpisodeData::record::2::cell::EDA_norm","{""key"": ""D7_NormalizedEpisodeData::record::2::cell::EDA_norm"", ""record_id"": ""2"", ""dataset_id"": ""D7_NormalizedEpisodeData"", ""attribute"": ""EDA_norm"", ""value"": 0.0, ""dtype"": ""float64"", ""artifact_kind"": ""DataCellArtifact"", ""privacy_categories"": [""biometric"", ""health"", ""sensitive_personal_data""], ""privacy_categories_explicit"": [""biometric"", ""health""], ""privacy_usages"": [""clinical_research""], ""privacy_erasures"": [""delete_on_request"", ""retention_5y""], ""privacy_roles"": [""AU"", ""CL"", ""DPO"", ""DS""], ""privacy_annotation_sources"": [""propagated:TR""]}"
"DataCellArtifact|D7_NormalizedEpisodeData::record::2::cell::ACC_norm","DataCellArtifact","D7_NormalizedEpisodeData::record::2::cell::ACC_norm","{""key"": ""D7_NormalizedEpisodeData::record::2::cell::ACC_norm"", ""record_id"": ""2"", ""dataset_id"": ""D7_NormalizedEpisodeData"", ""attribute"": ""ACC_norm"", ""value"": 0.0, ""dtype"": ""float64"", ""artifact_kind"": ""DataCellArtifact"", ""privacy_categories"": [""behavioural_sensor_data""], ""privacy_categories_explicit"": [""behavioural_sensor_data""], ""privacy_usages"": [""clinical_research""], ""privacy_erasures"": [""delete_on_request"", ""retention_5y""], ""privacy_roles"": [""AU"", ""CL"", ""DPO"", ""DS""], ""privacy_annotation_sources"": [""propagated:TR""]}"
"DataCellArtifact|D7_NormalizedEpisodeData::record::2::cell::chall_behav","DataCellArtifact","D7_NormalizedEpisodeData::record::2::cell::chall_behav","{""key"": ""D7_NormalizedEpisodeData::record::2::cell::chall_behav"", ""record_id"": ""2"", ""dataset_id"": ""D7_NormalizedEpisodeData"", ""attribute"": ""chall_behav"", ""value"": ""no"", ""dtype"": ""str"", ""artifact_kind"": ""DataCellArtifact"", ""privacy_categories"": [""health"", ""behavioural_sensitive"", ""sensitive_personal_data""], ""privacy_categories_explicit"": [""health"", ""behavioural_sensitive""], ""privacy_usages"": [""clinical_research""], ""privacy_erasures"": [""delete_on_request"", ""retention_5y""], ""privacy_roles"": [""AU"", ""CL"", ""DPO"", ""DS""], ""privacy_annotation_sources"": [""propagated:TR""]}"
"DataCellArtifact|D7_NormalizedEpisodeData::record::2::cell::sev","DataCellArtifact","D7_NormalizedEpisodeData::record::2::cell::sev","{""key"": ""D7_NormalizedEpisodeData::record::2::cell::sev"", ""record_id"": ""2"", ""dataset_id"": ""D7_NormalizedEpisodeData"", ""attribute"": ""sev"", ""value"": 0, ""dtype"": ""int64"", ""artifact_kind"": ""DataCellArtifact"", ""privacy_categories"": [""health"", ""behavioural_sensitive"", ""sensitive_personal_data""], ""privacy_categories_explicit"": [""health"", ""behavioural_sensitive""], ""privacy_usages"": [""clinical_research""], ""privacy_erasures"": [""delete_on_request"", ""retention_5y""], ""privacy_roles"": [""AU"", ""CL"", ""DPO"", ""DS""], ""privacy_annotation_sources"": [""propagated:TR""]}"
"DataCellArtifact|D7_NormalizedEpisodeData::record::2::cell::age_grp","DataCellArtifact","D7_NormalizedEpisodeData::record::2::cell::age_grp","{""key"": ""D7_NormalizedEpisodeData::record::2::cell::age_grp"", ""record_id"": ""2"", ""dataset_id"": ""D7_NormalizedEpisodeData"", ""attribute"": ""age_grp"", ""value"": ""9-11"", ""dtype"": ""str"", ""artifact_kind"": ""DataCellArtifact"", ""privacy_categories"": [""quasi_identifier""], ""privacy_categories_explicit"": [""quasi_identifier""], ""privacy_usages"": [""clinical_research""], ""privacy_erasures"": [""delete_on_request"", ""retention_5y""], ""privacy_roles"": [""AU"", ""CL"", ""DPO"", ""DS""], ""privacy_annotation_sources"": [""propagated:TR""]}"
"DataCellArtifact|D7_NormalizedEpisodeData::record::2::cell::sex","DataCellArtifact","D7_NormalizedEpisodeData::record::2::cell::sex","{""key"": ""D7_NormalizedEpisodeData::record::2::cell::sex"", ""record_id"": ""2"", ""dataset_id"": ""D7_NormalizedEpisodeData"", ""attribute"": ""sex"", ""value"": ""F"", ""dtype"": ""str"", ""artifact_kind"": ""DataCellArtifact"", ""privacy_categories"": [""quasi_identifier""], ""privacy_categories_explicit"": [""quasi_identifier""], ""privacy_usages"": [""clinical_research""], ""privacy_erasures"": [""delete_on_request"", ""retention_5y""], ""privacy_roles"": [""AU"", ""CL"", ""DPO"", ""DS""], ""privacy_annotation_sources"": [""propagated:TR""]}"
"DataCellArtifact|D7_NormalizedEpisodeData::record::2::cell::clinic_site","DataCellArtifact","D7_NormalizedEpisodeData::record::2::cell::clinic_site","{""key"": ""D7_NormalizedEpisodeData::record::2::cell::clinic_site"", ""record_id"": ""2"", ""dataset_id"": ""D7_NormalizedEpisodeData"", ""attribute"": ""clinic_site"", ""value"": ""SiteB"", ""dtype"": ""str"", ""artifact_kind"": ""DataCellArtifact"", ""privacy_categories"": [""quasi_identifier"", ""organisational_context""], ""privacy_categories_explicit"": [""quasi_identifier"", ""organisational_context""], ""privacy_usages"": [""clinical_research""], ""privacy_erasures"": [""delete_on_request"", ""retention_5y""], ""privacy_roles"": [""AU"", ""CL"", ""DPO""], ""privacy_annotation_sources"": [""propagated:TR""]}"
"DataCellArtifact|D7_NormalizedEpisodeData::record::2::cell::diag","DataCellArtifact","D7_NormalizedEpisodeData::record::2::cell::diag","{""key"": ""D7_NormalizedEpisodeData::record::2::cell::diag"", ""record_id"": ""2"", ""dataset_id"": ""D7_NormalizedEpisodeData"", ""attribute"": ""diag"", ""value"": ""ASD"", ""dtype"": ""str"", ""artifact_kind"": ""DataCellArtifact"", ""privacy_categories"": [""health"", ""sensitive_personal_data""], ""privacy_categories_explicit"": [""health"", ""sensitive_personal_data""], ""privacy_usages"": [""clinical_research""], ""privacy_erasures"": [""delete_on_request"", ""retention_5y""], ""privacy_roles"": [""AU"", ""CL"", ""DPO""], ""privacy_annotation_sources"": [""propagated:TR""]}"
"DataRecordArtifact|D7_NormalizedEpisodeData::record::3","DataRecordArtifact","D7_NormalizedEpisodeData::record::3","{""key"": ""D7_NormalizedEpisodeData::record::3"", ""record_id"": ""3"", ""dataset_id"": ""D7_NormalizedEpisodeData"", ""artifact_kind"": ""DataRecordArtifact"", ""privacy_categories"": [""direct_identifier"", ""temporal_quasi_identifier"", ""biometric"", ""health"", ""behavioural_sensor_data"", ""behavioural_sensitive"", ""quasi_identifier"", ""organisational_context"", ""sensitive_personal_data"", ""identifier""], ""privacy_categories_explicit"": [""direct_identifier"", ""temporal_quasi_identifier"", ""biometric"", ""health"", ""behavioural_sensor_data"", ""behavioural_sensitive"", ""quasi_identifier"", ""organisational_context"", ""sensitive_personal_data""], ""privacy_usages"": [""clinical_research""], ""privacy_erasures"": [""delete_on_request"", ""retention_5y""], ""privacy_roles"": [""CL"", ""DPO""], ""privacy_annotation_sources"": [""propagated:TR""]}"
"DataCellArtifact|D7_NormalizedEpisodeData::record::3::cell::Id","DataCellArtifact","D7_NormalizedEpisodeData::record::3::cell::Id","{""key"": ""D7_NormalizedEpisodeData::record::3::cell::Id"", ""record_id"": ""3"", ""dataset_id"": ""D7_NormalizedEpisodeData"", ""attribute"": ""Id"", ""value"": ""C002"", ""dtype"": ""str"", ""artifact_kind"": ""DataCellArtifact"", ""privacy_categories"": [""direct_identifier"", ""identifier""], ""privacy_categories_explicit"": [""direct_identifier""], ""privacy_usages"": [""clinical_research""], ""privacy_erasures"": [""delete_on_request"", ""retention_5y""], ""privacy_roles"": [""CL"", ""DPO""], ""privacy_annotation_sources"": [""propagated:TR""]}"
"DataCellArtifact|D7_NormalizedEpisodeData::record::3::cell::window_start","DataCellArtifact","D7_NormalizedEpisodeData::record::3::cell::window_start","{""key"": ""D7_NormalizedEpisodeData::record::3::cell::window_start"", ""record_id"": ""3"", ""dataset_id"": ""D7_NormalizedEpisodeData"", ""attribute"": ""window_start"", ""value"": ""09:00:30"", ""dtype"": ""str"", ""artifact_kind"": ""DataCellArtifact"", ""privacy_categories"": [""temporal_quasi_identifier"", ""quasi_identifier""], ""privacy_categories_explicit"": [""temporal_quasi_identifier""], ""privacy_usages"": [""clinical_research""], ""privacy_erasures"": [""delete_on_request"", ""retention_5y""], ""privacy_roles"": [""AU"", ""CL"", ""DPO"", ""DS""], ""privacy_annotation_sources"": [""propagated:TR""]}"
"DataCellArtifact|D7_NormalizedEpisodeData::record::3::cell::HR_norm","DataCellArtifact","D7_NormalizedEpisodeData::record::3::cell::HR_norm","{""key"": ""D7_NormalizedEpisodeData::record::3::cell::HR_norm"", ""record_id"": ""3"", ""dataset_id"": ""D7_NormalizedEpisodeData"", ""attribute"": ""HR_norm"", ""value"": 0.02631578947368421, ""dtype"": ""float64"", ""artifact_kind"": ""DataCellArtifact"", ""privacy_categories"": [""biometric"", ""health"", ""sensitive_personal_data""], ""privacy_categories_explicit"": [""biometric"", ""health""], ""privacy_usages"": [""clinical_research""], ""privacy_erasures"": [""delete_on_request"", ""retention_5y""], ""privacy_roles"": [""AU"", ""CL"", ""DPO"", ""DS""], ""privacy_annotation_sources"": [""propagated:TR""]}"
"DataCellArtifact|D7_NormalizedEpisodeData::record::3::cell::EDA_norm","DataCellArtifact","D7_NormalizedEpisodeData::record::3::cell::EDA_norm","{""key"": ""D7_NormalizedEpisodeData::record::3::cell::EDA_norm"", ""record_id"": ""3"", ""dataset_id"": ""D7_NormalizedEpisodeData"", ""attribute"": ""EDA_norm"", ""value"": 0.03571428571428567, ""dtype"": ""float64"", ""artifact_kind"": ""DataCellArtifact"", ""privacy_categories"": [""biometric"", ""health"", ""sensitive_personal_data""], ""privacy_categories_explicit"": [""biometric"", ""health""], ""privacy_usages"": [""clinical_research""], ""privacy_erasures"": [""delete_on_request"", ""retention_5y""], ""privacy_roles"": [""AU"", ""CL"", ""DPO"", ""DS""], ""privacy_annotation_sources"": [""propagated:TR""]}"
"DataCellArtifact|D7_NormalizedEpisodeData::record::3::cell::ACC_norm","DataCellArtifact","D7_NormalizedEpisodeData::record::3::cell::ACC_norm","{""key"": ""D7_NormalizedEpisodeData::record::3::cell::ACC_norm"", ""record_id"": ""3"", ""dataset_id"": ""D7_NormalizedEpisodeData"", ""attribute"": ""ACC_norm"", ""value"": 0.05555555555555546, ""dtype"": ""float64"", ""artifact_kind"": ""DataCellArtifact"", ""privacy_categories"": [""behavioural_sensor_data""], ""privacy_categories_explicit"": [""behavioural_sensor_data""], ""privacy_usages"": [""clinical_research""], ""privacy_erasures"": [""delete_on_request"", ""retention_5y""], ""privacy_roles"": [""AU"", ""CL"", ""DPO"", ""DS""], ""privacy_annotation_sources"": [""propagated:TR""]}"
"DataCellArtifact|D7_NormalizedEpisodeData::record::3::cell::chall_behav","DataCellArtifact","D7_NormalizedEpisodeData::record::3::cell::chall_behav","{""key"": ""D7_NormalizedEpisodeData::record::3::cell::chall_behav"", ""record_id"": ""3"", ""dataset_id"": ""D7_NormalizedEpisodeData"", ""attribute"": ""chall_behav"", ""value"": ""yes"", ""dtype"": ""str"", ""artifact_kind"": ""DataCellArtifact"", ""privacy_categories"": [""health"", ""behavioural_sensitive"", ""sensitive_personal_data""], ""privacy_categories_explicit"": [""health"", ""behavioural_sensitive""], ""privacy_usages"": [""clinical_research""], ""privacy_erasures"": [""delete_on_request"", ""retention_5y""], ""privacy_roles"": [""AU"", ""CL"", ""DPO"", ""DS""], ""privacy_annotation_sources"": [""propagated:TR""]}"
"DataCellArtifact|D7_NormalizedEpisodeData::record::3::cell::sev","DataCellArtifact","D7_NormalizedEpisodeData::record::3::cell::sev","{""key"": ""D7_NormalizedEpisodeData::record::3::cell::sev"", ""record_id"": ""3"", ""dataset_id"": ""D7_NormalizedEpisodeData"", ""attribute"": ""sev"", ""value"": 3, ""dtype"": ""int64"", ""artifact_kind"": ""DataCellArtifact"", ""privacy_categories"": [""health"", ""behavioural_sensitive"", ""sensitive_personal_data""], ""privacy_categories_explicit"": [""health"", ""behavioural_sensitive""], ""privacy_usages"": [""clinical_research""], ""privacy_erasures"": [""delete_on_request"", ""retention_5y""], ""privacy_roles"": [""AU"", ""CL"", ""DPO"", ""DS""], ""privacy_annotation_sources"": [""propagated:TR""]}"
"DataCellArtifact|D7_NormalizedEpisodeData::record::3::cell::age_grp","DataCellArtifact","D7_NormalizedEpisodeData::record::3::cell::age_grp","{""key"": ""D7_NormalizedEpisodeData::record::3::cell::age_grp"", ""record_id"": ""3"", ""dataset_id"": ""D7_NormalizedEpisodeData"", ""attribute"": ""age_grp"", ""value"": ""9-11"", ""dtype"": ""str"", ""artifact_kind"": ""DataCellArtifact"", ""privacy_categories"": [""quasi_identifier""], ""privacy_categories_explicit"": [""quasi_identifier""], ""privacy_usages"": [""clinical_research""], ""privacy_erasures"": [""delete_on_request"", ""retention_5y""], ""privacy_roles"": [""AU"", ""CL"", ""DPO"", ""DS""], ""privacy_annotation_sources"": [""propagated:TR""]}"
"DataCellArtifact|D7_NormalizedEpisodeData::record::3::cell::sex","DataCellArtifact","D7_NormalizedEpisodeData::record::3::cell::sex","{""key"": ""D7_NormalizedEpisodeData::record::3::cell::sex"", ""record_id"": ""3"", ""dataset_id"": ""D7_NormalizedEpisodeData"", ""attribute"": ""sex"", ""value"": ""F"", ""dtype"": ""str"", ""artifact_kind"": ""DataCellArtifact"", ""privacy_categories"": [""quasi_identifier""], ""privacy_categories_explicit"": [""quasi_identifier""], ""privacy_usages"": [""clinical_research""], ""privacy_erasures"": [""delete_on_request"", ""retention_5y""], ""privacy_roles"": [""AU"", ""CL"", ""DPO"", ""DS""], ""privacy_annotation_sources"": [""propagated:TR""]}"
"DataCellArtifact|D7_NormalizedEpisodeData::record::3::cell::clinic_site","DataCellArtifact","D7_NormalizedEpisodeData::record::3::cell::clinic_site","{""key"": ""D7_NormalizedEpisodeData::record::3::cell::clinic_site"", ""record_id"": ""3"", ""dataset_id"": ""D7_NormalizedEpisodeData"", ""attribute"": ""clinic_site"", ""value"": ""SiteB"", ""dtype"": ""str"", ""artifact_kind"": ""DataCellArtifact"", ""privacy_categories"": [""quasi_identifier"", ""organisational_context""], ""privacy_categories_explicit"": [""quasi_identifier"", ""organisational_context""], ""privacy_usages"": [""clinical_research""], ""privacy_erasures"": [""delete_on_request"", ""retention_5y""], ""privacy_roles"": [""AU"", ""CL"", ""DPO""], ""privacy_annotation_sources"": [""propagated:TR""]}"
"DataCellArtifact|D7_NormalizedEpisodeData::record::3::cell::diag","DataCellArtifact","D7_NormalizedEpisodeData::record::3::cell::diag","{""key"": ""D7_NormalizedEpisodeData::record::3::cell::diag"", ""record_id"": ""3"", ""dataset_id"": ""D7_NormalizedEpisodeData"", ""attribute"": ""diag"", ""value"": ""ASD"", ""dtype"": ""str"", ""artifact_kind"": ""DataCellArtifact"", ""privacy_categories"": [""health"", ""sensitive_personal_data""], ""privacy_categories_explicit"": [""health"", ""sensitive_personal_data""], ""privacy_usages"": [""clinical_research""], ""privacy_erasures"": [""delete_on_request"", ""retention_5y""], ""privacy_roles"": [""AU"", ""CL"", ""DPO""], ""privacy_annotation_sources"": [""propagated:TR""]}"
"StepRun|asd_run_001::002::S6_select_modelling_features","StepRun","asd_run_001::002::S6_select_modelling_features","{""key"": ""asd_run_001::002::S6_select_modelling_features"", ""step_id"": ""S6_select_modelling_features"", ""phase"": ""LearningPreparation"", ""framework"": ""python"", ""operatorType"": ""RED"", ""policy_id"": ""S6_select_modelling_features_policy"", ""input_artifacts"": [""D7_NormalizedEpisodeData""], ""output_artifacts"": [""D8_ModellingDataset""], ""duration_seconds"": 0.00083160400390625, ""status"": ""success"", ""operation_policy_id"": ""S6_select_modelling_features_policy"", ""contributorGranularity"": ""cell""}"
"DatasetArtifact|D8_ModellingDataset","DatasetArtifact","D8_ModellingDataset","{""key"": ""D8_ModellingDataset"", ""name"": ""D8_ModellingDataset"", ""role"": ""modelling"", ""source"": ""step:S6_select_modelling_features"", ""n_rows"": 4, ""n_cols"": 7, ""columns"": [""HR_norm"", ""EDA_norm"", ""ACC_norm"", ""chall_behav"", ""sev"", ""age_grp"", ""sex""], ""record_id_col"": null, ""artifact_kind"": ""DatasetArtifact"", ""privacy_categories"": [""biometric"", ""health"", ""behavioural_sensor_data"", ""behavioural_sensitive"", ""quasi_identifier"", ""sensitive_personal_data""], ""privacy_categories_explicit"": [""biometric"", ""health"", ""behavioural_sensor_data"", ""behavioural_sensitive"", ""quasi_identifier""], ""privacy_usages"": [""clinical_research""], ""privacy_erasures"": [""delete_on_request"", ""retention_5y""], ""privacy_roles"": [""AU"", ""CL"", ""DPO"", ""DS""], ""privacy_annotation_sources"": [""propagated:RED""]}"
"DataRecordArtifact|D8_ModellingDataset::record::0","DataRecordArtifact","D8_ModellingDataset::record::0","{""key"": ""D8_ModellingDataset::record::0"", ""record_id"": ""0"", ""dataset_id"": ""D8_ModellingDataset"", ""artifact_kind"": ""DataRecordArtifact"", ""privacy_categories"": [""biometric"", ""health"", ""behavioural_sensor_data"", ""behavioural_sensitive"", ""quasi_identifier"", ""sensitive_personal_data""], ""privacy_categories_explicit"": [""biometric"", ""health"", ""behavioural_sensor_data"", ""behavioural_sensitive"", ""quasi_identifier""], ""privacy_usages"": [""clinical_research""], ""privacy_erasures"": [""delete_on_request"", ""retention_5y""], ""privacy_roles"": [""AU"", ""CL"", ""DPO"", ""DS""], ""privacy_annotation_sources"": [""propagated:RED""]}"
"DataCellArtifact|D8_ModellingDataset::record::0::cell::HR_norm","DataCellArtifact","D8_ModellingDataset::record::0::cell::HR_norm","{""key"": ""D8_ModellingDataset::record::0::cell::HR_norm"", ""record_id"": ""0"", ""dataset_id"": ""D8_ModellingDataset"", ""attribute"": ""HR_norm"", ""value"": 0.8842105263157893, ""dtype"": ""float64"", ""artifact_kind"": ""DataCellArtifact"", ""privacy_categories"": [""biometric"", ""health"", ""sensitive_personal_data""], ""privacy_categories_explicit"": [""biometric"", ""health""], ""privacy_usages"": [""clinical_research""], ""privacy_erasures"": [""delete_on_request"", ""retention_5y""], ""privacy_roles"": [""AU"", ""CL"", ""DPO"", ""DS""], ""privacy_annotation_sources"": [""propagated:RED""]}"
"DataCellArtifact|D8_ModellingDataset::record::0::cell::EDA_norm","DataCellArtifact","D8_ModellingDataset::record::0::cell::EDA_norm","{""key"": ""D8_ModellingDataset::record::0::cell::EDA_norm"", ""record_id"": ""0"", ""dataset_id"": ""D8_ModellingDataset"", ""attribute"": ""EDA_norm"", ""value"": 0.8928571428571429, ""dtype"": ""float64"", ""artifact_kind"": ""DataCellArtifact"", ""privacy_categories"": [""biometric"", ""health"", ""sensitive_personal_data""], ""privacy_categories_explicit"": [""biometric"", ""health""], ""privacy_usages"": [""clinical_research""], ""privacy_erasures"": [""delete_on_request"", ""retention_5y""], ""privacy_roles"": [""AU"", ""CL"", ""DPO"", ""DS""], ""privacy_annotation_sources"": [""propagated:RED""]}"
"DataCellArtifact|D8_ModellingDataset::record::0::cell::ACC_norm","DataCellArtifact","D8_ModellingDataset::record::0::cell::ACC_norm","{""key"": ""D8_ModellingDataset::record::0::cell::ACC_norm"", ""record_id"": ""0"", ""dataset_id"": ""D8_ModellingDataset"", ""attribute"": ""ACC_norm"", ""value"": 0.5000000000000001, ""dtype"": ""float64"", ""artifact_kind"": ""DataCellArtifact"", ""privacy_categories"": [""behavioural_sensor_data""], ""privacy_categories_explicit"": [""behavioural_sensor_data""], ""privacy_usages"": [""clinical_research""], ""privacy_erasures"": [""delete_on_request"", ""retention_5y""], ""privacy_roles"": [""AU"", ""CL"", ""DPO"", ""DS""], ""privacy_annotation_sources"": [""propagated:RED""]}"
"DataCellArtifact|D8_ModellingDataset::record::0::cell::chall_behav","DataCellArtifact","D8_ModellingDataset::record::0::cell::chall_behav","{""key"": ""D8_ModellingDataset::record::0::cell::chall_behav"", ""record_id"": ""0"", ""dataset_id"": ""D8_ModellingDataset"", ""attribute"": ""chall_behav"", ""value"": ""yes"", ""dtype"": ""str"", ""artifact_kind"": ""DataCellArtifact"", ""privacy_categories"": [""health"", ""behavioural_sensitive"", ""sensitive_personal_data""], ""privacy_categories_explicit"": [""health"", ""behavioural_sensitive""], ""privacy_usages"": [""clinical_research""], ""privacy_erasures"": [""delete_on_request"", ""retention_5y""], ""privacy_roles"": [""AU"", ""CL"", ""DPO"", ""DS""], ""privacy_annotation_sources"": [""propagated:RED""]}"
"DataCellArtifact|D8_ModellingDataset::record::0::cell::sev","DataCellArtifact","D8_ModellingDataset::record::0::cell::sev","{""key"": ""D8_ModellingDataset::record::0::cell::sev"", ""record_id"": ""0"", ""dataset_id"": ""D8_ModellingDataset"", ""attribute"": ""sev"", ""value"": 4, ""dtype"": ""int64"", ""artifact_kind"": ""DataCellArtifact"", ""privacy_categories"": [""health"", ""behavioural_sensitive"", ""sensitive_personal_data""], ""privacy_categories_explicit"": [""health"", ""behavioural_sensitive""], ""privacy_usages"": [""clinical_research""], ""privacy_erasures"": [""delete_on_request"", ""retention_5y""], ""privacy_roles"": [""AU"", ""CL"", ""DPO"", ""DS""], ""privacy_annotation_sources"": [""propagated:RED""]}"
"DataCellArtifact|D8_ModellingDataset::record::0::cell::age_grp","DataCellArtifact","D8_ModellingDataset::record::0::cell::age_grp","{""key"": ""D8_ModellingDataset::record::0::cell::age_grp"", ""record_id"": ""0"", ""dataset_id"": ""D8_ModellingDataset"", ""attribute"": ""age_grp"", ""value"": ""6-8"", ""dtype"": ""str"", ""artifact_kind"": ""DataCellArtifact"", ""privacy_categories"": [""quasi_identifier""], ""privacy_categories_explicit"": [""quasi_identifier""], ""privacy_usages"": [""clinical_research""], ""privacy_erasures"": [""delete_on_request"", ""retention_5y""], ""privacy_roles"": [""AU"", ""CL"", ""DPO"", ""DS""], ""privacy_annotation_sources"": [""propagated:RED""]}"
"DataCellArtifact|D8_ModellingDataset::record::0::cell::sex","DataCellArtifact","D8_ModellingDataset::record::0::cell::sex","{""key"": ""D8_ModellingDataset::record::0::cell::sex"", ""record_id"": ""0"", ""dataset_id"": ""D8_ModellingDataset"", ""attribute"": ""sex"", ""value"": ""M"", ""dtype"": ""str"", ""artifact_kind"": ""DataCellArtifact"", ""privacy_categories"": [""quasi_identifier""], ""privacy_categories_explicit"": [""quasi_identifier""], ""privacy_usages"": [""clinical_research""], ""privacy_erasures"": [""delete_on_request"", ""retention_5y""], ""privacy_roles"": [""AU"", ""CL"", ""DPO"", ""DS""], ""privacy_annotation_sources"": [""propagated:RED""]}"
"DataRecordArtifact|D8_ModellingDataset::record::1","DataRecordArtifact","D8_ModellingDataset::record::1","{""key"": ""D8_ModellingDataset::record::1"", ""record_id"": ""1"", ""dataset_id"": ""D8_ModellingDataset"", ""artifact_kind"": ""DataRecordArtifact"", ""privacy_categories"": [""biometric"", ""health"", ""behavioural_sensor_data"", ""behavioural_sensitive"", ""quasi_identifier"", ""sensitive_personal_data""], ""privacy_categories_explicit"": [""biometric"", ""health"", ""behavioural_sensor_data"", ""behavioural_sensitive"", ""quasi_identifier""], ""privacy_usages"": [""clinical_research""], ""privacy_erasures"": [""delete_on_request"", ""retention_5y""], ""privacy_roles"": [""AU"", ""CL"", ""DPO"", ""DS""], ""privacy_annotation_sources"": [""propagated:RED""]}"
"DataCellArtifact|D8_ModellingDataset::record::1::cell::HR_norm","DataCellArtifact","D8_ModellingDataset::record::1::cell::HR_norm","{""key"": ""D8_ModellingDataset::record::1::cell::HR_norm"", ""record_id"": ""1"", ""dataset_id"": ""D8_ModellingDataset"", ""attribute"": ""HR_norm"", ""value"": 1.0, ""dtype"": ""float64"", ""artifact_kind"": ""DataCellArtifact"", ""privacy_categories"": [""biometric"", ""health"", ""sensitive_personal_data""], ""privacy_categories_explicit"": [""biometric"", ""health""], ""privacy_usages"": [""clinical_research""], ""privacy_erasures"": [""delete_on_request"", ""retention_5y""], ""privacy_roles"": [""AU"", ""CL"", ""DPO"", ""DS""], ""privacy_annotation_sources"": [""propagated:RED""]}"
"DataCellArtifact|D8_ModellingDataset::record::1::cell::EDA_norm","DataCellArtifact","D8_ModellingDataset::record::1::cell::EDA_norm","{""key"": ""D8_ModellingDataset::record::1::cell::EDA_norm"", ""record_id"": ""1"", ""dataset_id"": ""D8_ModellingDataset"", ""attribute"": ""EDA_norm"", ""value"": 1.0, ""dtype"": ""float64"", ""artifact_kind"": ""DataCellArtifact"", ""privacy_categories"": [""biometric"", ""health"", ""sensitive_personal_data""], ""privacy_categories_explicit"": [""biometric"", ""health""], ""privacy_usages"": [""clinical_research""], ""privacy_erasures"": [""delete_on_request"", ""retention_5y""], ""privacy_roles"": [""AU"", ""CL"", ""DPO"", ""DS""], ""privacy_annotation_sources"": [""propagated:RED""]}"
"DataCellArtifact|D8_ModellingDataset::record::1::cell::ACC_norm","DataCellArtifact","D8_ModellingDataset::record::1::cell::ACC_norm","{""key"": ""D8_ModellingDataset::record::1::cell::ACC_norm"", ""record_id"": ""1"", ""dataset_id"": ""D8_ModellingDataset"", ""attribute"": ""ACC_norm"", ""value"": 1.0, ""dtype"": ""float64"", ""artifact_kind"": ""DataCellArtifact"", ""privacy_categories"": [""behavioural_sensor_data""], ""privacy_categories_explicit"": [""behavioural_sensor_data""], ""privacy_usages"": [""clinical_research""], ""privacy_erasures"": [""delete_on_request"", ""retention_5y""], ""privacy_roles"": [""AU"", ""CL"", ""DPO"", ""DS""], ""privacy_annotation_sources"": [""propagated:RED""]}"
"DataCellArtifact|D8_ModellingDataset::record::1::cell::chall_behav","DataCellArtifact","D8_ModellingDataset::record::1::cell::chall_behav","{""key"": ""D8_ModellingDataset::record::1::cell::chall_behav"", ""record_id"": ""1"", ""dataset_id"": ""D8_ModellingDataset"", ""attribute"": ""chall_behav"", ""value"": ""no"", ""dtype"": ""str"", ""artifact_kind"": ""DataCellArtifact"", ""privacy_categories"": [""health"", ""behavioural_sensitive"", ""sensitive_personal_data""], ""privacy_categories_explicit"": [""health"", ""behavioural_sensitive""], ""privacy_usages"": [""clinical_research""], ""privacy_erasures"": [""delete_on_request"", ""retention_5y""], ""privacy_roles"": [""AU"", ""CL"", ""DPO"", ""DS""], ""privacy_annotation_sources"": [""propagated:RED""]}"
"DataCellArtifact|D8_ModellingDataset::record::1::cell::sev","DataCellArtifact","D8_ModellingDataset::record::1::cell::sev","{""key"": ""D8_ModellingDataset::record::1::cell::sev"", ""record_id"": ""1"", ""dataset_id"": ""D8_ModellingDataset"", ""attribute"": ""sev"", ""value"": 0, ""dtype"": ""int64"", ""artifact_kind"": ""DataCellArtifact"", ""privacy_categories"": [""health"", ""behavioural_sensitive"", ""sensitive_personal_data""], ""privacy_categories_explicit"": [""health"", ""behavioural_sensitive""], ""privacy_usages"": [""clinical_research""], ""privacy_erasures"": [""delete_on_request"", ""retention_5y""], ""privacy_roles"": [""AU"", ""CL"", ""DPO"", ""DS""], ""privacy_annotation_sources"": [""propagated:RED""]}"
"DataCellArtifact|D8_ModellingDataset::record::1::cell::age_grp","DataCellArtifact","D8_ModellingDataset::record::1::cell::age_grp","{""key"": ""D8_ModellingDataset::record::1::cell::age_grp"", ""record_id"": ""1"", ""dataset_id"": ""D8_ModellingDataset"", ""attribute"": ""age_grp"", ""value"": ""6-8"", ""dtype"": ""str"", ""artifact_kind"": ""DataCellArtifact"", ""privacy_categories"": [""quasi_identifier""], ""privacy_categories_explicit"": [""quasi_identifier""], ""privacy_usages"": [""clinical_research""], ""privacy_erasures"": [""delete_on_request"", ""retention_5y""], ""privacy_roles"": [""AU"", ""CL"", ""DPO"", ""DS""], ""privacy_annotation_sources"": [""propagated:RED""]}"
"DataCellArtifact|D8_ModellingDataset::record::1::cell::sex","DataCellArtifact","D8_ModellingDataset::record::1::cell::sex","{""key"": ""D8_ModellingDataset::record::1::cell::sex"", ""record_id"": ""1"", ""dataset_id"": ""D8_ModellingDataset"", ""attribute"": ""sex"", ""value"": ""M"", ""dtype"": ""str"", ""artifact_kind"": ""DataCellArtifact"", ""privacy_categories"": [""quasi_identifier""], ""privacy_categories_explicit"": [""quasi_identifier""], ""privacy_usages"": [""clinical_research""], ""privacy_erasures"": [""delete_on_request"", ""retention_5y""], ""privacy_roles"": [""AU"", ""CL"", ""DPO"", ""DS""], ""privacy_annotation_sources"": [""propagated:RED""]}"
"DataRecordArtifact|D8_ModellingDataset::record::2","DataRecordArtifact","D8_ModellingDataset::record::2","{""key"": ""D8_ModellingDataset::record::2"", ""record_id"": ""2"", ""dataset_id"": ""D8_ModellingDataset"", ""artifact_kind"": ""DataRecordArtifact"", ""privacy_categories"": [""biometric"", ""health"", ""behavioural_sensor_data"", ""behavioural_sensitive"", ""quasi_identifier"", ""sensitive_personal_data""], ""privacy_categories_explicit"": [""biometric"", ""health"", ""behavioural_sensor_data"", ""behavioural_sensitive"", ""quasi_identifier""], ""privacy_usages"": [""clinical_research""], ""privacy_erasures"": [""delete_on_request"", ""retention_5y""], ""privacy_roles"": [""AU"", ""CL"", ""DPO"", ""DS""], ""privacy_annotation_sources"": [""propagated:RED""]}"
"DataCellArtifact|D8_ModellingDataset::record::2::cell::HR_norm","DataCellArtifact","D8_ModellingDataset::record::2::cell::HR_norm","{""key"": ""D8_ModellingDataset::record::2::cell::HR_norm"", ""record_id"": ""2"", ""dataset_id"": ""D8_ModellingDataset"", ""attribute"": ""HR_norm"", ""value"": 0.0, ""dtype"": ""float64"", ""artifact_kind"": ""DataCellArtifact"", ""privacy_categories"": [""biometric"", ""health"", ""sensitive_personal_data""], ""privacy_categories_explicit"": [""biometric"", ""health""], ""privacy_usages"": [""clinical_research""], ""privacy_erasures"": [""delete_on_request"", ""retention_5y""], ""privacy_roles"": [""AU"", ""CL"", ""DPO"", ""DS""], ""privacy_annotation_sources"": [""propagated:RED""]}"
"DataCellArtifact|D8_ModellingDataset::record::2::cell::EDA_norm","DataCellArtifact","D8_ModellingDataset::record::2::cell::EDA_norm","{""key"": ""D8_ModellingDataset::record::2::cell::EDA_norm"", ""record_id"": ""2"", ""dataset_id"": ""D8_ModellingDataset"", ""attribute"": ""EDA_norm"", ""value"": 0.0, ""dtype"": ""float64"", ""artifact_kind"": ""DataCellArtifact"", ""privacy_categories"": [""biometric"", ""health"", ""sensitive_personal_data""], ""privacy_categories_explicit"": [""biometric"", ""health""], ""privacy_usages"": [""clinical_research""], ""privacy_erasures"": [""delete_on_request"", ""retention_5y""], ""privacy_roles"": [""AU"", ""CL"", ""DPO"", ""DS""], ""privacy_annotation_sources"": [""propagated:RED""]}"
"DataCellArtifact|D8_ModellingDataset::record::2::cell::ACC_norm","DataCellArtifact","D8_ModellingDataset::record::2::cell::ACC_norm","{""key"": ""D8_ModellingDataset::record::2::cell::ACC_norm"", ""record_id"": ""2"", ""dataset_id"": ""D8_ModellingDataset"", ""attribute"": ""ACC_norm"", ""value"": 0.0, ""dtype"": ""float64"", ""artifact_kind"": ""DataCellArtifact"", ""privacy_categories"": [""behavioural_sensor_data""], ""privacy_categories_explicit"": [""behavioural_sensor_data""], ""privacy_usages"": [""clinical_research""], ""privacy_erasures"": [""delete_on_request"", ""retention_5y""], ""privacy_roles"": [""AU"", ""CL"", ""DPO"", ""DS""], ""privacy_annotation_sources"": [""propagated:RED""]}"
"DataCellArtifact|D8_ModellingDataset::record::2::cell::chall_behav","DataCellArtifact","D8_ModellingDataset::record::2::cell::chall_behav","{""key"": ""D8_ModellingDataset::record::2::cell::chall_behav"", ""record_id"": ""2"", ""dataset_id"": ""D8_ModellingDataset"", ""attribute"": ""chall_behav"", ""value"": ""no"", ""dtype"": ""str"", ""artifact_kind"": ""DataCellArtifact"", ""privacy_categories"": [""health"", ""behavioural_sensitive"", ""sensitive_personal_data""], ""privacy_categories_explicit"": [""health"", ""behavioural_sensitive""], ""privacy_usages"": [""clinical_research""], ""privacy_erasures"": [""delete_on_request"", ""retention_5y""], ""privacy_roles"": [""AU"", ""CL"", ""DPO"", ""DS""], ""privacy_annotation_sources"": [""propagated:RED""]}"
"DataCellArtifact|D8_ModellingDataset::record::2::cell::sev","DataCellArtifact","D8_ModellingDataset::record::2::cell::sev","{""key"": ""D8_ModellingDataset::record::2::cell::sev"", ""record_id"": ""2"", ""dataset_id"": ""D8_ModellingDataset"", ""attribute"": ""sev"", ""value"": 0, ""dtype"": ""int64"", ""artifact_kind"": ""DataCellArtifact"", ""privacy_categories"": [""health"", ""behavioural_sensitive"", ""sensitive_personal_data""], ""privacy_categories_explicit"": [""health"", ""behavioural_sensitive""], ""privacy_usages"": [""clinical_research""], ""privacy_erasures"": [""delete_on_request"", ""retention_5y""], ""privacy_roles"": [""AU"", ""CL"", ""DPO"", ""DS""], ""privacy_annotation_sources"": [""propagated:RED""]}"
"DataCellArtifact|D8_ModellingDataset::record::2::cell::age_grp","DataCellArtifact","D8_ModellingDataset::record::2::cell::age_grp","{""key"": ""D8_ModellingDataset::record::2::cell::age_grp"", ""record_id"": ""2"", ""dataset_id"": ""D8_ModellingDataset"", ""attribute"": ""age_grp"", ""value"": ""9-11"", ""dtype"": ""str"", ""artifact_kind"": ""DataCellArtifact"", ""privacy_categories"": [""quasi_identifier""], ""privacy_categories_explicit"": [""quasi_identifier""], ""privacy_usages"": [""clinical_research""], ""privacy_erasures"": [""delete_on_request"", ""retention_5y""], ""privacy_roles"": [""AU"", ""CL"", ""DPO"", ""DS""], ""privacy_annotation_sources"": [""propagated:RED""]}"
"DataCellArtifact|D8_ModellingDataset::record::2::cell::sex","DataCellArtifact","D8_ModellingDataset::record::2::cell::sex","{""key"": ""D8_ModellingDataset::record::2::cell::sex"", ""record_id"": ""2"", ""dataset_id"": ""D8_ModellingDataset"", ""attribute"": ""sex"", ""value"": ""F"", ""dtype"": ""str"", ""artifact_kind"": ""DataCellArtifact"", ""privacy_categories"": [""quasi_identifier""], ""privacy_categories_explicit"": [""quasi_identifier""], ""privacy_usages"": [""clinical_research""], ""privacy_erasures"": [""delete_on_request"", ""retention_5y""], ""privacy_roles"": [""AU"", ""CL"", ""DPO"", ""DS""], ""privacy_annotation_sources"": [""propagated:RED""]}"
"DataRecordArtifact|D8_ModellingDataset::record::3","DataRecordArtifact","D8_ModellingDataset::record::3","{""key"": ""D8_ModellingDataset::record::3"", ""record_id"": ""3"", ""dataset_id"": ""D8_ModellingDataset"", ""artifact_kind"": ""DataRecordArtifact"", ""privacy_categories"": [""biometric"", ""health"", ""behavioural_sensor_data"", ""behavioural_sensitive"", ""quasi_identifier"", ""sensitive_personal_data""], ""privacy_categories_explicit"": [""biometric"", ""health"", ""behavioural_sensor_data"", ""behavioural_sensitive"", ""quasi_identifier""], ""privacy_usages"": [""clinical_research""], ""privacy_erasures"": [""delete_on_request"", ""retention_5y""], ""privacy_roles"": [""AU"", ""CL"", ""DPO"", ""DS""], ""privacy_annotation_sources"": [""propagated:RED""]}"
"DataCellArtifact|D8_ModellingDataset::record::3::cell::HR_norm","DataCellArtifact","D8_ModellingDataset::record::3::cell::HR_norm","{""key"": ""D8_ModellingDataset::record::3::cell::HR_norm"", ""record_id"": ""3"", ""dataset_id"": ""D8_ModellingDataset"", ""attribute"": ""HR_norm"", ""value"": 0.02631578947368421, ""dtype"": ""float64"", ""artifact_kind"": ""DataCellArtifact"", ""privacy_categories"": [""biometric"", ""health"", ""sensitive_personal_data""], ""privacy_categories_explicit"": [""biometric"", ""health""], ""privacy_usages"": [""clinical_research""], ""privacy_erasures"": [""delete_on_request"", ""retention_5y""], ""privacy_roles"": [""AU"", ""CL"", ""DPO"", ""DS""], ""privacy_annotation_sources"": [""propagated:RED""]}"
"DataCellArtifact|D8_ModellingDataset::record::3::cell::EDA_norm","DataCellArtifact","D8_ModellingDataset::record::3::cell::EDA_norm","{""key"": ""D8_ModellingDataset::record::3::cell::EDA_norm"", ""record_id"": ""3"", ""dataset_id"": ""D8_ModellingDataset"", ""attribute"": ""EDA_norm"", ""value"": 0.03571428571428567, ""dtype"": ""float64"", ""artifact_kind"": ""DataCellArtifact"", ""privacy_categories"": [""biometric"", ""health"", ""sensitive_personal_data""], ""privacy_categories_explicit"": [""biometric"", ""health""], ""privacy_usages"": [""clinical_research""], ""privacy_erasures"": [""delete_on_request"", ""retention_5y""], ""privacy_roles"": [""AU"", ""CL"", ""DPO"", ""DS""], ""privacy_annotation_sources"": [""propagated:RED""]}"
"DataCellArtifact|D8_ModellingDataset::record::3::cell::ACC_norm","DataCellArtifact","D8_ModellingDataset::record::3::cell::ACC_norm","{""key"": ""D8_ModellingDataset::record::3::cell::ACC_norm"", ""record_id"": ""3"", ""dataset_id"": ""D8_ModellingDataset"", ""attribute"": ""ACC_norm"", ""value"": 0.05555555555555546, ""dtype"": ""float64"", ""artifact_kind"": ""DataCellArtifact"", ""privacy_categories"": [""behavioural_sensor_data""], ""privacy_categories_explicit"": [""behavioural_sensor_data""], ""privacy_usages"": [""clinical_research""], ""privacy_erasures"": [""delete_on_request"", ""retention_5y""], ""privacy_roles"": [""AU"", ""CL"", ""DPO"", ""DS""], ""privacy_annotation_sources"": [""propagated:RED""]}"
"DataCellArtifact|D8_ModellingDataset::record::3::cell::chall_behav","DataCellArtifact","D8_ModellingDataset::record::3::cell::chall_behav","{""key"": ""D8_ModellingDataset::record::3::cell::chall_behav"", ""record_id"": ""3"", ""dataset_id"": ""D8_ModellingDataset"", ""attribute"": ""chall_behav"", ""value"": ""yes"", ""dtype"": ""str"", ""artifact_kind"": ""DataCellArtifact"", ""privacy_categories"": [""health"", ""behavioural_sensitive"", ""sensitive_personal_data""], ""privacy_categories_explicit"": [""health"", ""behavioural_sensitive""], ""privacy_usages"": [""clinical_research""], ""privacy_erasures"": [""delete_on_request"", ""retention_5y""], ""privacy_roles"": [""AU"", ""CL"", ""DPO"", ""DS""], ""privacy_annotation_sources"": [""propagated:RED""]}"
"DataCellArtifact|D8_ModellingDataset::record::3::cell::sev","DataCellArtifact","D8_ModellingDataset::record::3::cell::sev","{""key"": ""D8_ModellingDataset::record::3::cell::sev"", ""record_id"": ""3"", ""dataset_id"": ""D8_ModellingDataset"", ""attribute"": ""sev"", ""value"": 3, ""dtype"": ""int64"", ""artifact_kind"": ""DataCellArtifact"", ""privacy_categories"": [""health"", ""behavioural_sensitive"", ""sensitive_personal_data""], ""privacy_categories_explicit"": [""health"", ""behavioural_sensitive""], ""privacy_usages"": [""clinical_research""], ""privacy_erasures"": [""delete_on_request"", ""retention_5y""], ""privacy_roles"": [""AU"", ""CL"", ""DPO"", ""DS""], ""privacy_annotation_sources"": [""propagated:RED""]}"
"DataCellArtifact|D8_ModellingDataset::record::3::cell::age_grp","DataCellArtifact","D8_ModellingDataset::record::3::cell::age_grp","{""key"": ""D8_ModellingDataset::record::3::cell::age_grp"", ""record_id"": ""3"", ""dataset_id"": ""D8_ModellingDataset"", ""attribute"": ""age_grp"", ""value"": ""9-11"", ""dtype"": ""str"", ""artifact_kind"": ""DataCellArtifact"", ""privacy_categories"": [""quasi_identifier""], ""privacy_categories_explicit"": [""quasi_identifier""], ""privacy_usages"": [""clinical_research""], ""privacy_erasures"": [""delete_on_request"", ""retention_5y""], ""privacy_roles"": [""AU"", ""CL"", ""DPO"", ""DS""], ""privacy_annotation_sources"": [""propagated:RED""]}"
"DataCellArtifact|D8_ModellingDataset::record::3::cell::sex","DataCellArtifact","D8_ModellingDataset::record::3::cell::sex","{""key"": ""D8_ModellingDataset::record::3::cell::sex"", ""record_id"": ""3"", ""dataset_id"": ""D8_ModellingDataset"", ""attribute"": ""sex"", ""value"": ""F"", ""dtype"": ""str"", ""artifact_kind"": ""DataCellArtifact"", ""privacy_categories"": [""quasi_identifier""], ""privacy_categories_explicit"": [""quasi_identifier""], ""privacy_usages"": [""clinical_research""], ""privacy_erasures"": [""delete_on_request"", ""retention_5y""], ""privacy_roles"": [""AU"", ""CL"", ""DPO"", ""DS""], ""privacy_annotation_sources"": [""propagated:RED""]}"
"StepRun|asd_run_001::003::S7_split_train_test","StepRun","asd_run_001::003::S7_split_train_test","{""key"": ""asd_run_001::003::S7_split_train_test"", ""step_id"": ""S7_split_train_test"", ""phase"": ""LearningPreparation"", ""framework"": ""python"", ""operatorType"": ""RED"", ""policy_id"": ""S7_split_train_test_policy"", ""input_artifacts"": [""D8_ModellingDataset""], ""output_artifacts"": [""D9_TrainDataset"", ""D10_TestDataset""], ""duration_seconds"": 0.0007312297821044922, ""status"": ""success"", ""operation_policy_id"": ""S7_split_train_test_policy"", ""contributorGranularity"": ""record""}"
"DatasetArtifact|D9_TrainDataset","DatasetArtifact","D9_TrainDataset","{""key"": ""D9_TrainDataset"", ""name"": ""D9_TrainDataset"", ""role"": ""train"", ""source"": ""step:S7_split_train_test"", ""n_rows"": 2, ""n_cols"": 7, ""columns"": [""HR_norm"", ""EDA_norm"", ""ACC_norm"", ""chall_behav"", ""sev"", ""age_grp"", ""sex""], ""record_id_col"": null, ""artifact_kind"": ""DatasetArtifact"", ""privacy_categories"": [""biometric"", ""health"", ""behavioural_sensor_data"", ""behavioural_sensitive"", ""quasi_identifier"", ""sensitive_personal_data""], ""privacy_categories_explicit"": [""biometric"", ""health"", ""behavioural_sensor_data"", ""behavioural_sensitive"", ""quasi_identifier""], ""privacy_usages"": [""clinical_research""], ""privacy_erasures"": [""delete_on_request"", ""retention_5y""], ""privacy_roles"": [""AU"", ""CL"", ""DPO"", ""DS""], ""privacy_annotation_sources"": [""propagated:RED""]}"
"DataRecordArtifact|D9_TrainDataset::record::0","DataRecordArtifact","D9_TrainDataset::record::0","{""key"": ""D9_TrainDataset::record::0"", ""record_id"": ""0"", ""dataset_id"": ""D9_TrainDataset"", ""artifact_kind"": ""DataRecordArtifact"", ""privacy_categories"": [""biometric"", ""health"", ""behavioural_sensor_data"", ""behavioural_sensitive"", ""quasi_identifier"", ""sensitive_personal_data""], ""privacy_categories_explicit"": [""biometric"", ""health"", ""behavioural_sensor_data"", ""behavioural_sensitive"", ""quasi_identifier""], ""privacy_usages"": [""clinical_research""], ""privacy_erasures"": [""delete_on_request"", ""retention_5y""], ""privacy_roles"": [""AU"", ""CL"", ""DPO"", ""DS""], ""privacy_annotation_sources"": [""propagated:RED""]}"
"DataCellArtifact|D9_TrainDataset::record::0::cell::HR_norm","DataCellArtifact","D9_TrainDataset::record::0::cell::HR_norm","{""key"": ""D9_TrainDataset::record::0::cell::HR_norm"", ""record_id"": ""0"", ""dataset_id"": ""D9_TrainDataset"", ""attribute"": ""HR_norm"", ""value"": 0.8842105263157893, ""dtype"": ""float64"", ""artifact_kind"": ""DataCellArtifact"", ""privacy_categories"": [""biometric"", ""health"", ""sensitive_personal_data""], ""privacy_categories_explicit"": [""biometric"", ""health""], ""privacy_usages"": [""clinical_research""], ""privacy_erasures"": [""delete_on_request"", ""retention_5y""], ""privacy_roles"": [""AU"", ""CL"", ""DPO"", ""DS""], ""privacy_annotation_sources"": [""propagated:RED""]}"
"DataCellArtifact|D9_TrainDataset::record::0::cell::EDA_norm","DataCellArtifact","D9_TrainDataset::record::0::cell::EDA_norm","{""key"": ""D9_TrainDataset::record::0::cell::EDA_norm"", ""record_id"": ""0"", ""dataset_id"": ""D9_TrainDataset"", ""attribute"": ""EDA_norm"", ""value"": 0.8928571428571429, ""dtype"": ""float64"", ""artifact_kind"": ""DataCellArtifact"", ""privacy_categories"": [""biometric"", ""health"", ""sensitive_personal_data""], ""privacy_categories_explicit"": [""biometric"", ""health""], ""privacy_usages"": [""clinical_research""], ""privacy_erasures"": [""delete_on_request"", ""retention_5y""], ""privacy_roles"": [""AU"", ""CL"", ""DPO"", ""DS""], ""privacy_annotation_sources"": [""propagated:RED""]}"
"DataCellArtifact|D9_TrainDataset::record::0::cell::ACC_norm","DataCellArtifact","D9_TrainDataset::record::0::cell::ACC_norm","{""key"": ""D9_TrainDataset::record::0::cell::ACC_norm"", ""record_id"": ""0"", ""dataset_id"": ""D9_TrainDataset"", ""attribute"": ""ACC_norm"", ""value"": 0.5000000000000001, ""dtype"": ""float64"", ""artifact_kind"": ""DataCellArtifact"", ""privacy_categories"": [""behavioural_sensor_data""], ""privacy_categories_explicit"": [""behavioural_sensor_data""], ""privacy_usages"": [""clinical_research""], ""privacy_erasures"": [""delete_on_request"", ""retention_5y""], ""privacy_roles"": [""AU"", ""CL"", ""DPO"", ""DS""], ""privacy_annotation_sources"": [""propagated:RED""]}"
"DataCellArtifact|D9_TrainDataset::record::0::cell::chall_behav","DataCellArtifact","D9_TrainDataset::record::0::cell::chall_behav","{""key"": ""D9_TrainDataset::record::0::cell::chall_behav"", ""record_id"": ""0"", ""dataset_id"": ""D9_TrainDataset"", ""attribute"": ""chall_behav"", ""value"": ""yes"", ""dtype"": ""str"", ""artifact_kind"": ""DataCellArtifact"", ""privacy_categories"": [""health"", ""behavioural_sensitive"", ""sensitive_personal_data""], ""privacy_categories_explicit"": [""health"", ""behavioural_sensitive""], ""privacy_usages"": [""clinical_research""], ""privacy_erasures"": [""delete_on_request"", ""retention_5y""], ""privacy_roles"": [""AU"", ""CL"", ""DPO"", ""DS""], ""privacy_annotation_sources"": [""propagated:RED""]}"
"DataCellArtifact|D9_TrainDataset::record::0::cell::sev","DataCellArtifact","D9_TrainDataset::record::0::cell::sev","{""key"": ""D9_TrainDataset::record::0::cell::sev"", ""record_id"": ""0"", ""dataset_id"": ""D9_TrainDataset"", ""attribute"": ""sev"", ""value"": 4, ""dtype"": ""int64"", ""artifact_kind"": ""DataCellArtifact"", ""privacy_categories"": [""health"", ""behavioural_sensitive"", ""sensitive_personal_data""], ""privacy_categories_explicit"": [""health"", ""behavioural_sensitive""], ""privacy_usages"": [""clinical_research""], ""privacy_erasures"": [""delete_on_request"", ""retention_5y""], ""privacy_roles"": [""AU"", ""CL"", ""DPO"", ""DS""], ""privacy_annotation_sources"": [""propagated:RED""]}"
"DataCellArtifact|D9_TrainDataset::record::0::cell::age_grp","DataCellArtifact","D9_TrainDataset::record::0::cell::age_grp","{""key"": ""D9_TrainDataset::record::0::cell::age_grp"", ""record_id"": ""0"", ""dataset_id"": ""D9_TrainDataset"", ""attribute"": ""age_grp"", ""value"": ""6-8"", ""dtype"": ""str"", ""artifact_kind"": ""DataCellArtifact"", ""privacy_categories"": [""quasi_identifier""], ""privacy_categories_explicit"": [""quasi_identifier""], ""privacy_usages"": [""clinical_research""], ""privacy_erasures"": [""delete_on_request"", ""retention_5y""], ""privacy_roles"": [""AU"", ""CL"", ""DPO"", ""DS""], ""privacy_annotation_sources"": [""propagated:RED""]}"
"DataCellArtifact|D9_TrainDataset::record::0::cell::sex","DataCellArtifact","D9_TrainDataset::record::0::cell::sex","{""key"": ""D9_TrainDataset::record::0::cell::sex"", ""record_id"": ""0"", ""dataset_id"": ""D9_TrainDataset"", ""attribute"": ""sex"", ""value"": ""M"", ""dtype"": ""str"", ""artifact_kind"": ""DataCellArtifact"", ""privacy_categories"": [""quasi_identifier""], ""privacy_categories_explicit"": [""quasi_identifier""], ""privacy_usages"": [""clinical_research""], ""privacy_erasures"": [""delete_on_request"", ""retention_5y""], ""privacy_roles"": [""AU"", ""CL"", ""DPO"", ""DS""], ""privacy_annotation_sources"": [""propagated:RED""]}"
"DataRecordArtifact|D9_TrainDataset::record::1","DataRecordArtifact","D9_TrainDataset::record::1","{""key"": ""D9_TrainDataset::record::1"", ""record_id"": ""1"", ""dataset_id"": ""D9_TrainDataset"", ""artifact_kind"": ""DataRecordArtifact"", ""privacy_categories"": [""biometric"", ""health"", ""behavioural_sensor_data"", ""behavioural_sensitive"", ""quasi_identifier"", ""sensitive_personal_data""], ""privacy_categories_explicit"": [""biometric"", ""health"", ""behavioural_sensor_data"", ""behavioural_sensitive"", ""quasi_identifier""], ""privacy_usages"": [""clinical_research""], ""privacy_erasures"": [""delete_on_request"", ""retention_5y""], ""privacy_roles"": [""AU"", ""CL"", ""DPO"", ""DS""], ""privacy_annotation_sources"": [""propagated:RED""]}"
"DataCellArtifact|D9_TrainDataset::record::1::cell::HR_norm","DataCellArtifact","D9_TrainDataset::record::1::cell::HR_norm","{""key"": ""D9_TrainDataset::record::1::cell::HR_norm"", ""record_id"": ""1"", ""dataset_id"": ""D9_TrainDataset"", ""attribute"": ""HR_norm"", ""value"": 1.0, ""dtype"": ""float64"", ""artifact_kind"": ""DataCellArtifact"", ""privacy_categories"": [""biometric"", ""health"", ""sensitive_personal_data""], ""privacy_categories_explicit"": [""biometric"", ""health""], ""privacy_usages"": [""clinical_research""], ""privacy_erasures"": [""delete_on_request"", ""retention_5y""], ""privacy_roles"": [""AU"", ""CL"", ""DPO"", ""DS""], ""privacy_annotation_sources"": [""propagated:RED""]}"
"DataCellArtifact|D9_TrainDataset::record::1::cell::EDA_norm","DataCellArtifact","D9_TrainDataset::record::1::cell::EDA_norm","{""key"": ""D9_TrainDataset::record::1::cell::EDA_norm"", ""record_id"": ""1"", ""dataset_id"": ""D9_TrainDataset"", ""attribute"": ""EDA_norm"", ""value"": 1.0, ""dtype"": ""float64"", ""artifact_kind"": ""DataCellArtifact"", ""privacy_categories"": [""biometric"", ""health"", ""sensitive_personal_data""], ""privacy_categories_explicit"": [""biometric"", ""health""], ""privacy_usages"": [""clinical_research""], ""privacy_erasures"": [""delete_on_request"", ""retention_5y""], ""privacy_roles"": [""AU"", ""CL"", ""DPO"", ""DS""], ""privacy_annotation_sources"": [""propagated:RED""]}"
"DataCellArtifact|D9_TrainDataset::record::1::cell::ACC_norm","DataCellArtifact","D9_TrainDataset::record::1::cell::ACC_norm","{""key"": ""D9_TrainDataset::record::1::cell::ACC_norm"", ""record_id"": ""1"", ""dataset_id"": ""D9_TrainDataset"", ""attribute"": ""ACC_norm"", ""value"": 1.0, ""dtype"": ""float64"", ""artifact_kind"": ""DataCellArtifact"", ""privacy_categories"": [""behavioural_sensor_data""], ""privacy_categories_explicit"": [""behavioural_sensor_data""], ""privacy_usages"": [""clinical_research""], ""privacy_erasures"": [""delete_on_request"", ""retention_5y""], ""privacy_roles"": [""AU"", ""CL"", ""DPO"", ""DS""], ""privacy_annotation_sources"": [""propagated:RED""]}"
"DataCellArtifact|D9_TrainDataset::record::1::cell::chall_behav","DataCellArtifact","D9_TrainDataset::record::1::cell::chall_behav","{""key"": ""D9_TrainDataset::record::1::cell::chall_behav"", ""record_id"": ""1"", ""dataset_id"": ""D9_TrainDataset"", ""attribute"": ""chall_behav"", ""value"": ""no"", ""dtype"": ""str"", ""artifact_kind"": ""DataCellArtifact"", ""privacy_categories"": [""health"", ""behavioural_sensitive"", ""sensitive_personal_data""], ""privacy_categories_explicit"": [""health"", ""behavioural_sensitive""], ""privacy_usages"": [""clinical_research""], ""privacy_erasures"": [""delete_on_request"", ""retention_5y""], ""privacy_roles"": [""AU"", ""CL"", ""DPO"", ""DS""], ""privacy_annotation_sources"": [""propagated:RED""]}"
"DataCellArtifact|D9_TrainDataset::record::1::cell::sev","DataCellArtifact","D9_TrainDataset::record::1::cell::sev","{""key"": ""D9_TrainDataset::record::1::cell::sev"", ""record_id"": ""1"", ""dataset_id"": ""D9_TrainDataset"", ""attribute"": ""sev"", ""value"": 0, ""dtype"": ""int64"", ""artifact_kind"": ""DataCellArtifact"", ""privacy_categories"": [""health"", ""behavioural_sensitive"", ""sensitive_personal_data""], ""privacy_categories_explicit"": [""health"", ""behavioural_sensitive""], ""privacy_usages"": [""clinical_research""], ""privacy_erasures"": [""delete_on_request"", ""retention_5y""], ""privacy_roles"": [""AU"", ""CL"", ""DPO"", ""DS""], ""privacy_annotation_sources"": [""propagated:RED""]}"
"DataCellArtifact|D9_TrainDataset::record::1::cell::age_grp","DataCellArtifact","D9_TrainDataset::record::1::cell::age_grp","{""key"": ""D9_TrainDataset::record::1::cell::age_grp"", ""record_id"": ""1"", ""dataset_id"": ""D9_TrainDataset"", ""attribute"": ""age_grp"", ""value"": ""6-8"", ""dtype"": ""str"", ""artifact_kind"": ""DataCellArtifact"", ""privacy_categories"": [""quasi_identifier""], ""privacy_categories_explicit"": [""quasi_identifier""], ""privacy_usages"": [""clinical_research""], ""privacy_erasures"": [""delete_on_request"", ""retention_5y""], ""privacy_roles"": [""AU"", ""CL"", ""DPO"", ""DS""], ""privacy_annotation_sources"": [""propagated:RED""]}"
"DataCellArtifact|D9_TrainDataset::record::1::cell::sex","DataCellArtifact","D9_TrainDataset::record::1::cell::sex","{""key"": ""D9_TrainDataset::record::1::cell::sex"", ""record_id"": ""1"", ""dataset_id"": ""D9_TrainDataset"", ""attribute"": ""sex"", ""value"": ""M"", ""dtype"": ""str"", ""artifact_kind"": ""DataCellArtifact"", ""privacy_categories"": [""quasi_identifier""], ""privacy_categories_explicit"": [""quasi_identifier""], ""privacy_usages"": [""clinical_research""], ""privacy_erasures"": [""delete_on_request"", ""retention_5y""], ""privacy_roles"": [""AU"", ""CL"", ""DPO"", ""DS""], ""privacy_annotation_sources"": [""propagated:RED""]}"
"DatasetArtifact|D10_TestDataset","DatasetArtifact","D10_TestDataset","{""key"": ""D10_TestDataset"", ""name"": ""D10_TestDataset"", ""role"": ""test"", ""source"": ""step:S7_split_train_test"", ""n_rows"": 2, ""n_cols"": 7, ""columns"": [""HR_norm"", ""EDA_norm"", ""ACC_norm"", ""chall_behav"", ""sev"", ""age_grp"", ""sex""], ""record_id_col"": null, ""artifact_kind"": ""DatasetArtifact"", ""privacy_categories"": [""biometric"", ""health"", ""behavioural_sensor_data"", ""behavioural_sensitive"", ""quasi_identifier"", ""sensitive_personal_data""], ""privacy_categories_explicit"": [""biometric"", ""health"", ""behavioural_sensor_data"", ""behavioural_sensitive"", ""quasi_identifier""], ""privacy_usages"": [""clinical_research""], ""privacy_erasures"": [""delete_on_request"", ""retention_5y""], ""privacy_roles"": [""AU"", ""CL"", ""DPO"", ""DS""], ""privacy_annotation_sources"": [""propagated:RED""]}"
"DataRecordArtifact|D10_TestDataset::record::2","DataRecordArtifact","D10_TestDataset::record::2","{""key"": ""D10_TestDataset::record::2"", ""record_id"": ""2"", ""dataset_id"": ""D10_TestDataset"", ""artifact_kind"": ""DataRecordArtifact"", ""privacy_categories"": [""biometric"", ""health"", ""behavioural_sensor_data"", ""behavioural_sensitive"", ""quasi_identifier"", ""sensitive_personal_data""], ""privacy_categories_explicit"": [""biometric"", ""health"", ""behavioural_sensor_data"", ""behavioural_sensitive"", ""quasi_identifier""], ""privacy_usages"": [""clinical_research""], ""privacy_erasures"": [""delete_on_request"", ""retention_5y""], ""privacy_roles"": [""AU"", ""CL"", ""DPO"", ""DS""], ""privacy_annotation_sources"": [""propagated:RED""]}"
"DataCellArtifact|D10_TestDataset::record::2::cell::HR_norm","DataCellArtifact","D10_TestDataset::record::2::cell::HR_norm","{""key"": ""D10_TestDataset::record::2::cell::HR_norm"", ""record_id"": ""2"", ""dataset_id"": ""D10_TestDataset"", ""attribute"": ""HR_norm"", ""value"": 0.0, ""dtype"": ""float64"", ""artifact_kind"": ""DataCellArtifact"", ""privacy_categories"": [""biometric"", ""health"", ""sensitive_personal_data""], ""privacy_categories_explicit"": [""biometric"", ""health""], ""privacy_usages"": [""clinical_research""], ""privacy_erasures"": [""delete_on_request"", ""retention_5y""], ""privacy_roles"": [""AU"", ""CL"", ""DPO"", ""DS""], ""privacy_annotation_sources"": [""propagated:RED""]}"
"DataCellArtifact|D10_TestDataset::record::2::cell::EDA_norm","DataCellArtifact","D10_TestDataset::record::2::cell::EDA_norm","{""key"": ""D10_TestDataset::record::2::cell::EDA_norm"", ""record_id"": ""2"", ""dataset_id"": ""D10_TestDataset"", ""attribute"": ""EDA_norm"", ""value"": 0.0, ""dtype"": ""float64"", ""artifact_kind"": ""DataCellArtifact"", ""privacy_categories"": [""biometric"", ""health"", ""sensitive_personal_data""], ""privacy_categories_explicit"": [""biometric"", ""health""], ""privacy_usages"": [""clinical_research""], ""privacy_erasures"": [""delete_on_request"", ""retention_5y""], ""privacy_roles"": [""AU"", ""CL"", ""DPO"", ""DS""], ""privacy_annotation_sources"": [""propagated:RED""]}"
"DataCellArtifact|D10_TestDataset::record::2::cell::ACC_norm","DataCellArtifact","D10_TestDataset::record::2::cell::ACC_norm","{""key"": ""D10_TestDataset::record::2::cell::ACC_norm"", ""record_id"": ""2"", ""dataset_id"": ""D10_TestDataset"", ""attribute"": ""ACC_norm"", ""value"": 0.0, ""dtype"": ""float64"", ""artifact_kind"": ""DataCellArtifact"", ""privacy_categories"": [""behavioural_sensor_data""], ""privacy_categories_explicit"": [""behavioural_sensor_data""], ""privacy_usages"": [""clinical_research""], ""privacy_erasures"": [""delete_on_request"", ""retention_5y""], ""privacy_roles"": [""AU"", ""CL"", ""DPO"", ""DS""], ""privacy_annotation_sources"": [""propagated:RED""]}"
"DataCellArtifact|D10_TestDataset::record::2::cell::chall_behav","DataCellArtifact","D10_TestDataset::record::2::cell::chall_behav","{""key"": ""D10_TestDataset::record::2::cell::chall_behav"", ""record_id"": ""2"", ""dataset_id"": ""D10_TestDataset"", ""attribute"": ""chall_behav"", ""value"": ""no"", ""dtype"": ""str"", ""artifact_kind"": ""DataCellArtifact"", ""privacy_categories"": [""health"", ""behavioural_sensitive"", ""sensitive_personal_data""], ""privacy_categories_explicit"": [""health"", ""behavioural_sensitive""], ""privacy_usages"": [""clinical_research""], ""privacy_erasures"": [""delete_on_request"", ""retention_5y""], ""privacy_roles"": [""AU"", ""CL"", ""DPO"", ""DS""], ""privacy_annotation_sources"": [""propagated:RED""]}"
"DataCellArtifact|D10_TestDataset::record::2::cell::sev","DataCellArtifact","D10_TestDataset::record::2::cell::sev","{""key"": ""D10_TestDataset::record::2::cell::sev"", ""record_id"": ""2"", ""dataset_id"": ""D10_TestDataset"", ""attribute"": ""sev"", ""value"": 0, ""dtype"": ""int64"", ""artifact_kind"": ""DataCellArtifact"", ""privacy_categories"": [""health"", ""behavioural_sensitive"", ""sensitive_personal_data""], ""privacy_categories_explicit"": [""health"", ""behavioural_sensitive""], ""privacy_usages"": [""clinical_research""], ""privacy_erasures"": [""delete_on_request"", ""retention_5y""], ""privacy_roles"": [""AU"", ""CL"", ""DPO"", ""DS""], ""privacy_annotation_sources"": [""propagated:RED""]}"
"DataCellArtifact|D10_TestDataset::record::2::cell::age_grp","DataCellArtifact","D10_TestDataset::record::2::cell::age_grp","{""key"": ""D10_TestDataset::record::2::cell::age_grp"", ""record_id"": ""2"", ""dataset_id"": ""D10_TestDataset"", ""attribute"": ""age_grp"", ""value"": ""9-11"", ""dtype"": ""str"", ""artifact_kind"": ""DataCellArtifact"", ""privacy_categories"": [""quasi_identifier""], ""privacy_categories_explicit"": [""quasi_identifier""], ""privacy_usages"": [""clinical_research""], ""privacy_erasures"": [""delete_on_request"", ""retention_5y""], ""privacy_roles"": [""AU"", ""CL"", ""DPO"", ""DS""], ""privacy_annotation_sources"": [""propagated:RED""]}"
"DataCellArtifact|D10_TestDataset::record::2::cell::sex","DataCellArtifact","D10_TestDataset::record::2::cell::sex","{""key"": ""D10_TestDataset::record::2::cell::sex"", ""record_id"": ""2"", ""dataset_id"": ""D10_TestDataset"", ""attribute"": ""sex"", ""value"": ""F"", ""dtype"": ""str"", ""artifact_kind"": ""DataCellArtifact"", ""privacy_categories"": [""quasi_identifier""], ""privacy_categories_explicit"": [""quasi_identifier""], ""privacy_usages"": [""clinical_research""], ""privacy_erasures"": [""delete_on_request"", ""retention_5y""], ""privacy_roles"": [""AU"", ""CL"", ""DPO"", ""DS""], ""privacy_annotation_sources"": [""propagated:RED""]}"
"DataRecordArtifact|D10_TestDataset::record::3","DataRecordArtifact","D10_TestDataset::record::3","{""key"": ""D10_TestDataset::record::3"", ""record_id"": ""3"", ""dataset_id"": ""D10_TestDataset"", ""artifact_kind"": ""DataRecordArtifact"", ""privacy_categories"": [""biometric"", ""health"", ""behavioural_sensor_data"", ""behavioural_sensitive"", ""quasi_identifier"", ""sensitive_personal_data""], ""privacy_categories_explicit"": [""biometric"", ""health"", ""behavioural_sensor_data"", ""behavioural_sensitive"", ""quasi_identifier""], ""privacy_usages"": [""clinical_research""], ""privacy_erasures"": [""delete_on_request"", ""retention_5y""], ""privacy_roles"": [""AU"", ""CL"", ""DPO"", ""DS""], ""privacy_annotation_sources"": [""propagated:RED""]}"
"DataCellArtifact|D10_TestDataset::record::3::cell::HR_norm","DataCellArtifact","D10_TestDataset::record::3::cell::HR_norm","{""key"": ""D10_TestDataset::record::3::cell::HR_norm"", ""record_id"": ""3"", ""dataset_id"": ""D10_TestDataset"", ""attribute"": ""HR_norm"", ""value"": 0.02631578947368421, ""dtype"": ""float64"", ""artifact_kind"": ""DataCellArtifact"", ""privacy_categories"": [""biometric"", ""health"", ""sensitive_personal_data""], ""privacy_categories_explicit"": [""biometric"", ""health""], ""privacy_usages"": [""clinical_research""], ""privacy_erasures"": [""delete_on_request"", ""retention_5y""], ""privacy_roles"": [""AU"", ""CL"", ""DPO"", ""DS""], ""privacy_annotation_sources"": [""propagated:RED""]}"
"DataCellArtifact|D10_TestDataset::record::3::cell::EDA_norm","DataCellArtifact","D10_TestDataset::record::3::cell::EDA_norm","{""key"": ""D10_TestDataset::record::3::cell::EDA_norm"", ""record_id"": ""3"", ""dataset_id"": ""D10_TestDataset"", ""attribute"": ""EDA_norm"", ""value"": 0.03571428571428567, ""dtype"": ""float64"", ""artifact_kind"": ""DataCellArtifact"", ""privacy_categories"": [""biometric"", ""health"", ""sensitive_personal_data""], ""privacy_categories_explicit"": [""biometric"", ""health""], ""privacy_usages"": [""clinical_research""], ""privacy_erasures"": [""delete_on_request"", ""retention_5y""], ""privacy_roles"": [""AU"", ""CL"", ""DPO"", ""DS""], ""privacy_annotation_sources"": [""propagated:RED""]}"
"DataCellArtifact|D10_TestDataset::record::3::cell::ACC_norm","DataCellArtifact","D10_TestDataset::record::3::cell::ACC_norm","{""key"": ""D10_TestDataset::record::3::cell::ACC_norm"", ""record_id"": ""3"", ""dataset_id"": ""D10_TestDataset"", ""attribute"": ""ACC_norm"", ""value"": 0.05555555555555546, ""dtype"": ""float64"", ""artifact_kind"": ""DataCellArtifact"", ""privacy_categories"": [""behavioural_sensor_data""], ""privacy_categories_explicit"": [""behavioural_sensor_data""], ""privacy_usages"": [""clinical_research""], ""privacy_erasures"": [""delete_on_request"", ""retention_5y""], ""privacy_roles"": [""AU"", ""CL"", ""DPO"", ""DS""], ""privacy_annotation_sources"": [""propagated:RED""]}"
"DataCellArtifact|D10_TestDataset::record::3::cell::chall_behav","DataCellArtifact","D10_TestDataset::record::3::cell::chall_behav","{""key"": ""D10_TestDataset::record::3::cell::chall_behav"", ""record_id"": ""3"", ""dataset_id"": ""D10_TestDataset"", ""attribute"": ""chall_behav"", ""value"": ""yes"", ""dtype"": ""str"", ""artifact_kind"": ""DataCellArtifact"", ""privacy_categories"": [""health"", ""behavioural_sensitive"", ""sensitive_personal_data""], ""privacy_categories_explicit"": [""health"", ""behavioural_sensitive""], ""privacy_usages"": [""clinical_research""], ""privacy_erasures"": [""delete_on_request"", ""retention_5y""], ""privacy_roles"": [""AU"", ""CL"", ""DPO"", ""DS""], ""privacy_annotation_sources"": [""propagated:RED""]}"
"DataCellArtifact|D10_TestDataset::record::3::cell::sev","DataCellArtifact","D10_TestDataset::record::3::cell::sev","{""key"": ""D10_TestDataset::record::3::cell::sev"", ""record_id"": ""3"", ""dataset_id"": ""D10_TestDataset"", ""attribute"": ""sev"", ""value"": 3, ""dtype"": ""int64"", ""artifact_kind"": ""DataCellArtifact"", ""privacy_categories"": [""health"", ""behavioural_sensitive"", ""sensitive_personal_data""], ""privacy_categories_explicit"": [""health"", ""behavioural_sensitive""], ""privacy_usages"": [""clinical_research""], ""privacy_erasures"": [""delete_on_request"", ""retention_5y""], ""privacy_roles"": [""AU"", ""CL"", ""DPO"", ""DS""], ""privacy_annotation_sources"": [""propagated:RED""]}"
"DataCellArtifact|D10_TestDataset::record::3::cell::age_grp","DataCellArtifact","D10_TestDataset::record::3::cell::age_grp","{""key"": ""D10_TestDataset::record::3::cell::age_grp"", ""record_id"": ""3"", ""dataset_id"": ""D10_TestDataset"", ""attribute"": ""age_grp"", ""value"": ""9-11"", ""dtype"": ""str"", ""artifact_kind"": ""DataCellArtifact"", ""privacy_categories"": [""quasi_identifier""], ""privacy_categories_explicit"": [""quasi_identifier""], ""privacy_usages"": [""clinical_research""], ""privacy_erasures"": [""delete_on_request"", ""retention_5y""], ""privacy_roles"": [""AU"", ""CL"", ""DPO"", ""DS""], ""privacy_annotation_sources"": [""propagated:RED""]}"
"DataCellArtifact|D10_TestDataset::record::3::cell::sex","DataCellArtifact","D10_TestDataset::record::3::cell::sex","{""key"": ""D10_TestDataset::record::3::cell::sex"", ""record_id"": ""3"", ""dataset_id"": ""D10_TestDataset"", ""attribute"": ""sex"", ""value"": ""F"", ""dtype"": ""str"", ""artifact_kind"": ""DataCellArtifact"", ""privacy_categories"": [""quasi_identifier""], ""privacy_categories_explicit"": [""quasi_identifier""], ""privacy_usages"": [""clinical_research""], ""privacy_erasures"": [""delete_on_request"", ""retention_5y""], ""privacy_roles"": [""AU"", ""CL"", ""DPO"", ""DS""], ""privacy_annotation_sources"": [""propagated:RED""]}"
"StepRun|asd_run_001::004::S8_train_classifier","StepRun","asd_run_001::004::S8_train_classifier","{""key"": ""asd_run_001::004::S8_train_classifier"", ""step_id"": ""S8_train_classifier"", ""phase"": ""Learning"", ""framework"": ""python"", ""operatorType"": ""LEARN"", ""policy_id"": ""S8_train_classifier_policy"", ""input_artifacts"": [""D9_TrainDataset""], ""output_artifacts"": [""M1_ChallengingBehaviourClassifier""], ""duration_seconds"": 0.0021665096282958984, ""status"": ""success"", ""operation_policy_id"": ""S8_train_classifier_policy"", ""contributorGranularity"": ""record_and_attribute""}"
"ModelArtifact|M1_ChallengingBehaviourClassifier","ModelArtifact","M1_ChallengingBehaviourClassifier","{""key"": ""M1_ChallengingBehaviourClassifier"", ""name"": ""M1_ChallengingBehaviourClassifier"", ""role"": ""model"", ""framework"": ""scikit-learn"", ""source"": ""step:S8_train_classifier"", ""model_class"": ""DecisionTreeClassifier"", ""artifact_kind"": ""ModelArtifact"", ""privacy_categories"": [""model_exposed_to_biometric_data"", ""model_exposed_to_health_data"", ""model_exposed_to_behavioural_sensor_data"", ""model_exposed_to_behavioural_sensitive_label"", ""model_exposed_to_quasi_identifier_features"", ""small_training_set_model_disclosure_risk""], ""privacy_categories_explicit"": [""model_exposed_to_biometric_data"", ""model_exposed_to_health_data"", ""model_exposed_to_behavioural_sensor_data"", ""model_exposed_to_behavioural_sensitive_label"", ""model_exposed_to_quasi_identifier_features"", ""small_training_set_model_disclosure_risk""], ""privacy_usages"": [""clinical_research""], ""privacy_erasures"": [""retrain_or_review_on_erasure"", ""retention_5y""], ""privacy_roles"": [""DS"", ""CL"", ""AU"", ""DPO""], ""privacy_annotation_sources"": [""propagated:LEARN""]}"
"EvaluationMetric|E1_accuracy","EvaluationMetric","E1_accuracy","{""key"": ""E1_accuracy"", ""name"": ""accuracy"", ""value"": 0.5, ""split"": ""test"", ""source"": ""manual_register"", ""artifact_kind"": ""EvaluationMetric""}"
"SensitivityCategory|behavioural_sensitive","SensitivityCategory","behavioural_sensitive","{""key"": ""behavioural_sensitive"", ""name"": ""behavioural_sensitive""}"
"SensitivityCategory|behavioural_sensor_data","SensitivityCategory","behavioural_sensor_data","{""key"": ""behavioural_sensor_data"", ""name"": ""behavioural_sensor_data""}"
"SensitivityCategory|biometric","SensitivityCategory","biometric","{""key"": ""biometric"", ""name"": ""biometric""}"
"SensitivityCategory|direct_identifier","SensitivityCategory","direct_identifier","{""key"": ""direct_identifier"", ""name"": ""direct_identifier""}"
"SensitivityCategory|health","SensitivityCategory","health","{""key"": ""health"", ""name"": ""health""}"
"SensitivityCategory|identifier","SensitivityCategory","identifier","{""key"": ""identifier"", ""name"": ""identifier""}"
"SensitivityCategory|organisational_context","SensitivityCategory","organisational_context","{""key"": ""organisational_context"", ""name"": ""organisational_context""}"
"SensitivityCategory|pseudonymous_identifier","SensitivityCategory","pseudonymous_identifier","{""key"": ""pseudonymous_identifier"", ""name"": ""pseudonymous_identifier""}"
"SensitivityCategory|quasi_identifier","SensitivityCategory","quasi_identifier","{""key"": ""quasi_identifier"", ""name"": ""quasi_identifier""}"
"SensitivityCategory|reidentification_risk","SensitivityCategory","reidentification_risk","{""key"": ""reidentification_risk"", ""name"": ""reidentification_risk""}"
"SensitivityCategory|sensitive_personal_data","SensitivityCategory","sensitive_personal_data","{""key"": ""sensitive_personal_data"", ""name"": ""sensitive_personal_data""}"
"SensitivityCategory|temporal_quasi_identifier","SensitivityCategory","temporal_quasi_identifier","{""key"": ""temporal_quasi_identifier"", ""name"": ""temporal_quasi_identifier""}"
"AccessRole|ADM","AccessRole","ADM","{""key"": ""ADM"", ""name"": ""ADM""}"
"AccessRole|AU","AccessRole","AU","{""key"": ""AU"", ""name"": ""AU""}"
"AccessRole|CL","AccessRole","CL","{""key"": ""CL"", ""name"": ""CL""}"
"AccessRole|DPO","AccessRole","DPO","{""key"": ""DPO"", ""name"": ""DPO""}"
"AccessRole|DS","AccessRole","DS","{""key"": ""DS"", ""name"": ""DS""}"
"UsageConstraint|ASD_model_development","UsageConstraint","ASD_model_development","{""key"": ""ASD_model_development"", ""name"": ""ASD_model_development""}"
"UsageConstraint|clinical_research","UsageConstraint","clinical_research","{""key"": ""clinical_research"", ""name"": ""clinical_research""}"
"UsageConstraint|privacy_management","UsageConstraint","privacy_management","{""key"": ""privacy_management"", ""name"": ""privacy_management""}"
"ErasureConstraint|delete_on_request","ErasureConstraint","delete_on_request","{""key"": ""delete_on_request"", ""name"": ""delete_on_request""}"
"ErasureConstraint|protect_linkage_key","ErasureConstraint","protect_linkage_key","{""key"": ""protect_linkage_key"", ""name"": ""protect_linkage_key""}"
"ErasureConstraint|recompute_on_erasure","ErasureConstraint","recompute_on_erasure","{""key"": ""recompute_on_erasure"", ""name"": ""recompute_on_erasure""}"
"ErasureConstraint|retention_5y","ErasureConstraint","retention_5y","{""key"": ""retention_5y"", ""name"": ""retention_5y""}"
"ErasureConstraint|retrain_or_review_on_erasure","ErasureConstraint","retrain_or_review_on_erasure","{""key"": ""retrain_or_review_on_erasure"", ""name"": ""retrain_or_review_on_erasure""}"
"PrivacyAnnotation|PA::DatasetArtifact::D6_EnrichedEpisodeData::0001","PrivacyAnnotation","PA::DatasetArtifact::D6_EnrichedEpisodeData::0001","{""key"": ""PA::DatasetArtifact::D6_EnrichedEpisodeData::0001"", ""annotationId"": ""PA::DatasetArtifact::D6_EnrichedEpisodeData::0001"", ""target_label"": ""DatasetArtifact"", ""target_key"": ""D6_EnrichedEpisodeData"", ""granularity"": ""dataset"", ""source"": ""manual"", ""note"": ""Manual seed annotation for the context-enriched episode dataset used as the input to the instrumented workflow."", ""C_explicit"": [""direct_identifier"", ""temporal_quasi_identifier"", ""quasi_identifier"", ""biometric"", ""health"", ""behavioural_sensor_data"", ""behavioural_sensitive"", ""organisational_context"", ""reidentification_risk""], ""C"": [""direct_identifier"", ""temporal_quasi_identifier"", ""quasi_identifier"", ""biometric"", ""health"", ""behavioural_sensor_data"", ""behavioural_sensitive"", ""organisational_context"", ""reidentification_risk"", ""identifier"", ""sensitive_personal_data""], ""U"": [""clinical_research""], ""R"": [""delete_on_request"", ""retention_5y""], ""A"": [""CL"", ""DPO""]}"
"PrivacyAnnotation|PA::DataRecordArtifact::D6_EnrichedEpisodeData::record::0::0002","PrivacyAnnotation","PA::DataRecordArtifact::D6_EnrichedEpisodeData::record::0::0002","{""key"": ""PA::DataRecordArtifact::D6_EnrichedEpisodeData::record::0::0002"", ""annotationId"": ""PA::DataRecordArtifact::D6_EnrichedEpisodeData::record::0::0002"", ""target_label"": ""DataRecordArtifact"", ""target_key"": ""D6_EnrichedEpisodeData::record::0"", ""granularity"": ""record"", ""source"": ""manual"", ""note"": null, ""C_explicit"": [], ""C"": [], ""U"": [""clinical_research""], ""R"": [""delete_on_request"", ""retention_5y""], ""A"": [""CL"", ""DPO""]}"
"PrivacyAnnotation|PA::DataRecordArtifact::D6_EnrichedEpisodeData::record::1::0003","PrivacyAnnotation","PA::DataRecordArtifact::D6_EnrichedEpisodeData::record::1::0003","{""key"": ""PA::DataRecordArtifact::D6_EnrichedEpisodeData::record::1::0003"", ""annotationId"": ""PA::DataRecordArtifact::D6_EnrichedEpisodeData::record::1::0003"", ""target_label"": ""DataRecordArtifact"", ""target_key"": ""D6_EnrichedEpisodeData::record::1"", ""granularity"": ""record"", ""source"": ""manual"", ""note"": null, ""C_explicit"": [], ""C"": [], ""U"": [""clinical_research""], ""R"": [""delete_on_request"", ""retention_5y""], ""A"": [""CL"", ""DPO""]}"
"PrivacyAnnotation|PA::DataRecordArtifact::D6_EnrichedEpisodeData::record::2::0004","PrivacyAnnotation","PA::DataRecordArtifact::D6_EnrichedEpisodeData::record::2::0004","{""key"": ""PA::DataRecordArtifact::D6_EnrichedEpisodeData::record::2::0004"", ""annotationId"": ""PA::DataRecordArtifact::D6_EnrichedEpisodeData::record::2::0004"", ""target_label"": ""DataRecordArtifact"", ""target_key"": ""D6_EnrichedEpisodeData::record::2"", ""granularity"": ""record"", ""source"": ""manual"", ""note"": null, ""C_explicit"": [], ""C"": [], ""U"": [""clinical_research""], ""R"": [""delete_on_request"", ""retention_5y""], ""A"": [""CL"", ""DPO""]}"
"PrivacyAnnotation|PA::DataRecordArtifact::D6_EnrichedEpisodeData::record::3::0005","PrivacyAnnotation","PA::DataRecordArtifact::D6_EnrichedEpisodeData::record::3::0005","{""key"": ""PA::DataRecordArtifact::D6_EnrichedEpisodeData::record::3::0005"", ""annotationId"": ""PA::DataRecordArtifact::D6_EnrichedEpisodeData::record::3::0005"", ""target_label"": ""DataRecordArtifact"", ""target_key"": ""D6_EnrichedEpisodeData::record::3"", ""granularity"": ""record"", ""source"": ""manual"", ""note"": null, ""C_explicit"": [], ""C"": [], ""U"": [""clinical_research""], ""R"": [""delete_on_request"", ""retention_5y""], ""A"": [""CL"", ""DPO""]}"
"PrivacyAnnotation|PA::DataCellArtifact::D6_EnrichedEpisodeData::record::0::cell::Id::0006","PrivacyAnnotation","PA::DataCellArtifact::D6_EnrichedEpisodeData::record::0::cell::Id::0006","{""key"": ""PA::DataCellArtifact::D6_EnrichedEpisodeData::record::0::cell::Id::0006"", ""annotationId"": ""PA::DataCellArtifact::D6_EnrichedEpisodeData::record::0::cell::Id::0006"", ""target_label"": ""DataCellArtifact"", ""target_key"": ""D6_EnrichedEpisodeData::record::0::cell::Id"", ""granularity"": ""cell"", ""source"": ""manual"", ""note"": null, ""C_explicit"": [""direct_identifier""], ""C"": [""direct_identifier"", ""identifier""], ""U"": [""clinical_research""], ""R"": [""delete_on_request"", ""retention_5y""], ""A"": [""CL"", ""DPO""]}"
"PrivacyAnnotation|PA::DataCellArtifact::D6_EnrichedEpisodeData::record::1::cell::Id::0007","PrivacyAnnotation","PA::DataCellArtifact::D6_EnrichedEpisodeData::record::1::cell::Id::0007","{""key"": ""PA::DataCellArtifact::D6_EnrichedEpisodeData::record::1::cell::Id::0007"", ""annotationId"": ""PA::DataCellArtifact::D6_EnrichedEpisodeData::record::1::cell::Id::0007"", ""target_label"": ""DataCellArtifact"", ""target_key"": ""D6_EnrichedEpisodeData::record::1::cell::Id"", ""granularity"": ""cell"", ""source"": ""manual"", ""note"": null, ""C_explicit"": [""direct_identifier""], ""C"": [""direct_identifier"", ""identifier""], ""U"": [""clinical_research""], ""R"": [""delete_on_request"", ""retention_5y""], ""A"": [""CL"", ""DPO""]}"
"PrivacyAnnotation|PA::DataCellArtifact::D6_EnrichedEpisodeData::record::2::cell::Id::0008","PrivacyAnnotation","PA::DataCellArtifact::D6_EnrichedEpisodeData::record::2::cell::Id::0008","{""key"": ""PA::DataCellArtifact::D6_EnrichedEpisodeData::record::2::cell::Id::0008"", ""annotationId"": ""PA::DataCellArtifact::D6_EnrichedEpisodeData::record::2::cell::Id::0008"", ""target_label"": ""DataCellArtifact"", ""target_key"": ""D6_EnrichedEpisodeData::record::2::cell::Id"", ""granularity"": ""cell"", ""source"": ""manual"", ""note"": null, ""C_explicit"": [""direct_identifier""], ""C"": [""direct_identifier"", ""identifier""], ""U"": [""clinical_research""], ""R"": [""delete_on_request"", ""retention_5y""], ""A"": [""CL"", ""DPO""]}"
"PrivacyAnnotation|PA::DataCellArtifact::D6_EnrichedEpisodeData::record::3::cell::Id::0009","PrivacyAnnotation","PA::DataCellArtifact::D6_EnrichedEpisodeData::record::3::cell::Id::0009","{""key"": ""PA::DataCellArtifact::D6_EnrichedEpisodeData::record::3::cell::Id::0009"", ""annotationId"": ""PA::DataCellArtifact::D6_EnrichedEpisodeData::record::3::cell::Id::0009"", ""target_label"": ""DataCellArtifact"", ""target_key"": ""D6_EnrichedEpisodeData::record::3::cell::Id"", ""granularity"": ""cell"", ""source"": ""manual"", ""note"": null, ""C_explicit"": [""direct_identifier""], ""C"": [""direct_identifier"", ""identifier""], ""U"": [""clinical_research""], ""R"": [""delete_on_request"", ""retention_5y""], ""A"": [""CL"", ""DPO""]}"
"PrivacyAnnotation|PA::DataCellArtifact::D6_EnrichedEpisodeData::record::0::cell::window_start::0010","PrivacyAnnotation","PA::DataCellArtifact::D6_EnrichedEpisodeData::record::0::cell::window_start::0010","{""key"": ""PA::DataCellArtifact::D6_EnrichedEpisodeData::record::0::cell::window_start::0010"", ""annotationId"": ""PA::DataCellArtifact::D6_EnrichedEpisodeData::record::0::cell::window_start::0010"", ""target_label"": ""DataCellArtifact"", ""target_key"": ""D6_EnrichedEpisodeData::record::0::cell::window_start"", ""granularity"": ""cell"", ""source"": ""manual"", ""note"": null, ""C_explicit"": [""temporal_quasi_identifier""], ""C"": [""temporal_quasi_identifier"", ""quasi_identifier""], ""U"": [""clinical_research""], ""R"": [""delete_on_request"", ""retention_5y""], ""A"": [""DS"", ""CL"", ""AU"", ""DPO""]}"
"PrivacyAnnotation|PA::DataCellArtifact::D6_EnrichedEpisodeData::record::1::cell::window_start::0011","PrivacyAnnotation","PA::DataCellArtifact::D6_EnrichedEpisodeData::record::1::cell::window_start::0011","{""key"": ""PA::DataCellArtifact::D6_EnrichedEpisodeData::record::1::cell::window_start::0011"", ""annotationId"": ""PA::DataCellArtifact::D6_EnrichedEpisodeData::record::1::cell::window_start::0011"", ""target_label"": ""DataCellArtifact"", ""target_key"": ""D6_EnrichedEpisodeData::record::1::cell::window_start"", ""granularity"": ""cell"", ""source"": ""manual"", ""note"": null, ""C_explicit"": [""temporal_quasi_identifier""], ""C"": [""temporal_quasi_identifier"", ""quasi_identifier""], ""U"": [""clinical_research""], ""R"": [""delete_on_request"", ""retention_5y""], ""A"": [""DS"", ""CL"", ""AU"", ""DPO""]}"
"PrivacyAnnotation|PA::DataCellArtifact::D6_EnrichedEpisodeData::record::2::cell::window_start::0012","PrivacyAnnotation","PA::DataCellArtifact::D6_EnrichedEpisodeData::record::2::cell::window_start::0012","{""key"": ""PA::DataCellArtifact::D6_EnrichedEpisodeData::record::2::cell::window_start::0012"", ""annotationId"": ""PA::DataCellArtifact::D6_EnrichedEpisodeData::record::2::cell::window_start::0012"", ""target_label"": ""DataCellArtifact"", ""target_key"": ""D6_EnrichedEpisodeData::record::2::cell::window_start"", ""granularity"": ""cell"", ""source"": ""manual"", ""note"": null, ""C_explicit"": [""temporal_quasi_identifier""], ""C"": [""temporal_quasi_identifier"", ""quasi_identifier""], ""U"": [""clinical_research""], ""R"": [""delete_on_request"", ""retention_5y""], ""A"": [""DS"", ""CL"", ""AU"", ""DPO""]}"
"PrivacyAnnotation|PA::DataCellArtifact::D6_EnrichedEpisodeData::record::3::cell::window_start::0013","PrivacyAnnotation","PA::DataCellArtifact::D6_EnrichedEpisodeData::record::3::cell::window_start::0013","{""key"": ""PA::DataCellArtifact::D6_EnrichedEpisodeData::record::3::cell::window_start::0013"", ""annotationId"": ""PA::DataCellArtifact::D6_EnrichedEpisodeData::record::3::cell::window_start::0013"", ""target_label"": ""DataCellArtifact"", ""target_key"": ""D6_EnrichedEpisodeData::record::3::cell::window_start"", ""granularity"": ""cell"", ""source"": ""manual"", ""note"": null, ""C_explicit"": [""temporal_quasi_identifier""], ""C"": [""temporal_quasi_identifier"", ""quasi_identifier""], ""U"": [""clinical_research""], ""R"": [""delete_on_request"", ""retention_5y""], ""A"": [""DS"", ""CL"", ""AU"", ""DPO""]}"
"PrivacyAnnotation|PA::DataCellArtifact::D6_EnrichedEpisodeData::record::0::cell::HR_res::0014","PrivacyAnnotation","PA::DataCellArtifact::D6_EnrichedEpisodeData::record::0::cell::HR_res::0014","{""key"": ""PA::DataCellArtifact::D6_EnrichedEpisodeData::record::0::cell::HR_res::0014"", ""annotationId"": ""PA::DataCellArtifact::D6_EnrichedEpisodeData::record::0::cell::HR_res::0014"", ""target_label"": ""DataCellArtifact"", ""target_key"": ""D6_EnrichedEpisodeData::record::0::cell::HR_res"", ""granularity"": ""cell"", ""source"": ""manual"", ""note"": null, ""C_explicit"": [""biometric"", ""health""], ""C"": [""biometric"", ""health"", ""sensitive_personal_data""], ""U"": [""clinical_research""], ""R"": [""delete_on_request"", ""retention_5y""], ""A"": [""DS"", ""CL"", ""AU"", ""DPO""]}"
"PrivacyAnnotation|PA::DataCellArtifact::D6_EnrichedEpisodeData::record::1::cell::HR_res::0015","PrivacyAnnotation","PA::DataCellArtifact::D6_EnrichedEpisodeData::record::1::cell::HR_res::0015","{""key"": ""PA::DataCellArtifact::D6_EnrichedEpisodeData::record::1::cell::HR_res::0015"", ""annotationId"": ""PA::DataCellArtifact::D6_EnrichedEpisodeData::record::1::cell::HR_res::0015"", ""target_label"": ""DataCellArtifact"", ""target_key"": ""D6_EnrichedEpisodeData::record::1::cell::HR_res"", ""granularity"": ""cell"", ""source"": ""manual"", ""note"": null, ""C_explicit"": [""biometric"", ""health""], ""C"": [""biometric"", ""health"", ""sensitive_personal_data""], ""U"": [""clinical_research""], ""R"": [""delete_on_request"", ""retention_5y""], ""A"": [""DS"", ""CL"", ""AU"", ""DPO""]}"
"PrivacyAnnotation|PA::DataCellArtifact::D6_EnrichedEpisodeData::record::2::cell::HR_res::0016","PrivacyAnnotation","PA::DataCellArtifact::D6_EnrichedEpisodeData::record::2::cell::HR_res::0016","{""key"": ""PA::DataCellArtifact::D6_EnrichedEpisodeData::record::2::cell::HR_res::0016"", ""annotationId"": ""PA::DataCellArtifact::D6_EnrichedEpisodeData::record::2::cell::HR_res::0016"", ""target_label"": ""DataCellArtifact"", ""target_key"": ""D6_EnrichedEpisodeData::record::2::cell::HR_res"", ""granularity"": ""cell"", ""source"": ""manual"", ""note"": null, ""C_explicit"": [""biometric"", ""health""], ""C"": [""biometric"", ""health"", ""sensitive_personal_data""], ""U"": [""clinical_research""], ""R"": [""delete_on_request"", ""retention_5y""], ""A"": [""DS"", ""CL"", ""AU"", ""DPO""]}"
"PrivacyAnnotation|PA::DataCellArtifact::D6_EnrichedEpisodeData::record::3::cell::HR_res::0017","PrivacyAnnotation","PA::DataCellArtifact::D6_EnrichedEpisodeData::record::3::cell::HR_res::0017","{""key"": ""PA::DataCellArtifact::D6_EnrichedEpisodeData::record::3::cell::HR_res::0017"", ""annotationId"": ""PA::DataCellArtifact::D6_EnrichedEpisodeData::record::3::cell::HR_res::0017"", ""target_label"": ""DataCellArtifact"", ""target_key"": ""D6_EnrichedEpisodeData::record::3::cell::HR_res"", ""granularity"": ""cell"", ""source"": ""manual"", ""note"": null, ""C_explicit"": [""biometric"", ""health""], ""C"": [""biometric"", ""health"", ""sensitive_personal_data""], ""U"": [""clinical_research""], ""R"": [""delete_on_request"", ""retention_5y""], ""A"": [""DS"", ""CL"", ""AU"", ""DPO""]}"
"PrivacyAnnotation|PA::DataCellArtifact::D6_EnrichedEpisodeData::record::0::cell::EDA_res::0018","PrivacyAnnotation","PA::DataCellArtifact::D6_EnrichedEpisodeData::record::0::cell::EDA_res::0018","{""key"": ""PA::DataCellArtifact::D6_EnrichedEpisodeData::record::0::cell::EDA_res::0018"", ""annotationId"": ""PA::DataCellArtifact::D6_EnrichedEpisodeData::record::0::cell::EDA_res::0018"", ""target_label"": ""DataCellArtifact"", ""target_key"": ""D6_EnrichedEpisodeData::record::0::cell::EDA_res"", ""granularity"": ""cell"", ""source"": ""manual"", ""note"": null, ""C_explicit"": [""biometric"", ""health""], ""C"": [""biometric"", ""health"", ""sensitive_personal_data""], ""U"": [""clinical_research""], ""R"": [""delete_on_request"", ""retention_5y""], ""A"": [""DS"", ""CL"", ""AU"", ""DPO""]}"
"PrivacyAnnotation|PA::DataCellArtifact::D6_EnrichedEpisodeData::record::1::cell::EDA_res::0019","PrivacyAnnotation","PA::DataCellArtifact::D6_EnrichedEpisodeData::record::1::cell::EDA_res::0019","{""key"": ""PA::DataCellArtifact::D6_EnrichedEpisodeData::record::1::cell::EDA_res::0019"", ""annotationId"": ""PA::DataCellArtifact::D6_EnrichedEpisodeData::record::1::cell::EDA_res::0019"", ""target_label"": ""DataCellArtifact"", ""target_key"": ""D6_EnrichedEpisodeData::record::1::cell::EDA_res"", ""granularity"": ""cell"", ""source"": ""manual"", ""note"": null, ""C_explicit"": [""biometric"", ""health""], ""C"": [""biometric"", ""health"", ""sensitive_personal_data""], ""U"": [""clinical_research""], ""R"": [""delete_on_request"", ""retention_5y""], ""A"": [""DS"", ""CL"", ""AU"", ""DPO""]}"
"PrivacyAnnotation|PA::DataCellArtifact::D6_EnrichedEpisodeData::record::2::cell::EDA_res::0020","PrivacyAnnotation","PA::DataCellArtifact::D6_EnrichedEpisodeData::record::2::cell::EDA_res::0020","{""key"": ""PA::DataCellArtifact::D6_EnrichedEpisodeData::record::2::cell::EDA_res::0020"", ""annotationId"": ""PA::DataCellArtifact::D6_EnrichedEpisodeData::record::2::cell::EDA_res::0020"", ""target_label"": ""DataCellArtifact"", ""target_key"": ""D6_EnrichedEpisodeData::record::2::cell::EDA_res"", ""granularity"": ""cell"", ""source"": ""manual"", ""note"": null, ""C_explicit"": [""biometric"", ""health""], ""C"": [""biometric"", ""health"", ""sensitive_personal_data""], ""U"": [""clinical_research""], ""R"": [""delete_on_request"", ""retention_5y""], ""A"": [""DS"", ""CL"", ""AU"", ""DPO""]}"
"PrivacyAnnotation|PA::DataCellArtifact::D6_EnrichedEpisodeData::record::3::cell::EDA_res::0021","PrivacyAnnotation","PA::DataCellArtifact::D6_EnrichedEpisodeData::record::3::cell::EDA_res::0021","{""key"": ""PA::DataCellArtifact::D6_EnrichedEpisodeData::record::3::cell::EDA_res::0021"", ""annotationId"": ""PA::DataCellArtifact::D6_EnrichedEpisodeData::record::3::cell::EDA_res::0021"", ""target_label"": ""DataCellArtifact"", ""target_key"": ""D6_EnrichedEpisodeData::record::3::cell::EDA_res"", ""granularity"": ""cell"", ""source"": ""manual"", ""note"": null, ""C_explicit"": [""biometric"", ""health""], ""C"": [""biometric"", ""health"", ""sensitive_personal_data""], ""U"": [""clinical_research""], ""R"": [""delete_on_request"", ""retention_5y""], ""A"": [""DS"", ""CL"", ""AU"", ""DPO""]}"
"PrivacyAnnotation|PA::DataCellArtifact::D6_EnrichedEpisodeData::record::0::cell::ACC_res::0022","PrivacyAnnotation","PA::DataCellArtifact::D6_EnrichedEpisodeData::record::0::cell::ACC_res::0022","{""key"": ""PA::DataCellArtifact::D6_EnrichedEpisodeData::record::0::cell::ACC_res::0022"", ""annotationId"": ""PA::DataCellArtifact::D6_EnrichedEpisodeData::record::0::cell::ACC_res::0022"", ""target_label"": ""DataCellArtifact"", ""target_key"": ""D6_EnrichedEpisodeData::record::0::cell::ACC_res"", ""granularity"": ""cell"", ""source"": ""manual"", ""note"": null, ""C_explicit"": [""behavioural_sensor_data""], ""C"": [""behavioural_sensor_data""], ""U"": [""clinical_research""], ""R"": [""delete_on_request"", ""retention_5y""], ""A"": [""DS"", ""CL"", ""AU"", ""DPO""]}"
"PrivacyAnnotation|PA::DataCellArtifact::D6_EnrichedEpisodeData::record::1::cell::ACC_res::0023","PrivacyAnnotation","PA::DataCellArtifact::D6_EnrichedEpisodeData::record::1::cell::ACC_res::0023","{""key"": ""PA::DataCellArtifact::D6_EnrichedEpisodeData::record::1::cell::ACC_res::0023"", ""annotationId"": ""PA::DataCellArtifact::D6_EnrichedEpisodeData::record::1::cell::ACC_res::0023"", ""target_label"": ""DataCellArtifact"", ""target_key"": ""D6_EnrichedEpisodeData::record::1::cell::ACC_res"", ""granularity"": ""cell"", ""source"": ""manual"", ""note"": null, ""C_explicit"": [""behavioural_sensor_data""], ""C"": [""behavioural_sensor_data""], ""U"": [""clinical_research""], ""R"": [""delete_on_request"", ""retention_5y""], ""A"": [""DS"", ""CL"", ""AU"", ""DPO""]}"
"PrivacyAnnotation|PA::DataCellArtifact::D6_EnrichedEpisodeData::record::2::cell::ACC_res::0024","PrivacyAnnotation","PA::DataCellArtifact::D6_EnrichedEpisodeData::record::2::cell::ACC_res::0024","{""key"": ""PA::DataCellArtifact::D6_EnrichedEpisodeData::record::2::cell::ACC_res::0024"", ""annotationId"": ""PA::DataCellArtifact::D6_EnrichedEpisodeData::record::2::cell::ACC_res::0024"", ""target_label"": ""DataCellArtifact"", ""target_key"": ""D6_EnrichedEpisodeData::record::2::cell::ACC_res"", ""granularity"": ""cell"", ""source"": ""manual"", ""note"": null, ""C_explicit"": [""behavioural_sensor_data""], ""C"": [""behavioural_sensor_data""], ""U"": [""clinical_research""], ""R"": [""delete_on_request"", ""retention_5y""], ""A"": [""DS"", ""CL"", ""AU"", ""DPO""]}"
"PrivacyAnnotation|PA::DataCellArtifact::D6_EnrichedEpisodeData::record::3::cell::ACC_res::0025","PrivacyAnnotation","PA::DataCellArtifact::D6_EnrichedEpisodeData::record::3::cell::ACC_res::0025","{""key"": ""PA::DataCellArtifact::D6_EnrichedEpisodeData::record::3::cell::ACC_res::0025"", ""annotationId"": ""PA::DataCellArtifact::D6_EnrichedEpisodeData::record::3::cell::ACC_res::0025"", ""target_label"": ""DataCellArtifact"", ""target_key"": ""D6_EnrichedEpisodeData::record::3::cell::ACC_res"", ""granularity"": ""cell"", ""source"": ""manual"", ""note"": null, ""C_explicit"": [""behavioural_sensor_data""], ""C"": [""behavioural_sensor_data""], ""U"": [""clinical_research""], ""R"": [""delete_on_request"", ""retention_5y""], ""A"": [""DS"", ""CL"", ""AU"", ""DPO""]}"
"PrivacyAnnotation|PA::DataCellArtifact::D6_EnrichedEpisodeData::record::0::cell::chall_behav::0026","PrivacyAnnotation","PA::DataCellArtifact::D6_EnrichedEpisodeData::record::0::cell::chall_behav::0026","{""key"": ""PA::DataCellArtifact::D6_EnrichedEpisodeData::record::0::cell::chall_behav::0026"", ""annotationId"": ""PA::DataCellArtifact::D6_EnrichedEpisodeData::record::0::cell::chall_behav::0026"", ""target_label"": ""DataCellArtifact"", ""target_key"": ""D6_EnrichedEpisodeData::record::0::cell::chall_behav"", ""granularity"": ""cell"", ""source"": ""manual"", ""note"": null, ""C_explicit"": [""health"", ""behavioural_sensitive""], ""C"": [""health"", ""behavioural_sensitive"", ""sensitive_personal_data""], ""U"": [""clinical_research""], ""R"": [""delete_on_request"", ""retention_5y""], ""A"": [""DS"", ""CL"", ""AU"", ""DPO""]}"
"PrivacyAnnotation|PA::DataCellArtifact::D6_EnrichedEpisodeData::record::1::cell::chall_behav::0027","PrivacyAnnotation","PA::DataCellArtifact::D6_EnrichedEpisodeData::record::1::cell::chall_behav::0027","{""key"": ""PA::DataCellArtifact::D6_EnrichedEpisodeData::record::1::cell::chall_behav::0027"", ""annotationId"": ""PA::DataCellArtifact::D6_EnrichedEpisodeData::record::1::cell::chall_behav::0027"", ""target_label"": ""DataCellArtifact"", ""target_key"": ""D6_EnrichedEpisodeData::record::1::cell::chall_behav"", ""granularity"": ""cell"", ""source"": ""manual"", ""note"": null, ""C_explicit"": [""health"", ""behavioural_sensitive""], ""C"": [""health"", ""behavioural_sensitive"", ""sensitive_personal_data""], ""U"": [""clinical_research""], ""R"": [""delete_on_request"", ""retention_5y""], ""A"": [""DS"", ""CL"", ""AU"", ""DPO""]}"
"PrivacyAnnotation|PA::DataCellArtifact::D6_EnrichedEpisodeData::record::2::cell::chall_behav::0028","PrivacyAnnotation","PA::DataCellArtifact::D6_EnrichedEpisodeData::record::2::cell::chall_behav::0028","{""key"": ""PA::DataCellArtifact::D6_EnrichedEpisodeData::record::2::cell::chall_behav::0028"", ""annotationId"": ""PA::DataCellArtifact::D6_EnrichedEpisodeData::record::2::cell::chall_behav::0028"", ""target_label"": ""DataCellArtifact"", ""target_key"": ""D6_EnrichedEpisodeData::record::2::cell::chall_behav"", ""granularity"": ""cell"", ""source"": ""manual"", ""note"": null, ""C_explicit"": [""health"", ""behavioural_sensitive""], ""C"": [""health"", ""behavioural_sensitive"", ""sensitive_personal_data""], ""U"": [""clinical_research""], ""R"": [""delete_on_request"", ""retention_5y""], ""A"": [""DS"", ""CL"", ""AU"", ""DPO""]}"
"PrivacyAnnotation|PA::DataCellArtifact::D6_EnrichedEpisodeData::record::3::cell::chall_behav::0029","PrivacyAnnotation","PA::DataCellArtifact::D6_EnrichedEpisodeData::record::3::cell::chall_behav::0029","{""key"": ""PA::DataCellArtifact::D6_EnrichedEpisodeData::record::3::cell::chall_behav::0029"", ""annotationId"": ""PA::DataCellArtifact::D6_EnrichedEpisodeData::record::3::cell::chall_behav::0029"", ""target_label"": ""DataCellArtifact"", ""target_key"": ""D6_EnrichedEpisodeData::record::3::cell::chall_behav"", ""granularity"": ""cell"", ""source"": ""manual"", ""note"": null, ""C_explicit"": [""health"", ""behavioural_sensitive""], ""C"": [""health"", ""behavioural_sensitive"", ""sensitive_personal_data""], ""U"": [""clinical_research""], ""R"": [""delete_on_request"", ""retention_5y""], ""A"": [""DS"", ""CL"", ""AU"", ""DPO""]}"
"PrivacyAnnotation|PA::DataCellArtifact::D6_EnrichedEpisodeData::record::0::cell::sev::0030","PrivacyAnnotation","PA::DataCellArtifact::D6_EnrichedEpisodeData::record::0::cell::sev::0030","{""key"": ""PA::DataCellArtifact::D6_EnrichedEpisodeData::record::0::cell::sev::0030"", ""annotationId"": ""PA::DataCellArtifact::D6_EnrichedEpisodeData::record::0::cell::sev::0030"", ""target_label"": ""DataCellArtifact"", ""target_key"": ""D6_EnrichedEpisodeData::record::0::cell::sev"", ""granularity"": ""cell"", ""source"": ""manual"", ""note"": null, ""C_explicit"": [""health"", ""behavioural_sensitive""], ""C"": [""health"", ""behavioural_sensitive"", ""sensitive_personal_data""], ""U"": [""clinical_research""], ""R"": [""delete_on_request"", ""retention_5y""], ""A"": [""DS"", ""CL"", ""AU"", ""DPO""]}"
"PrivacyAnnotation|PA::DataCellArtifact::D6_EnrichedEpisodeData::record::1::cell::sev::0031","PrivacyAnnotation","PA::DataCellArtifact::D6_EnrichedEpisodeData::record::1::cell::sev::0031","{""key"": ""PA::DataCellArtifact::D6_EnrichedEpisodeData::record::1::cell::sev::0031"", ""annotationId"": ""PA::DataCellArtifact::D6_EnrichedEpisodeData::record::1::cell::sev::0031"", ""target_label"": ""DataCellArtifact"", ""target_key"": ""D6_EnrichedEpisodeData::record::1::cell::sev"", ""granularity"": ""cell"", ""source"": ""manual"", ""note"": null, ""C_explicit"": [""health"", ""behavioural_sensitive""], ""C"": [""health"", ""behavioural_sensitive"", ""sensitive_personal_data""], ""U"": [""clinical_research""], ""R"": [""delete_on_request"", ""retention_5y""], ""A"": [""DS"", ""CL"", ""AU"", ""DPO""]}"
"PrivacyAnnotation|PA::DataCellArtifact::D6_EnrichedEpisodeData::record::2::cell::sev::0032","PrivacyAnnotation","PA::DataCellArtifact::D6_EnrichedEpisodeData::record::2::cell::sev::0032","{""key"": ""PA::DataCellArtifact::D6_EnrichedEpisodeData::record::2::cell::sev::0032"", ""annotationId"": ""PA::DataCellArtifact::D6_EnrichedEpisodeData::record::2::cell::sev::0032"", ""target_label"": ""DataCellArtifact"", ""target_key"": ""D6_EnrichedEpisodeData::record::2::cell::sev"", ""granularity"": ""cell"", ""source"": ""manual"", ""note"": null, ""C_explicit"": [""health"", ""behavioural_sensitive""], ""C"": [""health"", ""behavioural_sensitive"", ""sensitive_personal_data""], ""U"": [""clinical_research""], ""R"": [""delete_on_request"", ""retention_5y""], ""A"": [""DS"", ""CL"", ""AU"", ""DPO""]}"
"PrivacyAnnotation|PA::DataCellArtifact::D6_EnrichedEpisodeData::record::3::cell::sev::0033","PrivacyAnnotation","PA::DataCellArtifact::D6_EnrichedEpisodeData::record::3::cell::sev::0033","{""key"": ""PA::DataCellArtifact::D6_EnrichedEpisodeData::record::3::cell::sev::0033"", ""annotationId"": ""PA::DataCellArtifact::D6_EnrichedEpisodeData::record::3::cell::sev::0033"", ""target_label"": ""DataCellArtifact"", ""target_key"": ""D6_EnrichedEpisodeData::record::3::cell::sev"", ""granularity"": ""cell"", ""source"": ""manual"", ""note"": null, ""C_explicit"": [""health"", ""behavioural_sensitive""], ""C"": [""health"", ""behavioural_sensitive"", ""sensitive_personal_data""], ""U"": [""clinical_research""], ""R"": [""delete_on_request"", ""retention_5y""], ""A"": [""DS"", ""CL"", ""AU"", ""DPO""]}"
"PrivacyAnnotation|PA::DataCellArtifact::D6_EnrichedEpisodeData::record::0::cell::age_grp::0034","PrivacyAnnotation","PA::DataCellArtifact::D6_EnrichedEpisodeData::record::0::cell::age_grp::0034","{""key"": ""PA::DataCellArtifact::D6_EnrichedEpisodeData::record::0::cell::age_grp::0034"", ""annotationId"": ""PA::DataCellArtifact::D6_EnrichedEpisodeData::record::0::cell::age_grp::0034"", ""target_label"": ""DataCellArtifact"", ""target_key"": ""D6_EnrichedEpisodeData::record::0::cell::age_grp"", ""granularity"": ""cell"", ""source"": ""manual"", ""note"": null, ""C_explicit"": [""quasi_identifier""], ""C"": [""quasi_identifier""], ""U"": [""clinical_research""], ""R"": [""delete_on_request"", ""retention_5y""], ""A"": [""DS"", ""CL"", ""AU"", ""DPO""]}"
"PrivacyAnnotation|PA::DataCellArtifact::D6_EnrichedEpisodeData::record::1::cell::age_grp::0035","PrivacyAnnotation","PA::DataCellArtifact::D6_EnrichedEpisodeData::record::1::cell::age_grp::0035","{""key"": ""PA::DataCellArtifact::D6_EnrichedEpisodeData::record::1::cell::age_grp::0035"", ""annotationId"": ""PA::DataCellArtifact::D6_EnrichedEpisodeData::record::1::cell::age_grp::0035"", ""target_label"": ""DataCellArtifact"", ""target_key"": ""D6_EnrichedEpisodeData::record::1::cell::age_grp"", ""granularity"": ""cell"", ""source"": ""manual"", ""note"": null, ""C_explicit"": [""quasi_identifier""], ""C"": [""quasi_identifier""], ""U"": [""clinical_research""], ""R"": [""delete_on_request"", ""retention_5y""], ""A"": [""DS"", ""CL"", ""AU"", ""DPO""]}"
"PrivacyAnnotation|PA::DataCellArtifact::D6_EnrichedEpisodeData::record::2::cell::age_grp::0036","PrivacyAnnotation","PA::DataCellArtifact::D6_EnrichedEpisodeData::record::2::cell::age_grp::0036","{""key"": ""PA::DataCellArtifact::D6_EnrichedEpisodeData::record::2::cell::age_grp::0036"", ""annotationId"": ""PA::DataCellArtifact::D6_EnrichedEpisodeData::record::2::cell::age_grp::0036"", ""target_label"": ""DataCellArtifact"", ""target_key"": ""D6_EnrichedEpisodeData::record::2::cell::age_grp"", ""granularity"": ""cell"", ""source"": ""manual"", ""note"": null, ""C_explicit"": [""quasi_identifier""], ""C"": [""quasi_identifier""], ""U"": [""clinical_research""], ""R"": [""delete_on_request"", ""retention_5y""], ""A"": [""DS"", ""CL"", ""AU"", ""DPO""]}"
"PrivacyAnnotation|PA::DataCellArtifact::D6_EnrichedEpisodeData::record::3::cell::age_grp::0037","PrivacyAnnotation","PA::DataCellArtifact::D6_EnrichedEpisodeData::record::3::cell::age_grp::0037","{""key"": ""PA::DataCellArtifact::D6_EnrichedEpisodeData::record::3::cell::age_grp::0037"", ""annotationId"": ""PA::DataCellArtifact::D6_EnrichedEpisodeData::record::3::cell::age_grp::0037"", ""target_label"": ""DataCellArtifact"", ""target_key"": ""D6_EnrichedEpisodeData::record::3::cell::age_grp"", ""granularity"": ""cell"", ""source"": ""manual"", ""note"": null, ""C_explicit"": [""quasi_identifier""], ""C"": [""quasi_identifier""], ""U"": [""clinical_research""], ""R"": [""delete_on_request"", ""retention_5y""], ""A"": [""DS"", ""CL"", ""AU"", ""DPO""]}"
"PrivacyAnnotation|PA::DataCellArtifact::D6_EnrichedEpisodeData::record::0::cell::sex::0038","PrivacyAnnotation","PA::DataCellArtifact::D6_EnrichedEpisodeData::record::0::cell::sex::0038","{""key"": ""PA::DataCellArtifact::D6_EnrichedEpisodeData::record::0::cell::sex::0038"", ""annotationId"": ""PA::DataCellArtifact::D6_EnrichedEpisodeData::record::0::cell::sex::0038"", ""target_label"": ""DataCellArtifact"", ""target_key"": ""D6_EnrichedEpisodeData::record::0::cell::sex"", ""granularity"": ""cell"", ""source"": ""manual"", ""note"": null, ""C_explicit"": [""quasi_identifier""], ""C"": [""quasi_identifier""], ""U"": [""clinical_research""], ""R"": [""delete_on_request"", ""retention_5y""], ""A"": [""DS"", ""CL"", ""AU"", ""DPO""]}"
"PrivacyAnnotation|PA::DataCellArtifact::D6_EnrichedEpisodeData::record::1::cell::sex::0039","PrivacyAnnotation","PA::DataCellArtifact::D6_EnrichedEpisodeData::record::1::cell::sex::0039","{""key"": ""PA::DataCellArtifact::D6_EnrichedEpisodeData::record::1::cell::sex::0039"", ""annotationId"": ""PA::DataCellArtifact::D6_EnrichedEpisodeData::record::1::cell::sex::0039"", ""target_label"": ""DataCellArtifact"", ""target_key"": ""D6_EnrichedEpisodeData::record::1::cell::sex"", ""granularity"": ""cell"", ""source"": ""manual"", ""note"": null, ""C_explicit"": [""quasi_identifier""], ""C"": [""quasi_identifier""], ""U"": [""clinical_research""], ""R"": [""delete_on_request"", ""retention_5y""], ""A"": [""DS"", ""CL"", ""AU"", ""DPO""]}"
"PrivacyAnnotation|PA::DataCellArtifact::D6_EnrichedEpisodeData::record::2::cell::sex::0040","PrivacyAnnotation","PA::DataCellArtifact::D6_EnrichedEpisodeData::record::2::cell::sex::0040","{""key"": ""PA::DataCellArtifact::D6_EnrichedEpisodeData::record::2::cell::sex::0040"", ""annotationId"": ""PA::DataCellArtifact::D6_EnrichedEpisodeData::record::2::cell::sex::0040"", ""target_label"": ""DataCellArtifact"", ""target_key"": ""D6_EnrichedEpisodeData::record::2::cell::sex"", ""granularity"": ""cell"", ""source"": ""manual"", ""note"": null, ""C_explicit"": [""quasi_identifier""], ""C"": [""quasi_identifier""], ""U"": [""clinical_research""], ""R"": [""delete_on_request"", ""retention_5y""], ""A"": [""DS"", ""CL"", ""AU"", ""DPO""]}"
"PrivacyAnnotation|PA::DataCellArtifact::D6_EnrichedEpisodeData::record::3::cell::sex::0041","PrivacyAnnotation","PA::DataCellArtifact::D6_EnrichedEpisodeData::record::3::cell::sex::0041","{""key"": ""PA::DataCellArtifact::D6_EnrichedEpisodeData::record::3::cell::sex::0041"", ""annotationId"": ""PA::DataCellArtifact::D6_EnrichedEpisodeData::record::3::cell::sex::0041"", ""target_label"": ""DataCellArtifact"", ""target_key"": ""D6_EnrichedEpisodeData::record::3::cell::sex"", ""granularity"": ""cell"", ""source"": ""manual"", ""note"": null, ""C_explicit"": [""quasi_identifier""], ""C"": [""quasi_identifier""], ""U"": [""clinical_research""], ""R"": [""delete_on_request"", ""retention_5y""], ""A"": [""DS"", ""CL"", ""AU"", ""DPO""]}"
"PrivacyAnnotation|PA::DataCellArtifact::D6_EnrichedEpisodeData::record::0::cell::clinic_site::0042","PrivacyAnnotation","PA::DataCellArtifact::D6_EnrichedEpisodeData::record::0::cell::clinic_site::0042","{""key"": ""PA::DataCellArtifact::D6_EnrichedEpisodeData::record::0::cell::clinic_site::0042"", ""annotationId"": ""PA::DataCellArtifact::D6_EnrichedEpisodeData::record::0::cell::clinic_site::0042"", ""target_label"": ""DataCellArtifact"", ""target_key"": ""D6_EnrichedEpisodeData::record::0::cell::clinic_site"", ""granularity"": ""cell"", ""source"": ""manual"", ""note"": null, ""C_explicit"": [""quasi_identifier"", ""organisational_context""], ""C"": [""quasi_identifier"", ""organisational_context""], ""U"": [""clinical_research""], ""R"": [""delete_on_request"", ""retention_5y""], ""A"": [""CL"", ""AU"", ""DPO""]}"
"PrivacyAnnotation|PA::DataCellArtifact::D6_EnrichedEpisodeData::record::1::cell::clinic_site::0043","PrivacyAnnotation","PA::DataCellArtifact::D6_EnrichedEpisodeData::record::1::cell::clinic_site::0043","{""key"": ""PA::DataCellArtifact::D6_EnrichedEpisodeData::record::1::cell::clinic_site::0043"", ""annotationId"": ""PA::DataCellArtifact::D6_EnrichedEpisodeData::record::1::cell::clinic_site::0043"", ""target_label"": ""DataCellArtifact"", ""target_key"": ""D6_EnrichedEpisodeData::record::1::cell::clinic_site"", ""granularity"": ""cell"", ""source"": ""manual"", ""note"": null, ""C_explicit"": [""quasi_identifier"", ""organisational_context""], ""C"": [""quasi_identifier"", ""organisational_context""], ""U"": [""clinical_research""], ""R"": [""delete_on_request"", ""retention_5y""], ""A"": [""CL"", ""AU"", ""DPO""]}"
"PrivacyAnnotation|PA::DataCellArtifact::D6_EnrichedEpisodeData::record::2::cell::clinic_site::0044","PrivacyAnnotation","PA::DataCellArtifact::D6_EnrichedEpisodeData::record::2::cell::clinic_site::0044","{""key"": ""PA::DataCellArtifact::D6_EnrichedEpisodeData::record::2::cell::clinic_site::0044"", ""annotationId"": ""PA::DataCellArtifact::D6_EnrichedEpisodeData::record::2::cell::clinic_site::0044"", ""target_label"": ""DataCellArtifact"", ""target_key"": ""D6_EnrichedEpisodeData::record::2::cell::clinic_site"", ""granularity"": ""cell"", ""source"": ""manual"", ""note"": null, ""C_explicit"": [""quasi_identifier"", ""organisational_context""], ""C"": [""quasi_identifier"", ""organisational_context""], ""U"": [""clinical_research""], ""R"": [""delete_on_request"", ""retention_5y""], ""A"": [""CL"", ""AU"", ""DPO""]}"
"PrivacyAnnotation|PA::DataCellArtifact::D6_EnrichedEpisodeData::record::3::cell::clinic_site::0045","PrivacyAnnotation","PA::DataCellArtifact::D6_EnrichedEpisodeData::record::3::cell::clinic_site::0045","{""key"": ""PA::DataCellArtifact::D6_EnrichedEpisodeData::record::3::cell::clinic_site::0045"", ""annotationId"": ""PA::DataCellArtifact::D6_EnrichedEpisodeData::record::3::cell::clinic_site::0045"", ""target_label"": ""DataCellArtifact"", ""target_key"": ""D6_EnrichedEpisodeData::record::3::cell::clinic_site"", ""granularity"": ""cell"", ""source"": ""manual"", ""note"": null, ""C_explicit"": [""quasi_identifier"", ""organisational_context""], ""C"": [""quasi_identifier"", ""organisational_context""], ""U"": [""clinical_research""], ""R"": [""delete_on_request"", ""retention_5y""], ""A"": [""CL"", ""AU"", ""DPO""]}"
"PrivacyAnnotation|PA::DataCellArtifact::D6_EnrichedEpisodeData::record::0::cell::diag::0046","PrivacyAnnotation","PA::DataCellArtifact::D6_EnrichedEpisodeData::record::0::cell::diag::0046","{""key"": ""PA::DataCellArtifact::D6_EnrichedEpisodeData::record::0::cell::diag::0046"", ""annotationId"": ""PA::DataCellArtifact::D6_EnrichedEpisodeData::record::0::cell::diag::0046"", ""target_label"": ""DataCellArtifact"", ""target_key"": ""D6_EnrichedEpisodeData::record::0::cell::diag"", ""granularity"": ""cell"", ""source"": ""manual"", ""note"": null, ""C_explicit"": [""health"", ""sensitive_personal_data""], ""C"": [""health"", ""sensitive_personal_data""], ""U"": [""clinical_research""], ""R"": [""delete_on_request"", ""retention_5y""], ""A"": [""CL"", ""AU"", ""DPO""]}"
"PrivacyAnnotation|PA::DataCellArtifact::D6_EnrichedEpisodeData::record::1::cell::diag::0047","PrivacyAnnotation","PA::DataCellArtifact::D6_EnrichedEpisodeData::record::1::cell::diag::0047","{""key"": ""PA::DataCellArtifact::D6_EnrichedEpisodeData::record::1::cell::diag::0047"", ""annotationId"": ""PA::DataCellArtifact::D6_EnrichedEpisodeData::record::1::cell::diag::0047"", ""target_label"": ""DataCellArtifact"", ""target_key"": ""D6_EnrichedEpisodeData::record::1::cell::diag"", ""granularity"": ""cell"", ""source"": ""manual"", ""note"": null, ""C_explicit"": [""health"", ""sensitive_personal_data""], ""C"": [""health"", ""sensitive_personal_data""], ""U"": [""clinical_research""], ""R"": [""delete_on_request"", ""retention_5y""], ""A"": [""CL"", ""AU"", ""DPO""]}"
"PrivacyAnnotation|PA::DataCellArtifact::D6_EnrichedEpisodeData::record::2::cell::diag::0048","PrivacyAnnotation","PA::DataCellArtifact::D6_EnrichedEpisodeData::record::2::cell::diag::0048","{""key"": ""PA::DataCellArtifact::D6_EnrichedEpisodeData::record::2::cell::diag::0048"", ""annotationId"": ""PA::DataCellArtifact::D6_EnrichedEpisodeData::record::2::cell::diag::0048"", ""target_label"": ""DataCellArtifact"", ""target_key"": ""D6_EnrichedEpisodeData::record::2::cell::diag"", ""granularity"": ""cell"", ""source"": ""manual"", ""note"": null, ""C_explicit"": [""health"", ""sensitive_personal_data""], ""C"": [""health"", ""sensitive_personal_data""], ""U"": [""clinical_research""], ""R"": [""delete_on_request"", ""retention_5y""], ""A"": [""CL"", ""AU"", ""DPO""]}"
"PrivacyAnnotation|PA::DataCellArtifact::D6_EnrichedEpisodeData::record::3::cell::diag::0049","PrivacyAnnotation","PA::DataCellArtifact::D6_EnrichedEpisodeData::record::3::cell::diag::0049","{""key"": ""PA::DataCellArtifact::D6_EnrichedEpisodeData::record::3::cell::diag::0049"", ""annotationId"": ""PA::DataCellArtifact::D6_EnrichedEpisodeData::record::3::cell::diag::0049"", ""target_label"": ""DataCellArtifact"", ""target_key"": ""D6_EnrichedEpisodeData::record::3::cell::diag"", ""granularity"": ""cell"", ""source"": ""manual"", ""note"": null, ""C_explicit"": [""health"", ""sensitive_personal_data""], ""C"": [""health"", ""sensitive_personal_data""], ""U"": [""clinical_research""], ""R"": [""delete_on_request"", ""retention_5y""], ""A"": [""CL"", ""AU"", ""DPO""]}"
"OperationPolicy|S5_normalise_policy","OperationPolicy","S5_normalise_policy","{""key"": ""S5_normalise_policy"", ""policy_id"": ""S5_normalise_policy"", ""step"": ""S5_normalise"", ""operatorType"": ""TR"", ""contributorGranularity"": ""cell"", ""inputArtifacts"": [""D6_EnrichedEpisodeData""], ""outputArtifacts"": [""D7_NormalizedEpisodeData""], ""selectedAttributes"": [], ""removedAttributes"": [], ""joinKeys"": [], ""target"": null, ""features"": [], ""excludedAttributes"": [], ""modelAccessRoles"": [], ""note"": ""TR example: numeric values change scale, but privacy semantics of the retained attributes are preserved."", ""raw_json"": ""{\""step\"": \""S5_normalise\"", \""operatorType\"": \""TR\"", \""contributorGranularity\"": \""cell\"", \""inputArtifacts\"": [\""D6_EnrichedEpisodeData\""], \""outputArtifacts\"": [\""D7_NormalizedEpisodeData\""], \""transformations\"": {\""HR_norm\"": {\""derivedFrom\"": [\""HR_res\""], \""preserveCategories\"": true, \""description\"": \""Min-max normalisation preserves the biometric/health semantics of heart-rate values.\""}, \""EDA_norm\"": {\""derivedFrom\"": [\""EDA_res\""], \""preserveCategories\"": true, \""description\"": \""Min-max normalisation preserves the biometric/health semantics of EDA values.\""}, \""ACC_norm\"": {\""derivedFrom\"": [\""ACC_res\""], \""preserveCategories\"": true, \""description\"": \""Min-max normalisation preserves behavioural sensor-data semantics.\""}, \""Id\"": {\""derivedFrom\"": [\""Id\""], \""preserveCategories\"": true}, \""window_start\"": {\""derivedFrom\"": [\""window_start\""], \""preserveCategories\"": true}, \""chall_behav\"": {\""derivedFrom\"": [\""chall_behav\""], \""preserveCategories\"": true}, \""sev\"": {\""derivedFrom\"": [\""sev\""], \""preserveCategories\"": true}, \""age_grp\"": {\""derivedFrom\"": [\""age_grp\""], \""preserveCategories\"": true}, \""sex\"": {\""derivedFrom\"": [\""sex\""], \""preserveCategories\"": true}, \""clinic_site\"": {\""derivedFrom\"": [\""clinic_site\""], \""preserveCategories\"": true}, \""diag\"": {\""derivedFrom\"": [\""diag\""], \""preserveCategories\"": true}}, \""globalParameters\"": {\""usesDatasetMinMax\"": true, \""erasureEffect\"": \""recompute_if_minmax_changes\"", \""note\"": \""This policy records the subtle cross-record dependency introduced when min/max parameters are fitted on the full dataset.\""}, \""note\"": \""TR example: numeric values change scale, but privacy semantics of the retained attributes are preserved.\""}""}"
"OperatorType|TR","OperatorType","TR","{""key"": ""TR"", ""name"": ""TR""}"
"TransformationRule|S5_normalise_policy::transformation::HR_norm","TransformationRule","S5_normalise_policy::transformation::HR_norm","{""key"": ""S5_normalise_policy::transformation::HR_norm"", ""policy_id"": ""S5_normalise_policy"", ""outputAttribute"": ""HR_norm"", ""derivedFrom"": [""HR_res""], ""preserveCategories"": true, ""raw_json"": ""{\""derivedFrom\"": [\""HR_res\""], \""preserveCategories\"": true, \""description\"": \""Min-max normalisation preserves the biometric/health semantics of heart-rate values.\""}""}"
"TransformationRule|S5_normalise_policy::transformation::EDA_norm","TransformationRule","S5_normalise_policy::transformation::EDA_norm","{""key"": ""S5_normalise_policy::transformation::EDA_norm"", ""policy_id"": ""S5_normalise_policy"", ""outputAttribute"": ""EDA_norm"", ""derivedFrom"": [""EDA_res""], ""preserveCategories"": true, ""raw_json"": ""{\""derivedFrom\"": [\""EDA_res\""], \""preserveCategories\"": true, \""description\"": \""Min-max normalisation preserves the biometric/health semantics of EDA values.\""}""}"
"TransformationRule|S5_normalise_policy::transformation::ACC_norm","TransformationRule","S5_normalise_policy::transformation::ACC_norm","{""key"": ""S5_normalise_policy::transformation::ACC_norm"", ""policy_id"": ""S5_normalise_policy"", ""outputAttribute"": ""ACC_norm"", ""derivedFrom"": [""ACC_res""], ""preserveCategories"": true, ""raw_json"": ""{\""derivedFrom\"": [\""ACC_res\""], \""preserveCategories\"": true, \""description\"": \""Min-max normalisation preserves behavioural sensor-data semantics.\""}""}"
"TransformationRule|S5_normalise_policy::transformation::Id","TransformationRule","S5_normalise_policy::transformation::Id","{""key"": ""S5_normalise_policy::transformation::Id"", ""policy_id"": ""S5_normalise_policy"", ""outputAttribute"": ""Id"", ""derivedFrom"": [""Id""], ""preserveCategories"": true, ""raw_json"": ""{\""derivedFrom\"": [\""Id\""], \""preserveCategories\"": true}""}"
"TransformationRule|S5_normalise_policy::transformation::window_start","TransformationRule","S5_normalise_policy::transformation::window_start","{""key"": ""S5_normalise_policy::transformation::window_start"", ""policy_id"": ""S5_normalise_policy"", ""outputAttribute"": ""window_start"", ""derivedFrom"": [""window_start""], ""preserveCategories"": true, ""raw_json"": ""{\""derivedFrom\"": [\""window_start\""], \""preserveCategories\"": true}""}"
"TransformationRule|S5_normalise_policy::transformation::chall_behav","TransformationRule","S5_normalise_policy::transformation::chall_behav","{""key"": ""S5_normalise_policy::transformation::chall_behav"", ""policy_id"": ""S5_normalise_policy"", ""outputAttribute"": ""chall_behav"", ""derivedFrom"": [""chall_behav""], ""preserveCategories"": true, ""raw_json"": ""{\""derivedFrom\"": [\""chall_behav\""], \""preserveCategories\"": true}""}"
"TransformationRule|S5_normalise_policy::transformation::sev","TransformationRule","S5_normalise_policy::transformation::sev","{""key"": ""S5_normalise_policy::transformation::sev"", ""policy_id"": ""S5_normalise_policy"", ""outputAttribute"": ""sev"", ""derivedFrom"": [""sev""], ""preserveCategories"": true, ""raw_json"": ""{\""derivedFrom\"": [\""sev\""], \""preserveCategories\"": true}""}"
"TransformationRule|S5_normalise_policy::transformation::age_grp","TransformationRule","S5_normalise_policy::transformation::age_grp","{""key"": ""S5_normalise_policy::transformation::age_grp"", ""policy_id"": ""S5_normalise_policy"", ""outputAttribute"": ""age_grp"", ""derivedFrom"": [""age_grp""], ""preserveCategories"": true, ""raw_json"": ""{\""derivedFrom\"": [\""age_grp\""], \""preserveCategories\"": true}""}"
"TransformationRule|S5_normalise_policy::transformation::sex","TransformationRule","S5_normalise_policy::transformation::sex","{""key"": ""S5_normalise_policy::transformation::sex"", ""policy_id"": ""S5_normalise_policy"", ""outputAttribute"": ""sex"", ""derivedFrom"": [""sex""], ""preserveCategories"": true, ""raw_json"": ""{\""derivedFrom\"": [\""sex\""], \""preserveCategories\"": true}""}"
"TransformationRule|S5_normalise_policy::transformation::clinic_site","TransformationRule","S5_normalise_policy::transformation::clinic_site","{""key"": ""S5_normalise_policy::transformation::clinic_site"", ""policy_id"": ""S5_normalise_policy"", ""outputAttribute"": ""clinic_site"", ""derivedFrom"": [""clinic_site""], ""preserveCategories"": true, ""raw_json"": ""{\""derivedFrom\"": [\""clinic_site\""], \""preserveCategories\"": true}""}"
"TransformationRule|S5_normalise_policy::transformation::diag","TransformationRule","S5_normalise_policy::transformation::diag","{""key"": ""S5_normalise_policy::transformation::diag"", ""policy_id"": ""S5_normalise_policy"", ""outputAttribute"": ""diag"", ""derivedFrom"": [""diag""], ""preserveCategories"": true, ""raw_json"": ""{\""derivedFrom\"": [\""diag\""], \""preserveCategories\"": true}""}"
"OperationPolicy|S6_select_modelling_features_policy","OperationPolicy","S6_select_modelling_features_policy","{""key"": ""S6_select_modelling_features_policy"", ""policy_id"": ""S6_select_modelling_features_policy"", ""step"": ""S6_select_modelling_features"", ""operatorType"": ""RED"", ""contributorGranularity"": ""cell"", ""inputArtifacts"": [""D7_NormalizedEpisodeData""], ""outputArtifacts"": [""D8_ModellingDataset""], ""selectedAttributes"": [""HR_norm"", ""EDA_norm"", ""ACC_norm"", ""chall_behav"", ""sev"", ""age_grp"", ""sex""], ""removedAttributes"": [""Id"", ""window_start"", ""clinic_site"", ""diag""], ""joinKeys"": [], ""target"": null, ""features"": [], ""excludedAttributes"": [], ""modelAccessRoles"": [], ""note"": ""RED/projection example: output annotation should be computed from retained attributes rather than copied from the whole input dataset."", ""raw_json"": ""{\""step\"": \""S6_select_modelling_features\"", \""operatorType\"": \""RED\"", \""contributorGranularity\"": \""cell\"", \""inputArtifacts\"": [\""D7_NormalizedEpisodeData\""], \""outputArtifacts\"": [\""D8_ModellingDataset\""], \""selectedAttributes\"": [\""HR_norm\"", \""EDA_norm\"", \""ACC_norm\"", \""chall_behav\"", \""sev\"", \""age_grp\"", \""sex\""], \""removedAttributes\"": [\""Id\"", \""window_start\"", \""clinic_site\"", \""diag\""], \""riskRemovalRules\"": [{\""condition\"": \""risk_causing_attributes_removed\"", \""removeCategories\"": [\""direct_identifier\"", \""temporal_quasi_identifier\"", \""organisational_context\"", \""reidentification_risk\""], \""description\"": \""Projection removes the main attributes that caused the prior dataset-level linkage risk; residual quasi-identifiers remain through age group and sex.\""}], \""globalParameters\"": {\""recomputeAccessFromRetainedAttributes\"": true}, \""note\"": \""RED/projection example: output annotation should be computed from retained attributes rather than copied from the whole input dataset.\""}""}"
"OperatorType|RED","OperatorType","RED","{""key"": ""RED"", ""name"": ""RED""}"
"RiskRemovalRule|S6_select_modelling_features_policy::RiskRemovalRule::001","RiskRemovalRule","S6_select_modelling_features_policy::RiskRemovalRule::001","{""key"": ""S6_select_modelling_features_policy::RiskRemovalRule::001"", ""policy_id"": ""S6_select_modelling_features_policy"", ""order"": 1, ""condition"": ""risk_causing_attributes_removed"", ""addCategories"": [], ""restrictRolesTo"": [], ""removeCategories"": [""direct_identifier"", ""temporal_quasi_identifier"", ""organisational_context"", ""reidentification_risk""], ""raw_json"": ""{\""condition\"": \""risk_causing_attributes_removed\"", \""removeCategories\"": [\""direct_identifier\"", \""temporal_quasi_identifier\"", \""organisational_context\"", \""reidentification_risk\""], \""description\"": \""Projection removes the main attributes that caused the prior dataset-level linkage risk; residual quasi-identifiers remain through age group and sex.\""}""}"
"OperationPolicy|S7_split_train_test_policy","OperationPolicy","S7_split_train_test_policy","{""key"": ""S7_split_train_test_policy"", ""policy_id"": ""S7_split_train_test_policy"", ""step"": ""S7_split_train_test"", ""operatorType"": ""RED"", ""contributorGranularity"": ""record"", ""inputArtifacts"": [""D8_ModellingDataset""], ""outputArtifacts"": [""D9_TrainDataset"", ""D10_TestDataset""], ""selectedAttributes"": [], ""removedAttributes"": [], ""joinKeys"": [], ""target"": null, ""features"": [], ""excludedAttributes"": [], ""modelAccessRoles"": [], ""note"": ""RED/split example: train and test datasets inherit annotations from the records assigned to each partition."", ""raw_json"": ""{\""step\"": \""S7_split_train_test\"", \""operatorType\"": \""RED\"", \""contributorGranularity\"": \""record\"", \""inputArtifacts\"": [\""D8_ModellingDataset\""], \""outputArtifacts\"": [\""D9_TrainDataset\"", \""D10_TestDataset\""], \""globalParameters\"": {\""splitType\"": \""subject_aware_toy_split\"", \""trainRecordSelector\"": \""first_two_rows\"", \""testRecordSelector\"": \""last_two_rows\"", \""attenuationApplies\"": false}, \""note\"": \""RED/split example: train and test datasets inherit annotations from the records assigned to each partition.\""}""}"
"OperationPolicy|S8_train_classifier_policy","OperationPolicy","S8_train_classifier_policy","{""key"": ""S8_train_classifier_policy"", ""policy_id"": ""S8_train_classifier_policy"", ""step"": ""S8_train_classifier"", ""operatorType"": ""LEARN"", ""contributorGranularity"": ""record_and_attribute"", ""inputArtifacts"": [""D9_TrainDataset""], ""outputArtifacts"": [""M1_ChallengingBehaviourClassifier""], ""selectedAttributes"": [], ""removedAttributes"": [], ""joinKeys"": [], ""target"": ""chall_behav"", ""features"": [""HR_norm"", ""EDA_norm"", ""ACC_norm"", ""age_grp"", ""sex""], ""excludedAttributes"": [""sev""], ""modelAccessRoles"": [""DS"", ""CL"", ""AU"", ""DPO""], ""note"": ""LEARN example: input data categories are rewritten into model-exposure categories, and deletion obligations become retraining/review obligations."", ""raw_json"": ""{\""step\"": \""S8_train_classifier\"", \""operatorType\"": \""LEARN\"", \""contributorGranularity\"": \""record_and_attribute\"", \""inputArtifacts\"": [\""D9_TrainDataset\""], \""outputArtifacts\"": [\""M1_ChallengingBehaviourClassifier\""], \""target\"": \""chall_behav\"", \""features\"": [\""HR_norm\"", \""EDA_norm\"", \""ACC_norm\"", \""age_grp\"", \""sex\""], \""excludedAttributes\"": [\""sev\""], \""modelExposureMapping\"": {\""biometric\"": \""model_exposed_to_biometric_data\"", \""health\"": \""model_exposed_to_health_data\"", \""behavioural_sensor_data\"": \""model_exposed_to_behavioural_sensor_data\"", \""behavioural_sensitive\"": \""model_exposed_to_behavioural_sensitive_label\"", \""quasi_identifier\"": \""model_exposed_to_quasi_identifier_features\""}, \""erasureRewrite\"": {\""delete_on_request\"": \""retrain_or_review_on_erasure\""}, \""mintingRules\"": [{\""condition\"": \""training_set_size_less_than_10\"", \""addCategories\"": [\""small_training_set_model_disclosure_risk\""], \""description\"": \""Toy model is trained on two records; this rule demonstrates model-specific risk minting.\""}], \""modelAccessRoles\"": [\""DS\"", \""CL\"", \""AU\"", \""DPO\""], \""note\"": \""LEARN example: input data categories are rewritten into model-exposure categories, and deletion obligations become retraining/review obligations.\""}""}"
"OperatorType|LEARN","OperatorType","LEARN","{""key"": ""LEARN"", ""name"": ""LEARN""}"
"MintingRule|S8_train_classifier_policy::MintingRule::001","MintingRule","S8_train_classifier_policy::MintingRule::001","{""key"": ""S8_train_classifier_policy::MintingRule::001"", ""policy_id"": ""S8_train_classifier_policy"", ""order"": 1, ""condition"": ""training_set_size_less_than_10"", ""addCategories"": [""small_training_set_model_disclosure_risk""], ""restrictRolesTo"": [], ""removeCategories"": [], ""raw_json"": ""{\""condition\"": \""training_set_size_less_than_10\"", \""addCategories\"": [\""small_training_set_model_disclosure_risk\""], \""description\"": \""Toy model is trained on two records; this rule demonstrates model-specific risk minting.\""}""}"
"SensitivityCategory|small_training_set_model_disclosure_risk","SensitivityCategory","small_training_set_model_disclosure_risk","{""key"": ""small_training_set_model_disclosure_risk"", ""name"": ""small_training_set_model_disclosure_risk""}"
"ModelExposureMapping|S8_train_classifier_policy::modelExposure::biometric::model_exposed_to_biometric_data","ModelExposureMapping","S8_train_classifier_policy::modelExposure::biometric::model_exposed_to_biometric_data","{""key"": ""S8_train_classifier_policy::modelExposure::biometric::model_exposed_to_biometric_data"", ""policy_id"": ""S8_train_classifier_policy"", ""sourceCategory"": ""biometric"", ""targetCategory"": ""model_exposed_to_biometric_data""}"
"SensitivityCategory|model_exposed_to_biometric_data","SensitivityCategory","model_exposed_to_biometric_data","{""key"": ""model_exposed_to_biometric_data"", ""name"": ""model_exposed_to_biometric_data""}"
"ModelExposureMapping|S8_train_classifier_policy::modelExposure::health::model_exposed_to_health_data","ModelExposureMapping","S8_train_classifier_policy::modelExposure::health::model_exposed_to_health_data","{""key"": ""S8_train_classifier_policy::modelExposure::health::model_exposed_to_health_data"", ""policy_id"": ""S8_train_classifier_policy"", ""sourceCategory"": ""health"", ""targetCategory"": ""model_exposed_to_health_data""}"
"SensitivityCategory|model_exposed_to_health_data","SensitivityCategory","model_exposed_to_health_data","{""key"": ""model_exposed_to_health_data"", ""name"": ""model_exposed_to_health_data""}"
"ModelExposureMapping|S8_train_classifier_policy::modelExposure::behavioural_sensor_data::model_exposed_to_behavioural_sensor_data","ModelExposureMapping","S8_train_classifier_policy::modelExposure::behavioural_sensor_data::model_exposed_to_behavioural_sensor_data","{""key"": ""S8_train_classifier_policy::modelExposure::behavioural_sensor_data::model_exposed_to_behavioural_sensor_data"", ""policy_id"": ""S8_train_classifier_policy"", ""sourceCategory"": ""behavioural_sensor_data"", ""targetCategory"": ""model_exposed_to_behavioural_sensor_data""}"
"SensitivityCategory|model_exposed_to_behavioural_sensor_data","SensitivityCategory","model_exposed_to_behavioural_sensor_data","{""key"": ""model_exposed_to_behavioural_sensor_data"", ""name"": ""model_exposed_to_behavioural_sensor_data""}"
"ModelExposureMapping|S8_train_classifier_policy::modelExposure::behavioural_sensitive::model_exposed_to_behavioural_sensitive_label","ModelExposureMapping","S8_train_classifier_policy::modelExposure::behavioural_sensitive::model_exposed_to_behavioural_sensitive_label","{""key"": ""S8_train_classifier_policy::modelExposure::behavioural_sensitive::model_exposed_to_behavioural_sensitive_label"", ""policy_id"": ""S8_train_classifier_policy"", ""sourceCategory"": ""behavioural_sensitive"", ""targetCategory"": ""model_exposed_to_behavioural_sensitive_label""}"
"SensitivityCategory|model_exposed_to_behavioural_sensitive_label","SensitivityCategory","model_exposed_to_behavioural_sensitive_label","{""key"": ""model_exposed_to_behavioural_sensitive_label"", ""name"": ""model_exposed_to_behavioural_sensitive_label""}"
"ModelExposureMapping|S8_train_classifier_policy::modelExposure::quasi_identifier::model_exposed_to_quasi_identifier_features","ModelExposureMapping","S8_train_classifier_policy::modelExposure::quasi_identifier::model_exposed_to_quasi_identifier_features","{""key"": ""S8_train_classifier_policy::modelExposure::quasi_identifier::model_exposed_to_quasi_identifier_features"", ""policy_id"": ""S8_train_classifier_policy"", ""sourceCategory"": ""quasi_identifier"", ""targetCategory"": ""model_exposed_to_quasi_identifier_features""}"
"SensitivityCategory|model_exposed_to_quasi_identifier_features","SensitivityCategory","model_exposed_to_quasi_identifier_features","{""key"": ""model_exposed_to_quasi_identifier_features"", ""name"": ""model_exposed_to_quasi_identifier_features""}"
"ErasureRewriteRule|S8_train_classifier_policy::erasureRewrite::delete_on_request::retrain_or_review_on_erasure","ErasureRewriteRule","S8_train_classifier_policy::erasureRewrite::delete_on_request::retrain_or_review_on_erasure","{""key"": ""S8_train_classifier_policy::erasureRewrite::delete_on_request::retrain_or_review_on_erasure"", ""policy_id"": ""S8_train_classifier_policy"", ""sourceObligation"": ""delete_on_request"", ""targetObligation"": ""retrain_or_review_on_erasure""}"
"PrivacyAnnotation|PA::prop::DataCellArtifact::D7_NormalizedEpisodeData::record::0::cell::Id::00050","PrivacyAnnotation","PA::prop::DataCellArtifact::D7_NormalizedEpisodeData::record::0::cell::Id::00050","{""key"": ""PA::prop::DataCellArtifact::D7_NormalizedEpisodeData::record::0::cell::Id::00050"", ""annotationId"": ""PA::prop::DataCellArtifact::D7_NormalizedEpisodeData::record::0::cell::Id::00050"", ""target_label"": ""DataCellArtifact"", ""target_key"": ""D7_NormalizedEpisodeData::record::0::cell::Id"", ""granularity"": ""cell"", ""source"": ""propagated:TR"", ""policy_id"": ""S5_normalise_policy"", ""generated_by"": ""asd_run_001::001::S5_normalise"", ""note"": ""TR propagation for output attribute Id"", ""C_explicit"": [""direct_identifier""], ""C"": [""direct_identifier"", ""identifier""], ""U"": [""clinical_research""], ""R"": [""delete_on_request"", ""retention_5y""], ""A"": [""CL"", ""DPO""]}"
"PrivacyAnnotation|PA::prop::DataCellArtifact::D7_NormalizedEpisodeData::record::0::cell::window_start::00051","PrivacyAnnotation","PA::prop::DataCellArtifact::D7_NormalizedEpisodeData::record::0::cell::window_start::00051","{""key"": ""PA::prop::DataCellArtifact::D7_NormalizedEpisodeData::record::0::cell::window_start::00051"", ""annotationId"": ""PA::prop::DataCellArtifact::D7_NormalizedEpisodeData::record::0::cell::window_start::00051"", ""target_label"": ""DataCellArtifact"", ""target_key"": ""D7_NormalizedEpisodeData::record::0::cell::window_start"", ""granularity"": ""cell"", ""source"": ""propagated:TR"", ""policy_id"": ""S5_normalise_policy"", ""generated_by"": ""asd_run_001::001::S5_normalise"", ""note"": ""TR propagation for output attribute window_start"", ""C_explicit"": [""temporal_quasi_identifier""], ""C"": [""temporal_quasi_identifier"", ""quasi_identifier""], ""U"": [""clinical_research""], ""R"": [""delete_on_request"", ""retention_5y""], ""A"": [""AU"", ""CL"", ""DPO"", ""DS""]}"
"PrivacyAnnotation|PA::prop::DataCellArtifact::D7_NormalizedEpisodeData::record::0::cell::HR_norm::00052","PrivacyAnnotation","PA::prop::DataCellArtifact::D7_NormalizedEpisodeData::record::0::cell::HR_norm::00052","{""key"": ""PA::prop::DataCellArtifact::D7_NormalizedEpisodeData::record::0::cell::HR_norm::00052"", ""annotationId"": ""PA::prop::DataCellArtifact::D7_NormalizedEpisodeData::record::0::cell::HR_norm::00052"", ""target_label"": ""DataCellArtifact"", ""target_key"": ""D7_NormalizedEpisodeData::record::0::cell::HR_norm"", ""granularity"": ""cell"", ""source"": ""propagated:TR"", ""policy_id"": ""S5_normalise_policy"", ""generated_by"": ""asd_run_001::001::S5_normalise"", ""note"": ""TR propagation for output attribute HR_norm"", ""C_explicit"": [""biometric"", ""health""], ""C"": [""biometric"", ""health"", ""sensitive_personal_data""], ""U"": [""clinical_research""], ""R"": [""delete_on_request"", ""retention_5y""], ""A"": [""AU"", ""CL"", ""DPO"", ""DS""]}"
"PrivacyAnnotation|PA::prop::DataCellArtifact::D7_NormalizedEpisodeData::record::0::cell::EDA_norm::00053","PrivacyAnnotation","PA::prop::DataCellArtifact::D7_NormalizedEpisodeData::record::0::cell::EDA_norm::00053","{""key"": ""PA::prop::DataCellArtifact::D7_NormalizedEpisodeData::record::0::cell::EDA_norm::00053"", ""annotationId"": ""PA::prop::DataCellArtifact::D7_NormalizedEpisodeData::record::0::cell::EDA_norm::00053"", ""target_label"": ""DataCellArtifact"", ""target_key"": ""D7_NormalizedEpisodeData::record::0::cell::EDA_norm"", ""granularity"": ""cell"", ""source"": ""propagated:TR"", ""policy_id"": ""S5_normalise_policy"", ""generated_by"": ""asd_run_001::001::S5_normalise"", ""note"": ""TR propagation for output attribute EDA_norm"", ""C_explicit"": [""biometric"", ""health""], ""C"": [""biometric"", ""health"", ""sensitive_personal_data""], ""U"": [""clinical_research""], ""R"": [""delete_on_request"", ""retention_5y""], ""A"": [""AU"", ""CL"", ""DPO"", ""DS""]}"
"PrivacyAnnotation|PA::prop::DataCellArtifact::D7_NormalizedEpisodeData::record::0::cell::ACC_norm::00054","PrivacyAnnotation","PA::prop::DataCellArtifact::D7_NormalizedEpisodeData::record::0::cell::ACC_norm::00054","{""key"": ""PA::prop::DataCellArtifact::D7_NormalizedEpisodeData::record::0::cell::ACC_norm::00054"", ""annotationId"": ""PA::prop::DataCellArtifact::D7_NormalizedEpisodeData::record::0::cell::ACC_norm::00054"", ""target_label"": ""DataCellArtifact"", ""target_key"": ""D7_NormalizedEpisodeData::record::0::cell::ACC_norm"", ""granularity"": ""cell"", ""source"": ""propagated:TR"", ""policy_id"": ""S5_normalise_policy"", ""generated_by"": ""asd_run_001::001::S5_normalise"", ""note"": ""TR propagation for output attribute ACC_norm"", ""C_explicit"": [""behavioural_sensor_data""], ""C"": [""behavioural_sensor_data""], ""U"": [""clinical_research""], ""R"": [""delete_on_request"", ""retention_5y""], ""A"": [""AU"", ""CL"", ""DPO"", ""DS""]}"
"PrivacyAnnotation|PA::prop::DataCellArtifact::D7_NormalizedEpisodeData::record::0::cell::chall_behav::00055","PrivacyAnnotation","PA::prop::DataCellArtifact::D7_NormalizedEpisodeData::record::0::cell::chall_behav::00055","{""key"": ""PA::prop::DataCellArtifact::D7_NormalizedEpisodeData::record::0::cell::chall_behav::00055"", ""annotationId"": ""PA::prop::DataCellArtifact::D7_NormalizedEpisodeData::record::0::cell::chall_behav::00055"", ""target_label"": ""DataCellArtifact"", ""target_key"": ""D7_NormalizedEpisodeData::record::0::cell::chall_behav"", ""granularity"": ""cell"", ""source"": ""propagated:TR"", ""policy_id"": ""S5_normalise_policy"", ""generated_by"": ""asd_run_001::001::S5_normalise"", ""note"": ""TR propagation for output attribute chall_behav"", ""C_explicit"": [""health"", ""behavioural_sensitive""], ""C"": [""health"", ""behavioural_sensitive"", ""sensitive_personal_data""], ""U"": [""clinical_research""], ""R"": [""delete_on_request"", ""retention_5y""], ""A"": [""AU"", ""CL"", ""DPO"", ""DS""]}"
"PrivacyAnnotation|PA::prop::DataCellArtifact::D7_NormalizedEpisodeData::record::0::cell::sev::00056","PrivacyAnnotation","PA::prop::DataCellArtifact::D7_NormalizedEpisodeData::record::0::cell::sev::00056","{""key"": ""PA::prop::DataCellArtifact::D7_NormalizedEpisodeData::record::0::cell::sev::00056"", ""annotationId"": ""PA::prop::DataCellArtifact::D7_NormalizedEpisodeData::record::0::cell::sev::00056"", ""target_label"": ""DataCellArtifact"", ""target_key"": ""D7_NormalizedEpisodeData::record::0::cell::sev"", ""granularity"": ""cell"", ""source"": ""propagated:TR"", ""policy_id"": ""S5_normalise_policy"", ""generated_by"": ""asd_run_001::001::S5_normalise"", ""note"": ""TR propagation for output attribute sev"", ""C_explicit"": [""health"", ""behavioural_sensitive""], ""C"": [""health"", ""behavioural_sensitive"", ""sensitive_personal_data""], ""U"": [""clinical_research""], ""R"": [""delete_on_request"", ""retention_5y""], ""A"": [""AU"", ""CL"", ""DPO"", ""DS""]}"
"PrivacyAnnotation|PA::prop::DataCellArtifact::D7_NormalizedEpisodeData::record::0::cell::age_grp::00057","PrivacyAnnotation","PA::prop::DataCellArtifact::D7_NormalizedEpisodeData::record::0::cell::age_grp::00057","{""key"": ""PA::prop::DataCellArtifact::D7_NormalizedEpisodeData::record::0::cell::age_grp::00057"", ""annotationId"": ""PA::prop::DataCellArtifact::D7_NormalizedEpisodeData::record::0::cell::age_grp::00057"", ""target_label"": ""DataCellArtifact"", ""target_key"": ""D7_NormalizedEpisodeData::record::0::cell::age_grp"", ""granularity"": ""cell"", ""source"": ""propagated:TR"", ""policy_id"": ""S5_normalise_policy"", ""generated_by"": ""asd_run_001::001::S5_normalise"", ""note"": ""TR propagation for output attribute age_grp"", ""C_explicit"": [""quasi_identifier""], ""C"": [""quasi_identifier""], ""U"": [""clinical_research""], ""R"": [""delete_on_request"", ""retention_5y""], ""A"": [""AU"", ""CL"", ""DPO"", ""DS""]}"
"PrivacyAnnotation|PA::prop::DataCellArtifact::D7_NormalizedEpisodeData::record::0::cell::sex::00058","PrivacyAnnotation","PA::prop::DataCellArtifact::D7_NormalizedEpisodeData::record::0::cell::sex::00058","{""key"": ""PA::prop::DataCellArtifact::D7_NormalizedEpisodeData::record::0::cell::sex::00058"", ""annotationId"": ""PA::prop::DataCellArtifact::D7_NormalizedEpisodeData::record::0::cell::sex::00058"", ""target_label"": ""DataCellArtifact"", ""target_key"": ""D7_NormalizedEpisodeData::record::0::cell::sex"", ""granularity"": ""cell"", ""source"": ""propagated:TR"", ""policy_id"": ""S5_normalise_policy"", ""generated_by"": ""asd_run_001::001::S5_normalise"", ""note"": ""TR propagation for output attribute sex"", ""C_explicit"": [""quasi_identifier""], ""C"": [""quasi_identifier""], ""U"": [""clinical_research""], ""R"": [""delete_on_request"", ""retention_5y""], ""A"": [""AU"", ""CL"", ""DPO"", ""DS""]}"
"PrivacyAnnotation|PA::prop::DataCellArtifact::D7_NormalizedEpisodeData::record::0::cell::clinic_site::00059","PrivacyAnnotation","PA::prop::DataCellArtifact::D7_NormalizedEpisodeData::record::0::cell::clinic_site::00059","{""key"": ""PA::prop::DataCellArtifact::D7_NormalizedEpisodeData::record::0::cell::clinic_site::00059"", ""annotationId"": ""PA::prop::DataCellArtifact::D7_NormalizedEpisodeData::record::0::cell::clinic_site::00059"", ""target_label"": ""DataCellArtifact"", ""target_key"": ""D7_NormalizedEpisodeData::record::0::cell::clinic_site"", ""granularity"": ""cell"", ""source"": ""propagated:TR"", ""policy_id"": ""S5_normalise_policy"", ""generated_by"": ""asd_run_001::001::S5_normalise"", ""note"": ""TR propagation for output attribute clinic_site"", ""C_explicit"": [""quasi_identifier"", ""organisational_context""], ""C"": [""quasi_identifier"", ""organisational_context""], ""U"": [""clinical_research""], ""R"": [""delete_on_request"", ""retention_5y""], ""A"": [""AU"", ""CL"", ""DPO""]}"
"PrivacyAnnotation|PA::prop::DataCellArtifact::D7_NormalizedEpisodeData::record::0::cell::diag::00060","PrivacyAnnotation","PA::prop::DataCellArtifact::D7_NormalizedEpisodeData::record::0::cell::diag::00060","{""key"": ""PA::prop::DataCellArtifact::D7_NormalizedEpisodeData::record::0::cell::diag::00060"", ""annotationId"": ""PA::prop::DataCellArtifact::D7_NormalizedEpisodeData::record::0::cell::diag::00060"", ""target_label"": ""DataCellArtifact"", ""target_key"": ""D7_NormalizedEpisodeData::record::0::cell::diag"", ""granularity"": ""cell"", ""source"": ""propagated:TR"", ""policy_id"": ""S5_normalise_policy"", ""generated_by"": ""asd_run_001::001::S5_normalise"", ""note"": ""TR propagation for output attribute diag"", ""C_explicit"": [""health"", ""sensitive_personal_data""], ""C"": [""health"", ""sensitive_personal_data""], ""U"": [""clinical_research""], ""R"": [""delete_on_request"", ""retention_5y""], ""A"": [""AU"", ""CL"", ""DPO""]}"
"PrivacyAnnotation|PA::prop::DataCellArtifact::D7_NormalizedEpisodeData::record::1::cell::Id::00061","PrivacyAnnotation","PA::prop::DataCellArtifact::D7_NormalizedEpisodeData::record::1::cell::Id::00061","{""key"": ""PA::prop::DataCellArtifact::D7_NormalizedEpisodeData::record::1::cell::Id::00061"", ""annotationId"": ""PA::prop::DataCellArtifact::D7_NormalizedEpisodeData::record::1::cell::Id::00061"", ""target_label"": ""DataCellArtifact"", ""target_key"": ""D7_NormalizedEpisodeData::record::1::cell::Id"", ""granularity"": ""cell"", ""source"": ""propagated:TR"", ""policy_id"": ""S5_normalise_policy"", ""generated_by"": ""asd_run_001::001::S5_normalise"", ""note"": ""TR propagation for output attribute Id"", ""C_explicit"": [""direct_identifier""], ""C"": [""direct_identifier"", ""identifier""], ""U"": [""clinical_research""], ""R"": [""delete_on_request"", ""retention_5y""], ""A"": [""CL"", ""DPO""]}"
"PrivacyAnnotation|PA::prop::DataCellArtifact::D7_NormalizedEpisodeData::record::1::cell::window_start::00062","PrivacyAnnotation","PA::prop::DataCellArtifact::D7_NormalizedEpisodeData::record::1::cell::window_start::00062","{""key"": ""PA::prop::DataCellArtifact::D7_NormalizedEpisodeData::record::1::cell::window_start::00062"", ""annotationId"": ""PA::prop::DataCellArtifact::D7_NormalizedEpisodeData::record::1::cell::window_start::00062"", ""target_label"": ""DataCellArtifact"", ""target_key"": ""D7_NormalizedEpisodeData::record::1::cell::window_start"", ""granularity"": ""cell"", ""source"": ""propagated:TR"", ""policy_id"": ""S5_normalise_policy"", ""generated_by"": ""asd_run_001::001::S5_normalise"", ""note"": ""TR propagation for output attribute window_start"", ""C_explicit"": [""temporal_quasi_identifier""], ""C"": [""temporal_quasi_identifier"", ""quasi_identifier""], ""U"": [""clinical_research""], ""R"": [""delete_on_request"", ""retention_5y""], ""A"": [""AU"", ""CL"", ""DPO"", ""DS""]}"
"PrivacyAnnotation|PA::prop::DataCellArtifact::D7_NormalizedEpisodeData::record::1::cell::HR_norm::00063","PrivacyAnnotation","PA::prop::DataCellArtifact::D7_NormalizedEpisodeData::record::1::cell::HR_norm::00063","{""key"": ""PA::prop::DataCellArtifact::D7_NormalizedEpisodeData::record::1::cell::HR_norm::00063"", ""annotationId"": ""PA::prop::DataCellArtifact::D7_NormalizedEpisodeData::record::1::cell::HR_norm::00063"", ""target_label"": ""DataCellArtifact"", ""target_key"": ""D7_NormalizedEpisodeData::record::1::cell::HR_norm"", ""granularity"": ""cell"", ""source"": ""propagated:TR"", ""policy_id"": ""S5_normalise_policy"", ""generated_by"": ""asd_run_001::001::S5_normalise"", ""note"": ""TR propagation for output attribute HR_norm"", ""C_explicit"": [""biometric"", ""health""], ""C"": [""biometric"", ""health"", ""sensitive_personal_data""], ""U"": [""clinical_research""], ""R"": [""delete_on_request"", ""retention_5y""], ""A"": [""AU"", ""CL"", ""DPO"", ""DS""]}"
"PrivacyAnnotation|PA::prop::DataCellArtifact::D7_NormalizedEpisodeData::record::1::cell::EDA_norm::00064","PrivacyAnnotation","PA::prop::DataCellArtifact::D7_NormalizedEpisodeData::record::1::cell::EDA_norm::00064","{""key"": ""PA::prop::DataCellArtifact::D7_NormalizedEpisodeData::record::1::cell::EDA_norm::00064"", ""annotationId"": ""PA::prop::DataCellArtifact::D7_NormalizedEpisodeData::record::1::cell::EDA_norm::00064"", ""target_label"": ""DataCellArtifact"", ""target_key"": ""D7_NormalizedEpisodeData::record::1::cell::EDA_norm"", ""granularity"": ""cell"", ""source"": ""propagated:TR"", ""policy_id"": ""S5_normalise_policy"", ""generated_by"": ""asd_run_001::001::S5_normalise"", ""note"": ""TR propagation for output attribute EDA_norm"", ""C_explicit"": [""biometric"", ""health""], ""C"": [""biometric"", ""health"", ""sensitive_personal_data""], ""U"": [""clinical_research""], ""R"": [""delete_on_request"", ""retention_5y""], ""A"": [""AU"", ""CL"", ""DPO"", ""DS""]}"
"PrivacyAnnotation|PA::prop::DataCellArtifact::D7_NormalizedEpisodeData::record::1::cell::ACC_norm::00065","PrivacyAnnotation","PA::prop::DataCellArtifact::D7_NormalizedEpisodeData::record::1::cell::ACC_norm::00065","{""key"": ""PA::prop::DataCellArtifact::D7_NormalizedEpisodeData::record::1::cell::ACC_norm::00065"", ""annotationId"": ""PA::prop::DataCellArtifact::D7_NormalizedEpisodeData::record::1::cell::ACC_norm::00065"", ""target_label"": ""DataCellArtifact"", ""target_key"": ""D7_NormalizedEpisodeData::record::1::cell::ACC_norm"", ""granularity"": ""cell"", ""source"": ""propagated:TR"", ""policy_id"": ""S5_normalise_policy"", ""generated_by"": ""asd_run_001::001::S5_normalise"", ""note"": ""TR propagation for output attribute ACC_norm"", ""C_explicit"": [""behavioural_sensor_data""], ""C"": [""behavioural_sensor_data""], ""U"": [""clinical_research""], ""R"": [""delete_on_request"", ""retention_5y""], ""A"": [""AU"", ""CL"", ""DPO"", ""DS""]}"
"PrivacyAnnotation|PA::prop::DataCellArtifact::D7_NormalizedEpisodeData::record::1::cell::chall_behav::00066","PrivacyAnnotation","PA::prop::DataCellArtifact::D7_NormalizedEpisodeData::record::1::cell::chall_behav::00066","{""key"": ""PA::prop::DataCellArtifact::D7_NormalizedEpisodeData::record::1::cell::chall_behav::00066"", ""annotationId"": ""PA::prop::DataCellArtifact::D7_NormalizedEpisodeData::record::1::cell::chall_behav::00066"", ""target_label"": ""DataCellArtifact"", ""target_key"": ""D7_NormalizedEpisodeData::record::1::cell::chall_behav"", ""granularity"": ""cell"", ""source"": ""propagated:TR"", ""policy_id"": ""S5_normalise_policy"", ""generated_by"": ""asd_run_001::001::S5_normalise"", ""note"": ""TR propagation for output attribute chall_behav"", ""C_explicit"": [""health"", ""behavioural_sensitive""], ""C"": [""health"", ""behavioural_sensitive"", ""sensitive_personal_data""], ""U"": [""clinical_research""], ""R"": [""delete_on_request"", ""retention_5y""], ""A"": [""AU"", ""CL"", ""DPO"", ""DS""]}"
"PrivacyAnnotation|PA::prop::DataCellArtifact::D7_NormalizedEpisodeData::record::1::cell::sev::00067","PrivacyAnnotation","PA::prop::DataCellArtifact::D7_NormalizedEpisodeData::record::1::cell::sev::00067","{""key"": ""PA::prop::DataCellArtifact::D7_NormalizedEpisodeData::record::1::cell::sev::00067"", ""annotationId"": ""PA::prop::DataCellArtifact::D7_NormalizedEpisodeData::record::1::cell::sev::00067"", ""target_label"": ""DataCellArtifact"", ""target_key"": ""D7_NormalizedEpisodeData::record::1::cell::sev"", ""granularity"": ""cell"", ""source"": ""propagated:TR"", ""policy_id"": ""S5_normalise_policy"", ""generated_by"": ""asd_run_001::001::S5_normalise"", ""note"": ""TR propagation for output attribute sev"", ""C_explicit"": [""health"", ""behavioural_sensitive""], ""C"": [""health"", ""behavioural_sensitive"", ""sensitive_personal_data""], ""U"": [""clinical_research""], ""R"": [""delete_on_request"", ""retention_5y""], ""A"": [""AU"", ""CL"", ""DPO"", ""DS""]}"
"PrivacyAnnotation|PA::prop::DataCellArtifact::D7_NormalizedEpisodeData::record::1::cell::age_grp::00068","PrivacyAnnotation","PA::prop::DataCellArtifact::D7_NormalizedEpisodeData::record::1::cell::age_grp::00068","{""key"": ""PA::prop::DataCellArtifact::D7_NormalizedEpisodeData::record::1::cell::age_grp::00068"", ""annotationId"": ""PA::prop::DataCellArtifact::D7_NormalizedEpisodeData::record::1::cell::age_grp::00068"", ""target_label"": ""DataCellArtifact"", ""target_key"": ""D7_NormalizedEpisodeData::record::1::cell::age_grp"", ""granularity"": ""cell"", ""source"": ""propagated:TR"", ""policy_id"": ""S5_normalise_policy"", ""generated_by"": ""asd_run_001::001::S5_normalise"", ""note"": ""TR propagation for output attribute age_grp"", ""C_explicit"": [""quasi_identifier""], ""C"": [""quasi_identifier""], ""U"": [""clinical_research""], ""R"": [""delete_on_request"", ""retention_5y""], ""A"": [""AU"", ""CL"", ""DPO"", ""DS""]}"
"PrivacyAnnotation|PA::prop::DataCellArtifact::D7_NormalizedEpisodeData::record::1::cell::sex::00069","PrivacyAnnotation","PA::prop::DataCellArtifact::D7_NormalizedEpisodeData::record::1::cell::sex::00069","{""key"": ""PA::prop::DataCellArtifact::D7_NormalizedEpisodeData::record::1::cell::sex::00069"", ""annotationId"": ""PA::prop::DataCellArtifact::D7_NormalizedEpisodeData::record::1::cell::sex::00069"", ""target_label"": ""DataCellArtifact"", ""target_key"": ""D7_NormalizedEpisodeData::record::1::cell::sex"", ""granularity"": ""cell"", ""source"": ""propagated:TR"", ""policy_id"": ""S5_normalise_policy"", ""generated_by"": ""asd_run_001::001::S5_normalise"", ""note"": ""TR propagation for output attribute sex"", ""C_explicit"": [""quasi_identifier""], ""C"": [""quasi_identifier""], ""U"": [""clinical_research""], ""R"": [""delete_on_request"", ""retention_5y""], ""A"": [""AU"", ""CL"", ""DPO"", ""DS""]}"
"PrivacyAnnotation|PA::prop::DataCellArtifact::D7_NormalizedEpisodeData::record::1::cell::clinic_site::00070","PrivacyAnnotation","PA::prop::DataCellArtifact::D7_NormalizedEpisodeData::record::1::cell::clinic_site::00070","{""key"": ""PA::prop::DataCellArtifact::D7_NormalizedEpisodeData::record::1::cell::clinic_site::00070"", ""annotationId"": ""PA::prop::DataCellArtifact::D7_NormalizedEpisodeData::record::1::cell::clinic_site::00070"", ""target_label"": ""DataCellArtifact"", ""target_key"": ""D7_NormalizedEpisodeData::record::1::cell::clinic_site"", ""granularity"": ""cell"", ""source"": ""propagated:TR"", ""policy_id"": ""S5_normalise_policy"", ""generated_by"": ""asd_run_001::001::S5_normalise"", ""note"": ""TR propagation for output attribute clinic_site"", ""C_explicit"": [""quasi_identifier"", ""organisational_context""], ""C"": [""quasi_identifier"", ""organisational_context""], ""U"": [""clinical_research""], ""R"": [""delete_on_request"", ""retention_5y""], ""A"": [""AU"", ""CL"", ""DPO""]}"
"PrivacyAnnotation|PA::prop::DataCellArtifact::D7_NormalizedEpisodeData::record::1::cell::diag::00071","PrivacyAnnotation","PA::prop::DataCellArtifact::D7_NormalizedEpisodeData::record::1::cell::diag::00071","{""key"": ""PA::prop::DataCellArtifact::D7_NormalizedEpisodeData::record::1::cell::diag::00071"", ""annotationId"": ""PA::prop::DataCellArtifact::D7_NormalizedEpisodeData::record::1::cell::diag::00071"", ""target_label"": ""DataCellArtifact"", ""target_key"": ""D7_NormalizedEpisodeData::record::1::cell::diag"", ""granularity"": ""cell"", ""source"": ""propagated:TR"", ""policy_id"": ""S5_normalise_policy"", ""generated_by"": ""asd_run_001::001::S5_normalise"", ""note"": ""TR propagation for output attribute diag"", ""C_explicit"": [""health"", ""sensitive_personal_data""], ""C"": [""health"", ""sensitive_personal_data""], ""U"": [""clinical_research""], ""R"": [""delete_on_request"", ""retention_5y""], ""A"": [""AU"", ""CL"", ""DPO""]}"
"PrivacyAnnotation|PA::prop::DataCellArtifact::D7_NormalizedEpisodeData::record::2::cell::Id::00072","PrivacyAnnotation","PA::prop::DataCellArtifact::D7_NormalizedEpisodeData::record::2::cell::Id::00072","{""key"": ""PA::prop::DataCellArtifact::D7_NormalizedEpisodeData::record::2::cell::Id::00072"", ""annotationId"": ""PA::prop::DataCellArtifact::D7_NormalizedEpisodeData::record::2::cell::Id::00072"", ""target_label"": ""DataCellArtifact"", ""target_key"": ""D7_NormalizedEpisodeData::record::2::cell::Id"", ""granularity"": ""cell"", ""source"": ""propagated:TR"", ""policy_id"": ""S5_normalise_policy"", ""generated_by"": ""asd_run_001::001::S5_normalise"", ""note"": ""TR propagation for output attribute Id"", ""C_explicit"": [""direct_identifier""], ""C"": [""direct_identifier"", ""identifier""], ""U"": [""clinical_research""], ""R"": [""delete_on_request"", ""retention_5y""], ""A"": [""CL"", ""DPO""]}"
"PrivacyAnnotation|PA::prop::DataCellArtifact::D7_NormalizedEpisodeData::record::2::cell::window_start::00073","PrivacyAnnotation","PA::prop::DataCellArtifact::D7_NormalizedEpisodeData::record::2::cell::window_start::00073","{""key"": ""PA::prop::DataCellArtifact::D7_NormalizedEpisodeData::record::2::cell::window_start::00073"", ""annotationId"": ""PA::prop::DataCellArtifact::D7_NormalizedEpisodeData::record::2::cell::window_start::00073"", ""target_label"": ""DataCellArtifact"", ""target_key"": ""D7_NormalizedEpisodeData::record::2::cell::window_start"", ""granularity"": ""cell"", ""source"": ""propagated:TR"", ""policy_id"": ""S5_normalise_policy"", ""generated_by"": ""asd_run_001::001::S5_normalise"", ""note"": ""TR propagation for output attribute window_start"", ""C_explicit"": [""temporal_quasi_identifier""], ""C"": [""temporal_quasi_identifier"", ""quasi_identifier""], ""U"": [""clinical_research""], ""R"": [""delete_on_request"", ""retention_5y""], ""A"": [""AU"", ""CL"", ""DPO"", ""DS""]}"
"PrivacyAnnotation|PA::prop::DataCellArtifact::D7_NormalizedEpisodeData::record::2::cell::HR_norm::00074","PrivacyAnnotation","PA::prop::DataCellArtifact::D7_NormalizedEpisodeData::record::2::cell::HR_norm::00074","{""key"": ""PA::prop::DataCellArtifact::D7_NormalizedEpisodeData::record::2::cell::HR_norm::00074"", ""annotationId"": ""PA::prop::DataCellArtifact::D7_NormalizedEpisodeData::record::2::cell::HR_norm::00074"", ""target_label"": ""DataCellArtifact"", ""target_key"": ""D7_NormalizedEpisodeData::record::2::cell::HR_norm"", ""granularity"": ""cell"", ""source"": ""propagated:TR"", ""policy_id"": ""S5_normalise_policy"", ""generated_by"": ""asd_run_001::001::S5_normalise"", ""note"": ""TR propagation for output attribute HR_norm"", ""C_explicit"": [""biometric"", ""health""], ""C"": [""biometric"", ""health"", ""sensitive_personal_data""], ""U"": [""clinical_research""], ""R"": [""delete_on_request"", ""retention_5y""], ""A"": [""AU"", ""CL"", ""DPO"", ""DS""]}"
"PrivacyAnnotation|PA::prop::DataCellArtifact::D7_NormalizedEpisodeData::record::2::cell::EDA_norm::00075","PrivacyAnnotation","PA::prop::DataCellArtifact::D7_NormalizedEpisodeData::record::2::cell::EDA_norm::00075","{""key"": ""PA::prop::DataCellArtifact::D7_NormalizedEpisodeData::record::2::cell::EDA_norm::00075"", ""annotationId"": ""PA::prop::DataCellArtifact::D7_NormalizedEpisodeData::record::2::cell::EDA_norm::00075"", ""target_label"": ""DataCellArtifact"", ""target_key"": ""D7_NormalizedEpisodeData::record::2::cell::EDA_norm"", ""granularity"": ""cell"", ""source"": ""propagated:TR"", ""policy_id"": ""S5_normalise_policy"", ""generated_by"": ""asd_run_001::001::S5_normalise"", ""note"": ""TR propagation for output attribute EDA_norm"", ""C_explicit"": [""biometric"", ""health""], ""C"": [""biometric"", ""health"", ""sensitive_personal_data""], ""U"": [""clinical_research""], ""R"": [""delete_on_request"", ""retention_5y""], ""A"": [""AU"", ""CL"", ""DPO"", ""DS""]}"
"PrivacyAnnotation|PA::prop::DataCellArtifact::D7_NormalizedEpisodeData::record::2::cell::ACC_norm::00076","PrivacyAnnotation","PA::prop::DataCellArtifact::D7_NormalizedEpisodeData::record::2::cell::ACC_norm::00076","{""key"": ""PA::prop::DataCellArtifact::D7_NormalizedEpisodeData::record::2::cell::ACC_norm::00076"", ""annotationId"": ""PA::prop::DataCellArtifact::D7_NormalizedEpisodeData::record::2::cell::ACC_norm::00076"", ""target_label"": ""DataCellArtifact"", ""target_key"": ""D7_NormalizedEpisodeData::record::2::cell::ACC_norm"", ""granularity"": ""cell"", ""source"": ""propagated:TR"", ""policy_id"": ""S5_normalise_policy"", ""generated_by"": ""asd_run_001::001::S5_normalise"", ""note"": ""TR propagation for output attribute ACC_norm"", ""C_explicit"": [""behavioural_sensor_data""], ""C"": [""behavioural_sensor_data""], ""U"": [""clinical_research""], ""R"": [""delete_on_request"", ""retention_5y""], ""A"": [""AU"", ""CL"", ""DPO"", ""DS""]}"
"PrivacyAnnotation|PA::prop::DataCellArtifact::D7_NormalizedEpisodeData::record::2::cell::chall_behav::00077","PrivacyAnnotation","PA::prop::DataCellArtifact::D7_NormalizedEpisodeData::record::2::cell::chall_behav::00077","{""key"": ""PA::prop::DataCellArtifact::D7_NormalizedEpisodeData::record::2::cell::chall_behav::00077"", ""annotationId"": ""PA::prop::DataCellArtifact::D7_NormalizedEpisodeData::record::2::cell::chall_behav::00077"", ""target_label"": ""DataCellArtifact"", ""target_key"": ""D7_NormalizedEpisodeData::record::2::cell::chall_behav"", ""granularity"": ""cell"", ""source"": ""propagated:TR"", ""policy_id"": ""S5_normalise_policy"", ""generated_by"": ""asd_run_001::001::S5_normalise"", ""note"": ""TR propagation for output attribute chall_behav"", ""C_explicit"": [""health"", ""behavioural_sensitive""], ""C"": [""health"", ""behavioural_sensitive"", ""sensitive_personal_data""], ""U"": [""clinical_research""], ""R"": [""delete_on_request"", ""retention_5y""], ""A"": [""AU"", ""CL"", ""DPO"", ""DS""]}"
"PrivacyAnnotation|PA::prop::DataCellArtifact::D7_NormalizedEpisodeData::record::2::cell::sev::00078","PrivacyAnnotation","PA::prop::DataCellArtifact::D7_NormalizedEpisodeData::record::2::cell::sev::00078","{""key"": ""PA::prop::DataCellArtifact::D7_NormalizedEpisodeData::record::2::cell::sev::00078"", ""annotationId"": ""PA::prop::DataCellArtifact::D7_NormalizedEpisodeData::record::2::cell::sev::00078"", ""target_label"": ""DataCellArtifact"", ""target_key"": ""D7_NormalizedEpisodeData::record::2::cell::sev"", ""granularity"": ""cell"", ""source"": ""propagated:TR"", ""policy_id"": ""S5_normalise_policy"", ""generated_by"": ""asd_run_001::001::S5_normalise"", ""note"": ""TR propagation for output attribute sev"", ""C_explicit"": [""health"", ""behavioural_sensitive""], ""C"": [""health"", ""behavioural_sensitive"", ""sensitive_personal_data""], ""U"": [""clinical_research""], ""R"": [""delete_on_request"", ""retention_5y""], ""A"": [""AU"", ""CL"", ""DPO"", ""DS""]}"
"PrivacyAnnotation|PA::prop::DataCellArtifact::D7_NormalizedEpisodeData::record::2::cell::age_grp::00079","PrivacyAnnotation","PA::prop::DataCellArtifact::D7_NormalizedEpisodeData::record::2::cell::age_grp::00079","{""key"": ""PA::prop::DataCellArtifact::D7_NormalizedEpisodeData::record::2::cell::age_grp::00079"", ""annotationId"": ""PA::prop::DataCellArtifact::D7_NormalizedEpisodeData::record::2::cell::age_grp::00079"", ""target_label"": ""DataCellArtifact"", ""target_key"": ""D7_NormalizedEpisodeData::record::2::cell::age_grp"", ""granularity"": ""cell"", ""source"": ""propagated:TR"", ""policy_id"": ""S5_normalise_policy"", ""generated_by"": ""asd_run_001::001::S5_normalise"", ""note"": ""TR propagation for output attribute age_grp"", ""C_explicit"": [""quasi_identifier""], ""C"": [""quasi_identifier""], ""U"": [""clinical_research""], ""R"": [""delete_on_request"", ""retention_5y""], ""A"": [""AU"", ""CL"", ""DPO"", ""DS""]}"
"PrivacyAnnotation|PA::prop::DataCellArtifact::D7_NormalizedEpisodeData::record::2::cell::sex::00080","PrivacyAnnotation","PA::prop::DataCellArtifact::D7_NormalizedEpisodeData::record::2::cell::sex::00080","{""key"": ""PA::prop::DataCellArtifact::D7_NormalizedEpisodeData::record::2::cell::sex::00080"", ""annotationId"": ""PA::prop::DataCellArtifact::D7_NormalizedEpisodeData::record::2::cell::sex::00080"", ""target_label"": ""DataCellArtifact"", ""target_key"": ""D7_NormalizedEpisodeData::record::2::cell::sex"", ""granularity"": ""cell"", ""source"": ""propagated:TR"", ""policy_id"": ""S5_normalise_policy"", ""generated_by"": ""asd_run_001::001::S5_normalise"", ""note"": ""TR propagation for output attribute sex"", ""C_explicit"": [""quasi_identifier""], ""C"": [""quasi_identifier""], ""U"": [""clinical_research""], ""R"": [""delete_on_request"", ""retention_5y""], ""A"": [""AU"", ""CL"", ""DPO"", ""DS""]}"
"PrivacyAnnotation|PA::prop::DataCellArtifact::D7_NormalizedEpisodeData::record::2::cell::clinic_site::00081","PrivacyAnnotation","PA::prop::DataCellArtifact::D7_NormalizedEpisodeData::record::2::cell::clinic_site::00081","{""key"": ""PA::prop::DataCellArtifact::D7_NormalizedEpisodeData::record::2::cell::clinic_site::00081"", ""annotationId"": ""PA::prop::DataCellArtifact::D7_NormalizedEpisodeData::record::2::cell::clinic_site::00081"", ""target_label"": ""DataCellArtifact"", ""target_key"": ""D7_NormalizedEpisodeData::record::2::cell::clinic_site"", ""granularity"": ""cell"", ""source"": ""propagated:TR"", ""policy_id"": ""S5_normalise_policy"", ""generated_by"": ""asd_run_001::001::S5_normalise"", ""note"": ""TR propagation for output attribute clinic_site"", ""C_explicit"": [""quasi_identifier"", ""organisational_context""], ""C"": [""quasi_identifier"", ""organisational_context""], ""U"": [""clinical_research""], ""R"": [""delete_on_request"", ""retention_5y""], ""A"": [""AU"", ""CL"", ""DPO""]}"
"PrivacyAnnotation|PA::prop::DataCellArtifact::D7_NormalizedEpisodeData::record::2::cell::diag::00082","PrivacyAnnotation","PA::prop::DataCellArtifact::D7_NormalizedEpisodeData::record::2::cell::diag::00082","{""key"": ""PA::prop::DataCellArtifact::D7_NormalizedEpisodeData::record::2::cell::diag::00082"", ""annotationId"": ""PA::prop::DataCellArtifact::D7_NormalizedEpisodeData::record::2::cell::diag::00082"", ""target_label"": ""DataCellArtifact"", ""target_key"": ""D7_NormalizedEpisodeData::record::2::cell::diag"", ""granularity"": ""cell"", ""source"": ""propagated:TR"", ""policy_id"": ""S5_normalise_policy"", ""generated_by"": ""asd_run_001::001::S5_normalise"", ""note"": ""TR propagation for output attribute diag"", ""C_explicit"": [""health"", ""sensitive_personal_data""], ""C"": [""health"", ""sensitive_personal_data""], ""U"": [""clinical_research""], ""R"": [""delete_on_request"", ""retention_5y""], ""A"": [""AU"", ""CL"", ""DPO""]}"
"PrivacyAnnotation|PA::prop::DataCellArtifact::D7_NormalizedEpisodeData::record::3::cell::Id::00083","PrivacyAnnotation","PA::prop::DataCellArtifact::D7_NormalizedEpisodeData::record::3::cell::Id::00083","{""key"": ""PA::prop::DataCellArtifact::D7_NormalizedEpisodeData::record::3::cell::Id::00083"", ""annotationId"": ""PA::prop::DataCellArtifact::D7_NormalizedEpisodeData::record::3::cell::Id::00083"", ""target_label"": ""DataCellArtifact"", ""target_key"": ""D7_NormalizedEpisodeData::record::3::cell::Id"", ""granularity"": ""cell"", ""source"": ""propagated:TR"", ""policy_id"": ""S5_normalise_policy"", ""generated_by"": ""asd_run_001::001::S5_normalise"", ""note"": ""TR propagation for output attribute Id"", ""C_explicit"": [""direct_identifier""], ""C"": [""direct_identifier"", ""identifier""], ""U"": [""clinical_research""], ""R"": [""delete_on_request"", ""retention_5y""], ""A"": [""CL"", ""DPO""]}"
"PrivacyAnnotation|PA::prop::DataCellArtifact::D7_NormalizedEpisodeData::record::3::cell::window_start::00084","PrivacyAnnotation","PA::prop::DataCellArtifact::D7_NormalizedEpisodeData::record::3::cell::window_start::00084","{""key"": ""PA::prop::DataCellArtifact::D7_NormalizedEpisodeData::record::3::cell::window_start::00084"", ""annotationId"": ""PA::prop::DataCellArtifact::D7_NormalizedEpisodeData::record::3::cell::window_start::00084"", ""target_label"": ""DataCellArtifact"", ""target_key"": ""D7_NormalizedEpisodeData::record::3::cell::window_start"", ""granularity"": ""cell"", ""source"": ""propagated:TR"", ""policy_id"": ""S5_normalise_policy"", ""generated_by"": ""asd_run_001::001::S5_normalise"", ""note"": ""TR propagation for output attribute window_start"", ""C_explicit"": [""temporal_quasi_identifier""], ""C"": [""temporal_quasi_identifier"", ""quasi_identifier""], ""U"": [""clinical_research""], ""R"": [""delete_on_request"", ""retention_5y""], ""A"": [""AU"", ""CL"", ""DPO"", ""DS""]}"
"PrivacyAnnotation|PA::prop::DataCellArtifact::D7_NormalizedEpisodeData::record::3::cell::HR_norm::00085","PrivacyAnnotation","PA::prop::DataCellArtifact::D7_NormalizedEpisodeData::record::3::cell::HR_norm::00085","{""key"": ""PA::prop::DataCellArtifact::D7_NormalizedEpisodeData::record::3::cell::HR_norm::00085"", ""annotationId"": ""PA::prop::DataCellArtifact::D7_NormalizedEpisodeData::record::3::cell::HR_norm::00085"", ""target_label"": ""DataCellArtifact"", ""target_key"": ""D7_NormalizedEpisodeData::record::3::cell::HR_norm"", ""granularity"": ""cell"", ""source"": ""propagated:TR"", ""policy_id"": ""S5_normalise_policy"", ""generated_by"": ""asd_run_001::001::S5_normalise"", ""note"": ""TR propagation for output attribute HR_norm"", ""C_explicit"": [""biometric"", ""health""], ""C"": [""biometric"", ""health"", ""sensitive_personal_data""], ""U"": [""clinical_research""], ""R"": [""delete_on_request"", ""retention_5y""], ""A"": [""AU"", ""CL"", ""DPO"", ""DS""]}"
"PrivacyAnnotation|PA::prop::DataCellArtifact::D7_NormalizedEpisodeData::record::3::cell::EDA_norm::00086","PrivacyAnnotation","PA::prop::DataCellArtifact::D7_NormalizedEpisodeData::record::3::cell::EDA_norm::00086","{""key"": ""PA::prop::DataCellArtifact::D7_NormalizedEpisodeData::record::3::cell::EDA_norm::00086"", ""annotationId"": ""PA::prop::DataCellArtifact::D7_NormalizedEpisodeData::record::3::cell::EDA_norm::00086"", ""target_label"": ""DataCellArtifact"", ""target_key"": ""D7_NormalizedEpisodeData::record::3::cell::EDA_norm"", ""granularity"": ""cell"", ""source"": ""propagated:TR"", ""policy_id"": ""S5_normalise_policy"", ""generated_by"": ""asd_run_001::001::S5_normalise"", ""note"": ""TR propagation for output attribute EDA_norm"", ""C_explicit"": [""biometric"", ""health""], ""C"": [""biometric"", ""health"", ""sensitive_personal_data""], ""U"": [""clinical_research""], ""R"": [""delete_on_request"", ""retention_5y""], ""A"": [""AU"", ""CL"", ""DPO"", ""DS""]}"
"PrivacyAnnotation|PA::prop::DataCellArtifact::D7_NormalizedEpisodeData::record::3::cell::ACC_norm::00087","PrivacyAnnotation","PA::prop::DataCellArtifact::D7_NormalizedEpisodeData::record::3::cell::ACC_norm::00087","{""key"": ""PA::prop::DataCellArtifact::D7_NormalizedEpisodeData::record::3::cell::ACC_norm::00087"", ""annotationId"": ""PA::prop::DataCellArtifact::D7_NormalizedEpisodeData::record::3::cell::ACC_norm::00087"", ""target_label"": ""DataCellArtifact"", ""target_key"": ""D7_NormalizedEpisodeData::record::3::cell::ACC_norm"", ""granularity"": ""cell"", ""source"": ""propagated:TR"", ""policy_id"": ""S5_normalise_policy"", ""generated_by"": ""asd_run_001::001::S5_normalise"", ""note"": ""TR propagation for output attribute ACC_norm"", ""C_explicit"": [""behavioural_sensor_data""], ""C"": [""behavioural_sensor_data""], ""U"": [""clinical_research""], ""R"": [""delete_on_request"", ""retention_5y""], ""A"": [""AU"", ""CL"", ""DPO"", ""DS""]}"
"PrivacyAnnotation|PA::prop::DataCellArtifact::D7_NormalizedEpisodeData::record::3::cell::chall_behav::00088","PrivacyAnnotation","PA::prop::DataCellArtifact::D7_NormalizedEpisodeData::record::3::cell::chall_behav::00088","{""key"": ""PA::prop::DataCellArtifact::D7_NormalizedEpisodeData::record::3::cell::chall_behav::00088"", ""annotationId"": ""PA::prop::DataCellArtifact::D7_NormalizedEpisodeData::record::3::cell::chall_behav::00088"", ""target_label"": ""DataCellArtifact"", ""target_key"": ""D7_NormalizedEpisodeData::record::3::cell::chall_behav"", ""granularity"": ""cell"", ""source"": ""propagated:TR"", ""policy_id"": ""S5_normalise_policy"", ""generated_by"": ""asd_run_001::001::S5_normalise"", ""note"": ""TR propagation for output attribute chall_behav"", ""C_explicit"": [""health"", ""behavioural_sensitive""], ""C"": [""health"", ""behavioural_sensitive"", ""sensitive_personal_data""], ""U"": [""clinical_research""], ""R"": [""delete_on_request"", ""retention_5y""], ""A"": [""AU"", ""CL"", ""DPO"", ""DS""]}"
"PrivacyAnnotation|PA::prop::DataCellArtifact::D7_NormalizedEpisodeData::record::3::cell::sev::00089","PrivacyAnnotation","PA::prop::DataCellArtifact::D7_NormalizedEpisodeData::record::3::cell::sev::00089","{""key"": ""PA::prop::DataCellArtifact::D7_NormalizedEpisodeData::record::3::cell::sev::00089"", ""annotationId"": ""PA::prop::DataCellArtifact::D7_NormalizedEpisodeData::record::3::cell::sev::00089"", ""target_label"": ""DataCellArtifact"", ""target_key"": ""D7_NormalizedEpisodeData::record::3::cell::sev"", ""granularity"": ""cell"", ""source"": ""propagated:TR"", ""policy_id"": ""S5_normalise_policy"", ""generated_by"": ""asd_run_001::001::S5_normalise"", ""note"": ""TR propagation for output attribute sev"", ""C_explicit"": [""health"", ""behavioural_sensitive""], ""C"": [""health"", ""behavioural_sensitive"", ""sensitive_personal_data""], ""U"": [""clinical_research""], ""R"": [""delete_on_request"", ""retention_5y""], ""A"": [""AU"", ""CL"", ""DPO"", ""DS""]}"
"PrivacyAnnotation|PA::prop::DataCellArtifact::D7_NormalizedEpisodeData::record::3::cell::age_grp::00090","PrivacyAnnotation","PA::prop::DataCellArtifact::D7_NormalizedEpisodeData::record::3::cell::age_grp::00090","{""key"": ""PA::prop::DataCellArtifact::D7_NormalizedEpisodeData::record::3::cell::age_grp::00090"", ""annotationId"": ""PA::prop::DataCellArtifact::D7_NormalizedEpisodeData::record::3::cell::age_grp::00090"", ""target_label"": ""DataCellArtifact"", ""target_key"": ""D7_NormalizedEpisodeData::record::3::cell::age_grp"", ""granularity"": ""cell"", ""source"": ""propagated:TR"", ""policy_id"": ""S5_normalise_policy"", ""generated_by"": ""asd_run_001::001::S5_normalise"", ""note"": ""TR propagation for output attribute age_grp"", ""C_explicit"": [""quasi_identifier""], ""C"": [""quasi_identifier""], ""U"": [""clinical_research""], ""R"": [""delete_on_request"", ""retention_5y""], ""A"": [""AU"", ""CL"", ""DPO"", ""DS""]}"
"PrivacyAnnotation|PA::prop::DataCellArtifact::D7_NormalizedEpisodeData::record::3::cell::sex::00091","PrivacyAnnotation","PA::prop::DataCellArtifact::D7_NormalizedEpisodeData::record::3::cell::sex::00091","{""key"": ""PA::prop::DataCellArtifact::D7_NormalizedEpisodeData::record::3::cell::sex::00091"", ""annotationId"": ""PA::prop::DataCellArtifact::D7_NormalizedEpisodeData::record::3::cell::sex::00091"", ""target_label"": ""DataCellArtifact"", ""target_key"": ""D7_NormalizedEpisodeData::record::3::cell::sex"", ""granularity"": ""cell"", ""source"": ""propagated:TR"", ""policy_id"": ""S5_normalise_policy"", ""generated_by"": ""asd_run_001::001::S5_normalise"", ""note"": ""TR propagation for output attribute sex"", ""C_explicit"": [""quasi_identifier""], ""C"": [""quasi_identifier""], ""U"": [""clinical_research""], ""R"": [""delete_on_request"", ""retention_5y""], ""A"": [""AU"", ""CL"", ""DPO"", ""DS""]}"
"PrivacyAnnotation|PA::prop::DataCellArtifact::D7_NormalizedEpisodeData::record::3::cell::clinic_site::00092","PrivacyAnnotation","PA::prop::DataCellArtifact::D7_NormalizedEpisodeData::record::3::cell::clinic_site::00092","{""key"": ""PA::prop::DataCellArtifact::D7_NormalizedEpisodeData::record::3::cell::clinic_site::00092"", ""annotationId"": ""PA::prop::DataCellArtifact::D7_NormalizedEpisodeData::record::3::cell::clinic_site::00092"", ""target_label"": ""DataCellArtifact"", ""target_key"": ""D7_NormalizedEpisodeData::record::3::cell::clinic_site"", ""granularity"": ""cell"", ""source"": ""propagated:TR"", ""policy_id"": ""S5_normalise_policy"", ""generated_by"": ""asd_run_001::001::S5_normalise"", ""note"": ""TR propagation for output attribute clinic_site"", ""C_explicit"": [""quasi_identifier"", ""organisational_context""], ""C"": [""quasi_identifier"", ""organisational_context""], ""U"": [""clinical_research""], ""R"": [""delete_on_request"", ""retention_5y""], ""A"": [""AU"", ""CL"", ""DPO""]}"
"PrivacyAnnotation|PA::prop::DataCellArtifact::D7_NormalizedEpisodeData::record::3::cell::diag::00093","PrivacyAnnotation","PA::prop::DataCellArtifact::D7_NormalizedEpisodeData::record::3::cell::diag::00093","{""key"": ""PA::prop::DataCellArtifact::D7_NormalizedEpisodeData::record::3::cell::diag::00093"", ""annotationId"": ""PA::prop::DataCellArtifact::D7_NormalizedEpisodeData::record::3::cell::diag::00093"", ""target_label"": ""DataCellArtifact"", ""target_key"": ""D7_NormalizedEpisodeData::record::3::cell::diag"", ""granularity"": ""cell"", ""source"": ""propagated:TR"", ""policy_id"": ""S5_normalise_policy"", ""generated_by"": ""asd_run_001::001::S5_normalise"", ""note"": ""TR propagation for output attribute diag"", ""C_explicit"": [""health"", ""sensitive_personal_data""], ""C"": [""health"", ""sensitive_personal_data""], ""U"": [""clinical_research""], ""R"": [""delete_on_request"", ""retention_5y""], ""A"": [""AU"", ""CL"", ""DPO""]}"
"PrivacyAnnotation|PA::prop::DataRecordArtifact::D7_NormalizedEpisodeData::record::0::00094","PrivacyAnnotation","PA::prop::DataRecordArtifact::D7_NormalizedEpisodeData::record::0::00094","{""key"": ""PA::prop::DataRecordArtifact::D7_NormalizedEpisodeData::record::0::00094"", ""annotationId"": ""PA::prop::DataRecordArtifact::D7_NormalizedEpisodeData::record::0::00094"", ""target_label"": ""DataRecordArtifact"", ""target_key"": ""D7_NormalizedEpisodeData::record::0"", ""granularity"": ""record"", ""source"": ""propagated:TR"", ""policy_id"": ""S5_normalise_policy"", ""generated_by"": ""asd_run_001::001::S5_normalise"", ""note"": ""Record-level annotation summarised from cells of D7_NormalizedEpisodeData."", ""C_explicit"": [""direct_identifier"", ""temporal_quasi_identifier"", ""biometric"", ""health"", ""behavioural_sensor_data"", ""behavioural_sensitive"", ""quasi_identifier"", ""organisational_context"", ""sensitive_personal_data""], ""C"": [""direct_identifier"", ""temporal_quasi_identifier"", ""biometric"", ""health"", ""behavioural_sensor_data"", ""behavioural_sensitive"", ""quasi_identifier"", ""organisational_context"", ""sensitive_personal_data"", ""identifier""], ""U"": [""clinical_research""], ""R"": [""delete_on_request"", ""retention_5y""], ""A"": [""CL"", ""DPO""]}"
"PrivacyAnnotation|PA::prop::DataRecordArtifact::D7_NormalizedEpisodeData::record::1::00095","PrivacyAnnotation","PA::prop::DataRecordArtifact::D7_NormalizedEpisodeData::record::1::00095","{""key"": ""PA::prop::DataRecordArtifact::D7_NormalizedEpisodeData::record::1::00095"", ""annotationId"": ""PA::prop::DataRecordArtifact::D7_NormalizedEpisodeData::record::1::00095"", ""target_label"": ""DataRecordArtifact"", ""target_key"": ""D7_NormalizedEpisodeData::record::1"", ""granularity"": ""record"", ""source"": ""propagated:TR"", ""policy_id"": ""S5_normalise_policy"", ""generated_by"": ""asd_run_001::001::S5_normalise"", ""note"": ""Record-level annotation summarised from cells of D7_NormalizedEpisodeData."", ""C_explicit"": [""direct_identifier"", ""temporal_quasi_identifier"", ""biometric"", ""health"", ""behavioural_sensor_data"", ""behavioural_sensitive"", ""quasi_identifier"", ""organisational_context"", ""sensitive_personal_data""], ""C"": [""direct_identifier"", ""temporal_quasi_identifier"", ""biometric"", ""health"", ""behavioural_sensor_data"", ""behavioural_sensitive"", ""quasi_identifier"", ""organisational_context"", ""sensitive_personal_data"", ""identifier""], ""U"": [""clinical_research""], ""R"": [""delete_on_request"", ""retention_5y""], ""A"": [""CL"", ""DPO""]}"
"PrivacyAnnotation|PA::prop::DataRecordArtifact::D7_NormalizedEpisodeData::record::2::00096","PrivacyAnnotation","PA::prop::DataRecordArtifact::D7_NormalizedEpisodeData::record::2::00096","{""key"": ""PA::prop::DataRecordArtifact::D7_NormalizedEpisodeData::record::2::00096"", ""annotationId"": ""PA::prop::DataRecordArtifact::D7_NormalizedEpisodeData::record::2::00096"", ""target_label"": ""DataRecordArtifact"", ""target_key"": ""D7_NormalizedEpisodeData::record::2"", ""granularity"": ""record"", ""source"": ""propagated:TR"", ""policy_id"": ""S5_normalise_policy"", ""generated_by"": ""asd_run_001::001::S5_normalise"", ""note"": ""Record-level annotation summarised from cells of D7_NormalizedEpisodeData."", ""C_explicit"": [""direct_identifier"", ""temporal_quasi_identifier"", ""biometric"", ""health"", ""behavioural_sensor_data"", ""behavioural_sensitive"", ""quasi_identifier"", ""organisational_context"", ""sensitive_personal_data""], ""C"": [""direct_identifier"", ""temporal_quasi_identifier"", ""biometric"", ""health"", ""behavioural_sensor_data"", ""behavioural_sensitive"", ""quasi_identifier"", ""organisational_context"", ""sensitive_personal_data"", ""identifier""], ""U"": [""clinical_research""], ""R"": [""delete_on_request"", ""retention_5y""], ""A"": [""CL"", ""DPO""]}"
"PrivacyAnnotation|PA::prop::DataRecordArtifact::D7_NormalizedEpisodeData::record::3::00097","PrivacyAnnotation","PA::prop::DataRecordArtifact::D7_NormalizedEpisodeData::record::3::00097","{""key"": ""PA::prop::DataRecordArtifact::D7_NormalizedEpisodeData::record::3::00097"", ""annotationId"": ""PA::prop::DataRecordArtifact::D7_NormalizedEpisodeData::record::3::00097"", ""target_label"": ""DataRecordArtifact"", ""target_key"": ""D7_NormalizedEpisodeData::record::3"", ""granularity"": ""record"", ""source"": ""propagated:TR"", ""policy_id"": ""S5_normalise_policy"", ""generated_by"": ""asd_run_001::001::S5_normalise"", ""note"": ""Record-level annotation summarised from cells of D7_NormalizedEpisodeData."", ""C_explicit"": [""direct_identifier"", ""temporal_quasi_identifier"", ""biometric"", ""health"", ""behavioural_sensor_data"", ""behavioural_sensitive"", ""quasi_identifier"", ""organisational_context"", ""sensitive_personal_data""], ""C"": [""direct_identifier"", ""temporal_quasi_identifier"", ""biometric"", ""health"", ""behavioural_sensor_data"", ""behavioural_sensitive"", ""quasi_identifier"", ""organisational_context"", ""sensitive_personal_data"", ""identifier""], ""U"": [""clinical_research""], ""R"": [""delete_on_request"", ""retention_5y""], ""A"": [""CL"", ""DPO""]}"
"PrivacyAnnotation|PA::prop::DatasetArtifact::D7_NormalizedEpisodeData::00098","PrivacyAnnotation","PA::prop::DatasetArtifact::D7_NormalizedEpisodeData::00098","{""key"": ""PA::prop::DatasetArtifact::D7_NormalizedEpisodeData::00098"", ""annotationId"": ""PA::prop::DatasetArtifact::D7_NormalizedEpisodeData::00098"", ""target_label"": ""DatasetArtifact"", ""target_key"": ""D7_NormalizedEpisodeData"", ""granularity"": ""dataset"", ""source"": ""propagated:TR"", ""policy_id"": ""S5_normalise_policy"", ""generated_by"": ""asd_run_001::001::S5_normalise"", ""note"": ""TR dataset-level propagation preserving input dataset-level governance constraints."", ""C_explicit"": [""direct_identifier"", ""temporal_quasi_identifier"", ""quasi_identifier"", ""biometric"", ""health"", ""behavioural_sensor_data"", ""behavioural_sensitive"", ""organisational_context"", ""reidentification_risk"", ""sensitive_personal_data""], ""C"": [""direct_identifier"", ""temporal_quasi_identifier"", ""quasi_identifier"", ""biometric"", ""health"", ""behavioural_sensor_data"", ""behavioural_sensitive"", ""organisational_context"", ""reidentification_risk"", ""sensitive_personal_data"", ""identifier""], ""U"": [""clinical_research""], ""R"": [""delete_on_request"", ""retention_5y""], ""A"": [""CL"", ""DPO""]}"
"PrivacyAnnotation|PA::prop::DataCellArtifact::D8_ModellingDataset::record::0::cell::HR_norm::00099","PrivacyAnnotation","PA::prop::DataCellArtifact::D8_ModellingDataset::record::0::cell::HR_norm::00099","{""key"": ""PA::prop::DataCellArtifact::D8_ModellingDataset::record::0::cell::HR_norm::00099"", ""annotationId"": ""PA::prop::DataCellArtifact::D8_ModellingDataset::record::0::cell::HR_norm::00099"", ""target_label"": ""DataCellArtifact"", ""target_key"": ""D8_ModellingDataset::record::0::cell::HR_norm"", ""granularity"": ""cell"", ""source"": ""propagated:RED"", ""policy_id"": ""S6_select_modelling_features_policy"", ""generated_by"": ""asd_run_001::002::S6_select_modelling_features"", ""note"": ""RED propagation for retained attribute HR_norm"", ""C_explicit"": [""biometric"", ""health""], ""C"": [""biometric"", ""health"", ""sensitive_personal_data""], ""U"": [""clinical_research""], ""R"": [""delete_on_request"", ""retention_5y""], ""A"": [""AU"", ""CL"", ""DPO"", ""DS""]}"
"PrivacyAnnotation|PA::prop::DataCellArtifact::D8_ModellingDataset::record::0::cell::EDA_norm::00100","PrivacyAnnotation","PA::prop::DataCellArtifact::D8_ModellingDataset::record::0::cell::EDA_norm::00100","{""key"": ""PA::prop::DataCellArtifact::D8_ModellingDataset::record::0::cell::EDA_norm::00100"", ""annotationId"": ""PA::prop::DataCellArtifact::D8_ModellingDataset::record::0::cell::EDA_norm::00100"", ""target_label"": ""DataCellArtifact"", ""target_key"": ""D8_ModellingDataset::record::0::cell::EDA_norm"", ""granularity"": ""cell"", ""source"": ""propagated:RED"", ""policy_id"": ""S6_select_modelling_features_policy"", ""generated_by"": ""asd_run_001::002::S6_select_modelling_features"", ""note"": ""RED propagation for retained attribute EDA_norm"", ""C_explicit"": [""biometric"", ""health""], ""C"": [""biometric"", ""health"", ""sensitive_personal_data""], ""U"": [""clinical_research""], ""R"": [""delete_on_request"", ""retention_5y""], ""A"": [""AU"", ""CL"", ""DPO"", ""DS""]}"
"PrivacyAnnotation|PA::prop::DataCellArtifact::D8_ModellingDataset::record::0::cell::ACC_norm::00101","PrivacyAnnotation","PA::prop::DataCellArtifact::D8_ModellingDataset::record::0::cell::ACC_norm::00101","{""key"": ""PA::prop::DataCellArtifact::D8_ModellingDataset::record::0::cell::ACC_norm::00101"", ""annotationId"": ""PA::prop::DataCellArtifact::D8_ModellingDataset::record::0::cell::ACC_norm::00101"", ""target_label"": ""DataCellArtifact"", ""target_key"": ""D8_ModellingDataset::record::0::cell::ACC_norm"", ""granularity"": ""cell"", ""source"": ""propagated:RED"", ""policy_id"": ""S6_select_modelling_features_policy"", ""generated_by"": ""asd_run_001::002::S6_select_modelling_features"", ""note"": ""RED propagation for retained attribute ACC_norm"", ""C_explicit"": [""behavioural_sensor_data""], ""C"": [""behavioural_sensor_data""], ""U"": [""clinical_research""], ""R"": [""delete_on_request"", ""retention_5y""], ""A"": [""AU"", ""CL"", ""DPO"", ""DS""]}"
"PrivacyAnnotation|PA::prop::DataCellArtifact::D8_ModellingDataset::record::0::cell::chall_behav::00102","PrivacyAnnotation","PA::prop::DataCellArtifact::D8_ModellingDataset::record::0::cell::chall_behav::00102","{""key"": ""PA::prop::DataCellArtifact::D8_ModellingDataset::record::0::cell::chall_behav::00102"", ""annotationId"": ""PA::prop::DataCellArtifact::D8_ModellingDataset::record::0::cell::chall_behav::00102"", ""target_label"": ""DataCellArtifact"", ""target_key"": ""D8_ModellingDataset::record::0::cell::chall_behav"", ""granularity"": ""cell"", ""source"": ""propagated:RED"", ""policy_id"": ""S6_select_modelling_features_policy"", ""generated_by"": ""asd_run_001::002::S6_select_modelling_features"", ""note"": ""RED propagation for retained attribute chall_behav"", ""C_explicit"": [""health"", ""behavioural_sensitive""], ""C"": [""health"", ""behavioural_sensitive"", ""sensitive_personal_data""], ""U"": [""clinical_research""], ""R"": [""delete_on_request"", ""retention_5y""], ""A"": [""AU"", ""CL"", ""DPO"", ""DS""]}"
"PrivacyAnnotation|PA::prop::DataCellArtifact::D8_ModellingDataset::record::0::cell::sev::00103","PrivacyAnnotation","PA::prop::DataCellArtifact::D8_ModellingDataset::record::0::cell::sev::00103","{""key"": ""PA::prop::DataCellArtifact::D8_ModellingDataset::record::0::cell::sev::00103"", ""annotationId"": ""PA::prop::DataCellArtifact::D8_ModellingDataset::record::0::cell::sev::00103"", ""target_label"": ""DataCellArtifact"", ""target_key"": ""D8_ModellingDataset::record::0::cell::sev"", ""granularity"": ""cell"", ""source"": ""propagated:RED"", ""policy_id"": ""S6_select_modelling_features_policy"", ""generated_by"": ""asd_run_001::002::S6_select_modelling_features"", ""note"": ""RED propagation for retained attribute sev"", ""C_explicit"": [""health"", ""behavioural_sensitive""], ""C"": [""health"", ""behavioural_sensitive"", ""sensitive_personal_data""], ""U"": [""clinical_research""], ""R"": [""delete_on_request"", ""retention_5y""], ""A"": [""AU"", ""CL"", ""DPO"", ""DS""]}"
"PrivacyAnnotation|PA::prop::DataCellArtifact::D8_ModellingDataset::record::0::cell::age_grp::00104","PrivacyAnnotation","PA::prop::DataCellArtifact::D8_ModellingDataset::record::0::cell::age_grp::00104","{""key"": ""PA::prop::DataCellArtifact::D8_ModellingDataset::record::0::cell::age_grp::00104"", ""annotationId"": ""PA::prop::DataCellArtifact::D8_ModellingDataset::record::0::cell::age_grp::00104"", ""target_label"": ""DataCellArtifact"", ""target_key"": ""D8_ModellingDataset::record::0::cell::age_grp"", ""granularity"": ""cell"", ""source"": ""propagated:RED"", ""policy_id"": ""S6_select_modelling_features_policy"", ""generated_by"": ""asd_run_001::002::S6_select_modelling_features"", ""note"": ""RED propagation for retained attribute age_grp"", ""C_explicit"": [""quasi_identifier""], ""C"": [""quasi_identifier""], ""U"": [""clinical_research""], ""R"": [""delete_on_request"", ""retention_5y""], ""A"": [""AU"", ""CL"", ""DPO"", ""DS""]}"
"PrivacyAnnotation|PA::prop::DataCellArtifact::D8_ModellingDataset::record::0::cell::sex::00105","PrivacyAnnotation","PA::prop::DataCellArtifact::D8_ModellingDataset::record::0::cell::sex::00105","{""key"": ""PA::prop::DataCellArtifact::D8_ModellingDataset::record::0::cell::sex::00105"", ""annotationId"": ""PA::prop::DataCellArtifact::D8_ModellingDataset::record::0::cell::sex::00105"", ""target_label"": ""DataCellArtifact"", ""target_key"": ""D8_ModellingDataset::record::0::cell::sex"", ""granularity"": ""cell"", ""source"": ""propagated:RED"", ""policy_id"": ""S6_select_modelling_features_policy"", ""generated_by"": ""asd_run_001::002::S6_select_modelling_features"", ""note"": ""RED propagation for retained attribute sex"", ""C_explicit"": [""quasi_identifier""], ""C"": [""quasi_identifier""], ""U"": [""clinical_research""], ""R"": [""delete_on_request"", ""retention_5y""], ""A"": [""AU"", ""CL"", ""DPO"", ""DS""]}"
"PrivacyAnnotation|PA::prop::DataCellArtifact::D8_ModellingDataset::record::1::cell::HR_norm::00106","PrivacyAnnotation","PA::prop::DataCellArtifact::D8_ModellingDataset::record::1::cell::HR_norm::00106","{""key"": ""PA::prop::DataCellArtifact::D8_ModellingDataset::record::1::cell::HR_norm::00106"", ""annotationId"": ""PA::prop::DataCellArtifact::D8_ModellingDataset::record::1::cell::HR_norm::00106"", ""target_label"": ""DataCellArtifact"", ""target_key"": ""D8_ModellingDataset::record::1::cell::HR_norm"", ""granularity"": ""cell"", ""source"": ""propagated:RED"", ""policy_id"": ""S6_select_modelling_features_policy"", ""generated_by"": ""asd_run_001::002::S6_select_modelling_features"", ""note"": ""RED propagation for retained attribute HR_norm"", ""C_explicit"": [""biometric"", ""health""], ""C"": [""biometric"", ""health"", ""sensitive_personal_data""], ""U"": [""clinical_research""], ""R"": [""delete_on_request"", ""retention_5y""], ""A"": [""AU"", ""CL"", ""DPO"", ""DS""]}"
"PrivacyAnnotation|PA::prop::DataCellArtifact::D8_ModellingDataset::record::1::cell::EDA_norm::00107","PrivacyAnnotation","PA::prop::DataCellArtifact::D8_ModellingDataset::record::1::cell::EDA_norm::00107","{""key"": ""PA::prop::DataCellArtifact::D8_ModellingDataset::record::1::cell::EDA_norm::00107"", ""annotationId"": ""PA::prop::DataCellArtifact::D8_ModellingDataset::record::1::cell::EDA_norm::00107"", ""target_label"": ""DataCellArtifact"", ""target_key"": ""D8_ModellingDataset::record::1::cell::EDA_norm"", ""granularity"": ""cell"", ""source"": ""propagated:RED"", ""policy_id"": ""S6_select_modelling_features_policy"", ""generated_by"": ""asd_run_001::002::S6_select_modelling_features"", ""note"": ""RED propagation for retained attribute EDA_norm"", ""C_explicit"": [""biometric"", ""health""], ""C"": [""biometric"", ""health"", ""sensitive_personal_data""], ""U"": [""clinical_research""], ""R"": [""delete_on_request"", ""retention_5y""], ""A"": [""AU"", ""CL"", ""DPO"", ""DS""]}"
"PrivacyAnnotation|PA::prop::DataCellArtifact::D8_ModellingDataset::record::1::cell::ACC_norm::00108","PrivacyAnnotation","PA::prop::DataCellArtifact::D8_ModellingDataset::record::1::cell::ACC_norm::00108","{""key"": ""PA::prop::DataCellArtifact::D8_ModellingDataset::record::1::cell::ACC_norm::00108"", ""annotationId"": ""PA::prop::DataCellArtifact::D8_ModellingDataset::record::1::cell::ACC_norm::00108"", ""target_label"": ""DataCellArtifact"", ""target_key"": ""D8_ModellingDataset::record::1::cell::ACC_norm"", ""granularity"": ""cell"", ""source"": ""propagated:RED"", ""policy_id"": ""S6_select_modelling_features_policy"", ""generated_by"": ""asd_run_001::002::S6_select_modelling_features"", ""note"": ""RED propagation for retained attribute ACC_norm"", ""C_explicit"": [""behavioural_sensor_data""], ""C"": [""behavioural_sensor_data""], ""U"": [""clinical_research""], ""R"": [""delete_on_request"", ""retention_5y""], ""A"": [""AU"", ""CL"", ""DPO"", ""DS""]}"
"PrivacyAnnotation|PA::prop::DataCellArtifact::D8_ModellingDataset::record::1::cell::chall_behav::00109","PrivacyAnnotation","PA::prop::DataCellArtifact::D8_ModellingDataset::record::1::cell::chall_behav::00109","{""key"": ""PA::prop::DataCellArtifact::D8_ModellingDataset::record::1::cell::chall_behav::00109"", ""annotationId"": ""PA::prop::DataCellArtifact::D8_ModellingDataset::record::1::cell::chall_behav::00109"", ""target_label"": ""DataCellArtifact"", ""target_key"": ""D8_ModellingDataset::record::1::cell::chall_behav"", ""granularity"": ""cell"", ""source"": ""propagated:RED"", ""policy_id"": ""S6_select_modelling_features_policy"", ""generated_by"": ""asd_run_001::002::S6_select_modelling_features"", ""note"": ""RED propagation for retained attribute chall_behav"", ""C_explicit"": [""health"", ""behavioural_sensitive""], ""C"": [""health"", ""behavioural_sensitive"", ""sensitive_personal_data""], ""U"": [""clinical_research""], ""R"": [""delete_on_request"", ""retention_5y""], ""A"": [""AU"", ""CL"", ""DPO"", ""DS""]}"
"PrivacyAnnotation|PA::prop::DataCellArtifact::D8_ModellingDataset::record::1::cell::sev::00110","PrivacyAnnotation","PA::prop::DataCellArtifact::D8_ModellingDataset::record::1::cell::sev::00110","{""key"": ""PA::prop::DataCellArtifact::D8_ModellingDataset::record::1::cell::sev::00110"", ""annotationId"": ""PA::prop::DataCellArtifact::D8_ModellingDataset::record::1::cell::sev::00110"", ""target_label"": ""DataCellArtifact"", ""target_key"": ""D8_ModellingDataset::record::1::cell::sev"", ""granularity"": ""cell"", ""source"": ""propagated:RED"", ""policy_id"": ""S6_select_modelling_features_policy"", ""generated_by"": ""asd_run_001::002::S6_select_modelling_features"", ""note"": ""RED propagation for retained attribute sev"", ""C_explicit"": [""health"", ""behavioural_sensitive""], ""C"": [""health"", ""behavioural_sensitive"", ""sensitive_personal_data""], ""U"": [""clinical_research""], ""R"": [""delete_on_request"", ""retention_5y""], ""A"": [""AU"", ""CL"", ""DPO"", ""DS""]}"
"PrivacyAnnotation|PA::prop::DataCellArtifact::D8_ModellingDataset::record::1::cell::age_grp::00111","PrivacyAnnotation","PA::prop::DataCellArtifact::D8_ModellingDataset::record::1::cell::age_grp::00111","{""key"": ""PA::prop::DataCellArtifact::D8_ModellingDataset::record::1::cell::age_grp::00111"", ""annotationId"": ""PA::prop::DataCellArtifact::D8_ModellingDataset::record::1::cell::age_grp::00111"", ""target_label"": ""DataCellArtifact"", ""target_key"": ""D8_ModellingDataset::record::1::cell::age_grp"", ""granularity"": ""cell"", ""source"": ""propagated:RED"", ""policy_id"": ""S6_select_modelling_features_policy"", ""generated_by"": ""asd_run_001::002::S6_select_modelling_features"", ""note"": ""RED propagation for retained attribute age_grp"", ""C_explicit"": [""quasi_identifier""], ""C"": [""quasi_identifier""], ""U"": [""clinical_research""], ""R"": [""delete_on_request"", ""retention_5y""], ""A"": [""AU"", ""CL"", ""DPO"", ""DS""]}"
"PrivacyAnnotation|PA::prop::DataCellArtifact::D8_ModellingDataset::record::1::cell::sex::00112","PrivacyAnnotation","PA::prop::DataCellArtifact::D8_ModellingDataset::record::1::cell::sex::00112","{""key"": ""PA::prop::DataCellArtifact::D8_ModellingDataset::record::1::cell::sex::00112"", ""annotationId"": ""PA::prop::DataCellArtifact::D8_ModellingDataset::record::1::cell::sex::00112"", ""target_label"": ""DataCellArtifact"", ""target_key"": ""D8_ModellingDataset::record::1::cell::sex"", ""granularity"": ""cell"", ""source"": ""propagated:RED"", ""policy_id"": ""S6_select_modelling_features_policy"", ""generated_by"": ""asd_run_001::002::S6_select_modelling_features"", ""note"": ""RED propagation for retained attribute sex"", ""C_explicit"": [""quasi_identifier""], ""C"": [""quasi_identifier""], ""U"": [""clinical_research""], ""R"": [""delete_on_request"", ""retention_5y""], ""A"": [""AU"", ""CL"", ""DPO"", ""DS""]}"
"PrivacyAnnotation|PA::prop::DataCellArtifact::D8_ModellingDataset::record::2::cell::HR_norm::00113","PrivacyAnnotation","PA::prop::DataCellArtifact::D8_ModellingDataset::record::2::cell::HR_norm::00113","{""key"": ""PA::prop::DataCellArtifact::D8_ModellingDataset::record::2::cell::HR_norm::00113"", ""annotationId"": ""PA::prop::DataCellArtifact::D8_ModellingDataset::record::2::cell::HR_norm::00113"", ""target_label"": ""DataCellArtifact"", ""target_key"": ""D8_ModellingDataset::record::2::cell::HR_norm"", ""granularity"": ""cell"", ""source"": ""propagated:RED"", ""policy_id"": ""S6_select_modelling_features_policy"", ""generated_by"": ""asd_run_001::002::S6_select_modelling_features"", ""note"": ""RED propagation for retained attribute HR_norm"", ""C_explicit"": [""biometric"", ""health""], ""C"": [""biometric"", ""health"", ""sensitive_personal_data""], ""U"": [""clinical_research""], ""R"": [""delete_on_request"", ""retention_5y""], ""A"": [""AU"", ""CL"", ""DPO"", ""DS""]}"
"PrivacyAnnotation|PA::prop::DataCellArtifact::D8_ModellingDataset::record::2::cell::EDA_norm::00114","PrivacyAnnotation","PA::prop::DataCellArtifact::D8_ModellingDataset::record::2::cell::EDA_norm::00114","{""key"": ""PA::prop::DataCellArtifact::D8_ModellingDataset::record::2::cell::EDA_norm::00114"", ""annotationId"": ""PA::prop::DataCellArtifact::D8_ModellingDataset::record::2::cell::EDA_norm::00114"", ""target_label"": ""DataCellArtifact"", ""target_key"": ""D8_ModellingDataset::record::2::cell::EDA_norm"", ""granularity"": ""cell"", ""source"": ""propagated:RED"", ""policy_id"": ""S6_select_modelling_features_policy"", ""generated_by"": ""asd_run_001::002::S6_select_modelling_features"", ""note"": ""RED propagation for retained attribute EDA_norm"", ""C_explicit"": [""biometric"", ""health""], ""C"": [""biometric"", ""health"", ""sensitive_personal_data""], ""U"": [""clinical_research""], ""R"": [""delete_on_request"", ""retention_5y""], ""A"": [""AU"", ""CL"", ""DPO"", ""DS""]}"
"PrivacyAnnotation|PA::prop::DataCellArtifact::D8_ModellingDataset::record::2::cell::ACC_norm::00115","PrivacyAnnotation","PA::prop::DataCellArtifact::D8_ModellingDataset::record::2::cell::ACC_norm::00115","{""key"": ""PA::prop::DataCellArtifact::D8_ModellingDataset::record::2::cell::ACC_norm::00115"", ""annotationId"": ""PA::prop::DataCellArtifact::D8_ModellingDataset::record::2::cell::ACC_norm::00115"", ""target_label"": ""DataCellArtifact"", ""target_key"": ""D8_ModellingDataset::record::2::cell::ACC_norm"", ""granularity"": ""cell"", ""source"": ""propagated:RED"", ""policy_id"": ""S6_select_modelling_features_policy"", ""generated_by"": ""asd_run_001::002::S6_select_modelling_features"", ""note"": ""RED propagation for retained attribute ACC_norm"", ""C_explicit"": [""behavioural_sensor_data""], ""C"": [""behavioural_sensor_data""], ""U"": [""clinical_research""], ""R"": [""delete_on_request"", ""retention_5y""], ""A"": [""AU"", ""CL"", ""DPO"", ""DS""]}"
"PrivacyAnnotation|PA::prop::DataCellArtifact::D8_ModellingDataset::record::2::cell::chall_behav::00116","PrivacyAnnotation","PA::prop::DataCellArtifact::D8_ModellingDataset::record::2::cell::chall_behav::00116","{""key"": ""PA::prop::DataCellArtifact::D8_ModellingDataset::record::2::cell::chall_behav::00116"", ""annotationId"": ""PA::prop::DataCellArtifact::D8_ModellingDataset::record::2::cell::chall_behav::00116"", ""target_label"": ""DataCellArtifact"", ""target_key"": ""D8_ModellingDataset::record::2::cell::chall_behav"", ""granularity"": ""cell"", ""source"": ""propagated:RED"", ""policy_id"": ""S6_select_modelling_features_policy"", ""generated_by"": ""asd_run_001::002::S6_select_modelling_features"", ""note"": ""RED propagation for retained attribute chall_behav"", ""C_explicit"": [""health"", ""behavioural_sensitive""], ""C"": [""health"", ""behavioural_sensitive"", ""sensitive_personal_data""], ""U"": [""clinical_research""], ""R"": [""delete_on_request"", ""retention_5y""], ""A"": [""AU"", ""CL"", ""DPO"", ""DS""]}"
"PrivacyAnnotation|PA::prop::DataCellArtifact::D8_ModellingDataset::record::2::cell::sev::00117","PrivacyAnnotation","PA::prop::DataCellArtifact::D8_ModellingDataset::record::2::cell::sev::00117","{""key"": ""PA::prop::DataCellArtifact::D8_ModellingDataset::record::2::cell::sev::00117"", ""annotationId"": ""PA::prop::DataCellArtifact::D8_ModellingDataset::record::2::cell::sev::00117"", ""target_label"": ""DataCellArtifact"", ""target_key"": ""D8_ModellingDataset::record::2::cell::sev"", ""granularity"": ""cell"", ""source"": ""propagated:RED"", ""policy_id"": ""S6_select_modelling_features_policy"", ""generated_by"": ""asd_run_001::002::S6_select_modelling_features"", ""note"": ""RED propagation for retained attribute sev"", ""C_explicit"": [""health"", ""behavioural_sensitive""], ""C"": [""health"", ""behavioural_sensitive"", ""sensitive_personal_data""], ""U"": [""clinical_research""], ""R"": [""delete_on_request"", ""retention_5y""], ""A"": [""AU"", ""CL"", ""DPO"", ""DS""]}"
"PrivacyAnnotation|PA::prop::DataCellArtifact::D8_ModellingDataset::record::2::cell::age_grp::00118","PrivacyAnnotation","PA::prop::DataCellArtifact::D8_ModellingDataset::record::2::cell::age_grp::00118","{""key"": ""PA::prop::DataCellArtifact::D8_ModellingDataset::record::2::cell::age_grp::00118"", ""annotationId"": ""PA::prop::DataCellArtifact::D8_ModellingDataset::record::2::cell::age_grp::00118"", ""target_label"": ""DataCellArtifact"", ""target_key"": ""D8_ModellingDataset::record::2::cell::age_grp"", ""granularity"": ""cell"", ""source"": ""propagated:RED"", ""policy_id"": ""S6_select_modelling_features_policy"", ""generated_by"": ""asd_run_001::002::S6_select_modelling_features"", ""note"": ""RED propagation for retained attribute age_grp"", ""C_explicit"": [""quasi_identifier""], ""C"": [""quasi_identifier""], ""U"": [""clinical_research""], ""R"": [""delete_on_request"", ""retention_5y""], ""A"": [""AU"", ""CL"", ""DPO"", ""DS""]}"
"PrivacyAnnotation|PA::prop::DataCellArtifact::D8_ModellingDataset::record::2::cell::sex::00119","PrivacyAnnotation","PA::prop::DataCellArtifact::D8_ModellingDataset::record::2::cell::sex::00119","{""key"": ""PA::prop::DataCellArtifact::D8_ModellingDataset::record::2::cell::sex::00119"", ""annotationId"": ""PA::prop::DataCellArtifact::D8_ModellingDataset::record::2::cell::sex::00119"", ""target_label"": ""DataCellArtifact"", ""target_key"": ""D8_ModellingDataset::record::2::cell::sex"", ""granularity"": ""cell"", ""source"": ""propagated:RED"", ""policy_id"": ""S6_select_modelling_features_policy"", ""generated_by"": ""asd_run_001::002::S6_select_modelling_features"", ""note"": ""RED propagation for retained attribute sex"", ""C_explicit"": [""quasi_identifier""], ""C"": [""quasi_identifier""], ""U"": [""clinical_research""], ""R"": [""delete_on_request"", ""retention_5y""], ""A"": [""AU"", ""CL"", ""DPO"", ""DS""]}"
"PrivacyAnnotation|PA::prop::DataCellArtifact::D8_ModellingDataset::record::3::cell::HR_norm::00120","PrivacyAnnotation","PA::prop::DataCellArtifact::D8_ModellingDataset::record::3::cell::HR_norm::00120","{""key"": ""PA::prop::DataCellArtifact::D8_ModellingDataset::record::3::cell::HR_norm::00120"", ""annotationId"": ""PA::prop::DataCellArtifact::D8_ModellingDataset::record::3::cell::HR_norm::00120"", ""target_label"": ""DataCellArtifact"", ""target_key"": ""D8_ModellingDataset::record::3::cell::HR_norm"", ""granularity"": ""cell"", ""source"": ""propagated:RED"", ""policy_id"": ""S6_select_modelling_features_policy"", ""generated_by"": ""asd_run_001::002::S6_select_modelling_features"", ""note"": ""RED propagation for retained attribute HR_norm"", ""C_explicit"": [""biometric"", ""health""], ""C"": [""biometric"", ""health"", ""sensitive_personal_data""], ""U"": [""clinical_research""], ""R"": [""delete_on_request"", ""retention_5y""], ""A"": [""AU"", ""CL"", ""DPO"", ""DS""]}"
"PrivacyAnnotation|PA::prop::DataCellArtifact::D8_ModellingDataset::record::3::cell::EDA_norm::00121","PrivacyAnnotation","PA::prop::DataCellArtifact::D8_ModellingDataset::record::3::cell::EDA_norm::00121","{""key"": ""PA::prop::DataCellArtifact::D8_ModellingDataset::record::3::cell::EDA_norm::00121"", ""annotationId"": ""PA::prop::DataCellArtifact::D8_ModellingDataset::record::3::cell::EDA_norm::00121"", ""target_label"": ""DataCellArtifact"", ""target_key"": ""D8_ModellingDataset::record::3::cell::EDA_norm"", ""granularity"": ""cell"", ""source"": ""propagated:RED"", ""policy_id"": ""S6_select_modelling_features_policy"", ""generated_by"": ""asd_run_001::002::S6_select_modelling_features"", ""note"": ""RED propagation for retained attribute EDA_norm"", ""C_explicit"": [""biometric"", ""health""], ""C"": [""biometric"", ""health"", ""sensitive_personal_data""], ""U"": [""clinical_research""], ""R"": [""delete_on_request"", ""retention_5y""], ""A"": [""AU"", ""CL"", ""DPO"", ""DS""]}"
"PrivacyAnnotation|PA::prop::DataCellArtifact::D8_ModellingDataset::record::3::cell::ACC_norm::00122","PrivacyAnnotation","PA::prop::DataCellArtifact::D8_ModellingDataset::record::3::cell::ACC_norm::00122","{""key"": ""PA::prop::DataCellArtifact::D8_ModellingDataset::record::3::cell::ACC_norm::00122"", ""annotationId"": ""PA::prop::DataCellArtifact::D8_ModellingDataset::record::3::cell::ACC_norm::00122"", ""target_label"": ""DataCellArtifact"", ""target_key"": ""D8_ModellingDataset::record::3::cell::ACC_norm"", ""granularity"": ""cell"", ""source"": ""propagated:RED"", ""policy_id"": ""S6_select_modelling_features_policy"", ""generated_by"": ""asd_run_001::002::S6_select_modelling_features"", ""note"": ""RED propagation for retained attribute ACC_norm"", ""C_explicit"": [""behavioural_sensor_data""], ""C"": [""behavioural_sensor_data""], ""U"": [""clinical_research""], ""R"": [""delete_on_request"", ""retention_5y""], ""A"": [""AU"", ""CL"", ""DPO"", ""DS""]}"
"PrivacyAnnotation|PA::prop::DataCellArtifact::D8_ModellingDataset::record::3::cell::chall_behav::00123","PrivacyAnnotation","PA::prop::DataCellArtifact::D8_ModellingDataset::record::3::cell::chall_behav::00123","{""key"": ""PA::prop::DataCellArtifact::D8_ModellingDataset::record::3::cell::chall_behav::00123"", ""annotationId"": ""PA::prop::DataCellArtifact::D8_ModellingDataset::record::3::cell::chall_behav::00123"", ""target_label"": ""DataCellArtifact"", ""target_key"": ""D8_ModellingDataset::record::3::cell::chall_behav"", ""granularity"": ""cell"", ""source"": ""propagated:RED"", ""policy_id"": ""S6_select_modelling_features_policy"", ""generated_by"": ""asd_run_001::002::S6_select_modelling_features"", ""note"": ""RED propagation for retained attribute chall_behav"", ""C_explicit"": [""health"", ""behavioural_sensitive""], ""C"": [""health"", ""behavioural_sensitive"", ""sensitive_personal_data""], ""U"": [""clinical_research""], ""R"": [""delete_on_request"", ""retention_5y""], ""A"": [""AU"", ""CL"", ""DPO"", ""DS""]}"
"PrivacyAnnotation|PA::prop::DataCellArtifact::D8_ModellingDataset::record::3::cell::sev::00124","PrivacyAnnotation","PA::prop::DataCellArtifact::D8_ModellingDataset::record::3::cell::sev::00124","{""key"": ""PA::prop::DataCellArtifact::D8_ModellingDataset::record::3::cell::sev::00124"", ""annotationId"": ""PA::prop::DataCellArtifact::D8_ModellingDataset::record::3::cell::sev::00124"", ""target_label"": ""DataCellArtifact"", ""target_key"": ""D8_ModellingDataset::record::3::cell::sev"", ""granularity"": ""cell"", ""source"": ""propagated:RED"", ""policy_id"": ""S6_select_modelling_features_policy"", ""generated_by"": ""asd_run_001::002::S6_select_modelling_features"", ""note"": ""RED propagation for retained attribute sev"", ""C_explicit"": [""health"", ""behavioural_sensitive""], ""C"": [""health"", ""behavioural_sensitive"", ""sensitive_personal_data""], ""U"": [""clinical_research""], ""R"": [""delete_on_request"", ""retention_5y""], ""A"": [""AU"", ""CL"", ""DPO"", ""DS""]}"
"PrivacyAnnotation|PA::prop::DataCellArtifact::D8_ModellingDataset::record::3::cell::age_grp::00125","PrivacyAnnotation","PA::prop::DataCellArtifact::D8_ModellingDataset::record::3::cell::age_grp::00125","{""key"": ""PA::prop::DataCellArtifact::D8_ModellingDataset::record::3::cell::age_grp::00125"", ""annotationId"": ""PA::prop::DataCellArtifact::D8_ModellingDataset::record::3::cell::age_grp::00125"", ""target_label"": ""DataCellArtifact"", ""target_key"": ""D8_ModellingDataset::record::3::cell::age_grp"", ""granularity"": ""cell"", ""source"": ""propagated:RED"", ""policy_id"": ""S6_select_modelling_features_policy"", ""generated_by"": ""asd_run_001::002::S6_select_modelling_features"", ""note"": ""RED propagation for retained attribute age_grp"", ""C_explicit"": [""quasi_identifier""], ""C"": [""quasi_identifier""], ""U"": [""clinical_research""], ""R"": [""delete_on_request"", ""retention_5y""], ""A"": [""AU"", ""CL"", ""DPO"", ""DS""]}"
"PrivacyAnnotation|PA::prop::DataCellArtifact::D8_ModellingDataset::record::3::cell::sex::00126","PrivacyAnnotation","PA::prop::DataCellArtifact::D8_ModellingDataset::record::3::cell::sex::00126","{""key"": ""PA::prop::DataCellArtifact::D8_ModellingDataset::record::3::cell::sex::00126"", ""annotationId"": ""PA::prop::DataCellArtifact::D8_ModellingDataset::record::3::cell::sex::00126"", ""target_label"": ""DataCellArtifact"", ""target_key"": ""D8_ModellingDataset::record::3::cell::sex"", ""granularity"": ""cell"", ""source"": ""propagated:RED"", ""policy_id"": ""S6_select_modelling_features_policy"", ""generated_by"": ""asd_run_001::002::S6_select_modelling_features"", ""note"": ""RED propagation for retained attribute sex"", ""C_explicit"": [""quasi_identifier""], ""C"": [""quasi_identifier""], ""U"": [""clinical_research""], ""R"": [""delete_on_request"", ""retention_5y""], ""A"": [""AU"", ""CL"", ""DPO"", ""DS""]}"
"PrivacyAnnotation|PA::prop::DataRecordArtifact::D8_ModellingDataset::record::0::00127","PrivacyAnnotation","PA::prop::DataRecordArtifact::D8_ModellingDataset::record::0::00127","{""key"": ""PA::prop::DataRecordArtifact::D8_ModellingDataset::record::0::00127"", ""annotationId"": ""PA::prop::DataRecordArtifact::D8_ModellingDataset::record::0::00127"", ""target_label"": ""DataRecordArtifact"", ""target_key"": ""D8_ModellingDataset::record::0"", ""granularity"": ""record"", ""source"": ""propagated:RED"", ""policy_id"": ""S6_select_modelling_features_policy"", ""generated_by"": ""asd_run_001::002::S6_select_modelling_features"", ""note"": ""Record-level annotation summarised from cells of D8_ModellingDataset."", ""C_explicit"": [""biometric"", ""health"", ""behavioural_sensor_data"", ""behavioural_sensitive"", ""quasi_identifier""], ""C"": [""biometric"", ""health"", ""behavioural_sensor_data"", ""behavioural_sensitive"", ""quasi_identifier"", ""sensitive_personal_data""], ""U"": [""clinical_research""], ""R"": [""delete_on_request"", ""retention_5y""], ""A"": [""AU"", ""CL"", ""DPO"", ""DS""]}"
"PrivacyAnnotation|PA::prop::DataRecordArtifact::D8_ModellingDataset::record::1::00128","PrivacyAnnotation","PA::prop::DataRecordArtifact::D8_ModellingDataset::record::1::00128","{""key"": ""PA::prop::DataRecordArtifact::D8_ModellingDataset::record::1::00128"", ""annotationId"": ""PA::prop::DataRecordArtifact::D8_ModellingDataset::record::1::00128"", ""target_label"": ""DataRecordArtifact"", ""target_key"": ""D8_ModellingDataset::record::1"", ""granularity"": ""record"", ""source"": ""propagated:RED"", ""policy_id"": ""S6_select_modelling_features_policy"", ""generated_by"": ""asd_run_001::002::S6_select_modelling_features"", ""note"": ""Record-level annotation summarised from cells of D8_ModellingDataset."", ""C_explicit"": [""biometric"", ""health"", ""behavioural_sensor_data"", ""behavioural_sensitive"", ""quasi_identifier""], ""C"": [""biometric"", ""health"", ""behavioural_sensor_data"", ""behavioural_sensitive"", ""quasi_identifier"", ""sensitive_personal_data""], ""U"": [""clinical_research""], ""R"": [""delete_on_request"", ""retention_5y""], ""A"": [""AU"", ""CL"", ""DPO"", ""DS""]}"
"PrivacyAnnotation|PA::prop::DataRecordArtifact::D8_ModellingDataset::record::2::00129","PrivacyAnnotation","PA::prop::DataRecordArtifact::D8_ModellingDataset::record::2::00129","{""key"": ""PA::prop::DataRecordArtifact::D8_ModellingDataset::record::2::00129"", ""annotationId"": ""PA::prop::DataRecordArtifact::D8_ModellingDataset::record::2::00129"", ""target_label"": ""DataRecordArtifact"", ""target_key"": ""D8_ModellingDataset::record::2"", ""granularity"": ""record"", ""source"": ""propagated:RED"", ""policy_id"": ""S6_select_modelling_features_policy"", ""generated_by"": ""asd_run_001::002::S6_select_modelling_features"", ""note"": ""Record-level annotation summarised from cells of D8_ModellingDataset."", ""C_explicit"": [""biometric"", ""health"", ""behavioural_sensor_data"", ""behavioural_sensitive"", ""quasi_identifier""], ""C"": [""biometric"", ""health"", ""behavioural_sensor_data"", ""behavioural_sensitive"", ""quasi_identifier"", ""sensitive_personal_data""], ""U"": [""clinical_research""], ""R"": [""delete_on_request"", ""retention_5y""], ""A"": [""AU"", ""CL"", ""DPO"", ""DS""]}"
"PrivacyAnnotation|PA::prop::DataRecordArtifact::D8_ModellingDataset::record::3::00130","PrivacyAnnotation","PA::prop::DataRecordArtifact::D8_ModellingDataset::record::3::00130","{""key"": ""PA::prop::DataRecordArtifact::D8_ModellingDataset::record::3::00130"", ""annotationId"": ""PA::prop::DataRecordArtifact::D8_ModellingDataset::record::3::00130"", ""target_label"": ""DataRecordArtifact"", ""target_key"": ""D8_ModellingDataset::record::3"", ""granularity"": ""record"", ""source"": ""propagated:RED"", ""policy_id"": ""S6_select_modelling_features_policy"", ""generated_by"": ""asd_run_001::002::S6_select_modelling_features"", ""note"": ""Record-level annotation summarised from cells of D8_ModellingDataset."", ""C_explicit"": [""biometric"", ""health"", ""behavioural_sensor_data"", ""behavioural_sensitive"", ""quasi_identifier""], ""C"": [""biometric"", ""health"", ""behavioural_sensor_data"", ""behavioural_sensitive"", ""quasi_identifier"", ""sensitive_personal_data""], ""U"": [""clinical_research""], ""R"": [""delete_on_request"", ""retention_5y""], ""A"": [""AU"", ""CL"", ""DPO"", ""DS""]}"
"PrivacyAnnotation|PA::prop::DatasetArtifact::D8_ModellingDataset::00131","PrivacyAnnotation","PA::prop::DatasetArtifact::D8_ModellingDataset::00131","{""key"": ""PA::prop::DatasetArtifact::D8_ModellingDataset::00131"", ""annotationId"": ""PA::prop::DatasetArtifact::D8_ModellingDataset::00131"", ""target_label"": ""DatasetArtifact"", ""target_key"": ""D8_ModellingDataset"", ""granularity"": ""dataset"", ""source"": ""propagated:RED"", ""policy_id"": ""S6_select_modelling_features_policy"", ""generated_by"": ""asd_run_001::002::S6_select_modelling_features"", ""note"": ""RED dataset-level propagation from retained contributors."", ""C_explicit"": [""biometric"", ""health"", ""behavioural_sensor_data"", ""behavioural_sensitive"", ""quasi_identifier""], ""C"": [""biometric"", ""health"", ""behavioural_sensor_data"", ""behavioural_sensitive"", ""quasi_identifier"", ""sensitive_personal_data""], ""U"": [""clinical_research""], ""R"": [""delete_on_request"", ""retention_5y""], ""A"": [""AU"", ""CL"", ""DPO"", ""DS""]}"
"PrivacyAnnotation|PA::prop::DataCellArtifact::D9_TrainDataset::record::0::cell::HR_norm::00132","PrivacyAnnotation","PA::prop::DataCellArtifact::D9_TrainDataset::record::0::cell::HR_norm::00132","{""key"": ""PA::prop::DataCellArtifact::D9_TrainDataset::record::0::cell::HR_norm::00132"", ""annotationId"": ""PA::prop::DataCellArtifact::D9_TrainDataset::record::0::cell::HR_norm::00132"", ""target_label"": ""DataCellArtifact"", ""target_key"": ""D9_TrainDataset::record::0::cell::HR_norm"", ""granularity"": ""cell"", ""source"": ""propagated:RED"", ""policy_id"": ""S7_split_train_test_policy"", ""generated_by"": ""asd_run_001::003::S7_split_train_test"", ""note"": ""RED propagation for retained attribute HR_norm"", ""C_explicit"": [""biometric"", ""health""], ""C"": [""biometric"", ""health"", ""sensitive_personal_data""], ""U"": [""clinical_research""], ""R"": [""delete_on_request"", ""retention_5y""], ""A"": [""AU"", ""CL"", ""DPO"", ""DS""]}"
"PrivacyAnnotation|PA::prop::DataCellArtifact::D9_TrainDataset::record::0::cell::EDA_norm::00133","PrivacyAnnotation","PA::prop::DataCellArtifact::D9_TrainDataset::record::0::cell::EDA_norm::00133","{""key"": ""PA::prop::DataCellArtifact::D9_TrainDataset::record::0::cell::EDA_norm::00133"", ""annotationId"": ""PA::prop::DataCellArtifact::D9_TrainDataset::record::0::cell::EDA_norm::00133"", ""target_label"": ""DataCellArtifact"", ""target_key"": ""D9_TrainDataset::record::0::cell::EDA_norm"", ""granularity"": ""cell"", ""source"": ""propagated:RED"", ""policy_id"": ""S7_split_train_test_policy"", ""generated_by"": ""asd_run_001::003::S7_split_train_test"", ""note"": ""RED propagation for retained attribute EDA_norm"", ""C_explicit"": [""biometric"", ""health""], ""C"": [""biometric"", ""health"", ""sensitive_personal_data""], ""U"": [""clinical_research""], ""R"": [""delete_on_request"", ""retention_5y""], ""A"": [""AU"", ""CL"", ""DPO"", ""DS""]}"
"PrivacyAnnotation|PA::prop::DataCellArtifact::D9_TrainDataset::record::0::cell::ACC_norm::00134","PrivacyAnnotation","PA::prop::DataCellArtifact::D9_TrainDataset::record::0::cell::ACC_norm::00134","{""key"": ""PA::prop::DataCellArtifact::D9_TrainDataset::record::0::cell::ACC_norm::00134"", ""annotationId"": ""PA::prop::DataCellArtifact::D9_TrainDataset::record::0::cell::ACC_norm::00134"", ""target_label"": ""DataCellArtifact"", ""target_key"": ""D9_TrainDataset::record::0::cell::ACC_norm"", ""granularity"": ""cell"", ""source"": ""propagated:RED"", ""policy_id"": ""S7_split_train_test_policy"", ""generated_by"": ""asd_run_001::003::S7_split_train_test"", ""note"": ""RED propagation for retained attribute ACC_norm"", ""C_explicit"": [""behavioural_sensor_data""], ""C"": [""behavioural_sensor_data""], ""U"": [""clinical_research""], ""R"": [""delete_on_request"", ""retention_5y""], ""A"": [""AU"", ""CL"", ""DPO"", ""DS""]}"
"PrivacyAnnotation|PA::prop::DataCellArtifact::D9_TrainDataset::record::0::cell::chall_behav::00135","PrivacyAnnotation","PA::prop::DataCellArtifact::D9_TrainDataset::record::0::cell::chall_behav::00135","{""key"": ""PA::prop::DataCellArtifact::D9_TrainDataset::record::0::cell::chall_behav::00135"", ""annotationId"": ""PA::prop::DataCellArtifact::D9_TrainDataset::record::0::cell::chall_behav::00135"", ""target_label"": ""DataCellArtifact"", ""target_key"": ""D9_TrainDataset::record::0::cell::chall_behav"", ""granularity"": ""cell"", ""source"": ""propagated:RED"", ""policy_id"": ""S7_split_train_test_policy"", ""generated_by"": ""asd_run_001::003::S7_split_train_test"", ""note"": ""RED propagation for retained attribute chall_behav"", ""C_explicit"": [""health"", ""behavioural_sensitive""], ""C"": [""health"", ""behavioural_sensitive"", ""sensitive_personal_data""], ""U"": [""clinical_research""], ""R"": [""delete_on_request"", ""retention_5y""], ""A"": [""AU"", ""CL"", ""DPO"", ""DS""]}"
"PrivacyAnnotation|PA::prop::DataCellArtifact::D9_TrainDataset::record::0::cell::sev::00136","PrivacyAnnotation","PA::prop::DataCellArtifact::D9_TrainDataset::record::0::cell::sev::00136","{""key"": ""PA::prop::DataCellArtifact::D9_TrainDataset::record::0::cell::sev::00136"", ""annotationId"": ""PA::prop::DataCellArtifact::D9_TrainDataset::record::0::cell::sev::00136"", ""target_label"": ""DataCellArtifact"", ""target_key"": ""D9_TrainDataset::record::0::cell::sev"", ""granularity"": ""cell"", ""source"": ""propagated:RED"", ""policy_id"": ""S7_split_train_test_policy"", ""generated_by"": ""asd_run_001::003::S7_split_train_test"", ""note"": ""RED propagation for retained attribute sev"", ""C_explicit"": [""health"", ""behavioural_sensitive""], ""C"": [""health"", ""behavioural_sensitive"", ""sensitive_personal_data""], ""U"": [""clinical_research""], ""R"": [""delete_on_request"", ""retention_5y""], ""A"": [""AU"", ""CL"", ""DPO"", ""DS""]}"
"PrivacyAnnotation|PA::prop::DataCellArtifact::D9_TrainDataset::record::0::cell::age_grp::00137","PrivacyAnnotation","PA::prop::DataCellArtifact::D9_TrainDataset::record::0::cell::age_grp::00137","{""key"": ""PA::prop::DataCellArtifact::D9_TrainDataset::record::0::cell::age_grp::00137"", ""annotationId"": ""PA::prop::DataCellArtifact::D9_TrainDataset::record::0::cell::age_grp::00137"", ""target_label"": ""DataCellArtifact"", ""target_key"": ""D9_TrainDataset::record::0::cell::age_grp"", ""granularity"": ""cell"", ""source"": ""propagated:RED"", ""policy_id"": ""S7_split_train_test_policy"", ""generated_by"": ""asd_run_001::003::S7_split_train_test"", ""note"": ""RED propagation for retained attribute age_grp"", ""C_explicit"": [""quasi_identifier""], ""C"": [""quasi_identifier""], ""U"": [""clinical_research""], ""R"": [""delete_on_request"", ""retention_5y""], ""A"": [""AU"", ""CL"", ""DPO"", ""DS""]}"
"PrivacyAnnotation|PA::prop::DataCellArtifact::D9_TrainDataset::record::0::cell::sex::00138","PrivacyAnnotation","PA::prop::DataCellArtifact::D9_TrainDataset::record::0::cell::sex::00138","{""key"": ""PA::prop::DataCellArtifact::D9_TrainDataset::record::0::cell::sex::00138"", ""annotationId"": ""PA::prop::DataCellArtifact::D9_TrainDataset::record::0::cell::sex::00138"", ""target_label"": ""DataCellArtifact"", ""target_key"": ""D9_TrainDataset::record::0::cell::sex"", ""granularity"": ""cell"", ""source"": ""propagated:RED"", ""policy_id"": ""S7_split_train_test_policy"", ""generated_by"": ""asd_run_001::003::S7_split_train_test"", ""note"": ""RED propagation for retained attribute sex"", ""C_explicit"": [""quasi_identifier""], ""C"": [""quasi_identifier""], ""U"": [""clinical_research""], ""R"": [""delete_on_request"", ""retention_5y""], ""A"": [""AU"", ""CL"", ""DPO"", ""DS""]}"
"PrivacyAnnotation|PA::prop::DataCellArtifact::D9_TrainDataset::record::1::cell::HR_norm::00139","PrivacyAnnotation","PA::prop::DataCellArtifact::D9_TrainDataset::record::1::cell::HR_norm::00139","{""key"": ""PA::prop::DataCellArtifact::D9_TrainDataset::record::1::cell::HR_norm::00139"", ""annotationId"": ""PA::prop::DataCellArtifact::D9_TrainDataset::record::1::cell::HR_norm::00139"", ""target_label"": ""DataCellArtifact"", ""target_key"": ""D9_TrainDataset::record::1::cell::HR_norm"", ""granularity"": ""cell"", ""source"": ""propagated:RED"", ""policy_id"": ""S7_split_train_test_policy"", ""generated_by"": ""asd_run_001::003::S7_split_train_test"", ""note"": ""RED propagation for retained attribute HR_norm"", ""C_explicit"": [""biometric"", ""health""], ""C"": [""biometric"", ""health"", ""sensitive_personal_data""], ""U"": [""clinical_research""], ""R"": [""delete_on_request"", ""retention_5y""], ""A"": [""AU"", ""CL"", ""DPO"", ""DS""]}"
"PrivacyAnnotation|PA::prop::DataCellArtifact::D9_TrainDataset::record::1::cell::EDA_norm::00140","PrivacyAnnotation","PA::prop::DataCellArtifact::D9_TrainDataset::record::1::cell::EDA_norm::00140","{""key"": ""PA::prop::DataCellArtifact::D9_TrainDataset::record::1::cell::EDA_norm::00140"", ""annotationId"": ""PA::prop::DataCellArtifact::D9_TrainDataset::record::1::cell::EDA_norm::00140"", ""target_label"": ""DataCellArtifact"", ""target_key"": ""D9_TrainDataset::record::1::cell::EDA_norm"", ""granularity"": ""cell"", ""source"": ""propagated:RED"", ""policy_id"": ""S7_split_train_test_policy"", ""generated_by"": ""asd_run_001::003::S7_split_train_test"", ""note"": ""RED propagation for retained attribute EDA_norm"", ""C_explicit"": [""biometric"", ""health""], ""C"": [""biometric"", ""health"", ""sensitive_personal_data""], ""U"": [""clinical_research""], ""R"": [""delete_on_request"", ""retention_5y""], ""A"": [""AU"", ""CL"", ""DPO"", ""DS""]}"
"PrivacyAnnotation|PA::prop::DataCellArtifact::D9_TrainDataset::record::1::cell::ACC_norm::00141","PrivacyAnnotation","PA::prop::DataCellArtifact::D9_TrainDataset::record::1::cell::ACC_norm::00141","{""key"": ""PA::prop::DataCellArtifact::D9_TrainDataset::record::1::cell::ACC_norm::00141"", ""annotationId"": ""PA::prop::DataCellArtifact::D9_TrainDataset::record::1::cell::ACC_norm::00141"", ""target_label"": ""DataCellArtifact"", ""target_key"": ""D9_TrainDataset::record::1::cell::ACC_norm"", ""granularity"": ""cell"", ""source"": ""propagated:RED"", ""policy_id"": ""S7_split_train_test_policy"", ""generated_by"": ""asd_run_001::003::S7_split_train_test"", ""note"": ""RED propagation for retained attribute ACC_norm"", ""C_explicit"": [""behavioural_sensor_data""], ""C"": [""behavioural_sensor_data""], ""U"": [""clinical_research""], ""R"": [""delete_on_request"", ""retention_5y""], ""A"": [""AU"", ""CL"", ""DPO"", ""DS""]}"
"PrivacyAnnotation|PA::prop::DataCellArtifact::D9_TrainDataset::record::1::cell::chall_behav::00142","PrivacyAnnotation","PA::prop::DataCellArtifact::D9_TrainDataset::record::1::cell::chall_behav::00142","{""key"": ""PA::prop::DataCellArtifact::D9_TrainDataset::record::1::cell::chall_behav::00142"", ""annotationId"": ""PA::prop::DataCellArtifact::D9_TrainDataset::record::1::cell::chall_behav::00142"", ""target_label"": ""DataCellArtifact"", ""target_key"": ""D9_TrainDataset::record::1::cell::chall_behav"", ""granularity"": ""cell"", ""source"": ""propagated:RED"", ""policy_id"": ""S7_split_train_test_policy"", ""generated_by"": ""asd_run_001::003::S7_split_train_test"", ""note"": ""RED propagation for retained attribute chall_behav"", ""C_explicit"": [""health"", ""behavioural_sensitive""], ""C"": [""health"", ""behavioural_sensitive"", ""sensitive_personal_data""], ""U"": [""clinical_research""], ""R"": [""delete_on_request"", ""retention_5y""], ""A"": [""AU"", ""CL"", ""DPO"", ""DS""]}"
"PrivacyAnnotation|PA::prop::DataCellArtifact::D9_TrainDataset::record::1::cell::sev::00143","PrivacyAnnotation","PA::prop::DataCellArtifact::D9_TrainDataset::record::1::cell::sev::00143","{""key"": ""PA::prop::DataCellArtifact::D9_TrainDataset::record::1::cell::sev::00143"", ""annotationId"": ""PA::prop::DataCellArtifact::D9_TrainDataset::record::1::cell::sev::00143"", ""target_label"": ""DataCellArtifact"", ""target_key"": ""D9_TrainDataset::record::1::cell::sev"", ""granularity"": ""cell"", ""source"": ""propagated:RED"", ""policy_id"": ""S7_split_train_test_policy"", ""generated_by"": ""asd_run_001::003::S7_split_train_test"", ""note"": ""RED propagation for retained attribute sev"", ""C_explicit"": [""health"", ""behavioural_sensitive""], ""C"": [""health"", ""behavioural_sensitive"", ""sensitive_personal_data""], ""U"": [""clinical_research""], ""R"": [""delete_on_request"", ""retention_5y""], ""A"": [""AU"", ""CL"", ""DPO"", ""DS""]}"
"PrivacyAnnotation|PA::prop::DataCellArtifact::D9_TrainDataset::record::1::cell::age_grp::00144","PrivacyAnnotation","PA::prop::DataCellArtifact::D9_TrainDataset::record::1::cell::age_grp::00144","{""key"": ""PA::prop::DataCellArtifact::D9_TrainDataset::record::1::cell::age_grp::00144"", ""annotationId"": ""PA::prop::DataCellArtifact::D9_TrainDataset::record::1::cell::age_grp::00144"", ""target_label"": ""DataCellArtifact"", ""target_key"": ""D9_TrainDataset::record::1::cell::age_grp"", ""granularity"": ""cell"", ""source"": ""propagated:RED"", ""policy_id"": ""S7_split_train_test_policy"", ""generated_by"": ""asd_run_001::003::S7_split_train_test"", ""note"": ""RED propagation for retained attribute age_grp"", ""C_explicit"": [""quasi_identifier""], ""C"": [""quasi_identifier""], ""U"": [""clinical_research""], ""R"": [""delete_on_request"", ""retention_5y""], ""A"": [""AU"", ""CL"", ""DPO"", ""DS""]}"
"PrivacyAnnotation|PA::prop::DataCellArtifact::D9_TrainDataset::record::1::cell::sex::00145","PrivacyAnnotation","PA::prop::DataCellArtifact::D9_TrainDataset::record::1::cell::sex::00145","{""key"": ""PA::prop::DataCellArtifact::D9_TrainDataset::record::1::cell::sex::00145"", ""annotationId"": ""PA::prop::DataCellArtifact::D9_TrainDataset::record::1::cell::sex::00145"", ""target_label"": ""DataCellArtifact"", ""target_key"": ""D9_TrainDataset::record::1::cell::sex"", ""granularity"": ""cell"", ""source"": ""propagated:RED"", ""policy_id"": ""S7_split_train_test_policy"", ""generated_by"": ""asd_run_001::003::S7_split_train_test"", ""note"": ""RED propagation for retained attribute sex"", ""C_explicit"": [""quasi_identifier""], ""C"": [""quasi_identifier""], ""U"": [""clinical_research""], ""R"": [""delete_on_request"", ""retention_5y""], ""A"": [""AU"", ""CL"", ""DPO"", ""DS""]}"
"PrivacyAnnotation|PA::prop::DataRecordArtifact::D9_TrainDataset::record::0::00146","PrivacyAnnotation","PA::prop::DataRecordArtifact::D9_TrainDataset::record::0::00146","{""key"": ""PA::prop::DataRecordArtifact::D9_TrainDataset::record::0::00146"", ""annotationId"": ""PA::prop::DataRecordArtifact::D9_TrainDataset::record::0::00146"", ""target_label"": ""DataRecordArtifact"", ""target_key"": ""D9_TrainDataset::record::0"", ""granularity"": ""record"", ""source"": ""propagated:RED"", ""policy_id"": ""S7_split_train_test_policy"", ""generated_by"": ""asd_run_001::003::S7_split_train_test"", ""note"": ""Record-level annotation summarised from cells of D9_TrainDataset."", ""C_explicit"": [""biometric"", ""health"", ""behavioural_sensor_data"", ""behavioural_sensitive"", ""quasi_identifier""], ""C"": [""biometric"", ""health"", ""behavioural_sensor_data"", ""behavioural_sensitive"", ""quasi_identifier"", ""sensitive_personal_data""], ""U"": [""clinical_research""], ""R"": [""delete_on_request"", ""retention_5y""], ""A"": [""AU"", ""CL"", ""DPO"", ""DS""]}"
"PrivacyAnnotation|PA::prop::DataRecordArtifact::D9_TrainDataset::record::1::00147","PrivacyAnnotation","PA::prop::DataRecordArtifact::D9_TrainDataset::record::1::00147","{""key"": ""PA::prop::DataRecordArtifact::D9_TrainDataset::record::1::00147"", ""annotationId"": ""PA::prop::DataRecordArtifact::D9_TrainDataset::record::1::00147"", ""target_label"": ""DataRecordArtifact"", ""target_key"": ""D9_TrainDataset::record::1"", ""granularity"": ""record"", ""source"": ""propagated:RED"", ""policy_id"": ""S7_split_train_test_policy"", ""generated_by"": ""asd_run_001::003::S7_split_train_test"", ""note"": ""Record-level annotation summarised from cells of D9_TrainDataset."", ""C_explicit"": [""biometric"", ""health"", ""behavioural_sensor_data"", ""behavioural_sensitive"", ""quasi_identifier""], ""C"": [""biometric"", ""health"", ""behavioural_sensor_data"", ""behavioural_sensitive"", ""quasi_identifier"", ""sensitive_personal_data""], ""U"": [""clinical_research""], ""R"": [""delete_on_request"", ""retention_5y""], ""A"": [""AU"", ""CL"", ""DPO"", ""DS""]}"
"PrivacyAnnotation|PA::prop::DatasetArtifact::D9_TrainDataset::00148","PrivacyAnnotation","PA::prop::DatasetArtifact::D9_TrainDataset::00148","{""key"": ""PA::prop::DatasetArtifact::D9_TrainDataset::00148"", ""annotationId"": ""PA::prop::DatasetArtifact::D9_TrainDataset::00148"", ""target_label"": ""DatasetArtifact"", ""target_key"": ""D9_TrainDataset"", ""granularity"": ""dataset"", ""source"": ""propagated:RED"", ""policy_id"": ""S7_split_train_test_policy"", ""generated_by"": ""asd_run_001::003::S7_split_train_test"", ""note"": ""RED dataset-level propagation from retained contributors."", ""C_explicit"": [""biometric"", ""health"", ""behavioural_sensor_data"", ""behavioural_sensitive"", ""quasi_identifier""], ""C"": [""biometric"", ""health"", ""behavioural_sensor_data"", ""behavioural_sensitive"", ""quasi_identifier"", ""sensitive_personal_data""], ""U"": [""clinical_research""], ""R"": [""delete_on_request"", ""retention_5y""], ""A"": [""AU"", ""CL"", ""DPO"", ""DS""]}"
"PrivacyAnnotation|PA::prop::DataCellArtifact::D10_TestDataset::record::2::cell::HR_norm::00149","PrivacyAnnotation","PA::prop::DataCellArtifact::D10_TestDataset::record::2::cell::HR_norm::00149","{""key"": ""PA::prop::DataCellArtifact::D10_TestDataset::record::2::cell::HR_norm::00149"", ""annotationId"": ""PA::prop::DataCellArtifact::D10_TestDataset::record::2::cell::HR_norm::00149"", ""target_label"": ""DataCellArtifact"", ""target_key"": ""D10_TestDataset::record::2::cell::HR_norm"", ""granularity"": ""cell"", ""source"": ""propagated:RED"", ""policy_id"": ""S7_split_train_test_policy"", ""generated_by"": ""asd_run_001::003::S7_split_train_test"", ""note"": ""RED propagation for retained attribute HR_norm"", ""C_explicit"": [""biometric"", ""health""], ""C"": [""biometric"", ""health"", ""sensitive_personal_data""], ""U"": [""clinical_research""], ""R"": [""delete_on_request"", ""retention_5y""], ""A"": [""AU"", ""CL"", ""DPO"", ""DS""]}"
"PrivacyAnnotation|PA::prop::DataCellArtifact::D10_TestDataset::record::2::cell::EDA_norm::00150","PrivacyAnnotation","PA::prop::DataCellArtifact::D10_TestDataset::record::2::cell::EDA_norm::00150","{""key"": ""PA::prop::DataCellArtifact::D10_TestDataset::record::2::cell::EDA_norm::00150"", ""annotationId"": ""PA::prop::DataCellArtifact::D10_TestDataset::record::2::cell::EDA_norm::00150"", ""target_label"": ""DataCellArtifact"", ""target_key"": ""D10_TestDataset::record::2::cell::EDA_norm"", ""granularity"": ""cell"", ""source"": ""propagated:RED"", ""policy_id"": ""S7_split_train_test_policy"", ""generated_by"": ""asd_run_001::003::S7_split_train_test"", ""note"": ""RED propagation for retained attribute EDA_norm"", ""C_explicit"": [""biometric"", ""health""], ""C"": [""biometric"", ""health"", ""sensitive_personal_data""], ""U"": [""clinical_research""], ""R"": [""delete_on_request"", ""retention_5y""], ""A"": [""AU"", ""CL"", ""DPO"", ""DS""]}"
"PrivacyAnnotation|PA::prop::DataCellArtifact::D10_TestDataset::record::2::cell::ACC_norm::00151","PrivacyAnnotation","PA::prop::DataCellArtifact::D10_TestDataset::record::2::cell::ACC_norm::00151","{""key"": ""PA::prop::DataCellArtifact::D10_TestDataset::record::2::cell::ACC_norm::00151"", ""annotationId"": ""PA::prop::DataCellArtifact::D10_TestDataset::record::2::cell::ACC_norm::00151"", ""target_label"": ""DataCellArtifact"", ""target_key"": ""D10_TestDataset::record::2::cell::ACC_norm"", ""granularity"": ""cell"", ""source"": ""propagated:RED"", ""policy_id"": ""S7_split_train_test_policy"", ""generated_by"": ""asd_run_001::003::S7_split_train_test"", ""note"": ""RED propagation for retained attribute ACC_norm"", ""C_explicit"": [""behavioural_sensor_data""], ""C"": [""behavioural_sensor_data""], ""U"": [""clinical_research""], ""R"": [""delete_on_request"", ""retention_5y""], ""A"": [""AU"", ""CL"", ""DPO"", ""DS""]}"
"PrivacyAnnotation|PA::prop::DataCellArtifact::D10_TestDataset::record::2::cell::chall_behav::00152","PrivacyAnnotation","PA::prop::DataCellArtifact::D10_TestDataset::record::2::cell::chall_behav::00152","{""key"": ""PA::prop::DataCellArtifact::D10_TestDataset::record::2::cell::chall_behav::00152"", ""annotationId"": ""PA::prop::DataCellArtifact::D10_TestDataset::record::2::cell::chall_behav::00152"", ""target_label"": ""DataCellArtifact"", ""target_key"": ""D10_TestDataset::record::2::cell::chall_behav"", ""granularity"": ""cell"", ""source"": ""propagated:RED"", ""policy_id"": ""S7_split_train_test_policy"", ""generated_by"": ""asd_run_001::003::S7_split_train_test"", ""note"": ""RED propagation for retained attribute chall_behav"", ""C_explicit"": [""health"", ""behavioural_sensitive""], ""C"": [""health"", ""behavioural_sensitive"", ""sensitive_personal_data""], ""U"": [""clinical_research""], ""R"": [""delete_on_request"", ""retention_5y""], ""A"": [""AU"", ""CL"", ""DPO"", ""DS""]}"
"PrivacyAnnotation|PA::prop::DataCellArtifact::D10_TestDataset::record::2::cell::sev::00153","PrivacyAnnotation","PA::prop::DataCellArtifact::D10_TestDataset::record::2::cell::sev::00153","{""key"": ""PA::prop::DataCellArtifact::D10_TestDataset::record::2::cell::sev::00153"", ""annotationId"": ""PA::prop::DataCellArtifact::D10_TestDataset::record::2::cell::sev::00153"", ""target_label"": ""DataCellArtifact"", ""target_key"": ""D10_TestDataset::record::2::cell::sev"", ""granularity"": ""cell"", ""source"": ""propagated:RED"", ""policy_id"": ""S7_split_train_test_policy"", ""generated_by"": ""asd_run_001::003::S7_split_train_test"", ""note"": ""RED propagation for retained attribute sev"", ""C_explicit"": [""health"", ""behavioural_sensitive""], ""C"": [""health"", ""behavioural_sensitive"", ""sensitive_personal_data""], ""U"": [""clinical_research""], ""R"": [""delete_on_request"", ""retention_5y""], ""A"": [""AU"", ""CL"", ""DPO"", ""DS""]}"
"PrivacyAnnotation|PA::prop::DataCellArtifact::D10_TestDataset::record::2::cell::age_grp::00154","PrivacyAnnotation","PA::prop::DataCellArtifact::D10_TestDataset::record::2::cell::age_grp::00154","{""key"": ""PA::prop::DataCellArtifact::D10_TestDataset::record::2::cell::age_grp::00154"", ""annotationId"": ""PA::prop::DataCellArtifact::D10_TestDataset::record::2::cell::age_grp::00154"", ""target_label"": ""DataCellArtifact"", ""target_key"": ""D10_TestDataset::record::2::cell::age_grp"", ""granularity"": ""cell"", ""source"": ""propagated:RED"", ""policy_id"": ""S7_split_train_test_policy"", ""generated_by"": ""asd_run_001::003::S7_split_train_test"", ""note"": ""RED propagation for retained attribute age_grp"", ""C_explicit"": [""quasi_identifier""], ""C"": [""quasi_identifier""], ""U"": [""clinical_research""], ""R"": [""delete_on_request"", ""retention_5y""], ""A"": [""AU"", ""CL"", ""DPO"", ""DS""]}"
"PrivacyAnnotation|PA::prop::DataCellArtifact::D10_TestDataset::record::2::cell::sex::00155","PrivacyAnnotation","PA::prop::DataCellArtifact::D10_TestDataset::record::2::cell::sex::00155","{""key"": ""PA::prop::DataCellArtifact::D10_TestDataset::record::2::cell::sex::00155"", ""annotationId"": ""PA::prop::DataCellArtifact::D10_TestDataset::record::2::cell::sex::00155"", ""target_label"": ""DataCellArtifact"", ""target_key"": ""D10_TestDataset::record::2::cell::sex"", ""granularity"": ""cell"", ""source"": ""propagated:RED"", ""policy_id"": ""S7_split_train_test_policy"", ""generated_by"": ""asd_run_001::003::S7_split_train_test"", ""note"": ""RED propagation for retained attribute sex"", ""C_explicit"": [""quasi_identifier""], ""C"": [""quasi_identifier""], ""U"": [""clinical_research""], ""R"": [""delete_on_request"", ""retention_5y""], ""A"": [""AU"", ""CL"", ""DPO"", ""DS""]}"
"PrivacyAnnotation|PA::prop::DataCellArtifact::D10_TestDataset::record::3::cell::HR_norm::00156","PrivacyAnnotation","PA::prop::DataCellArtifact::D10_TestDataset::record::3::cell::HR_norm::00156","{""key"": ""PA::prop::DataCellArtifact::D10_TestDataset::record::3::cell::HR_norm::00156"", ""annotationId"": ""PA::prop::DataCellArtifact::D10_TestDataset::record::3::cell::HR_norm::00156"", ""target_label"": ""DataCellArtifact"", ""target_key"": ""D10_TestDataset::record::3::cell::HR_norm"", ""granularity"": ""cell"", ""source"": ""propagated:RED"", ""policy_id"": ""S7_split_train_test_policy"", ""generated_by"": ""asd_run_001::003::S7_split_train_test"", ""note"": ""RED propagation for retained attribute HR_norm"", ""C_explicit"": [""biometric"", ""health""], ""C"": [""biometric"", ""health"", ""sensitive_personal_data""], ""U"": [""clinical_research""], ""R"": [""delete_on_request"", ""retention_5y""], ""A"": [""AU"", ""CL"", ""DPO"", ""DS""]}"
"PrivacyAnnotation|PA::prop::DataCellArtifact::D10_TestDataset::record::3::cell::EDA_norm::00157","PrivacyAnnotation","PA::prop::DataCellArtifact::D10_TestDataset::record::3::cell::EDA_norm::00157","{""key"": ""PA::prop::DataCellArtifact::D10_TestDataset::record::3::cell::EDA_norm::00157"", ""annotationId"": ""PA::prop::DataCellArtifact::D10_TestDataset::record::3::cell::EDA_norm::00157"", ""target_label"": ""DataCellArtifact"", ""target_key"": ""D10_TestDataset::record::3::cell::EDA_norm"", ""granularity"": ""cell"", ""source"": ""propagated:RED"", ""policy_id"": ""S7_split_train_test_policy"", ""generated_by"": ""asd_run_001::003::S7_split_train_test"", ""note"": ""RED propagation for retained attribute EDA_norm"", ""C_explicit"": [""biometric"", ""health""], ""C"": [""biometric"", ""health"", ""sensitive_personal_data""], ""U"": [""clinical_research""], ""R"": [""delete_on_request"", ""retention_5y""], ""A"": [""AU"", ""CL"", ""DPO"", ""DS""]}"
"PrivacyAnnotation|PA::prop::DataCellArtifact::D10_TestDataset::record::3::cell::ACC_norm::00158","PrivacyAnnotation","PA::prop::DataCellArtifact::D10_TestDataset::record::3::cell::ACC_norm::00158","{""key"": ""PA::prop::DataCellArtifact::D10_TestDataset::record::3::cell::ACC_norm::00158"", ""annotationId"": ""PA::prop::DataCellArtifact::D10_TestDataset::record::3::cell::ACC_norm::00158"", ""target_label"": ""DataCellArtifact"", ""target_key"": ""D10_TestDataset::record::3::cell::ACC_norm"", ""granularity"": ""cell"", ""source"": ""propagated:RED"", ""policy_id"": ""S7_split_train_test_policy"", ""generated_by"": ""asd_run_001::003::S7_split_train_test"", ""note"": ""RED propagation for retained attribute ACC_norm"", ""C_explicit"": [""behavioural_sensor_data""], ""C"": [""behavioural_sensor_data""], ""U"": [""clinical_research""], ""R"": [""delete_on_request"", ""retention_5y""], ""A"": [""AU"", ""CL"", ""DPO"", ""DS""]}"
"PrivacyAnnotation|PA::prop::DataCellArtifact::D10_TestDataset::record::3::cell::chall_behav::00159","PrivacyAnnotation","PA::prop::DataCellArtifact::D10_TestDataset::record::3::cell::chall_behav::00159","{""key"": ""PA::prop::DataCellArtifact::D10_TestDataset::record::3::cell::chall_behav::00159"", ""annotationId"": ""PA::prop::DataCellArtifact::D10_TestDataset::record::3::cell::chall_behav::00159"", ""target_label"": ""DataCellArtifact"", ""target_key"": ""D10_TestDataset::record::3::cell::chall_behav"", ""granularity"": ""cell"", ""source"": ""propagated:RED"", ""policy_id"": ""S7_split_train_test_policy"", ""generated_by"": ""asd_run_001::003::S7_split_train_test"", ""note"": ""RED propagation for retained attribute chall_behav"", ""C_explicit"": [""health"", ""behavioural_sensitive""], ""C"": [""health"", ""behavioural_sensitive"", ""sensitive_personal_data""], ""U"": [""clinical_research""], ""R"": [""delete_on_request"", ""retention_5y""], ""A"": [""AU"", ""CL"", ""DPO"", ""DS""]}"
"PrivacyAnnotation|PA::prop::DataCellArtifact::D10_TestDataset::record::3::cell::sev::00160","PrivacyAnnotation","PA::prop::DataCellArtifact::D10_TestDataset::record::3::cell::sev::00160","{""key"": ""PA::prop::DataCellArtifact::D10_TestDataset::record::3::cell::sev::00160"", ""annotationId"": ""PA::prop::DataCellArtifact::D10_TestDataset::record::3::cell::sev::00160"", ""target_label"": ""DataCellArtifact"", ""target_key"": ""D10_TestDataset::record::3::cell::sev"", ""granularity"": ""cell"", ""source"": ""propagated:RED"", ""policy_id"": ""S7_split_train_test_policy"", ""generated_by"": ""asd_run_001::003::S7_split_train_test"", ""note"": ""RED propagation for retained attribute sev"", ""C_explicit"": [""health"", ""behavioural_sensitive""], ""C"": [""health"", ""behavioural_sensitive"", ""sensitive_personal_data""], ""U"": [""clinical_research""], ""R"": [""delete_on_request"", ""retention_5y""], ""A"": [""AU"", ""CL"", ""DPO"", ""DS""]}"
"PrivacyAnnotation|PA::prop::DataCellArtifact::D10_TestDataset::record::3::cell::age_grp::00161","PrivacyAnnotation","PA::prop::DataCellArtifact::D10_TestDataset::record::3::cell::age_grp::00161","{""key"": ""PA::prop::DataCellArtifact::D10_TestDataset::record::3::cell::age_grp::00161"", ""annotationId"": ""PA::prop::DataCellArtifact::D10_TestDataset::record::3::cell::age_grp::00161"", ""target_label"": ""DataCellArtifact"", ""target_key"": ""D10_TestDataset::record::3::cell::age_grp"", ""granularity"": ""cell"", ""source"": ""propagated:RED"", ""policy_id"": ""S7_split_train_test_policy"", ""generated_by"": ""asd_run_001::003::S7_split_train_test"", ""note"": ""RED propagation for retained attribute age_grp"", ""C_explicit"": [""quasi_identifier""], ""C"": [""quasi_identifier""], ""U"": [""clinical_research""], ""R"": [""delete_on_request"", ""retention_5y""], ""A"": [""AU"", ""CL"", ""DPO"", ""DS""]}"
"PrivacyAnnotation|PA::prop::DataCellArtifact::D10_TestDataset::record::3::cell::sex::00162","PrivacyAnnotation","PA::prop::DataCellArtifact::D10_TestDataset::record::3::cell::sex::00162","{""key"": ""PA::prop::DataCellArtifact::D10_TestDataset::record::3::cell::sex::00162"", ""annotationId"": ""PA::prop::DataCellArtifact::D10_TestDataset::record::3::cell::sex::00162"", ""target_label"": ""DataCellArtifact"", ""target_key"": ""D10_TestDataset::record::3::cell::sex"", ""granularity"": ""cell"", ""source"": ""propagated:RED"", ""policy_id"": ""S7_split_train_test_policy"", ""generated_by"": ""asd_run_001::003::S7_split_train_test"", ""note"": ""RED propagation for retained attribute sex"", ""C_explicit"": [""quasi_identifier""], ""C"": [""quasi_identifier""], ""U"": [""clinical_research""], ""R"": [""delete_on_request"", ""retention_5y""], ""A"": [""AU"", ""CL"", ""DPO"", ""DS""]}"
"PrivacyAnnotation|PA::prop::DataRecordArtifact::D10_TestDataset::record::2::00163","PrivacyAnnotation","PA::prop::DataRecordArtifact::D10_TestDataset::record::2::00163","{""key"": ""PA::prop::DataRecordArtifact::D10_TestDataset::record::2::00163"", ""annotationId"": ""PA::prop::DataRecordArtifact::D10_TestDataset::record::2::00163"", ""target_label"": ""DataRecordArtifact"", ""target_key"": ""D10_TestDataset::record::2"", ""granularity"": ""record"", ""source"": ""propagated:RED"", ""policy_id"": ""S7_split_train_test_policy"", ""generated_by"": ""asd_run_001::003::S7_split_train_test"", ""note"": ""Record-level annotation summarised from cells of D10_TestDataset."", ""C_explicit"": [""biometric"", ""health"", ""behavioural_sensor_data"", ""behavioural_sensitive"", ""quasi_identifier""], ""C"": [""biometric"", ""health"", ""behavioural_sensor_data"", ""behavioural_sensitive"", ""quasi_identifier"", ""sensitive_personal_data""], ""U"": [""clinical_research""], ""R"": [""delete_on_request"", ""retention_5y""], ""A"": [""AU"", ""CL"", ""DPO"", ""DS""]}"
"PrivacyAnnotation|PA::prop::DataRecordArtifact::D10_TestDataset::record::3::00164","PrivacyAnnotation","PA::prop::DataRecordArtifact::D10_TestDataset::record::3::00164","{""key"": ""PA::prop::DataRecordArtifact::D10_TestDataset::record::3::00164"", ""annotationId"": ""PA::prop::DataRecordArtifact::D10_TestDataset::record::3::00164"", ""target_label"": ""DataRecordArtifact"", ""target_key"": ""D10_TestDataset::record::3"", ""granularity"": ""record"", ""source"": ""propagated:RED"", ""policy_id"": ""S7_split_train_test_policy"", ""generated_by"": ""asd_run_001::003::S7_split_train_test"", ""note"": ""Record-level annotation summarised from cells of D10_TestDataset."", ""C_explicit"": [""biometric"", ""health"", ""behavioural_sensor_data"", ""behavioural_sensitive"", ""quasi_identifier""], ""C"": [""biometric"", ""health"", ""behavioural_sensor_data"", ""behavioural_sensitive"", ""quasi_identifier"", ""sensitive_personal_data""], ""U"": [""clinical_research""], ""R"": [""delete_on_request"", ""retention_5y""], ""A"": [""AU"", ""CL"", ""DPO"", ""DS""]}"
"PrivacyAnnotation|PA::prop::DatasetArtifact::D10_TestDataset::00165","PrivacyAnnotation","PA::prop::DatasetArtifact::D10_TestDataset::00165","{""key"": ""PA::prop::DatasetArtifact::D10_TestDataset::00165"", ""annotationId"": ""PA::prop::DatasetArtifact::D10_TestDataset::00165"", ""target_label"": ""DatasetArtifact"", ""target_key"": ""D10_TestDataset"", ""granularity"": ""dataset"", ""source"": ""propagated:RED"", ""policy_id"": ""S7_split_train_test_policy"", ""generated_by"": ""asd_run_001::003::S7_split_train_test"", ""note"": ""RED dataset-level propagation from retained contributors."", ""C_explicit"": [""biometric"", ""health"", ""behavioural_sensor_data"", ""behavioural_sensitive"", ""quasi_identifier""], ""C"": [""biometric"", ""health"", ""behavioural_sensor_data"", ""behavioural_sensitive"", ""quasi_identifier"", ""sensitive_personal_data""], ""U"": [""clinical_research""], ""R"": [""delete_on_request"", ""retention_5y""], ""A"": [""AU"", ""CL"", ""DPO"", ""DS""]}"
"PrivacyAnnotation|PA::prop::ModelArtifact::M1_ChallengingBehaviourClassifier::00166","PrivacyAnnotation","PA::prop::ModelArtifact::M1_ChallengingBehaviourClassifier::00166","{""key"": ""PA::prop::ModelArtifact::M1_ChallengingBehaviourClassifier::00166"", ""annotationId"": ""PA::prop::ModelArtifact::M1_ChallengingBehaviourClassifier::00166"", ""target_label"": ""ModelArtifact"", ""target_key"": ""M1_ChallengingBehaviourClassifier"", ""granularity"": ""model"", ""source"": ""propagated:LEARN"", ""policy_id"": ""S8_train_classifier_policy"", ""generated_by"": ""asd_run_001::004::S8_train_classifier"", ""note"": ""LEARN propagation using model-exposure category mapping."", ""C_explicit"": [""model_exposed_to_biometric_data"", ""model_exposed_to_health_data"", ""model_exposed_to_behavioural_sensor_data"", ""model_exposed_to_behavioural_sensitive_label"", ""model_exposed_to_quasi_identifier_features"", ""small_training_set_model_disclosure_risk""], ""C"": [""model_exposed_to_biometric_data"", ""model_exposed_to_health_data"", ""model_exposed_to_behavioural_sensor_data"", ""model_exposed_to_behavioural_sensitive_label"", ""model_exposed_to_quasi_identifier_features"", ""small_training_set_model_disclosure_risk""], ""U"": [""clinical_research""], ""R"": [""retrain_or_review_on_erasure"", ""retention_5y""], ""A"": [""DS"", ""CL"", ""AU"", ""DPO""]}"
